date,pm25,pm10,o3,no2,so2,co
2013/12/31, , 37, , 4, 7, 4
2013/12/31, , 46, , 20, 36, 6
2013/12/31, , 59, , 19, 28, 7
2013/12/31, , 33, , 8, 23, 5
2013/12/31, , 45, , 17, 38, 4
2014/1/1, 98, 85, , 27, 44, 11
2014/1/1, 71, 72, , 13, 9, 7
2014/1/1, 86, 75, , 23, 40, 8
2014/1/1, 66, 58, , 7, 12, 7
2014/1/1, 87, 92, , 30, 56, 11
2014/1/2, 116, 100, , 22, 21, 11
2014/1/2, 139, 81, , 25, 44, 9
2014/1/2, 98, 79, , 18, 35, 9
2014/1/2, 122, 83, , 30, 60, 11
2014/1/2, 127, 96, , 29, 43, 9
2014/1/3, 143, 88, , 38, 62, 13
2014/1/3, 158, 88, , 20, 7, 13
2014/1/3, 168, 93, , 31, 44, 11
2014/1/3, 159, 58, , 7, 12, 5
2014/1/3, 168, 83, , 26, 39, 12
2014/1/4, 155, 178, , 56, 67, 31
2014/1/4, 170, 168, , 33, 15, 19
2014/1/4, 150, 171, , 49, 46, 21
2014/1/4, 126, 93, , 17, 26, 10
2014/1/4, 164, 149, , 36, 49, 20
2014/1/5, 263, 102, , 35, 58, 16
2014/1/5, 278, 99, , 20, 25, 13
2014/1/5, 249, 108, , 33, 47, 12
2014/1/5, 265, 119, , 31, 53, 14
2014/1/5, 185, 82, , 12, 31, 9
2014/1/6, 221, 70, , 22, 47, 10
2014/1/6, 176, 74, , 11, 13, 7
2014/1/6, 166, 61, , 14, 25, 7
2014/1/6, 195, 83, , 26, 46, 10
2014/1/6, 187, 68, , 27, 47, 12
2014/1/7, 141, 49, , 10, 18, 5
2014/1/7, 150, 51, , 17, 37, 7
2014/1/7, 137, 53, , 18, 39, 6
2014/1/7, 143, 67, , 22, 39, 7
2014/1/7, 152, 52, , 12, 14, 4
2014/1/8, 99, 63, , 14, 18, 5
2014/1/8, 112, 73, , 24, 47, 9
2014/1/8, 96, 64, , 24, 50, 4
2014/1/8, 101, 59, , 14, 12, 7
2014/1/8, 110, 63, , 21, 48, 8
2014/1/9, 129, 78, , 27, 55, 8
2014/1/9, 122, 70, , 28, 51, 6
2014/1/9, 125, 57, , 13, 12, 6
2014/1/9, 128, 67, , 18, 12, 6
2014/1/9, 135, 68, , 25, 63, 9
2014/1/10, 134, 59, , 13, 21, 5
2014/1/10, 144, 85, , 27, 51, 8
2014/1/10, 148, 69, , 15, 13, 6
2014/1/10, 142, 73, , 27, 49, 6
2014/1/10, 154, 76, , 24, 56, 10
2014/1/11, 145, 71, , 22, 45, 5
2014/1/11, 140, 72, , 15, 19, 6
2014/1/11, 147, 83, , 25, 43, 7
2014/1/11, 152, 70, , 17, 31, 10
2014/1/11, 134, 61, , 10, 24, 5
2014/1/12, 154, 95, , 30, 38, 10
2014/1/12, 151, 86, , 22, 8, 10
2014/1/12, 166, 81, , 25, 49, 13
2014/1/12, 146, 87, , 32, 57, 11
2014/1/12, 145, 62, , 8, 17, 5
2014/1/13, 161, 100, , 35, 53, 12
2014/1/13, 170, 104, , 34, 52, 16
2014/1/13, 160, 94, , 35, 61, 13
2014/1/13, 141, 74, , 10, 23, 8
2014/1/13, 169, 92, , 19, 18, 12
2014/1/14, 160, 82, , 17, 34, 10
2014/1/14, 177, 97, , 23, 32, 11
2014/1/14, 172, 113, , 36, 52, 16
2014/1/14, 195, 102, , 30, 55, 16
2014/1/14, 173, 102, , 40, 58, 14
2014/1/15, 169, 83, , 11, 17, 8
2014/1/15, 180, 110, , 31, 45, 12
2014/1/15, 181, 101, , 30, 41, 9
2014/1/15, 173, 95, , 28, 55, 10
2014/1/15, 193, 122, , 30, 52, 16
2014/1/16, 178, 109, , 24, 16, 12
2014/1/16, 172, 85, , 9, 16, 9
2014/1/16, 214, 108, , 34, 52, 16
2014/1/16, 190, 110, , 47, 68, 16
2014/1/16, 177, 106, , 36, 58, 11
2014/1/17, 184, 98, , 35, 55, 11
2014/1/17, 198, 112, , 24, 27, 13
2014/1/17, 172, 108, , 13, 23, 8
2014/1/17, 178, 131, , 32, 49, 12
2014/1/17, 208, 101, , 26, 46, 10
2014/1/18, 175, 78, , 35, 60, 13
2014/1/18, 198, 80, , 29, 60, 9
2014/1/18, 197, 72, , 11, 15, 9
2014/1/18, 175, 64, , 8, 14, 8
2014/1/18, 204, 73, , 26, 55, 9
2014/1/19, 156, 92, , 34, 53, 11
2014/1/19, 158, 88, , 25, 26, 10
2014/1/19, 160, 94, , 37, 55, 13
2014/1/19, 166, 93, , 26, 44, 11
2014/1/19, 145, 77, , 15, 29, 9
2014/1/20, 169, 92, , 13, 16, 12
2014/1/20, 178, 106, , 36, 50, 13
2014/1/20, 178, 106, , 46, 67, 15
2014/1/20, 195, 110, , 33, 62, 12
2014/1/20, 175, 92, , 24, 19, 10
2014/1/21, 192, 97, , 23, 30, 10
2014/1/21, 172, 70, , 11, 33, 8
2014/1/21, 221, 95, , 34, 53, 13
2014/1/21, 179, 99, , 48, 66, 17
2014/1/21, 186, 94, , 38, 57, 13
2014/1/22, 177, 75, , 11, 27, 7
2014/1/22, 157, 65, , 8, 23, 7
2014/1/22, 190, 81, , 24, 48, 11
2014/1/22, 175, 83, , 31, 54, 11
2014/1/22, 174, 83, , 25, 48, 9
2014/1/23, 158, 102, , 22, 30, 11
2014/1/23, 174, 107, , 27, 50, 11
2014/1/23, 165, 109, , 35, 50, 15
2014/1/23, 155, 92, , 14, 27, 10
2014/1/23, 163, 104, , 29, 43, 13
2014/1/24, 182, 103, , 31, 34, 12
2014/1/24, 190, 107, , 21, 15, 11
2014/1/24, 191, 101, , 36, 46, 14
2014/1/24, 215, 109, , 28, 49, 11
2014/1/24, 182, 88, , 16, 30, 10
2014/1/25, 180, 72, , 29, 48, 10
2014/1/25, 175, 70, , 22, 53, 8
2014/1/25, 167, 43, , 5, 12, 6
2014/1/25, 191, 67, , 13, 15, 8
2014/1/25, 214, 68, , 23, 57, 8
2014/1/26, 121, 74, , 5, 10, 6
2014/1/26, 115, 60, , 7, 27, 4
2014/1/26, 135, 84, , 18, 48, 8
2014/1/26, 151, 75, , 13, 37, 6
2014/1/26, 132, 75, , 20, 45, 7
2014/1/27, 112, 50, , 14, 39, 6
2014/1/27, 102, 50, , 18, 42, 5
2014/1/27, 94, 51, , 3, 5, 8
2014/1/27, 84, 44, , 5, 14, 4
2014/1/27, 107, 66, , 19, 44, 7
2014/1/28, 104, 83, , 16, 43, 9
2014/1/28, 91, 79, , 19, 38, 9
2014/1/28, 110, 80, , 16, 42, 9
2014/1/28, 86, 62, , 7, 22, 5
2014/1/28, 98, 76, , 6, 13, 8
2014/1/29, 121, 89, , 22, 44, 9
2014/1/29, 102, 56, , 10, 34, 5
2014/1/29, 120, 78, , 18, 43, 9
2014/1/29, 134, 88, , 18, 43, 12
2014/1/29, 124, 63, , 6, 6, 9
2014/1/30, 142, 156, , 25, 50, 12
2014/1/30, 126, 80, , 6, 20, 6
2014/1/30, 133, 141, , 11, 14, 14
2014/1/30, 154, 146, , 25, 58, 11
2014/1/30, 162, 133, , 19, 47, 12
2014/1/31, 214, 112, , 34, 68, 15
2014/1/31, 229, 103, , 21, 56, 12
2014/1/31, 160, 97, , 9, 21, 10
2014/1/31, 228, 115, , 9, 16, 15
2014/1/31, 230, 106, , 21, 47, 13
2014/2/1, 221, 179, , 8, 22, 6
2014/2/1, 191, 160, , 11, 30, 6
2014/2/1, 187, 191, , 17, 41, 7
2014/2/1, 183, 135, , 4, 19, 5
2014/2/1, 203, 208, , 3, 6, 9
2014/2/2, 114, 54, , 15, 33, 6
2014/2/2, 106, 43, , 5, 3, 8
2014/2/2, 113, 32, , 3, 16, 3
2014/2/2, 122, 45, , 9, 32, 5
2014/2/2, 108, 45, , 11, 30, 5
2014/2/3, 78, 54, , 18, 40, 7
2014/2/3, 76, 47, , 14, 41, 6
2014/2/3, 60, 36, , 6, 22, 4
2014/2/3, 74, 47, , 12, 40, 6
2014/2/3, 77, 37, , 7, 8, 9
2014/2/4, 95, 67, , 18, 44, 9
2014/2/4, 77, 63, , 10, 6, 13
2014/2/4, 88, 73, , 23, 36, 9
2014/2/4, 86, 61, , 22, 45, 9
2014/2/4, 75, 49, , 5, 16, 5
2014/2/5, 124, 67, , 24, 48, 10
2014/2/5, 147, 71, , 16, 37, 10
2014/2/5, 107, 54, , 9, 19, 6
2014/2/5, 140, 58, , 13, 8, 11
2014/2/5, 136, 81, , 25, 37, 10
2014/2/6, 121, 54, , 8, 13, 6
2014/2/6, 141, 81, , 32, 57, 13
2014/2/6, 150, 88, , 26, 48, 13
2014/2/6, 116, 74, , 20, 31, 11
2014/2/6, 138, 73, , 27, 46, 10
2014/2/7, 111, 62, , 6, 13, 6
2014/2/7, 155, 69, , 20, 45, 6
2014/2/7, 180, 79, , 17, 35, 10
2014/2/7, 151, 70, , 19, 39, 12
2014/2/7, 150, 71, , 22, 45, 10
2014/2/8, 141, 68, , 24, 45, 5
2014/2/8, 164, 57, , 16, 30, 8
2014/2/8, 144, 63, , 18, 27, 6
2014/2/8, 135, 47, , 5, 18, 4
2014/2/8, 149, 55, , 22, 43, 10
2014/2/9, 129, 73, , 21, 32, 7
2014/2/9, 119, 66, , 26, 47, 12
2014/2/9, 140, 67, , 19, 39, 10
2014/2/9, 138, 68, , 13, 6, 9
2014/2/9, 115, 40, , 4, 13, 4
2014/2/10, 138, 73, , 35, 60, 14
2014/2/10, 142, 59, , 13, 8, 7
2014/2/10, 99, 45, , 4, 9, 5
2014/2/10, 141, 70, , 28, 45, 8
2014/2/10, 154, 75, , 30, 46, 12
2014/2/11, 139, 101, , 37, 49, 12
2014/2/11, 158, 108, , 30, 51, 13
2014/2/11, 144, 101, , 37, 54, 17
2014/2/11, 128, 98, , 28, 30, 12
2014/2/11, 99, 61, , 8, 12, 6
2014/2/12, 200, 79, , 26, 42, 11
2014/2/12, 175, 78, , 31, 56, 7
2014/2/12, 177, 81, , 36, 60, 14
2014/2/12, 176, 79, , 21, 22, 9
2014/2/12, 139, 61, , 9, 15, 7
2014/2/13, 169, 108, , 29, 50, 14
2014/2/13, 156, 111, , 38, 60, 18
2014/2/13, 153, 114, , 30, 44, 10
2014/2/13, 160, 90, , 12, 15, 11
2014/2/13, 145, 81, , 11, 19, 9
2014/2/14, 177, 100, , 34, 57, 10
2014/2/14, 179, 118, , 43, 67, 19
2014/2/14, 162, 87, , 15, 33, 8
2014/2/14, 168, 95, , 20, 27, 10
2014/2/14, 188, 123, , 32, 65, 15
2014/2/15, 224, 96, , 27, 43, 13
2014/2/15, 183, 96, , 34, 46, 8
2014/2/15, 196, 99, , 33, 52, 16
2014/2/15, 170, 76, , 12, 17, 7
2014/2/15, 177, 83, , 24, 45, 9
2014/2/16, 199, 110, , 33, 37, 16
2014/2/16, 167, 100, , 27, 22, 11
2014/2/16, 172, 102, , 39, 45, 10
2014/2/16, 181, 112, , 46, 55, 21
2014/2/16, 167, 70, , 9, 11, 6
2014/2/17, 213, 72, , 29, 32, 12
2014/2/17, 181, 70, , 30, 41, 7
2014/2/17, 192, 72, , 34, 46, 14
2014/2/17, 192, 78, , 20, 8, 7
2014/2/17, 161, 55, , 7, 11, 6
2014/2/18, 135, 82, , 36, 46, 8
2014/2/18, 162, 93, , 32, 48, 14
2014/2/18, 144, 90, , 40, 55, 18
2014/2/18, 121, 56, , 9, 15, 5
2014/2/18, 147, 72, , 26, 33, 6
2014/2/19, 152, 74, , 31, 52, 11
2014/2/19, 147, 73, , 18, 13, 6
2014/2/19, 163, 71, , 25, 39, 12
2014/2/19, 118, 56, , 6, 13, 5
2014/2/19, 158, 75, , 37, 57, 15
2014/2/20, 131, 58, , 6, 11, 6
2014/2/20, 153, 71, , 22, 11, 8
2014/2/20, 154, 72, , 29, 40, 7
2014/2/20, 162, 76, , 28, 36, 12
2014/2/20, 155, 79, , 38, 46, 16
2014/2/21, 145, 99, , 42, 53, 9
2014/2/21, 153, 117, , 49, 56, 21
2014/2/21, 133, 68, , 8, 19, 6
2014/2/21, 162, 106, , 34, 40, 16
2014/2/21, 154, 85, , 27, 22, 8
2014/2/22, 198, 83, , 34, 37, 13
2014/2/22, 170, 81, , 38, 50, 8
2014/2/22, 186, 88, , 48, 55, 17
2014/2/22, 153, 62, , 9, 13, 5
2014/2/22, 164, 79, , 23, 12, 8
2014/2/23, 150, 150, , 45, 48, 15
2014/2/23, 157, 153, , 56, 62, 26
2014/2/23, 158, 139, , 23, 29, 15
2014/2/23, 133, 106, , 16, 31, 12
2014/2/23, 169, 139, , 42, 54, 20
2014/2/24, 186, 143, , 19, 30, 15
2014/2/24, 226, 181, , 44, 60, 26
2014/2/24, 223, 168, , 19, 27, 15
2014/2/24, 249, 175, , 37, 50, 20
2014/2/24, 225, 175, , 41, 48, 17
2014/2/25, 324, 126, , 22, 45, 10
2014/2/25, 270, 134, , 28, 49, 19
2014/2/25, 269, 125, , 12, 18, 11
2014/2/25, 241, 105, , 9, 21, 9
2014/2/25, 264, 129, , 29, 43, 11
2014/2/26, 225, 54, , 14, 25, 3
2014/2/26, 205, 60, , 10, 3, 5
2014/2/26, 190, 48, , 9, 14, 3
2014/2/26, 198, 62, , 22, 31, 7
2014/2/26, 200, 53, , 17, 28, 8
2014/2/27, 87, 58, , 25, 37, 6
2014/2/27, 97, 61, , 23, 47, 7
2014/2/27, 86, 47, , 12, 33, 4
2014/2/27, 91, 50, , 12, 10, 7
2014/2/27, 89, 59, , 23, 44, 5
2014/2/28, 95, 65, , 24, 33, 6
2014/2/28, 105, 45, , 7, 13, 6
2014/2/28, 104, 60, , 22, 38, 4
2014/2/28, 81, 45, , 7, 13, 4
2014/2/28, 131, 60, , 15, 21, 5
2014/3/1, 91, 61, , 13, 16, 7
2014/3/1, 117, 66, , 24, 42, 5
2014/3/1, 86, 44, , 9, 8, 4
2014/3/1, 107, 66, , 26, 37, 6
2014/3/1, 125, 62, , 18, 29, 5
2014/3/2, 119, 54, , 11, 17, 8
2014/3/2, 122, 61, , 26, 32, 6
2014/3/2, 99, 45, , 6, 7, 3
2014/3/2, 131, 57, , 22, 39, 5
2014/3/2, 134, 60, , 20, 38, 7
2014/3/3, 126, 60, , 17, 33, 5
2014/3/3, 103, 56, , 13, 28, 7
2014/3/3, 86, 46, , 7, 17, 6
2014/3/3, 112, 64, , 23, 34, 6
2014/3/3, 115, 71, , 25, 25, 6
2014/3/4, 112, 68, , 20, 23, 8
2014/3/4, 120, 64, , 21, 33, 6
2014/3/4, 103, 55, , 8, 8, 7
2014/3/4, 86, 48, , 8, 18, 4
2014/3/4, 124, 63, , 19, 36, 5
2014/3/5, 100, 46, , 6, 7, 7
2014/3/5, 93, 43, , 7, 13, 4
2014/3/5, 120, 54, , 16, 25, 5
2014/3/5, 107, 70, , 26, 27, 5
2014/3/5, 123, 52, , 15, 30, 5
2014/3/6, 76, 52, , 10, 6, 8
2014/3/6, 95, 75, , 28, 27, 6
2014/3/6, 77, 47, , 9, 18, 5
2014/3/6, 97, 58, , 19, 35, 5
2014/3/6, 94, 56, , 20, 33, 5
2014/3/7, 77, 49, , 7, 16, 5
2014/3/7, 101, 103, , 29, 32, 7
2014/3/7, 87, 75, , 13, 7, 9
2014/3/7, 103, 69, , 21, 38, 7
2014/3/7, 90, 69, , 28, 38, 8
2014/3/8, 132, 81, , 23, 43, 8
2014/3/8, 120, 88, , 28, 27, 7
2014/3/8, 88, 62, , 17, 28, 6
2014/3/8, 113, 70, , 15, 7, 9
2014/3/8, 123, 68, , 27, 43, 8
2014/3/9, 114, 60, , 10, 10, 7
2014/3/9, 129, 72, , 17, 13, 10
2014/3/9, 137, 84, , 28, 41, 9
2014/3/9, 127, 89, , 29, 32, 8
2014/3/9, 127, 77, , 32, 40, 11
2014/3/10, 140, 99, , 27, 40, 8
2014/3/10, 121, 67, , 8, 18, 9
2014/3/10, 152, 93, , 26, 46, 11
2014/3/10, 136, 94, , 32, 50, 12
2014/3/10, 122, 94, , 11, 12, 7
2014/3/11, 178, 99, , 25, 34, 10
2014/3/11, 154, 100, , 17, 14, 7
2014/3/11, 160, 108, , 31, 26, 9
2014/3/11, 130, 74, , 14, 26, 7
2014/3/11, 159, 102, , 28, 30, 12
2014/3/12, 181, 88, , 38, 40, 12
2014/3/12, 165, 78, , 15, 6, 6
2014/3/12, 176, 97, , 21, 13, 7
2014/3/12, 176, 81, , 34, 35, 8
2014/3/12, 193, 87, , 33, 37, 10
2014/3/13, 173, 82, , 30, 27, 9
2014/3/13, 161, 104, , 17, 6, 6
2014/3/13, 146, 59, , 7, 8, 5
2014/3/13, 152, 97, , 35, 30, 8
2014/3/13, 156, 87, , 37, 43, 11
2014/3/14, 152, 100, , 32, 45, 13
2014/3/14, 128, 76, , 10, 13, 7
2014/3/14, 152, 113, , 33, 35, 9
2014/3/14, 155, 95, , 16, 15, 7
2014/3/14, 165, 95, , 23, 37, 10
2014/3/15, 147, 60, , 12, 6, 5
2014/3/15, 155, 81, , 16, 8, 5
2014/3/15, 164, 80, , 25, 26, 9
2014/3/15, 161, 88, , 30, 38, 8
2014/3/15, 170, 77, , 33, 43, 10
2014/3/16, 147, 87, , 14, 14, 8
2014/3/16, 165, 84, , 26, 28, 10
2014/3/16, 140, 64, , 8, 7, 6
2014/3/16, 149, 80, , 36, 35, 11
2014/3/16, 154, 87, , 30, 43, 7
2014/3/17, 156, 58, , 20, 26, 7
2014/3/17, 149, 51, , 15, 13, 3
2014/3/17, 149, 66, , 23, 28, 7
2014/3/17, 128, 44, , 7, 12, 6
2014/3/17, 136, 55, , 26, 31, 9
2014/3/18, 111, 80, , 15, 7, 5
2014/3/18, 115, 91, , 30, 31, 9
2014/3/18, 121, 77, , 27, 26, 7
2014/3/18, 94, 47, , 8, 8, 4
2014/3/18, 114, 79, , 37, 37, 13
2014/3/19, 91, 42, , 7, 6, 3
2014/3/19, 147, 53, , 16, 15, 5
2014/3/19, 134, 59, , 22, 28, 6
2014/3/19, 135, 42, , 14, 24, 3
2014/3/19, 139, 50, , 20, 21, 7
2014/3/20, 105, 61, , 22, 25, 8
2014/3/20, 91, 51, , 15, 10, 4
2014/3/20, 108, 73, , 29, 29, 11
2014/3/20, 88, 48, , 15, 13, 5
2014/3/20, 98, 66, , 33, 37, 14
2014/3/21, 117, 74, , 41, 34, 12
2014/3/21, 117, 90, , 35, 25, 7
2014/3/21, 95, 49, , 10, 11, 4
2014/3/21, 128, 76, , 30, 28, 9
2014/3/21, 108, 66, , 18, 10, 4
2014/3/22, 126, 89, , 45, 32, 12
2014/3/22, 97, 65, , 8, 6, 5
2014/3/22, 114, 84, , 21, 8, 5
2014/3/22, 128, 111, , 43, 32, 9
2014/3/22, 140, 92, , 35, 30, 9
2014/3/23, 147, 167, , 37, 42, 13
2014/3/23, 138, 107, , 10, 16, 8
2014/3/23, 145, 182, , 14, 14, 8
2014/3/23, 170, 163, , 20, 33, 13
2014/3/23, 160, 194, , 37, 33, 10
2014/3/24, 164, 103, , 13, 15, 9
2014/3/24, 179, 153, , 43, 49, 12
2014/3/24, 187, 122, , 29, 46, 10
2014/3/24, 180, 124, , 43, 60, 8
2014/3/24, 178, 133, , 22, 19, 9
2014/3/25, 183, 132, , 16, 11, 11
2014/3/25, 192, 187, , 46, 37, 18
2014/3/25, 203, 170, , 27, 16, 11
2014/3/25, 190, 169, , 50, 47, 12
2014/3/25, 202, 173, , 38, 40, 14
2014/3/26, 241, 151, , 47, 31, 13
2014/3/26, 243, 138, , 21, 10, 9
2014/3/26, 279, 144, , 34, 31, 13
2014/3/26, 210, 100, , 10, 14, 10
2014/3/26, 241, 138, , 46, 43, 11
2014/3/27, 179, 92, , 8, 7, 8
2014/3/27, 213, 113, , 23, 17, 12
2014/3/27, 188, 104, , 34, 16, 11
2014/3/27, 194, 100, , 14, 10, 9
2014/3/27, 188, 108, , 32, 23, 10
2014/3/28, 161, 38, , 4, 2, 5
2014/3/28, 162, 58, , 24, 9, 8
2014/3/28, 158, 57, , 16, 16, 7
2014/3/28, 185, 61, , 25, 21, 6
2014/3/28, 188, 71, , 19, 19, 10
2014/3/29, 128, 88, , 31, 26, 9
2014/3/29, 121, 178, , 30, 2, 13
2014/3/29, 117, 112, , 31, 18, 10
2014/3/29, 102, 58, , 10, 6, 5
2014/3/29, 147, 89, , 21, 12, 12
2014/3/30, 143, 60, , 26, 27, 5
2014/3/30, 102, 52, , 14, 8, 3
2014/3/30, 169, , , , , 
2014/3/30, 152, 68, , 20, 17, 9
2014/3/30, 143, 92, , 28, 16, 8
2014/3/31, 105, 103, , 38, 38, 10
2014/3/31, , 110, , 17, 13, 9
2014/3/31, 113, 104, , 25, 29, 11
2014/3/31, 102, 123, , 41, 24, 10
2014/3/31, 90, 77, , 10, 14, 9
2014/4/1, 172, 72, , 14, 10, 9
2014/4/1, 166, 72, , 17, 15, 6
2014/4/1, 247, 69, , 13, 14, 5
2014/4/1, 166, 76, , 22, 9, 6
2014/4/1, 148, 60, , 6, 3, 3
2014/4/2, 110, 48, , 20, 16, 7
2014/4/2, 124, 54, , 14, 9, 8
2014/4/2, 120, 42, , 9, 3, 2
2014/4/2, 136, 48, , 14, 15, 5
2014/4/2, 117, 45, , 16, 13, 4
2014/4/3, 77, 57, , 25, 21, 6
2014/4/3, 86, 45, , 13, 12, 5
2014/4/3, 120, 57, , 19, 17, 10
2014/4/3, 80, 40, , 7, 5, 3
2014/4/3, 77, 65, , 26, 13, 5
2014/4/4, 110, 44, , 13, 9, 7
2014/4/4, 80, 43, , 9, 8, 2
2014/4/4, 92, 45, , 17, 17, 2
2014/4/4, 81, 35, , 9, 13, 5
2014/4/4, 96, 52, , 20, 17, 4
2014/4/5, 88, 71, , 31, 30, 4
2014/4/5, 76, 86, , 29, 20, 6
2014/4/5, 82, , , 11, 4, 7
2014/4/5, 81, 76, , 25, 21, 10
2014/4/5, 80, 55, , 11, 3, 3
2014/4/6, 109, 100, , 32, 24, 10
2014/4/6, 80, 66, , 13, 5, 5
2014/4/6, 106, 88, , 33, 26, 7
2014/4/6, , 88, , 18, 8, 9
2014/4/6, 121, 97, , 27, 19, 13
2014/4/7, 121, 62, , 7, 6, 5
2014/4/7, 135, 148, , 36, 21, 10
2014/4/7, 151, 138, , 34, 19, 14
2014/4/7, 135, 136, , 51, 38, 12
2014/4/7, 132, 94, , 16, 5, 10
2014/4/8, 132, 79, , 11, 5, 5
2014/4/8, 168, 136, , 31, 24, 14
2014/4/8, 165, 120, , 35, 24, 6
2014/4/8, 153, 134, , 35, 20, 10
2014/4/8, 118, 113, , 22, 16, 9
2014/4/9, 169, 79, , 31, 14, 7
2014/4/9, 139, 55, , 14, 7, 4
2014/4/9, 162, 82, , 27, 19, 12
2014/4/9, 154, 63, , 29, 25, 4
2014/4/9, 151, 84, , 20, 6, 5
2014/4/10, 96, 96, , 30, 14, 9
2014/4/10, 144, 124, , 38, 14, 15
2014/4/10, 116, 91, , 42, 20, 10
2014/4/10, 113, 45, , 5, 2, 3
2014/4/10, 116, 130, , 20, 3, 6
2014/4/11, 120, 134, , 17, 3, 6
2014/4/11, 133, 158, , 48, 22, 17
2014/4/11, 130, 94, , 38, 16, 11
2014/4/11, 102, 44, , 4, 3, 3
2014/4/11, 162, 169, , 33, 12, 16
2014/4/12, 125, 88, , 21, 3, 6
2014/4/12, 173, 193, , 41, 12, 17
2014/4/12, 147, 105, , 45, 23, 10
2014/4/12, 83, 54, , 5, 10, 4
2014/4/12, 134, 90, , 36, 20, 8
2014/4/13, 169, 153, , 29, 18, 17
2014/4/13, 137, 143, , 38, 26, 12
2014/4/13, 108, 92, , 8, 7, 8
2014/4/13, 128, 179, , 19, 8, 10
2014/4/13, 133, 170, , 41, 20, 12
2014/4/14, 170, 63, , 10, 7, 3
2014/4/14, 180, 60, , 13, 5, 10
2014/4/14, 168, 61, , 15, 8, 2
2014/4/14, 150, 49, , 6, 5, 5
2014/4/14, 162, 67, , 20, 4, 5
2014/4/15, 63, 82, , 15, 4, 5
2014/4/15, 79, 51, , 6, 2, 3
2014/4/15, 90, 70, , 19, 7, 10
2014/4/15, 89, 70, , 25, 8, 4
2014/4/15, 72, 79, , 27, 5, 6
2014/4/16, 98, 54, , 19, 6, 2
2014/4/16, 85, 42, , 4, 4, 2
2014/4/16, 125, 60, , 16, 8, 6
2014/4/16, 119, 66, , 21, 10, 9
2014/4/16, 101, 65, , 22, 10, 4
2014/4/17, 79, 58, , 23, 7, 2
2014/4/17, 110, 62, , 14, 13, 4
2014/4/17, 73, 49, , 6, 4, 3
2014/4/17, 107, 70, , 18, 7, 3
2014/4/17, 94, 60, , 18, 13, 7
2014/4/18, 98, 69, , 27, 11, 4
2014/4/18, 134, 94, , 31, 11, 4
2014/4/18, 150, 67, , 22, 5, 5
2014/4/18, 85, 52, , 7, 5, 3
2014/4/18, 87, 75, , 31, 10, 3
2014/4/19, 130, 73, , 20, 7, 4
2014/4/19, 107, 57, , 7, 4, 4
2014/4/19, 144, 66, , 9, 2, 5
2014/4/19, 161, 64, , 15, 7, 3
2014/4/19, 122, 72, , 25, 9, 3
2014/4/20, 108, 73, , 29, 10, 5
2014/4/20, 116, 78, , 15, 2, 4
2014/4/20, 98, 44, , 9, 1, 3
2014/4/20, 121, 70, , 24, 12, 4
2014/4/20, 110, 56, , 23, 5, 4
2014/4/21, 72, 46, , 7, 2, 3
2014/4/21, 141, 70, , 7, 1, 3
2014/4/21, 91, 87, , 36, 16, 4
2014/4/21, 86, 77, , 31, 14, 6
2014/4/21, 101, 96, , 29, 12, 4
2014/4/22, 131, 99, , 8, 5, 5
2014/4/22, 117, 112, , 29, 11, 7
2014/4/22, 77, 65, , 5, 8, 6
2014/4/22, 118, 87, , 20, 9, 5
2014/4/22, 137, 96, , 20, 9, 4
2014/4/23, 117, 91, , 16, 11, 5
2014/4/23, 123, 101, , 22, 10, 6
2014/4/23, 112, 85, , 8, 6, 6
2014/4/23, 141, 98, , 15, 13, 6
2014/4/23, 94, 68, , 5, 7, 5
2014/4/24, 138, 87, , 26, 7, 5
2014/4/24, 129, 80, , 10, 4, 6
2014/4/24, 127, 61, , 5, 5, 5
2014/4/24, 137, 81, , 18, 13, 8
2014/4/24, 149, 80, , 14, 7, 5
2014/4/25, 141, 89, , 8, 4, 5
2014/4/25, 141, 90, , 13, 8, 4
2014/4/25, 118, 94, , 21, 14, 5
2014/4/25, 104, 71, , 7, 4, 6
2014/4/25, 120, 93, , 17, 10, 4
2014/4/26, 124, 59, , 13, 5, 3
2014/4/26, 114, 64, , 22, 5, 4
2014/4/26, 111, 48, , 7, 2, 4
2014/4/26, 145, 68, , 14, 7, 3
2014/4/26, 111, 62, , 9, 2, 5
2014/4/27, 127, 81, , 29, 13, 7
2014/4/27, 68, 47, , 4, 1, 5
2014/4/27, 74, 121, , 21, 3, 8
2014/4/27, 82, 101, , 27, 11, 5
2014/4/27, 113, 139, , 23, 10, 6
2014/4/28, 157, 184, , 28, 11, 10
2014/4/28, 110, 97, , 40, 12, 8
2014/4/28, 79, 46, , 9, 2, 4
2014/4/28, 141, 125, , 20, 2, 11
2014/4/28, 126, 114, , 37, 12, 7
2014/4/29, 146, 138, , 19, 4, 11
2014/4/29, 64, 59, , 7, 4, 4
2014/4/29, 183, 124, , 39, 12, 11
2014/4/29, 119, 133, , 49, 12, 10
2014/4/29, 133, 106, , 45, 21, 13
2014/4/30, 145, 117, , 32, 16, 9
2014/4/30, 165, 82, , 9, 10, 13
2014/4/30, 171, 113, , 16, 12, 9
2014/4/30, 90, 84, , 9, 10, 7
2014/4/30, 159, 115, , 21, 15, 9
2014/5/1, 181, 71, , 11, 4, 10
2014/5/1, 157, 73, , 13, 3, 4
2014/5/1, 164, 90, , 13, 4, 6
2014/5/1, 155, 68, , 17, 4, 4
2014/5/1, 142, 60, , 8, 2, 3
2014/5/2, 147, 34, , 5, 1, 10
2014/5/2, 115, 42, , 11, 3, 4
2014/5/2, 101, 31, , 5, 2, 4
2014/5/2, 128, 49, , 13, 3, 5
2014/5/2, 105, 41, , 13, 4, 4
2014/5/3, 72, 33, , 6, 1, 4
2014/5/3, 97, 44, , 14, 4, 5
2014/5/3, 138, 30, , 4, 1, 9
2014/5/3, 87, 44, , 14, 3, 4
2014/5/3, 78, 44, , 19, 7, 6
2014/5/4, 60, 25, , 6, 5, 3
2014/5/4, 121, 19, , 4, 1, 7
2014/5/4, 77, 29, , 12, 3, 4
2014/5/4, 66, 41, , 20, 6, 4
2014/5/4, 79, 28, , 12, 8, 3
2014/5/5, 110, 54, , 11, 2, 8
2014/5/5, 65, 54, , 23, 7, 6
2014/5/5, 61, 64, , 31, 9, 6
2014/5/5, 58, 62, , 25, 11, 4
2014/5/5, 55, 38, , 10, 3, 3
2014/5/6, 105, 83, , 26, 7, 5
2014/5/6, 69, 43, , 6, 3, 4
2014/5/6, 116, 74, , 13, 8, 9
2014/5/6, 85, 75, , 33, 8, 6
2014/5/6, 95, 81, , 28, 8, 7
2014/5/7, 87, 22, , 4, 1, 3
2014/5/7, 120, 44, , 15, 5, 5
2014/5/7, 119, 52, , 7, 4, 8
2014/5/7, 107, 42, , 22, 4, 4
2014/5/7, 132, 46, , 14, 4, 3
2014/5/8, 73, 87, , 31, 8, 7
2014/5/8, 107, 73, , 11, 5, 8
2014/5/8, 58, 42, , 12, 3, 4
2014/5/8, 63, 87, , 39, 7, 7
2014/5/8, 67, 55, , 30, 11, 7
2014/5/9, 112, 79, , 30, 7, 6
2014/5/9, 58, 36, , 6, 2, 4
2014/5/9, 107, 96, , 10, 2, 9
2014/5/9, 88, 74, , 33, 7, 8
2014/5/9, 91, 85, , 38, 6, 7
2014/5/10, 106, 86, , 40, 9, 9
2014/5/10, 66, 56, , 11, 3, 6
2014/5/10, 125, 83, , 12, 3, 10
2014/5/10, 104, 91, , 42, 8, 9
2014/5/10, 116, 100, , 38, 10, 7
2014/5/11, 135, 25, , 18, 10, 6
2014/5/11, 105, 12, , 3, 1, 4
2014/5/11, 143, 24, , 14, 2, 7
2014/5/11, 110, 25, , 2, , 9
2014/5/11, 155, 36, , 12, 7, 3
2014/5/12, 58, 22, , 5, 1, 5
2014/5/12, 63, 37, , 27, 29, 7
2014/5/12, 71, 36, , 19, 5, 7
2014/5/12, 104, 19, , 3, 1, 9
2014/5/12, 72, 34, , 16, 15, 4
2014/5/13, 60, 40, , 21, 8, 4
2014/5/13, 53, 25, , 9, 2, 4
2014/5/13, 58, 52, , 33, 12, 9
2014/5/13, 72, 40, , 23, 8, 8
2014/5/13, 65, , , , , 
2014/5/14, 120, 24, , 11, 4, 2
2014/5/14, 63, 16, , 5, 1, 3
2014/5/14, 81, 27, , 12, 6, 6
2014/5/14, 76, 32, , 20, 5, 5
2014/5/15, 59, 43, , 18, 4, 8
2014/5/15, 47, 23, , 10, 1, 3
2014/5/15, 49, 41, , 17, 3, 5
2014/5/15, 55, 38, , 24, 4, 6
2014/5/16, 65, 25, , 4, 6, 2
2014/5/16, 66, 55, , 30, 4, 7
2014/5/16, 77, 55, , 21, 5, 8
2014/5/16, 64, 51, , 24, 6, 6
2014/5/17, 86, 32, , 7, 5, 2
2014/5/17, 94, 54, , 25, 4, 8
2014/5/17, 96, 54, , 22, 4, 6
2014/5/17, 86, 51, , 26, 4, 6
2014/5/18, 76, 29, , 5, 13, 7
2014/5/18, 99, 71, , 28, 4, 10
2014/5/18, 78, 56, , 26, 5, 7
2014/5/18, 100, 64, , 25, 5, 7
2014/5/19, 127, 48, , 17, 9, 7
2014/5/19, 102, 47, , 29, 5, 7
2014/5/19, 77, 31, , 5, 2, 5
2014/5/19, 136, 62, , 21, 5, 9
2014/5/20, 115, 62, , 23, 4, 8
2014/5/20, 107, 53, , 23, 7, 6
2014/5/20, 90, 50, , 31, 9, 8
2014/5/20, 78, 27, , 8, 2, 4
2014/5/21, 68, 40, , 12, 2, 3
2014/5/21, 79, 75, , 31, 6, 6
2014/5/21, 100, 58, , 26, 5, 9
2014/5/21, 96, 86, , 24, 6, 9
2014/5/22, 90, 75, , 18, 10, 9
2014/5/22, 89, 85, , 31, 7, 7
2014/5/22, 113, 84, , 19, 8, 7
2014/5/22, 70, 59, , 8, 4, 5
2014/5/23, 116, 107, , 39, 11, 8
2014/5/23, 134, 99, , 28, 10, 7
2014/5/23, 122, 101, , 29, 13, 7
2014/5/23, 104, 68, , 10, 5, 5
2014/5/24, 137, 39, , 6, 1, 2
2014/5/24, 148, 49, , 11, 2, 5
2014/5/24, 140, 53, , 17, 3, 5
2014/5/24, 148, 53, , 14, 2, 5
2014/5/25, 80, 36, , 8, 2, 2
2014/5/25, 94, 51, , 13, 3, 4
2014/5/25, 83, 54, , 20, 7, 7
2014/5/25, 94, 47, , 15, 2, 4
2014/5/26, 66, 23, , 8, 1, 1
2014/5/26, 76, 46, , 20, 5, 5
2014/5/26, 74, 53, , 26, 7, 5
2014/5/26, 73, 47, , 19, 5, 4
2014/5/27, 72, 61, , 28, 10, 5
2014/5/27, 74, 51, , 20, 4, 3
2014/5/27, 51, 28, , 10, 5, 3
2014/5/27, 74, 53, , 19, 6, 4
2014/5/28, 45, 37, , 16, 2, 2
2014/5/28, 66, 77, , 33, 6, 5
2014/5/28, 77, 69, , 26, 5, 4
2014/5/28, 72, 60, , 26, 4, 4
2014/5/29, 95, 72, , 29, 5, 5
2014/5/29, 83, 63, , 32, 6, 5
2014/5/29, 93, 73, , 30, 10, 8
2014/5/29, 48, 25, , 10, 2, 2
2014/5/30, 119, 96, , 32, 9, 6
2014/5/30, , 71, , 5, 2, 7
2014/5/30, 72, 102, , 39, 8, 7
2014/5/30, 118, 97, , 31, 9, 7
2014/5/30, 45, 63, , 14, 6, 5
2014/5/31, 130, 116, , 24, 17, 9
2014/5/31, 122, 116, , 28, 16, 9
2014/5/31, 128, 115, , 42, 17, 10
2014/5/31, 93, 90, , 22, 11, 8
2014/5/31, 132, , , , , 
2014/6/1, 165, 87, , 36, 14, 6
2014/6/1, 157, 92, , 24, 10, 6
2014/6/1, 155, 78, , 16, 5, 6
2014/6/1, 173, 90, , 22, 13, 6
2014/6/2, 157, 67, , 25, 8, 5
2014/6/2, , 75, , 27, 1, 10
2014/6/2, 141, 39, , 13, 2, 4
2014/6/2, 138, 62, , 24, 6, 4
2014/6/2, 143, 61, , 32, 9, 5
2014/6/3, 85, 62, , 28, 4, 5
2014/6/3, 99, 74, , 23, 4, 5
2014/6/3, 128, 108, , 5, 1, 6
2014/6/3, 75, 38, , 10, 8, 5
2014/6/3, 82, 67, , 23, 4, 5
2014/6/4, 105, 76, , 26, 9, 7
2014/6/4, 87, 74, , 36, 7, 7
2014/6/4, 176, 146, , 9, , 9
2014/6/4, 74, 52, , 10, 2, 5
2014/6/4, 101, 75, , 27, 7, 6
2014/6/5, 183, , , , , 
2014/6/5, 119, 67, , 37, 12, 8
2014/6/5, 127, 58, , 30, 5, 6
2014/6/5, 134, 59, , 31, 6, 6
2014/6/5, 102, 40, , 19, 2, 4
2014/6/6, 87, 36, , 10, 2, 4
2014/6/6, 100, 49, , 24, 2, 5
2014/6/6, 100, 51, , 24, 2, 4
2014/6/6, 103, 53, , 23, 3, 5
2014/6/7, 101, 31, , 12, 2, 5
2014/6/7, 81, 22, , 4, 1, 4
2014/6/7, 86, 33, , 18, 2, 5
2014/6/7, 81, 35, , 14, 1, 4
2014/6/8, 65, 44, , 24, 4, 5
2014/6/8, 69, 48, , 22, 3, 6
2014/6/8, 62, 26, , 5, 2, 4
2014/6/8, 74, 47, , 25, 3, 6
2014/6/9, 93, 76, , 32, 5, 8
2014/6/9, 75, 82, , 40, 4, 8
2014/6/9, 65, 40, , 9, 6, 6
2014/6/9, , 77, , 23, 2, 6
2014/6/9, 76, 88, , 32, 3, 8
2014/6/10, 143, 61, , 29, 6, 6
2014/6/10, 80, 22, , 13, 1, 5
2014/6/10, 156, 73, , 20, 3, 6
2014/6/10, 105, 43, , 10, 1, 5
2014/6/10, 156, 61, , 19, 3, 5
2014/6/11, 50, 50, , 5, , 9
2014/6/11, 126, 51, , 15, 2, 5
2014/6/11, 103, 27, , 8, 1, 3
2014/6/11, 109, 49, , 19, 2, 4
2014/6/11, 117, 53, , 17, 3, 4
2014/6/12, 67, 19, , 8, 1, 3
2014/6/12, 121, 24, , 3, 1, 9
2014/6/12, 91, 38, , 14, 3, 7
2014/6/12, 98, 45, , 14, 3, 4
2014/6/12, 84, 39, , 21, 7, 5
2014/6/13, 62, 49, , 20, 2, 4
2014/6/13, 78, 56, , 29, 3, 4
2014/6/13, 47, 33, , 13, 1, 3
2014/6/13, 56, 30, , 20, 1, 5
2014/6/13, 72, 46, , 20, 5, 4
2014/6/14, 65, , , , , 
2014/6/14, 63, 59, , 25, 5, 6
2014/6/14, 65, 49, , 22, 6, 5
2014/6/14, 51, 27, , 7, 2, 4
2014/6/14, 80, 62, , 30, 4, 5
2014/6/15, 78, 89, , 33, 5, 12
2014/6/15, 53, 29, , 5, 1, 3
2014/6/15, 79, 82, , 33, 9, 11
2014/6/15, , 51, , 10, , 6
2014/6/15, 77, 105, , 27, 5, 9
2014/6/16, 135, 80, , 32, 5, 7
2014/6/16, 52, 79, , 10, 8, 7
2014/6/16, 115, 83, , 37, 5, 7
2014/6/16, 108, 37, , 3, 1, 5
2014/6/16, 136, 87, , 33, 5, 8
2014/6/17, 133, 68, , 31, 2, 7
2014/6/17, 148, 85, , 25, 1, 8
2014/6/17, 138, 64, , 25, 2, 8
2014/6/17, 92, 30, , 5, 1, 5
2014/6/17, 72, 76, , 14, 1, 6
2014/6/18, 155, 53, , 15, 2, 6
2014/6/18, 135, 55, , 16, 2, 5
2014/6/18, 80, 35, , 5, 1, 4
2014/6/18, 114, 53, , 7, , 5
2014/6/18, 126, 54, , 22, 1, 5
2014/6/19, 94, 53, , 26, 5, 5
2014/6/19, 114, 80, , 21, 5, 6
2014/6/19, 78, 18, , 7, 2, 3
2014/6/19, 107, , , , , 
2014/6/19, 119, 65, , 25, 5, 6
2014/6/20, , 71, , 2, 2, 6
2014/6/20, 117, 91, , 26, 5, 6
2014/6/20, 78, 76, , 31, 5, 6
2014/6/20, 103, 106, , 28, 5, 7
2014/6/20, 46, 31, , 8, 1, 4
2014/6/21, 108, 54, , 29, 5, 4
2014/6/21, 151, 31, , 7, 2, 4
2014/6/21, 126, 73, , 25, 6, 5
2014/6/21, 124, 72, , 24, 6, 5
2014/6/21, 59, 21, , 6, 1, 3
2014/6/22, 107, 88, , 37, 8, 9
2014/6/22, 67, 55, , 7, 3, 6
2014/6/22, 110, 102, , 34, 10, 8
2014/6/22, 57, 42, , 10, 2, 4
2014/6/22, 86, 88, , 45, 9, 8
2014/6/23, 78, 31, , 13, 8, 5
2014/6/23, 77, 38, , 7, 5, 4
2014/6/23, 134, 52, , 22, 4, 5
2014/6/23, 104, 62, , 31, 6, 6
2014/6/23, 122, 58, , 26, 3, 5
2014/6/24, 72, , , , , 
2014/6/24, 60, 53, , 10, 10, 6
2014/6/24, 85, 70, , 17, 5, 8
2014/6/24, 84, 81, , 17, 7, 9
2014/6/24, 95, 74, , 28, 5, 7
2014/6/25, 114, 78, , 14, 1, 6
2014/6/25, 125, 57, , 12, 6, 8
2014/6/25, 108, 74, , 22, 4, 5
2014/6/25, 98, 42, , 6, 1, 5
2014/6/25, , 130, , 7, 2, 11
2014/6/26, 137, 71, , 16, 1, 7
2014/6/26, 220, 152, , 16, 2, 10
2014/6/26, 112, 33, , 3, 1, 5
2014/6/26, 121, 50, , 24, 1, 5
2014/6/26, 131, 41, , 12, 2, 6
2014/6/27, 79, 29, , 4, 1, 5
2014/6/27, 83, 64, , 24, 1, 5
2014/6/27, 112, 68, , 14, , 6
2014/6/27, 184, 75, , 1, 1, 8
2014/6/27, 78, 56, , 16, 2, 7
2014/6/28, 166, , , , , 
2014/6/28, 68, 36, , 6, 1, 5
2014/6/28, 97, 67, , 28, 2, 5
2014/6/28, 129, 67, , 20, 2, 7
2014/6/28, 106, 63, , 19, 3, 6
2014/6/29, 116, 69, , 24, 3, 7
2014/6/29, 88, 29, , 5, 1, 5
2014/6/29, 101, 67, , 30, 7, 5
2014/6/29, 124, 66, , 25, 5, 8
2014/6/30, 72, 38, , 6, 1, 6
2014/6/30, 112, 69, , 22, 10, 6
2014/6/30, , 63, , 7, 2, 6
2014/6/30, 98, 68, , 30, 3, 7
2014/6/30, 121, 76, , 21, 4, 7
2014/7/1, 109, 63, , 28, 2, 6
2014/7/1, 104, 68, , 10, 1, 9
2014/7/1, 74, 38, , 4, 1, 5
2014/7/1, 134, 64, , 16, 3, 7
2014/7/1, 129, 61, , 16, 1, 5
2014/7/2, 127, 95, , 16, 4, 8
2014/7/2, 131, 78, , 14, 1, 8
2014/7/2, 103, 85, , 30, 2, 7
2014/7/2, 86, 53, , 4, 2, 6
2014/7/2, 110, 79, , 15, 2, 6
2014/7/3, 142, 113, , 25, 3, 9
2014/7/3, 142, 114, , 7, 7, 8
2014/7/3, 144, 110, , 11, 4, 8
2014/7/3, 111, 76, , 5, 2, 8
2014/7/3, 159, 135, , 12, 4, 9
2014/7/4, 157, 68, , 3, 1, 7
2014/7/4, 172, 83, , 10, 3, 7
2014/7/4, 165, 99, , 26, 3, 7
2014/7/4, 190, 113, , 17, 3, 8
2014/7/4, 167, 96, , 8, 1, 7
2014/7/5, 169, 74, , 27, 3, 7
2014/7/5, 148, 53, , 4, 2, 7
2014/7/5, 161, 71, , 13, 3, 6
2014/7/5, 145, 74, , 24, 3, 7
2014/7/5, 146, 65, , 7, 2, 5
2014/7/6, 116, 58, , 18, 1, 5
2014/7/6, 124, 59, , 22, 2, 6
2014/7/6, 116, 36, , 3, 1, 5
2014/7/6, 143, 69, , 18, 3, 7
2014/7/6, 106, 51, , 14, 1, 2
2014/7/7, 103, 57, , 13, 3, 5
2014/7/7, 126, 61, , 14, 5, 7
2014/7/7, 69, 43, , 3, 5, 7
2014/7/7, 85, 64, , 21, 2, 5
2014/7/7, 75, 53, , 10, 2, 3
2014/7/8, 95, 39, , 2, 1, 3
2014/7/8, 94, 61, , 23, 6, 6
2014/7/8, 92, 56, , 10, 1, 3
2014/7/8, 116, 60, , 15, 6, 5
2014/7/8, 99, 51, , 11, 3, 5
2014/7/9, 90, 35, , 13, 5, 4
2014/7/9, 89, 51, , 24, 4, 4
2014/7/9, 82, 28, , 5, 1, 3
2014/7/9, 85, 38, , 13, 1, 6
2014/7/9, 81, 35, , 13, 4, 4
2014/7/10, 63, 44, , 22, 1, 4
2014/7/10, 58, 21, , 4, , 3
2014/7/10, 57, 23, , 10, 1, 5
2014/7/10, 60, 36, , 15, 6, 7
2014/7/10, 58, 29, , 15, 3, 4
2014/7/11, 58, 47, , 22, 2, 4
2014/7/11, 63, 39, , 15, 4, 5
2014/7/11, 56, 22, , 6, 1, 3
2014/7/11, 56, 35, , 15, 2, 4
2014/7/11, 45, 34, , 13, 1, 5
2014/7/12, 67, 42, , 20, 5, 6
2014/7/12, 68, 50, , 27, 2, 5
2014/7/12, 53, 43, , 14, 1, 5
2014/7/12, 63, 43, , 22, 3, 6
2014/7/12, 50, 27, , 6, 1, 4
2014/7/13, 65, 38, , 14, 6, 5
2014/7/13, 68, 40, , 20, 3, 5
2014/7/13, 60, 24, , 5, 1, 3
2014/7/13, 69, 49, , 24, 2, 4
2014/7/13, 66, 49, , 18, 5, 6
2014/7/14, 57, 62, , 9, 1, 6
2014/7/14, 75, 71, , 23, 5, 7
2014/7/14, 55, 45, , 3, 4, 7
2014/7/14, 70, 75, , 19, 5, 8
2014/7/14, 71, 66, , 17, 6, 9
2014/7/15, 84, 43, , 1, 1, 5
2014/7/15, 118, 60, , 23, 1, 6
2014/7/15, 125, 50, , 18, 3, 6
2014/7/15, 109, 55, , 11, 4, 6
2014/7/15, 127, 61, , 20, 4, 7
2014/7/16, 105, 43, , 5, 1, 5
2014/7/16, 93, 25, , , 1, 4
2014/7/16, 130, 57, , 18, 4, 7
2014/7/16, 110, 57, , 26, 1, 6
2014/7/16, 94, 35, , 18, 2, 6
2014/7/17, 72, 79, , 8, 1, 7
2014/7/17, 85, 106, , 34, 5, 9
2014/7/17, 117, 87, , 23, 4, 9
2014/7/17, 63, 51, , 2, 1, 6
2014/7/17, 85, 83, , 19, 1, 9
2014/7/18, 119, 92, , 5, , 7
2014/7/18, 105, 58, , 1, , 6
2014/7/18, 131, 84, , 14, 1, 9
2014/7/18, 130, 101, , 20, 1, 7
2014/7/18, 151, 100, , 14, 3, 8
2014/7/19, 138, 111, , 17, 1, 8
2014/7/19, 131, 118, , 3, 1, 8
2014/7/19, 146, 99, , 10, 1, 10
2014/7/19, 162, 138, , 9, , 10
2014/7/19, 121, 69, , 1, , 7
2014/7/20, 184, 67, , 13, 3, 7
2014/7/20, 160, 59, , 3, 1, 5
2014/7/20, 151, 45, , 1, 1, 5
2014/7/20, 161, 55, , 22, 2, 5
2014/7/20, 157, 57, , 10, 2, 8
2014/7/21, 106, 38, , 4, 6, 5
2014/7/21, 101, 24, , 1, 8, 5
2014/7/21, 115, 51, , 24, 5, 6
2014/7/21, 139, 45, , 14, 4, 6
2014/7/21, 117, 38, , 12, 13, 8
2014/7/22, 93, 51, , 13, 6, 7
2014/7/22, 64, 54, , 5, 3, 5
2014/7/22, 79, 52, , 22, 3, 5
2014/7/22, 57, 33, , 3, 1, 4
2014/7/22, 73, 55, , 13, 4, 7
2014/7/23, 92, 63, , 18, 4, 8
2014/7/23, 69, 75, , 13, 3, 6
2014/7/23, 76, 70, , 29, 3, 7
2014/7/23, 79, 61, , 17, 4, 8
2014/7/23, 68, 49, , 5, 1, 4
2014/7/24, 121, 128, , 31, 6, 14
2014/7/24, 126, 124, , 31, 7, 14
2014/7/24, 115, 137, , 16, 2, 10
2014/7/24, 119, 124, , 31, 5, 11
2014/7/24, 102, 95, , 4, 2, 8
2014/7/25, 191, 119, , 18, 4, 12
2014/7/25, 183, 88, , 4, 1, 9
2014/7/25, 192, 125, , 11, 3, 10
2014/7/25, 219, 132, , 18, 4, 13
2014/7/25, 191, 105, , 25, 3, 10
2014/7/26, 240, 92, , 21, 4, 11
2014/7/26, 183, 50, , 4, 1, 7
2014/7/26, 204, 103, , 7, 2, 8
2014/7/26, 191, 101, , 22, 1, 9
2014/7/26, 187, 91, , 24, 3, 9
2014/7/27, 157, 64, , 2, 3, 7
2014/7/27, 165, 93, , 13, 6, 9
2014/7/27, 163, 86, , 6, 3, 8
2014/7/27, 160, 93, , 18, 8, 10
2014/7/27, 171, 87, , 13, 5, 10
2014/7/28, 162, 78, , 19, 3, 5
2014/7/28, 152, 63, , 1, 2, 6
2014/7/28, 165, 84, , 14, 5, 9
2014/7/28, 161, 77, , 14, 8, 9
2014/7/28, 164, 79, , 3, 2, 7
2014/7/29, 158, 60, , 11, 4, 8
2014/7/29, 134, 49, , 2, 4, 6
2014/7/29, 145, 63, , 24, 3, 4
2014/7/29, 151, 64, , 16, 4, 7
2014/7/29, 144, 62, , 3, 2, 6
2014/7/30, 117, 69, , 8, 5, 7
2014/7/30, 122, 39, , 1, 2, 4
2014/7/30, 139, 66, , 14, 4, 8
2014/7/30, 117, 65, , 27, 4, 5
2014/7/30, 123, 69, , 15, 6, 8
2014/7/31, 92, 40, , 1, 1, 4
2014/7/31, 121, 60, , 11, 4, 9
2014/7/31, 114, 66, , 29, 4, 4
2014/7/31, 105, 64, , 8, 2, 6
2014/7/31, 125, 79, , 13, 5, 9
2014/8/1, 139, 83, , 15, 3, 10
2014/8/1, 115, 65, , 13, 3, 9
2014/8/1, 98, 70, , 8, 2, 7
2014/8/1, 84, 43, , 2, 1, 6
2014/8/1, 113, 61, , 26, 3, 4
2014/8/2, 96, 66, , 9, 2, 6
2014/8/2, 139, 72, , 16, 3, 11
2014/8/2, 117, 59, , 13, 3, 8
2014/8/2, 79, 45, , 2, 1, 5
2014/8/2, 116, 53, , 20, 2, 3
2014/8/3, 102, 38, , 22, 3, 2
2014/8/3, 97, 41, , 5, 1, 4
2014/8/3, 109, 45, , 16, 4, 7
2014/8/3, 115, 43, , 16, 5, 9
2014/8/3, 102, 44, , 12, 3, 5
2014/8/4, 77, 35, , 7, 4, 5
2014/8/4, 74, 34, , 15, 5, 8
2014/8/4, 80, 38, , 16, 5, 7
2014/8/4, 64, 40, , 27, 6, 6
2014/8/4, 65, 37, , 9, 4, 5
2014/8/5, 59, 48, , 11, 2, 4
2014/8/5, 60, 50, , 19, 3, 7
2014/8/5, 59, 47, , 20, 4, 9
2014/8/5, 59, 29, , 4, , 3
2014/8/5, 56, 57, , 27, 2, 6
2014/8/6, 76, 61, , 23, 5, 12
2014/8/6, 57, 38, , 5, , 4
2014/8/6, 75, 61, , 29, 2, 7
2014/8/6, 68, 69, , 16, 5, 5
2014/8/6, 70, 62, , 22, 4, 10
2014/8/7, 118, 72, , 14, 2, 5
2014/8/7, 83, 38, , 1, 1, 4
2014/8/7, 129, 68, , 22, 5, 10
2014/8/7, 110, 65, , 21, 12, 13
2014/8/7, 111, 57, , 22, 3, 5
2014/8/8, 131, 67, , 19, 5, 8
2014/8/8, 113, 57, , 17, 3, 6
2014/8/8, 81, 43, , 2, 1, 5
2014/8/8, 112, 72, , 12, 3, 5
2014/8/8, 103, 66, , 23, 4, 5
2014/8/9, 92, 71, , 32, 3, 7
2014/8/9, 112, 84, , 44, 5, 9
2014/8/9, 86, 63, , 11, 2, 5
2014/8/9, 80, 38, , 3, , 5
2014/8/9, 91, 60, , 24, 2, 7
2014/8/10, 109, 71, , 28, 9, 9
2014/8/10, 91, 61, , 17, 6, 7
2014/8/10, 92, 72, , 35, 4, 6
2014/8/10, 87, 71, , 27, 3, 8
2014/8/10, 68, 35, , 3, , 4
2014/8/11, 114, 60, , 15, 1, 6
2014/8/11, 119, 57, , 18, 3, 8
2014/8/11, 113, 55, , 25, 5, 8
2014/8/11, 71, 32, , 3, , 5
2014/8/11, 102, 69, , 13, 2, 4
2014/8/12, 87, 59, , 14, 3, 3
2014/8/12, 97, 54, , 24, 3, 6
2014/8/12, 104, 56, , 22, 5, 8
2014/8/12, 87, 55, , 32, 4, 5
2014/8/12, 75, 22, , 3, 4, 4
2014/8/13, 55, 30, , 5, 1, 4
2014/8/13, 76, 63, , 18, 2, 4
2014/8/13, 80, 51, , 22, 2, 6
2014/8/13, 79, 53, , 24, 5, 8
2014/8/13, 72, 53, , 28, 2, 5
2014/8/14, 79, 49, , 10, 2, 5
2014/8/14, 72, 59, , 20, 1, 7
2014/8/14, 60, 31, , 3, 1, 5
2014/8/14, 67, 54, , 28, 2, 6
2014/8/14, 77, 51, , 19, 3, 8
2014/8/15, 72, 32, , 3, 1, 5
2014/8/15, 84, 54, , 31, 2, 6
2014/8/15, 108, 48, , 8, 2, 5
2014/8/15, 94, 49, , 17, 3, 8
2014/8/15, 99, 60, , 19, 1, 7
2014/8/16, 89, 59, , 12, 2, 6
2014/8/16, 73, 45, , 3, 1, 6
2014/8/16, 95, 67, , 29, 3, 6
2014/8/16, 92, 68, , 18, 4, 9
2014/8/16, 108, 69, , 17, 1, 8
2014/8/17, 97, 58, , 8, 3, 7
2014/8/17, 101, 46, , 3, , 6
2014/8/17, 119, 76, , 37, 4, 12
2014/8/17, 108, 75, , 33, 5, 13
2014/8/17, 123, 83, , 35, 2, 11
2014/8/18, 153, 87, , 26, 2, 10
2014/8/18, 137, 60, , 31, 2, 7
2014/8/18, 102, 24, , 2, 5, 6
2014/8/18, 153, 99, , 26, 4, 12
2014/8/18, 129, , , , , 
2014/8/19, 136, 53, , 20, 5, 8
2014/8/19, 70, 27, , 2, 1, 3
2014/8/19, 110, 61, , 30, 2, 5
2014/8/19, 134, 56, , 23, 1, 7
2014/8/20, , 67, , 26, 2, 6
2014/8/20, 86, 99, , 39, 4, 12
2014/8/20, 60, 67, , 5, 3, 9
2014/8/20, 85, 109, , 19, 2, 12
2014/8/20, 101, 92, , 20, 7, 14
2014/8/21, 165, 109, , 28, 5, 11
2014/8/21, 94, 72, , 9, 7, 8
2014/8/21, 143, 89, , 22, 4, 9
2014/8/21, 135, 62, , 7, 1, 6
2014/8/21, 153, 80, , 34, 3, 7
2014/8/22, 121, 87, , 33, 4, 7
2014/8/22, 146, 77, , 24, 4, 10
2014/8/22, 143, 82, , 25, 3, 8
2014/8/22, 122, 37, , 5, 1, 4
2014/8/22, 126, 75, , 8, 3, 5
2014/8/23, 123, 61, , 25, 2, 6
2014/8/23, 128, 61, , 18, 5, 10
2014/8/23, 75, 41, , 2, 1, 6
2014/8/23, 108, 56, , 9, 2, 5
2014/8/23, 126, 65, , 17, 2, 7
2014/8/24, 122, 60, , 19, 1, 7
2014/8/24, 85, 33, , 2, , 5
2014/8/24, 109, 49, , 9, 1, 4
2014/8/24, 114, 64, , 31, 2, 7
2014/8/24, 127, 58, , 23, 8, 9
2014/8/25, 78, 40, , 9, 6, 3
2014/8/25, 81, 23, , 4, , 4
2014/8/25, 90, 26, , 15, 2, 4
2014/8/25, 86, 39, , 27, 7, 6
2014/8/25, 97, 28, , 15, 3, 6
2014/8/26, 55, 44, , 17, 4, 5
2014/8/26, 61, 50, , 32, 4, 5
2014/8/26, 54, 41, , 10, 4, 4
2014/8/26, 56, 44, , 16, 6, 7
2014/8/26, 55, 28, , 4, 4, 6
2014/8/27, 74, 80, , 16, 3, 7
2014/8/27, 60, 37, , 3, 1, 5
2014/8/27, 73, 63, , 22, 3, 7
2014/8/27, 70, 69, , 37, 4, 8
2014/8/27, 81, 65, , 23, 5, 10
2014/8/28, 103, 75, , 26, 4, 9
2014/8/28, 71, 46, , 5, 1, 7
2014/8/28, 119, 101, , 20, 4, 8
2014/8/28, 83, 76, , 24, 6, 11
2014/8/28, 102, 81, , 43, 4, 10
2014/8/29, 129, 66, , 15, 3, 5
2014/8/29, 103, 45, , 7, 1, 5
2014/8/29, 132, 66, , 38, 4, 7
2014/8/29, 113, 62, , 21, 6, 9
2014/8/29, 137, 65, , 15, 3, 6
2014/8/30, 102, 87, , 41, 4, 9
2014/8/30, 97, 84, , 20, 3, 6
2014/8/30, 116, 81, , 37, 2, 7
2014/8/30, 85, 42, , 6, 1, 5
2014/8/30, 99, 79, , 36, 6, 11
2014/8/31, 128, 92, , 39, 3, 10
2014/8/31, 148, 90, , 41, 3, 9
2014/8/31, 82, 41, , 4, 1, 5
2014/8/31, 127, 64, , 16, 3, 6
2014/8/31, 121, 89, , 34, 5, 13
2014/9/1, 137, 62, , 18, 4, 9
2014/9/1, 87, 40, , 6, 4, 6
2014/9/1, 115, 58, , 13, 3, 5
2014/9/1, 138, 60, , 19, 3, 6
2014/9/1, 135, 60, , 26, 6, 7
2014/9/2, 80, 18, , 3, , 2
2014/9/2, 99, 31, , 8, 5, 5
2014/9/2, 106, 27, , 11, 3, 8
2014/9/2, 115, 32, , 11, 2, 4
2014/9/2, 98, 25, , 14, 1, 3
2014/9/3, 59, 15, , 4, , 3
2014/9/3, 54, 30, , 9, 1, 4
2014/9/3, 55, 34, , 20, 3, 7
2014/9/3, 64, 32, , 18, 2, 4
2014/9/3, 55, 35, , 20, 1, 4
2014/9/4, 49, 33, , 15, 4, 7
2014/9/4, 52, 17, , 4, , 3
2014/9/4, 50, 28, , 9, 1, 4
2014/9/4, 58, 33, , 16, 2, 4
2014/9/4, 54, 49, , 24, 2, 6
2014/9/5, 66, 62, , 36, 4, 8
2014/9/5, 63, 56, , 26, 4, 7
2014/9/5, 53, 52, , 13, 3, 5
2014/9/5, 54, 19, , 3, 1, 3
2014/9/5, 57, 56, , 19, 5, 10
2014/9/6, 76, 73, , 22, 4, 8
2014/9/6, 54, 34, , 4, 1, 4
2014/9/6, 84, 69, , 29, 4, 7
2014/9/6, 74, 78, , 16, 6, 11
2014/9/6, 68, 81, , 10, 4, 7
2014/9/7, 111, 52, , 10, 4, 7
2014/9/7, 102, 59, , 17, 2, 5
2014/9/7, 63, 43, , 2, , 4
2014/9/7, 102, 56, , 4, 2, 5
2014/9/7, 107, 55, , 11, 2, 4
2014/9/8, 90, 23, , 6, , 3
2014/9/8, 87, 44, , 19, 3, 4
2014/9/8, 85, 43, , 26, 6, 6
2014/9/8, 85, 40, , 17, 6, 6
2014/9/8, 74, 45, , 10, 3, 4
2014/9/9, 49, 63, , 12, 3, 5
2014/9/9, 50, 29, , 8, 1, 3
2014/9/9, 58, 39, , 20, 4, 4
2014/9/9, 58, 49, , 25, 3, 5
2014/9/9, 47, 52, , 16, 6, 8
2014/9/10, 68, 49, , 24, 4, 4
2014/9/10, 57, 121, , 20, 6, 7
2014/9/10, 64, 71, , 19, 7, 8
2014/9/10, 51, 25, , 4, 8, 4
2014/9/10, 74, 83, , 16, 6, 7
2014/9/11, 75, 82, , 21, 10, 10
2014/9/11, 89, 53, , 26, 4, 5
2014/9/11, 103, 231, , 19, 3, 5
2014/9/11, 56, 16, , 1, , 3
2014/9/11, 121, 39, , 24, 5, 6
2014/9/12, 72, 50, , 24, 3, 5
2014/9/12, 50, 22, , 3, 1, 3
2014/9/12, 103, 29, , 22, 3, 5
2014/9/12, 119, 161, , 16, 2, 4
2014/9/12, 86, 54, , 21, 4, 9
2014/9/13, 98, 63, , 12, 3, 4
2014/9/13, 65, 76, , 26, 4, 6
2014/9/13, 131, 137, , 19, 3, 6
2014/9/13, 51, 30, , 4, 1, 4
2014/9/13, 84, 38, , 13, 5, 8
2014/9/14, 68, 51, , 23, 4, 4
2014/9/14, 63, 44, , 18, 7, 8
2014/9/14, 69, 60, , 11, 3, 3
2014/9/14, 148, 183, , 19, 5, 5
2014/9/14, 52, 26, , 6, 1, 3
2014/9/15, 97, 54, , 13, 3, 4
2014/9/15, 146, 48, , 16, 3, 5
2014/9/15, 61, 52, , 22, 4, 5
2014/9/15, 52, 33, , 8, 4, 3
2014/9/15, 105, 42, , 19, 7, 8
2014/9/16, 48, 56, , 23, 7, 10
2014/9/16, 68, 52, , 18, 4, 5
2014/9/16, 68, 58, , 25, 7, 7
2014/9/16, 103, 29, , 6, 1, 2
2014/9/16, 68, 64, , 34, 5, 10
2014/9/17, 69, 134, , 30, 6, 13
2014/9/17, 90, 73, , 37, 5, 7
2014/9/17, 67, 32, , 6, 1, 2
2014/9/17, 94, 76, , 27, 8, 8
2014/9/17, 88, 84, , 31, 7, 12
2014/9/18, 66, 28, , 4, 2, 2
2014/9/18, 119, 51, , 22, 6, 5
2014/9/18, 110, 47, , 24, 4, 5
2014/9/18, 128, 50, , 22, 6, 10
2014/9/18, 142, 66, , 16, 3, 4
2014/9/19, 72, 59, , 31, 5, 6
2014/9/19, 59, 39, , 6, 2, 4
2014/9/19, 77, 58, , 23, 6, 6
2014/9/19, 72, 59, , 23, 7, 10
2014/9/19, 95, 68, , 16, 4, 5
2014/9/20, 70, 35, , 6, 1, 4
2014/9/20, 82, 65, , 30, 5, 12
2014/9/20, 81, 60, , 34, 3, 7
2014/9/20, 79, 67, , 29, 4, 8
2014/9/20, 90, 63, , 20, 2, 6
2014/9/21, 96, 93, , 19, 1, 6
2014/9/21, 116, 67, , 26, 4, 10
2014/9/21, 72, 25, , 4, 1, 3
2014/9/21, 114, 40, , 31, 3, 8
2014/9/21, 115, 73, , 27, 4, 10
2014/9/22, 101, 63, , 24, 4, 8
2014/9/22, 114, 120, , 25, 4, 7
2014/9/22, 57, 76, , 34, 4, 8
2014/9/22, 148, 78, , 26, 7, 10
2014/9/22, 60, 50, , 8, 5, 8
2014/9/23, 137, 38, , 16, 3, 4
2014/9/23, 118, 29, , 21, 4, 4
2014/9/23, 119, 33, , 15, 4, 5
2014/9/23, 92, 24, , 6, 1, 3
2014/9/23, 96, 42, , 17, 10, 7
2014/9/24, 58, 79, , 41, 8, 9
2014/9/24, 66, 74, , 30, 5, 10
2014/9/24, 63, 26, , 10, 2, 3
2014/9/24, 84, 85, , 32, 9, 11
2014/9/24, 67, 68, , 18, 4, 5
2014/9/25, 122, 59, , 19, 6, 7
2014/9/25, 123, 52, , 21, 4, 6
2014/9/25, 87, 54, , 11, 3, 4
2014/9/25, 109, 54, , 25, 3, 5
2014/9/25, 56, 29, , 4, 2, 4
2014/9/26, 81, 35, , 12, 4, 6
2014/9/26, 56, 29, , 5, , 4
2014/9/26, 84, 41, , 13, 2, 5
2014/9/26, 82, 48, , 25, 3, 6
2014/9/26, 74, 41, , 10, 1, 5
2014/9/27, 65, 23, , 4, 6, 4
2014/9/27, 76, 48, , 23, 4, 7
2014/9/27, 70, 55, , 17, 4, 5
2014/9/27, 75, 58, , 18, 5, 8
2014/9/27, 78, 55, , 29, 3, 7
2014/9/28, 85, 33, , 11, 3, 4
2014/9/28, 73, 26, , 7, 4, 6
2014/9/28, 57, 25, , 4, , 2
2014/9/28, 76, 31, , 9, 2, 3
2014/9/28, 86, 31, , 13, 4, 6
2014/9/29, 53, 25, , 7, , 2
2014/9/29, 56, 55, , 25, 3, 8
2014/9/29, 27, 48, , 20, 7, 7
2014/9/29, 59, 44, , 20, 4, 6
2014/9/29, 50, 47, , 13, 2, 4
2014/9/30, 64, 47, , 16, 2, 5
2014/9/30, 61, 25, , 4, , 3
2014/9/30, 65, 56, , 25, 4, 6
2014/9/30, 71, 50, , 22, 2, 7
2014/9/30, 74, 48, , 23, 1, 7
2014/10/1, 87, 52, , 20, 3, 6
2014/10/1, 80, 58, , 21, 6, 6
2014/10/1, 59, 34, , 8, 1, 4
2014/10/1, 92, 61, , 20, 4, 6
2014/10/1, 91, 55, , 23, 2, 7
2014/10/2, 97, 66, , 32, 5, 10
2014/10/2, 74, 43, , 13, 2, 4
2014/10/2, 116, 64, , 26, 5, 8
2014/10/2, 88, 70, , 27, 8, 9
2014/10/2, 102, 86, , 21, 5, 7
2014/10/3, 96, 74, , 24, 6, 9
2014/10/3, 109, 74, , 39, 6, 11
2014/10/3, 95, 29, , 5, 2, 3
2014/10/3, 113, 68, , 26, 6, 8
2014/10/3, 115, 128, , 20, 3, 8
2014/10/4, 126, 74, , 35, 9, 9
2014/10/4, 101, 103, , 32, 12, 9
2014/10/4, 130, 181, , 25, 7, 9
2014/10/4, 129, 80, , 28, 12, 8
2014/10/4, 69, 68, , 19, 3, 6
2014/10/5, 127, 87, , 31, 10, 7
2014/10/5, 147, 69, , 27, 8, 8
2014/10/5, 134, 64, , 15, 4, 5
2014/10/5, 139, 74, , 38, 7, 10
2014/10/5, 167, 119, , 23, 5, 8
2014/10/6, 132, 96, , 39, 9, 13
2014/10/6, 151, 120, , 21, 5, 9
2014/10/6, 133, 95, , 29, 9, 11
2014/10/6, 121, 101, , 29, 10, 11
2014/10/6, 130, 60, , 12, 5, 6
2014/10/7, 131, 134, , 30, 14, 12
2014/10/7, 149, 155, , 21, 11, 14
2014/10/7, 149, 137, , 42, 11, 16
2014/10/7, 124, 107, , 16, 7, 11
2014/10/7, 152, 140, , 29, 14, 13
2014/10/8, 170, 103, , 22, 11, 9
2014/10/8, 206, 99, , 28, 10, 12
2014/10/8, 197, 110, , 20, 8, 10
2014/10/8, 215, 96, , 14, 6, 11
2014/10/8, 182, 83, , 10, 7, 9
2014/10/9, 166, 71, , 30, 6, 6
2014/10/9, 171, 85, , 31, 13, 13
2014/10/9, 171, 71, , 13, 3, 5
2014/10/9, 151, 82, , 31, 7, 8
2014/10/9, 165, 87, , 21, 7, 9
2014/10/10, 121, 121, , 25, 9, 10
2014/10/10, 144, 95, , 15, 4, 8
2014/10/10, 126, 120, , 35, 7, 10
2014/10/10, 140, 145, , 21, 7, 10
2014/10/10, 169, 131, , 25, 9, 12
2014/10/11, 159, 36, , 11, 5, 4
2014/10/11, 193, 46, , 6, 1, 3
2014/10/11, 192, 42, , 17, 2, 4
2014/10/11, 188, 63, , 11, 3, 6
2014/10/11, 203, 51, , 8, 4, 4
2014/10/12, 47, 101, , 27, 11, 8
2014/10/12, 54, 176, , 22, 5, 9
2014/10/12, 69, 122, , 15, 5, 7
2014/10/12, 77, 72, , 29, 7, 7
2014/10/12, 130, 87, , 24, 10, 9
2014/10/13, 132, 216, , 53, 9, 15
2014/10/13, 141, 258, , 42, 8, 16
2014/10/13, 158, 227, , 41, 8, 17
2014/10/13, 146, 310, , 32, 11, 15
2014/10/13, 132, 158, , 27, 5, 11
2014/10/14, 314, 187, , 21, 9, 10
2014/10/14, 284, 165, , 34, 13, 12
2014/10/14, 239, 186, , 34, 14, 12
2014/10/14, 295, 180, , 29, 10, 13
2014/10/14, 291, 122, , 18, 8, 9
2014/10/15, 241, 83, , 13, 3, 5
2014/10/15, 230, 74, , 11, 2, 5
2014/10/15, 187, 79, , 20, 7, 6
2014/10/15, 237, 82, , 19, 3, 8
2014/10/15, 203, 81, , 28, 5, 7
2014/10/16, 125, 126, , 36, 9, 15
2014/10/16, 104, 140, , 39, 12, 15
2014/10/16, 114, 123, , 22, 6, 11
2014/10/16, 123, 148, , 26, 6, 10
2014/10/16, 92, 118, , 44, 9, 14
2014/10/17, 171, 311, , 39, 14, 21
2014/10/17, 204, 186, , 31, 11, 17
2014/10/17, 199, 299, , 31, 9, 19
2014/10/17, 196, 288, , 41, 12, 24
2014/10/17, 180, 272, , 55, 11, 21
2014/10/18, 301, 114, , 8, 8, 9
2014/10/18, 294, 115, , 25, 9, 7
2014/10/18, 258, 116, , 11, 12, 8
2014/10/18, 318, 82, , 5, 7, 10
2014/10/18, 311, 120, , 16, 10, 10
2014/10/19, 169, 64, , 11, 8, 7
2014/10/19, 154, 67, , 17, 14, 6
2014/10/19, 167, 63, , 20, 6, 4
2014/10/19, 167, 55, , 6, 2, 6
2014/10/19, 170, 72, , 17, 8, 8
2014/10/20, 115, 101, , 38, 15, 7
2014/10/20, 105, 120, , 17, 6, 8
2014/10/20, 125, 119, , 30, 17, 13
2014/10/20, 108, 114, , 30, 13, 7
2014/10/20, 97, 127, , 33, 18, 11
2014/10/21, 198, 331, , 52, 22, 22
2014/10/21, 172, 338, , 60, 19, 20
2014/10/21, 196, 339, , 49, 11, 17
2014/10/21, 194, 215, , 29, 6, 15
2014/10/21, 181, 326, , 58, 23, 18
2014/10/22, 362, 179, , 47, 16, 14
2014/10/22, 293, 243, , 39, 24, 16
2014/10/22, 381, 231, , 37, 20, 20
2014/10/22, 358, 149, , 22, 10, 14
2014/10/22, 406, 215, , 27, 12, 14
2014/10/23, 301, 138, , 20, 9, 13
2014/10/23, 252, 132, , 32, 13, 11
2014/10/23, 300, 140, , 24, 12, 17
2014/10/23, 273, 92, , 9, 6, 12
2014/10/23, 244, 126, , 21, 18, 12
2014/10/24, 176, 297, , 21, 16, 17
2014/10/24, 183, 273, , 18, 5, 17
2014/10/24, 229, 289, , 23, 6, 18
2014/10/24, 199, 284, , 35, 19, 15
2014/10/24, 210, 344, , , 14, 21
2014/10/25, 327, 140, , , 7, 14
2014/10/25, 285, 121, , 33, 15, 7
2014/10/25, 300, 96, , 15, 7, 9
2014/10/25, 263, 129, , 26, 16, 7
2014/10/25, 319, 149, , 12, 3, 8
2014/10/26, 122, 80, , 42, 23, 8
2014/10/26, 147, 88, , 34, 38, 15
2014/10/26, 127, 112, , 21, 5, 10
2014/10/26, 117, 86, , 32, 15, 8
2014/10/26, 141, 64, , 17, 8, 8
2014/10/27, 169, 276, , 29, 7, 17
2014/10/27, 125, 203, , 39, 21, 15
2014/10/27, 150, 194, , 42, 27, 15
2014/10/27, 154, 217, , 37, 30, 20
2014/10/27, 127, 156, , 19, 6, 13
2014/10/28, 271, 179, , 24, 14, 18
2014/10/28, 228, 227, , 56, 24, 23
2014/10/28, 299, 250, , 59, 30, 23
2014/10/28, 272, 250, , 46, 31, 27
2014/10/28, 336, 284, , 35, 15, 23
2014/10/29, 308, 346, , 37, 17, 29
2014/10/29, 349, 238, , 47, 29, 24
2014/10/29, 336, 379, , 38, 23, 31
2014/10/29, 288, 281, , 30, 13, 23
2014/10/29, 235, 342, , 44, 21, 24
2014/10/30, 391, 208, , 26, 12, 18
2014/10/30, 348, 199, , 30, 33, 14
2014/10/30, 397, 225, , 34, 23, 14
2014/10/30, 384, 183, , 18, 7, 18
2014/10/30, 455, 205, , 29, 28, 18
2014/10/31, 272, 303, , 28, 21, 21
2014/10/31, 230, 258, , 33, 34, 12
2014/10/31, 321, 277, , 23, 7, 20
2014/10/31, 302, 282, , 28, 8, 19
2014/10/31, 368, 365, , 36, 35, 17
2014/11/1, 317, 53, , 17, 17, 14
2014/11/1, 308, 71, , 17, 22, 13
2014/11/1, 250, 61, , 20, 36, 5
2014/11/1, 310, 101, , 18, 6, 13
2014/11/1, 310, 62, , 22, 25, 9
2014/11/2, 129, 76, , 30, 44, 11
2014/11/2, 124, 57, , 15, 5, 14
2014/11/2, 135, 68, , 19, 28, 14
2014/11/2, 105, 60, , 22, 30, 5
2014/11/2, 154, 82, , 19, 8, 14
2014/11/3, 134, 103, , 35, 25, 12
2014/11/3, 119, 70, , 10, 9, 16
2014/11/3, 125, 106, , 24, 31, 16
2014/11/3, 101, 100, , 25, 28, 8
2014/11/3, 141, 110, , 18, 14, 16
2014/11/4, 160, 96, , 26, 23, 9
2014/11/4, 161, 97, , 17, 26, 15
2014/11/4, 145, 91, , 18, 31, 6
2014/11/4, 158, 90, , 12, 12, 16
2014/11/4, 143, 65, , 11, 19, 15
2014/11/5, 149, 50, , 14, 8, 14
2014/11/5, 141, 42, , 11, 7, 10
2014/11/5, 153, 56, , 15, 16, 13
2014/11/5, 150, 48, , 18, 21, 11
2014/11/5, 133, 45, , 16, 22, 6
2014/11/6, 101, 91, , 18, 8, 17
2014/11/6, 101, 79, , 24, 27, 16
2014/11/6, 99, 90, , 21, 30, 22
2014/11/6, 90, 70, , 11, 6, 12
2014/11/6, 80, 82, , 27, 37, 7
2014/11/7, 144, 66, , 9, 8, 12
2014/11/7, 154, 100, , 19, 11, 17
2014/11/7, 151, 89, , 26, 35, 15
2014/11/7, 137, 89, , 27, 27, 8
2014/11/7, 173, 94, , 12, 30, 7
2014/11/8, 157, 75, , 14, 16, 15
2014/11/8, 165, 109, , 31, 46, 19
2014/11/8, 153, 104, , 33, 35, 11
2014/11/8, 168, 117, , 14, 38, 11
2014/11/8, 168, 108, , 24, 19, 21
2014/11/9, 163, 111, , 36, 32, 15
2014/11/9, 162, 74, , 14, 18, 18
2014/11/9, 176, 111, , 34, 41, 22
2014/11/9, 183, 110, , 32, 34, 12
2014/11/9, 184, 114, , 25, 14, 24
2014/11/10, 182, 101, , 16, 10, 22
2014/11/10, 166, 98, , 25, 32, 11
2014/11/10, 165, 75, , 14, 17, 16
2014/11/10, 178, 113, , 28, 26, 16
2014/11/10, 175, 106, , 29, 34, 9
2014/11/11, 159, 52, , 15, 20, 7
2014/11/11, 172, 63, , 7, 5, 16
2014/11/11, 145, 52, , 15, 37, 5
2014/11/11, 165, 65, , 16, 30, 3
2014/11/11, 164, 39, , 11, 21, 11
2014/11/12, 82, 30, , 9, 11, 12
2014/11/12, 57, 41, , 14, 20, 4
2014/11/12, 72, 36, , 3, 4, 16
2014/11/12, 64, 49, , 15, 27, 7
2014/11/12, 75, 50, , 19, 36, 4
2014/11/13, 66, 58, , 20, 32, 6
2014/11/13, 57, 48, , 22, 45, 8
2014/11/13, 55, 70, , 14, 13, 9
2014/11/13, 75, 61, , 24, 29, 7
2014/11/13, 62, 41, , 12, 10, 13
2014/11/14, 105, 111, , 31, 38, 11
2014/11/14, 98, 94, , 30, 48, 11
2014/11/14, 84, 78, , 15, 11, 16
2014/11/14, 159, 101, , 22, 19, 5
2014/11/14, 102, 102, , 30, 56, 10
2014/11/15, 172, 112, , 34, 43, 12
2014/11/15, 155, 67, , 14, 10, 15
2014/11/15, 168, 119, , 35, 32, 17
2014/11/15, 170, 112, , 32, 30, 8
2014/11/15, 173, 125, , 31, 36, 15
2014/11/16, 202, 101, , 31, 50, 10
2014/11/16, 176, 108, , 34, 39, 10
2014/11/16, 154, 89, , 27, 22, 15
2014/11/16, 179, 118, , 25, 13, 8
2014/11/16, 190, 95, , 35, 49, 12
2014/11/17, 180, 129, , 37, 39, 11
2014/11/17, 176, 81, , 13, 11, 6
2014/11/17, 195, 126, , 21, 15, 9
2014/11/17, 173, 109, , 26, 23, 13
2014/11/17, 177, 121, , 31, 43, 12
2014/11/18, 183, 106, , 28, 27, 15
2014/11/18, 194, 130, , 38, 31, 12
2014/11/18, 197, 124, , 32, 34, 13
2014/11/18, 170, 90, , 13, 14, 8
2014/11/18, 186, 113, , 18, 15, 10
2014/11/19, 199, 87, , 22, 27, 9
2014/11/19, 188, 93, , 25, 29, 8
2014/11/19, 172, 60, , 6, 10, 6
2014/11/19, 184, 76, , 18, 28, 10
2014/11/19, 181, 82, , 10, 13, 7
2014/11/20, 157, 65, , 20, 33, 7
2014/11/20, 159, 78, , 23, 30, 7
2014/11/20, 161, 80, , 10, 7, 7
2014/11/20, 150, 55, , 9, 4, 4
2014/11/20, 162, 74, , 21, 28, 7
2014/11/21, 105, 54, , 25, 30, 6
2014/11/21, 101, 59, , 28, 38, 6
2014/11/21, 120, 62, , 19, 14, 12
2014/11/21, 106, 32, , 9, 6, 3
2014/11/21, 105, 60, , 13, 42, 8
2014/11/22, 111, 96, , 27, 32, 11
2014/11/22, 75, 68, , 13, 8, 7
2014/11/22, 105, 90, , 19, 17, 15
2014/11/22, 107, 84, , 25, 31, 10
2014/11/22, 117, 94, , 26, 34, 12
2014/11/23, 141, 57, , 12, 11, 5
2014/11/23, 159, 67, , 25, 37, 7
2014/11/23, 160, 65, , 21, 33, 7
2014/11/23, 164, 68, , 26, 24, 8
2014/11/23, 155, 69, , 22, 29, 10
2014/11/24, 128, 98, , 31, 36, 12
2014/11/24, 118, 92, , 29, 37, 10
2014/11/24, 128, 89, , 31, 33, 11
2014/11/24, 135, 91, , 16, 10, 7
2014/11/24, 130, 65, , 9, 4, 7
2014/11/25, 167, 88, , 24, 31, 8
2014/11/25, 175, 62, , 6, 9, 7
2014/11/25, 170, 79, , 17, 31, 8
2014/11/25, 172, 79, , 9, 11, 6
2014/11/25, 172, 90, , 19, 24, 9
2014/11/26, 121, 52, , 12, 17, 3
2014/11/26, 145, 64, , 16, 27, 7
2014/11/26, 141, 56, , 18, 38, 5
2014/11/26, 139, 62, , 12, 7, 4
2014/11/26, 139, 60, , 21, 26, 6
2014/11/27, 78, 82, , 31, 45, 9
2014/11/27, 84, 89, , 30, 41, 10
2014/11/27, 74, 55, , 14, 16, 5
2014/11/27, 89, 95, , 30, 45, 12
2014/11/27, 89, 94, , 23, 29, 9
2014/11/28, 141, 119, , 30, 36, 11
2014/11/28, 159, 117, , 30, 34, 15
2014/11/28, 115, 86, , 12, 15, 9
2014/11/28, 155, 111, , 31, 29, 13
2014/11/28, 154, 120, , 16, 11, 11
2014/11/29, 176, 78, , 17, 18, 10
2014/11/29, 184, 113, , 25, 26, 12
2014/11/29, 188, 108, , 24, 33, 13
2014/11/29, 192, 96, , 16, 12, 11
2014/11/29, 185, 94, , 21, 37, 11
2014/11/30, 185, 57, , 14, 17, 4
2014/11/30, 178, 39, , 9, 25, 3
2014/11/30, 187, 49, , 5, 5, 4
2014/11/30, 191, 54, , 12, 25, 3
2014/11/30, 176, 48, , 14, 51, 4
2014/12/1, 55, 67, , 15, 45, 4
2014/12/1, 46, 37, , 5, 18, 3
2014/12/1, 49, 44, , 2, 4, 4
2014/12/1, 60, 45, , 8, 22, 3
2014/12/1, 66, 41, , 9, 23, 4
2014/12/2, 45, 71, , 3, 7, 2
2014/12/2, 77, 89, , 19, 35, 6
2014/12/2, 53, 66, , 2, 4, 3
2014/12/2, 60, 77, , 11, 18, 4
2014/12/2, 59, 69, , 10, 15, 5
2014/12/3, 62, 48, , 7, 10, 4
2014/12/3, 81, 68, , 21, 47, 7
2014/12/3, 65, 42, , 15, 28, 6
2014/12/3, 60, 44, , 8, 7, 3
2014/12/3, 71, 49, , 14, 28, 5
2014/12/4, 100, 50, , 19, 35, 7
2014/12/4, 74, 41, , 17, 38, 4
2014/12/4, 95, 47, , 9, 10, 5
2014/12/4, 91, 42, , 13, 18, 4
2014/12/4, 86, 45, , 17, 31, 5
2014/12/5, 97, 46, , 14, 11, 6
2014/12/5, 94, 37, , 14, 26, 4
2014/12/5, 93, 45, , 19, 39, 4
2014/12/5, 95, 51, , 21, 29, 8
2014/12/5, 86, 38, , 17, 43, 3
2014/12/6, 99, 69, , 24, 46, 8
2014/12/6, 79, 65, , 20, 28, 6
2014/12/6, 105, 65, , 13, 10, 8
2014/12/6, 102, 75, , 23, 36, 10
2014/12/6, 92, 46, , 7, 8, 4
2014/12/7, 143, 92, , 28, 42, 12
2014/12/7, 140, 73, , 24, 44, 7
2014/12/7, 146, 78, , 18, 16, 11
2014/12/7, 150, 80, , 26, 53, 8
2014/12/7, 113, 56, , 10, 9, 6
2014/12/8, 138, 59, , 10, 18, 6
2014/12/8, 151, 81, , 28, 55, 9
2014/12/8, 152, 84, , 23, 47, 9
2014/12/8, 159, 79, , 12, 14, 11
2014/12/8, 149, 75, , 26, 45, 8
2014/12/9, 164, 74, , 22, 37, 8
2014/12/9, 163, 72, , 22, 46, 7
2014/12/9, 166, 72, , 11, 14, 9
2014/12/9, 150, 62, , 12, 23, 8
2014/12/9, 161, 83, , 24, 46, 12
2014/12/10, 159, 50, , 21, 39, 5
2014/12/10, 155, 50, , 11, 9, 5
2014/12/10, 157, 48, , 21, 47, 3
2014/12/10, 157, 55, , 25, 41, 10
2014/12/10, 149, 44, , 10, 20, 4
2014/12/11, 113, 61, , 18, 25, 7
2014/12/11, 114, 75, , 27, 57, 8
2014/12/11, 116, 66, , 19, 27, 8
2014/12/11, 118, 68, , 25, 50, 7
2014/12/11, 116, 77, , 31, 49, 13
2014/12/12, 145, 62, , 13, 11, 7
2014/12/12, 155, 70, , 25, 54, 9
2014/12/12, 159, 74, , 28, 52, 13
2014/12/12, 151, 67, , 17, 13, 8
2014/12/12, 159, 74, , 24, 48, 9
2014/12/13, 150, 75, , 26, 53, 10
2014/12/13, 160, 81, , 29, 50, 13
2014/12/13, 156, 65, , 15, 23, 7
2014/12/13, 160, 79, , 25, 55, 9
2014/12/13, 160, 78, , 22, 24, 10
2014/12/14, 169, 98, , 32, 64, 13
2014/12/14, 173, 92, , 21, 28, 12
2014/12/14, 162, 92, , 30, 50, 13
2014/12/14, 152, 79, , 15, 20, 10
2014/12/14, 165, 96, , 32, 69, 13
2014/12/15, 231, 93, , 27, 61, 11
2014/12/15, 186, 97, , 26, 55, 10
2014/12/15, 191, 97, , 20, 21, 10
2014/12/15, 181, 103, , 28, 42, 10
2014/12/15, 176, 92, , 26, 44, 10
2014/12/16, 189, 112, , 31, 50, 13
2014/12/16, 185, 99, , 22, 23, 10
2014/12/16, 189, 101, , 29, 55, 14
2014/12/16, 184, 99, , 27, 55, 12
2014/12/16, 198, 128, , 23, 13, 14
2014/12/17, 207, 62, , 11, 22, 7
2014/12/17, 207, 70, , 24, 43, 11
2014/12/17, 246, 74, , 12, 11, 9
2014/12/17, 193, 66, , 21, 46, 9
2014/12/17, 200, 70, , 19, 41, 8
2014/12/18, 154, 57, , 16, 27, 6
2014/12/18, 150, 77, , 29, 56, 9
2014/12/18, 155, 69, , 23, 47, 9
2014/12/18, 167, 65, , 23, 52, 9
2014/12/18, 162, 66, , 13, 19, 8
2014/12/19, 145, 91, , 32, 51, 10
2014/12/19, 143, 85, , 26, 50, 10
2014/12/19, 127, 74, , 18, 35, 7
2014/12/19, 144, 89, , 25, 27, 11
2014/12/19, 146, 83, , 27, 49, 9
2014/12/20, 183, 90, , 27, 55, 10
2014/12/20, 170, 71, , 13, 16, 7
2014/12/20, 177, 96, , 29, 47, 11
2014/12/20, 176, 94, , 27, 52, 11
2014/12/20, 189, 84, , 17, 15, 10
2014/12/21, 176, 61, , 23, 47, 9
2014/12/21, 184, 57, , 26, 52, 8
2014/12/21, 161, 49, , 13, 23, 5
2014/12/21, 172, 64, , 27, 52, 8
2014/12/21, 171, 62, , 14, 14, 9
2014/12/22, 144, 75, , 17, 25, 10
2014/12/22, 118, 65, , 18, 28, 9
2014/12/22, 135, 77, , 26, 47, 12
2014/12/22, 133, 82, , 31, 46, 12
2014/12/22, 137, 69, , 28, 50, 10
2014/12/23, 155, 88, , 27, 55, 11
2014/12/23, 150, 84, , 16, 18, 8
2014/12/23, 159, 82, , 29, 49, 10
2014/12/23, 158, 100, , 35, 54, 11
2014/12/23, 159, 93, , 20, 22, 10
2014/12/24, 184, 77, , 31, 51, 10
2014/12/24, 189, 67, , 14, 16, 7
2014/12/24, 185, 65, , 16, 13, 7
2014/12/24, 176, 67, , 25, 43, 10
2014/12/24, 176, 63, , 28, 55, 9
2014/12/25, 148, 57, , 11, 17, 6
2014/12/25, 149, 81, , 34, 52, 12
2014/12/25, 148, 69, , 21, 25, 10
2014/12/25, 147, 80, , 32, 67, 11
2014/12/25, 152, 72, , 29, 53, 10
2014/12/26, 133, 54, , 10, 22, 8
2014/12/26, 166, 65, , 26, 44, 11
2014/12/26, 159, 74, , 27, 43, 11
2014/12/26, 163, 67, , 26, 38, 10
2014/12/26, 167, 66, , 13, 21, 10
2014/12/27, 160, 75, , 29, 55, 11
2014/12/27, 154, 80, , 20, 23, 12
2014/12/27, 135, 69, , 15, 18, 9
2014/12/27, 156, 92, , 35, 56, 13
2014/12/27, 154, 82, , 33, 50, 11
2014/12/28, 164, , , , , 
2014/12/28, 168, , , , , 
2014/12/28, 154, , , , , 
2014/12/28, 161, , , , , 
2014/12/28, 159, , , , , 
2014/12/31, , 75, , 28, 71, 9
2014/12/31, , 72, , 24, 59, 8
2014/12/31, , 57, , 10, 11, 7
2014/12/31, , 74, , 26, 34, 9
2014/12/31, , 66, , 15, 15, 6
2015/1/1, 137, 58, , 11, 15, 8
2015/1/1, 157, 65, , 21, 45, 8
2015/1/1, 161, 64, , 20, 54, 8
2015/1/1, 152, 65, , 13, 14, 7
2015/1/1, 159, 70, , 23, 49, 8
2015/1/2, 146, 58, , 23, 36, 8
2015/1/2, 143, 38, , 6, 15, 6
2015/1/2, 152, 53, , 10, 16, 6
2015/1/2, 157, 51, , 18, 39, 9
2015/1/2, 147, 54, , 23, 38, 8
2015/1/3, 110, 109, , 27, 15, 14
2015/1/3, 119, 127, , 41, 52, 15
2015/1/3, 86, 94, , 16, 18, 12
2015/1/3, 118, 108, , 40, 59, 16
2015/1/3, 119, 120, , 43, 61, 15
2015/1/4, 208, 94, , 21, 35, 9
2015/1/4, 217, 95, , 13, 15, 8
2015/1/4, 183, 80, , 11, 22, 8
2015/1/4, 210, 89, , 20, 36, 9
2015/1/4, 207, 108, , 24, 57, 9
2015/1/5, 127, 49, , 18, 38, 6
2015/1/5, 125, 69, , 22, 44, 6
2015/1/5, 112, 43, , 11, 18, 5
2015/1/5, 123, 56, , 16, 31, 6
2015/1/5, 112, 54, , 10, 13, 5
2015/1/6, 91, 68, 16, 25, 53, 9
2015/1/6, 80, 66, 14, 25, 53, 10
2015/1/6, 76, 83, 29, 26, 24, 11
2015/1/6, 76, 73, 27, 19, 26, 7
2015/1/6, 95, 81, 19, 27, 49, 10
2015/1/7, 134, 98, 9, 32, 59, 16
2015/1/7, 137, 85, 12, 27, 36, 14
2015/1/7, 159, 102, 24, 26, 18, 16
2015/1/7, 152, 56, 32, 9, 13, 6
2015/1/7, 139, 101, 15, 32, 37, 15
2015/1/8, 177, 97, 11, 32, 54, 13
2015/1/8, 188, 105, 22, 34, 30, 16
2015/1/8, 170, 120, 10, 37, 57, 16
2015/1/8, 181, 112, 9, 35, 60, 13
2015/1/8, 144, 81, 29, 21, 28, 10
2015/1/9, 197, 120, 12, 35, 58, 16
2015/1/9, 178, 88, 24, 23, 38, 13
2015/1/9, 199, 111, 25, 36, 47, 17
2015/1/9, 196, 121, 7, 37, 65, 16
2015/1/9, 193, 110, 9, 36, 62, 16
2015/1/10, 197, 101, 17, 31, 56, 12
2015/1/10, 188, 102, 27, 25, 30, 12
2015/1/10, 206, 97, 14, 31, 64, 10
2015/1/10, 211, 86, 13, 29, 59, 10
2015/1/10, 207, 105, 36, 26, 21, 9
2015/1/11, 199, 71, 34, 14, 20, 9
2015/1/11, 177, 89, , 28, 36, 13
2015/1/11, 182, 91, 26, 25, 36, 13
2015/1/11, 181, 93, 18, 27, 46, 12
2015/1/11, 214, 103, 38, 19, 9, 11
2015/1/12, 211, 73, 34, 17, 19, 8
2015/1/12, 187, 73, 13, 29, 41, 13
2015/1/12, 194, 83, 19, 29, 44, 13
2015/1/12, 174, 93, 26, 27, 46, 13
2015/1/12, 153, 57, 36, 8, 18, 9
2015/1/13, 167, 191, 15, 36, 57, 22
2015/1/13, 170, 159, 11, 34, 56, 21
2015/1/13, 170, 159, 11, 33, 60, 21
2015/1/13, 144, 121, 24, 26, 39, 18
2015/1/13, 173, 162, 28, 41, 52, 17
2015/1/14, 265, 98, 14, 27, 43, 12
2015/1/14, 228, 78, 31, 15, 24, 11
2015/1/14, 277, 92, 15, 29, 45, 10
2015/1/14, 277, 96, 12, 28, 77, 13
2015/1/14, 274, 82, 28, 30, 53, 8
2015/1/15, 171, 59, , 13, 26, 6
2015/1/15, 196, 66, , 24, 57, 7
2015/1/15, 166, 73, , 27, 55, 7
2015/1/15, 161, 63, , 20, 35, 4
2015/1/15, 180, 66, , 21, 34, 6
2015/1/16, 148, 73, 18, 28, 34, 7
2015/1/16, 140, 54, 35, 9, 11, 5
2015/1/16, 146, 60, 30, 10, 6, 5
2015/1/16, 154, 61, 17, 24, 46, 6
2015/1/16, 147, 65, 17, 24, 45, 6
2015/1/17, 124, 59, 16, 27, 48, 9
2015/1/17, 126, 64, 23, 22, 37, 8
2015/1/17, 121, 47, 32, 9, 20, 6
2015/1/17, 123, 62, 18, 24, 44, 8
2015/1/17, 125, 57, 25, 12, 14, 7
2015/1/18, 140, 85, 22, 29, 52, 10
2015/1/18, 146, 77, 16, 32, 56, 10
2015/1/18, 137, 94, 20, 35, 52, 11
2015/1/18, 134, 86, 31, 20, 14, 11
2015/1/18, 119, 78, 36, 18, 34, 9
2015/1/19, 178, 77, 30, 26, 40, 10
2015/1/19, 172, 68, 45, 9, 18, 9
2015/1/19, 204, 82, 33, 13, 12, 10
2015/1/19, 178, 79, 24, 29, 46, 11
2015/1/19, 180, 77, 22, 36, 48, 13
2015/1/20, 182, 132, 31, 33, 23, 16
2015/1/20, 171, 125, 23, 44, 71, 15
2015/1/20, 164, 106, 38, 25, 30, 14
2015/1/20, 165, 140, 21, 47, 50, 18
2015/1/20, 194, 114, 19, 43, 60, 16
2015/1/21, 241, 172, 24, 48, 45, 22
2015/1/21, 246, 191, 35, 46, 45, 18
2015/1/21, 272, 189, 36, 26, 15, 19
2015/1/21, 232, 172, 31, 43, 53, 18
2015/1/21, 224, 134, 46, 23, 26, 15
2015/1/22, 300, 106, 36, 18, 22, 15
2015/1/22, 271, 111, 38, 33, 45, 16
2015/1/22, 229, 88, 48, 14, 23, 14
2015/1/22, 292, 107, 20, 39, 47, 17
2015/1/22, 281, 109, 32, 34, 47, 14
2015/1/23, 215, 132, 19, 42, 60, 17
2015/1/23, 181, 115, 44, 19, 27, 15
2015/1/23, 203, 124, 42, 21, 16, 16
2015/1/23, 202, 144, 29, 40, 57, 16
2015/1/23, 198, 161, 21, 45, 62, 18
2015/1/24, 224, 100, 47, 13, 26, 14
2015/1/24, 261, 120, 22, 34, 53, 17
2015/1/24, 277, 139, 39, 17, 25, 16
2015/1/24, 259, 135, 25, 39, 54, 16
2015/1/24, 253, 125, 26, 40, 61, 15
2015/1/25, 195, 59, 39, 14, 31, 9
2015/1/25, 228, 76, 18, 23, 50, 9
2015/1/25, 218, 85, 23, 26, 44, 10
2015/1/25, 215, 81, 25, 22, 38, 8
2015/1/25, 237, 76, 31, 11, 19, 8
2015/1/26, 117, 58, 34, 10, 17, 7
2015/1/26, 126, 66, 19, 28, 50, 8
2015/1/26, 137, 59, 18, 24, 55, 7
2015/1/26, 131, 61, 27, 22, 41, 6
2015/1/26, 124, 63, 37, 12, 9, 6
2015/1/27, 129, 97, 35, 21, 10, 14
2015/1/27, 119, 78, 15, 31, 53, 12
2015/1/27, 123, 64, 36, 11, 18, 8
2015/1/27, 123, 85, 20, 35, 65, 11
2015/1/27, 124, 86, 16, 37, 60, 11
2015/1/28, 164, 76, 27, 28, 50, 9
2015/1/28, 163, 80, 24, 29, 54, 10
2015/1/28, 171, 70, 18, 29, 50, 11
2015/1/28, 214, 76, 34, 14, 22, 10
2015/1/28, 153, 56, 39, 12, 23, 7
2015/1/29, 130, 68, 31, 18, 28, 7
2015/1/29, 152, 73, 38, 13, 12, 7
2015/1/29, 153, 73, 27, 25, 44, 7
2015/1/29, 154, 73, 17, 27, 57, 8
2015/1/29, 151, 82, 21, 27, 47, 9
2015/1/30, 132, 77, 23, 33, 67, 10
2015/1/30, 127, 86, 16, 34, 45, 12
2015/1/30, 127, 57, 34, 10, 15, 6
2015/1/30, 130, 74, 34, 21, 14, 10
2015/1/30, 137, 73, 15, 28, 49, 11
2015/1/31, 153, 98, 18, 37, 48, 14
2015/1/31, 152, 88, 22, 37, 62, 12
2015/1/31, 131, 66, 42, 12, 29, 7
2015/1/31, 159, 84, 17, 33, 45, 13
2015/1/31, 167, 97, , 27, 21, 13
2015/2/1, 151, 67, 53, 10, 24, 8
2015/2/1, 200, 112, 42, 31, 17, 16
2015/2/1, 174, 114, 21, 45, 46, 17
2015/2/1, 184, 100, 17, 42, 47, 17
2015/2/1, 176, 104, 21, 47, 60, 15
2015/2/2, 239, 157, 72, 42, 28, 22
2015/2/2, 192, 154, 33, 62, 62, 23
2015/2/2, 209, 133, 27, 51, 41, 23
2015/2/2, 193, 145, 28, 60, 61, 23
2015/2/2, 157, 78, 67, 13, 27, 9
2015/2/3, 164, 136, 47, 34, 35, 16
2015/2/3, 265, 141, 23, 42, 40, 20
2015/2/3, 258, 148, 30, 43, 56, 17
2015/2/3, 241, 172, 23, 45, 47, 18
2015/2/3, 281, 152, 48, 34, 26, 17
2015/2/4, 264, 62, 45, 14, 16, 9
2015/2/4, 266, 76, 24, 29, 39, 8
2015/2/4, 294, 68, 20, 26, 45, 9
2015/2/4, 268, 69, 37, 20, 12, 9
2015/2/4, 257, 69, 28, 29, 53, 8
2015/2/5, 144, 73, 25, 29, 49, 10
2015/2/5, 140, 60, 36, 12, 20, 7
2015/2/5, 142, 81, 20, 33, 47, 9
2015/2/5, 154, 67, 20, 24, 40, 8
2015/2/5, 148, 66, 38, 16, 19, 10
2015/2/6, 132, 50, 30, 5, 16, 2
2015/2/6, 146, 54, 18, 12, 37, 3
2015/2/6, 132, 64, 30, 6, 5, 6
2015/2/6, 139, 70, 25, 17, 30, 4
2015/2/6, 140, 58, 28, 12, 25, 7
2015/2/7, 70, 44, , 15, 38, 4
2015/2/7, 68, 49, 28, 17, 38, 7
2015/2/7, 51, 43, 30, 6, 8, 4
2015/2/7, 75, 60, 23, 21, 42, 6
2015/2/7, 57, 46, 30, 13, 9, 5
2015/2/8, 85, 51, 30, 11, 20, 6
2015/2/8, 87, 60, 36, 16, 12, 5
2015/2/8, 96, 75, 25, 29, 50, 9
2015/2/8, 83, 57, 18, 23, 48, 8
2015/2/8, 111, 62, 28, 25, 50, 6
2015/2/9, 120, 69, 21, 30, 35, 11
2015/2/9, 112, 39, 42, 4, 7, 4
2015/2/9, 129, 67, 39, 19, 10, 7
2015/2/9, 128, 68, 32, 29, 42, 9
2015/2/9, 124, 71, 28, 34, 52, 10
2015/2/10, 144, 78, 23, 27, 40, 12
2015/2/10, 145, 83, 43, 20, 8, 9
2015/2/10, 133, 87, 28, 33, 36, 11
2015/2/10, 94, 58, 46, 12, 16, 7
2015/2/10, 143, 78, 36, 29, 42, 10
2015/2/11, 142, 41, 30, 19, 33, 4
2015/2/11, 141, 48, 26, 22, 31, 6
2015/2/11, 153, 38, 19, 17, 41, 5
2015/2/11, 157, 35, 34, 12, 11, 4
2015/2/11, 127, 30, 40, 10, 25, 4
2015/2/12, 77, 61, 38, 15, 12, 6
2015/2/12, 75, 75, 22, 35, 37, 10
2015/2/12, 81, 68, 21, 25, 39, 8
2015/2/12, 78, 74, 25, 31, 55, 9
2015/2/12, 70, 51, 42, 11, 16, 7
2015/2/13, 117, 72, 58, 14, 25, 12
2015/2/13, 133, 85, 42, 24, 31, 11
2015/2/13, 139, 94, 28, 30, 48, 12
2015/2/13, 137, 94, 30, 32, 40, 13
2015/2/13, 158, 89, 20, 30, 52, 13
2015/2/14, 176, 94, 62, 26, 35, 11
2015/2/14, 165, 72, 85, 12, 20, 10
2015/2/14, 172, 117, 41, 45, 51, 14
2015/2/14, 176, 123, 37, 40, 47, 14
2015/2/14, 178, 110, 26, 36, 47, 17
2015/2/15, 235, 144, 29, 45, 47, 22
2015/2/15, 164, 112, 73, 21, 26, 18
2015/2/15, 201, 175, 28, 49, 52, 20
2015/2/15, 195, 146, 48, 30, 34, 19
2015/2/15, 223, 174, 34, 46, 57, 21
2015/2/16, 263, 72, 18, 29, 46, 8
2015/2/16, 283, 66, 22, 23, 33, 7
2015/2/16, 291, 59, 18, 20, 33, 8
2015/2/16, 228, 61, 48, 14, 20, 9
2015/2/16, 273, 66, 33, 15, 23, 6
2015/2/17, 143, 50, 47, 9, 19, 6
2015/2/17, 143, 57, 27, 24, 46, 6
2015/2/17, 144, 53, 27, 19, 41, 5
2015/2/17, 161, 44, 36, 8, 15, 5
2015/2/17, 155, 46, 22, 16, 37, 5
2015/2/18, 117, 109, 42, 19, 31, 11
2015/2/18, 101, 64, 59, 7, 8, 7
2015/2/18, 113, 122, 29, 19, 33, 11
2015/2/18, 118, 106, 39, 20, 44, 10
2015/2/18, 124, 184, 43, 9, 11, 12
2015/2/19, 203, 50, 43, 15, 35, 5
2015/2/19, 204, 48, 43, 10, 27, 5
2015/2/19, 150, 34, 64, 3, 9, 6
2015/2/19, 283, 42, 43, 2, 8, 5
2015/2/19, 224, 46, 32, 11, 28, 6
2015/2/20, 112, 21, 38, 2, 2, 5
2015/2/20, 89, 16, 51, 4, 3, 7
2015/2/20, 123, 31, 27, 9, 16, 6
2015/2/20, 116, 30, 36, 10, 18, 5
2015/2/20, 110, 31, 36, 15, 21, 6
2015/2/21, 65, 225, 42, 2, 2, 6
2015/2/21, 73, 245, 34, 1, 2, 5
2015/2/21, 79, 250, 28, 8, 17, 4
2015/2/21, 83, 231, 22, 7, 14, 4
2015/2/21, 82, 240, 28, 12, 23, 4
2015/2/22, 162, 44, 32, 4, 4, 7
2015/2/22, 160, 47, 27, 11, 21, 4
2015/2/22, 149, 43, 22, 12, 28, 4
2015/2/22, 148, 40, 43, 3, 5, 6
2015/2/22, 175, 48, 26, 20, 40, 5
2015/2/23, 90, 77, 35, 16, 23, 12
2015/2/23, 80, 49, 53, 5, 11, 8
2015/2/23, 82, 72, 29, 23, 47, 8
2015/2/23, 84, 76, 31, 31, 43, 8
2015/2/23, 83, 65, 25, 18, 39, 9
2015/2/24, 110, 55, 55, 7, 9, 6
2015/2/24, 145, 68, 31, 20, 34, 7
2015/2/24, 155, 66, 37, 21, 39, 8
2015/2/24, 149, 72, 30, 25, 40, 7
2015/2/24, 147, 67, 23, 19, 46, 9
2015/2/25, 153, 65, 32, 20, 37, 5
2015/2/25, 142, 56, 49, 10, 16, 4
2015/2/25, 164, 63, 23, 20, 39, 7
2015/2/25, 153, 56, 39, 11, 12, 3
2015/2/25, 153, 69, 28, 24, 35, 6
2015/2/26, 132, 50, 51, 9, 8, 4
2015/2/26, 141, 69, 28, 30, 33, 7
2015/2/26, 147, 65, 23, 25, 42, 7
2015/2/26, 137, 60, 45, 10, 8, 4
2015/2/26, 141, 66, 33, 27, 45, 6
2015/2/27, 147, 51, 34, 17, 32, 5
2015/2/27, 153, 48, 27, 15, 28, 6
2015/2/27, 127, 61, 51, 5, 9, 4
2015/2/27, 144, 48, 41, 7, 9, 4
2015/2/27, 144, 53, 34, 19, 28, 6
2015/2/28, 110, 48, 25, 17, 29, 6
2015/2/28, 110, 51, 33, 19, 30, 6
2015/2/28, 92, 41, 48, 7, 7, 5
2015/2/28, 102, 48, , 10, 9, 5
2015/2/28, 105, 57, 29, 25, 31, 8
2015/3/1, 113, 61, 23, 31, 32, 9
2015/3/1, 110, 57, 31, 29, 44, 8
2015/3/1, 95, 36, 45, 8, 14, 4
2015/3/1, 114, 51, 38, 17, 6, 6
2015/3/1, 112, 53, 23, 25, 38, 8
2015/3/2, 124, 61, 28, 25, 31, 7
2015/3/2, 125, 52, 36, 22, 33, 6
2015/3/2, 87, 39, 50, 11, 14, 4
2015/3/2, 129, 41, 42, 8, 7, 4
2015/3/2, 134, 49, 27, 23, 37, 6
2015/3/3, 117, 53, 39, 19, 35, 5
2015/3/3, 105, 42, 47, 16, 28, 5
2015/3/3, 106, 44, 37, 12, 8, 5
2015/3/3, 119, 57, 36, 22, 16, 6
2015/3/3, 123, 50, 29, 20, 47, 6
2015/3/4, 113, 55, 42, 12, 8, 6
2015/3/4, 114, 55, 37, 20, 29, 6
2015/3/4, 111, 60, 38, 19, 30, 7
2015/3/4, 118, 53, 27, 18, 22, 7
2015/3/4, 105, 38, 55, 5, 5, 4
2015/3/5, 124, 65, 38, 19, 30, 6
2015/3/5, 127, 63, 41, 8, 13, 6
2015/3/5, 122, 72, 36, 23, 29, 7
2015/3/5, 127, 62, 32, 15, 23, 6
2015/3/5, 95, 49, 63, 5, 9, 5
2015/3/6, 136, 93, 33, 26, 36, 9
2015/3/6, 138, 98, 26, 32, 31, 10
2015/3/6, 115, 74, 53, 11, 14, 8
2015/3/6, 135, 85, 28, 24, 34, 9
2015/3/6, 139, 82, 42, 15, 15, 8
2015/3/7, 173, 47, 49, 11, 11, 6
2015/3/7, 175, 58, 22, 28, 31, 8
2015/3/7, 181, 51, 23, 23, 38, 6
2015/3/7, 174, 57, 37, 19, 21, 7
2015/3/7, 180, 56, 28, 26, 32, 6
2015/3/8, 112, 39, 42, 8, 13, 4
2015/3/8, 116, 49, 26, 19, 29, 5
2015/3/8, 128, 44, 22, 12, 23, 4
2015/3/8, 120, 47, 28, 14, 26, 3
2015/3/8, 129, 54, 81, 7, 10, 3
2015/3/9, 61, 44, 50, 13, 13, 5
2015/3/9, 70, 50, 44, 17, 10, 4
2015/3/9, 57, 61, 33, 30, 39, 8
2015/3/9, 70, 49, 27, 23, 38, 5
2015/3/9, 68, 48, 26, 23, 32, 7
2015/3/10, 111, 55, 31, 28, 31, 7
2015/3/10, 114, 48, 28, 23, 36, 4
2015/3/10, 114, 45, 40, 16, 9, 3
2015/3/10, 109, 44, 24, 22, 34, 6
2015/3/10, 102, 39, 45, 11, 12, 4
2015/3/11, 97, 44, 38, 11, 7, 2
2015/3/11, 95, 44, 24, 16, 25, 4
2015/3/11, 92, 45, 28, 17, 25, 3
2015/3/11, 91, 56, 27, 27, 33, 6
2015/3/11, 87, 38, 49, 8, 8, 3
2015/3/12, 73, 44, 50, 11, 9, 4
2015/3/12, 76, 50, 31, 26, 38, 5
2015/3/12, 86, 50, 38, 15, 5, 5
2015/3/12, 81, 58, 27, 34, 31, 8
2015/3/12, 76, 49, 25, 24, 29, 8
2015/3/13, 113, 37, 59, 4, 5, 4
2015/3/13, 117, 52, 30, 19, 21, 6
2015/3/13, 121, 50, 40, 14, 8, 4
2015/3/13, 118, 61, 33, 30, 25, 7
2015/3/13, 110, 57, 34, 25, 32, 6
2015/3/14, 126, 103, 25, 17, 23, 6
2015/3/14, 92, 87, 48, 6, 8, 6
2015/3/14, 122, 114, 27, 23, 33, 7
2015/3/14, 111, 101, 36, 11, 11, 5
2015/3/14, 119, 113, 29, 29, 28, 9
2015/3/15, 140, 110, 32, 27, 32, 10
2015/3/15, 114, 80, 46, 6, 6, 6
2015/3/15, 135, 102, 35, 12, 7, 6
2015/3/15, 141, 99, 29, 23, 26, 8
2015/3/15, 126, 97, 25, 20, 26, 8
2015/3/16, 152, 66, 40, 14, 6, 6
2015/3/16, 146, 79, 29, 29, 25, 9
2015/3/16, 131, 51, 49, 9, 6, 5
2015/3/16, 145, 74, 32, 22, 26, 7
2015/3/16, 147, 68, 28, 23, 30, 7
2015/3/17, 115, 50, 44, 11, 6, 6
2015/3/17, 98, 32, 55, 4, 5, 4
2015/3/17, 132, 62, 39, 26, 26, 7
2015/3/17, 129, 58, 32, 22, 19, 8
2015/3/17, 114, 65, 39, 27, 21, 8
2015/3/18, 115, 79, 36, 38, 22, 8
2015/3/18, 112, 58, 48, 15, 6, 5
2015/3/18, 78, 46, 53, 9, 8, 4
2015/3/18, 119, 61, 32, 23, 23, 6
2015/3/18, 119, 66, 41, 27, 27, 6
2015/3/19, 116, 65, 38, 31, 25, 5
2015/3/19, 110, 55, 47, 13, 14, 4
2015/3/19, 94, 38, 49, 6, 6, 2
2015/3/19, 121, 57, 34, 21, 16, 5
2015/3/19, 119, 63, 43, 22, 26, 4
2015/3/20, 84, 50, 47, 6, 9, 3
2015/3/20, 115, 63, 40, 11, 8, 4
2015/3/20, 114, 68, 29, 23, 25, 5
2015/3/20, 119, 67, 39, 19, 24, 5
2015/3/20, 109, 72, 35, 24, 24, 6
2015/3/21, 106, 114, 34, 12, 18, 3
2015/3/21, 104, 105, 32, 16, 22, 4
2015/3/21, 85, 96, 41, 5, 11, 2
2015/3/21, 113, 104, 25, 13, 24, 3
2015/3/21, 106, 92, 36, 7, 5, 3
2015/3/22, 71, 52, , 14, 28, 3
2015/3/22, 69, 48, 34, 10, 10, 3
2015/3/22, 55, 42, 40, 10, 16, 3
2015/3/22, 72, 45, 25, 13, 23, 4
2015/3/22, 65, 52, 33, 18, 25, 5
2015/3/23, 74, 97, 42, 16, 8, 6
2015/3/23, 78, 81, 41, 33, 25, 7
2015/3/23, 79, 72, 30, 28, 25, 8
2015/3/23, 83, 73, 31, 29, 29, 6
2015/3/23, 74, 57, 53, 11, 7, 5
2015/3/24, 155, 74, 48, 11, 10, 8
2015/3/24, 144, 83, 42, 34, 21, 7
2015/3/24, 131, 52, 64, 6, 8, 5
2015/3/24, 148, 74, 34, 20, 19, 7
2015/3/24, 149, 77, 36, 24, 22, 7
2015/3/25, 131, 147, 62, 33, 18, 9
2015/3/25, 117, 96, 95, 8, 13, 9
2015/3/25, 138, 136, 44, 18, 24, 10
2015/3/25, 136, 154, 56, 23, 23, 10
2015/3/25, 138, 136, 76, 12, 14, 11
2015/3/26, 173, 142, 76, 11, 12, 12
2015/3/26, 171, 151, 48, 16, 19, 8
2015/3/26, 175, 155, 52, 23, 19, 10
2015/3/26, 171, 157, 63, 30, 15, 9
2015/3/26, 169, 102, 98, 8, 12, 9
2015/3/27, 161, 118, 60, 14, 10, 14
2015/3/27, 178, 116, 44, 22, 22, 8
2015/3/27, 159, 128, 64, 31, 20, 10
2015/3/27, 159, 100, 84, 14, 13, 9
2015/3/27, 164, 124, 45, 27, 25, 10
2015/3/28, 170, 107, 57, 34, 12, 9
2015/3/28, 172, 78, 71, 14, 3, 7
2015/3/28, 174, 106, 61, 15, 4, 14
2015/3/28, 174, 97, 41, 24, 15, 8
2015/3/28, 176, 100, 45, 30, 18, 10
2015/3/29, 164, 174, 76, 13, 10, 16
2015/3/29, 165, 188, 43, 26, 21, 11
2015/3/29, 158, 180, 47, 34, 19, 10
2015/3/29, 167, 155, 43, 21, 20, 9
2015/3/29, 143, 125, 82, 10, 9, 9
2015/3/30, 184, 66, 58, 13, 9, 13
2015/3/30, 172, 41, 60, 6, 3, 5
2015/3/30, 180, 74, 47, 22, 14, 7
2015/3/30, 182, 71, 33, 16, 23, 6
2015/3/30, 191, 90, 35, 17, 11, 6
2015/3/31, 142, 81, 39, 26, 18, 8
2015/3/31, 116, 48, 62, 7, 4, 3
2015/3/31, 119, 93, 57, 42, 17, 9
2015/3/31, 145, 85, 42, 29, 23, 8
2015/3/31, 121, 79, 67, 18, 8, 15
2015/4/1, 168, 85, 47, 16, 11, 16
2015/4/1, 172, 87, 36, 31, 20, 8
2015/4/1, 161, 96, 33, 31, 23, 9
2015/4/1, 116, 57, 60, 8, 4, 5
2015/4/1, 160, 83, 37, 31, 16, 7
2015/4/2, 147, 46, 44, 12, 5, 14
2015/4/2, 161, 57, 31, 16, 10, 5
2015/4/2, 166, 50, 28, 14, 11, 6
2015/4/2, 147, 52, 39, 19, 12, 5
2015/4/2, 134, 35, 48, 5, 3, 4
2015/4/3, 119, 46, 41, 21, 16, 6
2015/4/3, 128, 46, 26, 21, 14, 7
2015/4/3, 112, 29, 45, 6, 2, 5
2015/4/3, 120, 36, 45, 9, 3, 15
2015/4/3, 128, 54, 30, 23, 17, 7
2015/4/4, 97, 66, 32, 22, 20, 7
2015/4/4, 79, 50, 35, 10, 5, 6
2015/4/4, 111, 66, 23, 18, 18, 7
2015/4/4, 110, 61, 19, 16, 21, 6
2015/4/4, 91, 56, 36, 10, 3, 15
2015/4/5, 147, 31, 35, 6, 6, 13
2015/4/5, 129, 27, 34, 6, 10, 3
2015/4/5, 131, 40, 32, 17, 12, 4
2015/4/5, 143, 32, 21, 10, 14, 3
2015/4/5, 140, 43, 26, 11, 11, 4
2015/4/6, 72, 34, 37, 5, 7, 16
2015/4/6, 71, 45, 34, 21, 16, 5
2015/4/6, 78, 34, 23, 12, 16, 4
2015/4/6, 64, 30, 41, 7, 10, 3
2015/4/6, 78, 39, 32, 16, 17, 3
2015/4/7, 74, 62, 37, 25, 17, 5
2015/4/7, 66, 53, 41, 7, 8, 3
2015/4/7, 71, 59, 27, 12, 14, 5
2015/4/7, 71, 43, 51, 5, 4, 4
2015/4/7, 78, 60, 33, 18, 18, 4
2015/4/8, 102, 85, 42, 30, 16, 8
2015/4/8, 98, 73, 47, 9, 12, 5
2015/4/8, 101, 65, 60, 7, 7, 6
2015/4/8, 100, 77, 30, 14, 21, 8
2015/4/8, 100, 86, 35, 21, 20, 7
2015/4/9, 165, 49, 33, 18, 10, 4
2015/4/9, 145, 27, 53, 6, 3, 3
2015/4/9, 153, 38, 29, 15, 10, 4
2015/4/9, 149, 44, 41, 29, 12, 6
2015/4/9, 152, 33, 44, 10, 5, 2
2015/4/10, 100, 67, 35, 21, 10, 5
2015/4/10, 80, 48, 56, 6, 2, 4
2015/4/10, 79, 64, 47, 23, 9, 5
2015/4/10, 93, 63, 31, 19, 10, 5
2015/4/10, 76, 62, 45, 12, 7, 3
2015/4/11, 127, 65, 29, 16, 9, 5
2015/4/11, 125, 62, 49, 19, 7, 5
2015/4/11, 131, 69, 35, 18, 7, 5
2015/4/11, 116, 51, 56, 7, 3, 4
2015/4/11, 135, 58, 43, 13, 7, 4
2015/4/12, 123, 82, 60, 43, 10, 7
2015/4/12, 144, 92, 36, 31, 17, 8
2015/4/12, 123, 66, 83, 11, 3, 5
2015/4/12, 127, 87, 61, 22, 7, 5
2015/4/12, 134, 92, 44, 31, 14, 7
2015/4/13, 155, 54, 68, 7, 6, 4
2015/4/13, 170, 82, 39, 30, 14, 8
2015/4/13, 175, 78, 33, 24, 9, 8
2015/4/13, 156, 80, 46, 40, 9, 8
2015/4/13, 170, 80, 52, 16, 7, 5
2015/4/14, 134, 109, 70, 34, 9, 10
2015/4/14, 147, 104, 42, 25, 10, 10
2015/4/14, 123, 67, 93, 9, 5, 7
2015/4/14, 141, 109, 50, 27, 13, 10
2015/4/14, 153, 121, 67, 17, 7, 6
2015/4/15, 163, 185, 46, 13, 6, 5
2015/4/15, 166, 176, 40, 10, 5, 4
2015/4/15, 175, 178, 61, 6, 2, 3
2015/4/15, 155, 189, 61, 21, 4, 6
2015/4/15, 138, 170, 86, 5, 1, 4
2015/4/16, 106, 90, 46, 9, 2, 5
2015/4/16, 119, 100, 30, 16, 7, 4
2015/4/16, 113, 106, 35, 20, 7, 5
2015/4/16, 115, 102, 41, 10, 5, 6
2015/4/16, 107, 105, 40, 25, 4, 7
2015/4/17, 136, 77, 48, 14, 6, 6
2015/4/17, 134, 88, 43, 26, 10, 6
2015/4/17, 109, 76, 36, 22, 9, 5
2015/4/17, 115, 70, 63, 11, 3, 5
2015/4/17, 115, 82, 56, 29, 4, 8
2015/4/18, 125, 84, 58, 7, 3, 5
2015/4/18, 139, 117, 40, 16, 6, 5
2015/4/18, 140, 90, 34, 13, 5, 4
2015/4/18, 131, 97, 50, 21, 3, 7
2015/4/18, 140, 95, 49, 8, 3, 4
2015/4/19, 124, 117, 48, 31, 3, 8
2015/4/19, 120, 93, 57, 8, 2, 5
2015/4/19, 127, 110, 49, 13, 3, 4
2015/4/19, 131, 115, 33, 17, 6, 4
2015/4/19, 130, 124, 40, 20, 5, 5
2015/4/20, 132, 64, 30, 14, 5, 4
2015/4/20, 154, 68, 46, 14, 3, 3
2015/4/20, 140, 73, 34, 19, 5, 4
2015/4/20, 128, 81, 53, 9, 2, 5
2015/4/20, 147, 72, 42, 28, 2, 7
2015/4/21, 116, 65, 47, 11, 4, 3
2015/4/21, 107, 65, 35, 23, 6, 5
2015/4/21, 113, 64, 31, 16, 6, 5
2015/4/21, 102, 83, 45, 28, 3, 7
2015/4/21, 104, 47, 58, 6, 3, 3
2015/4/22, 74, 87, 58, 4, 3, 3
2015/4/22, 104, 103, 45, 6, 3, 3
2015/4/22, 91, 106, 35, 12, 5, 4
2015/4/22, 94, 99, 30, 8, 4, 4
2015/4/22, 99, 110, 51, 17, 3, 7
2015/4/23, 109, 50, 38, 7, 1, 2
2015/4/23, 95, 54, 32, 18, 5, 4
2015/4/23, 80, 45, 48, 8, 2, 2
2015/4/23, 96, 44, 28, 14, 5, 3
2015/4/23, 102, 56, 44, 21, 2, 6
2015/4/24, 63, 86, 39, 18, 7, 6
2015/4/24, 67, 86, 43, 22, 9, 8
2015/4/24, 73, 94, 46, 30, 7, 8
2015/4/24, 77, 93, 64, 9, 6, 5
2015/4/24, 53, 61, 85, 5, 5, 5
2015/4/25, 131, 124, 75, 27, 11, 11
2015/4/25, 119, 114, 93, 10, 10, 11
2015/4/25, 93, 117, 53, 15, 13, 9
2015/4/25, 82, 94, 110, 6, 9, 8
2015/4/25, 109, 118, 63, 18, 13, 10
2015/4/26, 152, 93, 61, 11, 11, 6
2015/4/26, 164, 101, 102, 26, 10, 8
2015/4/26, 137, 77, 119, 5, 9, 6
2015/4/26, 151, 80, 106, 6, 8, 9
2015/4/26, 156, 97, 82, 14, 12, 7
2015/4/27, 147, 81, 57, 26, 9, 7
2015/4/27, 146, 74, 84, 37, 9, 8
2015/4/27, 145, 60, 104, 6, 4, 2
2015/4/27, 129, 74, 94, 16, 3, 8
2015/4/27, 145, 77, 70, 26, 9, 7
2015/4/28, 134, 95, 61, 54, 9, 12
2015/4/28, 115, 91, 85, 18, 4, 9
2015/4/28, 128, 96, 66, 39, 10, 11
2015/4/28, 158, 90, 47, 33, 10, 9
2015/4/28, 125, 57, 91, 6, 4, 3
2015/4/29, 137, 77, 66, 20, 9, 6
2015/4/29, 136, 77, 50, 28, 7, 6
2015/4/29, 160, 72, 46, 19, 8, 5
2015/4/29, 117, 66, 92, 7, 5, 5
2015/4/29, 126, 68, 78, 11, 9, 8
2015/4/30, 129, 87, 63, 22, 5, 6
2015/4/30, 126, 85, 53, 15, 6, 4
2015/4/30, 105, 85, 80, 8, 6, 8
2015/4/30, 102, 69, 104, 4, 3, 3
2015/4/30, 115, 87, 71, 16, 6, 6
2015/5/1, 116, 52, 63, 11, 4, 7
2015/5/1, 108, 60, 41, 19, 5, 5
2015/5/1, 93, 52, 66, 6, 2, 3
2015/5/1, 108, 55, 52, 19, 6, 6
2015/5/1, 143, 55, 43, 19, 3, 6
2015/5/2, 94, 61, 48, 5, 1, 2
2015/5/2, 103, 67, 50, 12, 3, 5
2015/5/2, 119, 69, 36, 19, 3, 5
2015/5/2, 107, 66, 53, 6, 2, 6
2015/5/2, 111, 66, 36, 10, 2, 3
2015/5/3, 97, 135, 35, 18, 3, 5
2015/5/3, 78, 106, 47, 5, 1, 1
2015/5/3, 106, 113, 33, 10, 3, 3
2015/5/3, 83, 138, 45, 6, 5, 4
2015/5/3, 95, 112, 42, 12, 4, 4
2015/5/4, 87, 484, 36, 6, 7, 5
2015/5/4, 133, 541, 35, 17, 3, 4
2015/5/4, 91, 451, 31, 12, 6, 5
2015/5/4, 109, 464, 30, 9, 3, 3
2015/5/4, 87, 445, 43, 4, 3, 2
2015/5/5, 128, 159, 26, 13, 4, 4
2015/5/5, 127, 171, 40, 4, 1, 1
2015/5/5, 159, 184, 33, 8, 8, 3
2015/5/5, 219, 183, 30, 19, 2, 5
2015/5/5, 144, 162, 27, 10, 3, 3
2015/5/6, 115, 119, 55, 4, 2, 2
2015/5/6, 142, 176, 38, 8, 10, 2
2015/5/6, 125, 138, 32, 18, 5, 6
2015/5/6, 148, 143, 32, 15, 3, 4
2015/5/6, 153, 158, 35, 22, 3, 5
2015/5/7, 127, 27, 34, 5, 6, 2
2015/5/7, 122, 29, 28, 9, 3, 3
2015/5/7, 101, 26, 29, 12, 4, 5
2015/5/7, 153, 46, 27, 26, 3, 5
2015/5/7, 87, 23, 42, 4, 1, 2
2015/5/8, 74, 35, 25, 15, 4, 4
2015/5/8, 58, 31, 34, 13, 2, 2
2015/5/8, 54, 34, 24, 16, 6, 5
2015/5/8, 175, 55, 23, 25, 3, 6
2015/5/8, 51, 27, 39, 8, 1, 3
2015/5/9, 61, 54, 37, 22, 6, 6
2015/5/9, 68, 58, 35, 20, 4, 4
2015/5/9, 59, 24, 58, 4, 1, 3
2015/5/9, 155, 53, 43, 29, 4, 8
2015/5/9, 64, 79, 47, 14, 3, 3
2015/5/10, 430, 56, 38, 32, 4, 8
2015/5/10, 50, 38, , 7, 2, 5
2015/5/10, 111, 53, 30, 21, 5, 5
2015/5/10, 101, 54, 30, 26, 8, 6
2015/5/10, 102, 53, 46, 16, 4, 5
2015/5/11, 105, 21, 26, 14, 4, 5
2015/5/11, 80, 14, 44, 4, 1, 5
2015/5/11, 141, 23, 26, 16, 2, 6
2015/5/11, 109, 29, 30, 11, 2, 4
2015/5/11, 138, 14, 39, 8, 2, 4
2015/5/12, 43, 14, 48, 7, 2, 4
2015/5/12, 79, 25, 34, 13, 2, 4
2015/5/12, 49, 24, 34, 23, 2, 6
2015/5/12, 51, 19, 36, 15, 4, 5
2015/5/12, 47, 12, 48, 5, 1, 5
2015/5/13, 36, 52, 32, 34, 3, 8
2015/5/13, 45, 44, 42, 28, 6, 7
2015/5/13, 34, 31, 57, 15, 3, 5
2015/5/13, 47, 45, 39, 24, 5, 7
2015/5/13, 29, 19, 46, 7, 2, 6
2015/5/14, 108, 47, 44, 16, 4, 4
2015/5/14, 82, 37, 54, 7, 1, 6
2015/5/14, 103, 47, 39, 13, 4, 3
2015/5/14, 90, 53, 36, 23, 3, 5
2015/5/14, 83, 40, 75, 11, 2, 3
2015/5/15, 71, 48, 40, 16, 5, 3
2015/5/15, 77, 48, 37, 13, 4, 3
2015/5/15, 84, 50, 81, 9, 4, 3
2015/5/15, 73, 38, 58, 6, 2, 5
2015/5/15, 76, 53, 36, 22, 3, 4
2015/5/16, 75, 54, 33, 25, 5, 7
2015/5/16, 75, 55, 30, 29, 7, 7
2015/5/16, 123, 57, 35, 27, 4, 8
2015/5/16, 61, 32, 53, 6, 2, 8
2015/5/16, 99, 49, 46, 12, 2, 7
2015/5/17, 112, 53, 50, 15, 3, 6
2015/5/17, 117, 52, 51, 11, 4, 6
2015/5/17, 87, 36, 74, 4, 1, 8
2015/5/17, 110, 46, 70, 7, 3, 8
2015/5/17, 103, 55, 60, 24, 2, 8
2015/5/18, 123, 32, 41, 14, 3, 3
2015/5/18, 136, , 56, , , 
2015/5/18, 99, 19, 60, 5, 1, 7
2015/5/18, 98, 26, 58, 8, 6, 4
2015/5/18, 109, 35, 39, 21, 1, 5
2015/5/19, 51, 19, 50, 8, 2, 7
2015/5/19, , 34, 38, 21, 5, 5
2015/5/19, 63, 36, 35, 18, 5, 5
2015/5/19, 45, 31, 48, 14, 7, 4
2015/5/19, 123, 45, 29, 30, 2, 7
2015/5/20, 61, 49, 42, 22, 8, 5
2015/5/20, 66, 54, 38, 18, 5, 5
2015/5/20, 70, 46, 50, 13, 9, 5
2015/5/20, 52, 32, 58, 8, 2, 7
2015/5/20, 127, 59, 33, 31, 4, 7
2015/5/21, 79, 65, 41, 20, 7, 6
2015/5/21, 70, 61, 44, 25, 9, 6
2015/5/21, 80, 63, 58, 13, 9, 6
2015/5/21, 57, 43, 66, 8, 3, 6
2015/5/21, 72, 70, 30, 35, 5, 7
2015/5/22, 96, 72, 67, 13, 10, 6
2015/5/22, 94, 69, 66, 19, 12, 7
2015/5/22, 109, 67, 98, 8, 7, 6
2015/5/22, 72, 56, 112, 8, 6, 6
2015/5/22, 98, 78, 55, 31, 9, 8
2015/5/23, 110, 63, 64, 17, 10, 6
2015/5/23, 106, 57, 114, 7, 5, 5
2015/5/23, 128, 69, 62, 24, 7, 7
2015/5/23, 116, 66, 66, 12, 8, 5
2015/5/23, 112, 59, 96, 9, 8, 7
2015/5/24, 99, 73, 80, 17, 11, 12
2015/5/24, 111, 79, 77, 27, 8, 9
2015/5/24, 104, 74, 77, 13, 9, 7
2015/5/24, 89, 61, 132, 8, 7, 7
2015/5/24, 127, 76, 117, 11, 9, 9
2015/5/25, 133, 55, 116, 10, 3, 6
2015/5/25, 142, 77, 75, 24, 8, 8
2015/5/25, 148, 81, 89, 29, 7, 8
2015/5/25, 140, 80, 78, 28, 10, 9
2015/5/25, 154, 79, 109, 19, 6, 9
2015/5/26, 160, 57, 93, 17, 4, 6
2015/5/26, 159, 57, 93, 20, 6, 7
2015/5/26, 147, 33, 95, 6, 1, 4
2015/5/26, 155, 56, 92, 21, 3, 6
2015/5/26, 155, 43, 87, 10, 4, 6
2015/5/27, 86, 64, 91, 14, 8, 6
2015/5/27, 100, 48, 108, 11, 2, 3
2015/5/27, 116, 75, 65, 29, 5, 6
2015/5/27, 123, 70, 98, 19, 7, 6
2015/5/27, 130, 69, 95, 16, 5, 5
2015/5/28, 115, 56, 65, 17, 5, 4
2015/5/28, 116, 61, 37, 28, 4, 6
2015/5/28, 96, 57, 60, 20, 7, 6
2015/5/28, 110, 50, 62, 13, 8, 6
2015/5/28, 84, 34, 83, 11, 2, 3
2015/5/29, 123, 29, 45, 13, 3, 3
2015/5/29, 97, 16, 46, 8, 1, 1
2015/5/29, 120, 33, 27, 26, 2, 5
2015/5/29, 120, 29, 41, 14, 4, 3
2015/5/29, 103, 26, 41, 12, 6, 5
2015/5/30, 43, 97, 80, 14, 7, 6
2015/5/30, 30, 57, 101, 10, 3, 3
2015/5/30, 46, 144, 55, 27, 4, 5
2015/5/30, 39, 131, 91, 19, 6, 5
2015/5/30, 61, 110, 83, 17, 5, 4
2015/5/31, 58, 52, 96, 5, 5, 3
2015/5/31, 103, 77, 48, 23, 3, 6
2015/5/31, 116, 72, 40, 12, 5, 4
2015/5/31, 114, 72, 50, 9, 3, 3
2015/5/31, 113, 84, 68, 9, 3, 5
2015/6/1, 93, 45, 45, 33, 3, 7
2015/6/1, 125, 52, 59, 30, 4, 6
2015/6/1, 112, 59, 65, 26, 4, 5
2015/6/1, 112, 44, 62, 25, 1, 5
2015/6/1, 85, 25, 56, 13, 1, 3
2015/6/2, 94, 35, 39, 20, 4, 4
2015/6/2, 71, 22, 39, 16, 2, 4
2015/6/2, 75, 28, 26, 28, 2, 6
2015/6/2, 87, 30, 35, 21, 4, 5
2015/6/2, 55, 12, 39, 8, 1, 3
2015/6/3, 40, 38, 69, 16, 4, 4
2015/6/3, 52, 62, 44, 33, 5, 5
2015/6/3, 74, 59, 62, 27, 6, 6
2015/6/3, 67, 69, 70, 24, 6, 5
2015/6/3, 40, 54, 73, 20, 5, 5
2015/6/4, 58, 23, 61, 7, 2, 3
2015/6/4, 72, 29, 62, 9, 2, 4
2015/6/4, 76, 40, 59, 14, 5, 5
2015/6/4, 83, 43, 48, 15, 3, 3
2015/6/4, 104, 42, 62, 13, 5, 3
2015/6/5, 61, 42, 45, 19, 4, 7
2015/6/5, 54, 21, 45, 10, 2, 4
2015/6/5, 78, 42, 43, 21, 4, 5
2015/6/5, 69, 40, 41, 20, 2, 5
2015/6/5, 60, 34, 47, 16, 1, 6
2015/6/6, 95, 31, 49, 11, 3, 4
2015/6/6, 75, 13, 37, 4, 1, 4
2015/6/6, 83, 24, 43, 6, 2, 5
2015/6/6, 103, 31, 35, 11, 3, 6
2015/6/6, 85, 27, 38, 20, 2, 5
2015/6/7, 58, 35, 34, 25, 2, 5
2015/6/7, 45, 24, 42, 16, 2, 3
2015/6/7, 78, 34, 51, 16, 3, 3
2015/6/7, 66, 30, 44, 18, 3, 6
2015/6/7, 40, 15, 40, 7, 1, 4
2015/6/8, 76, 40, 25, 32, 5, 6
2015/6/8, 74, 37, 56, 19, 6, 4
2015/6/8, 57, 36, 46, 20, 4, 3
2015/6/8, 62, 35, 48, 22, 6, 6
2015/6/8, 46, 16, 50, 14, 2, 4
2015/6/9, 77, 58, 38, 27, 5, 7
2015/6/9, 74, 55, 65, 22, 6, 6
2015/6/9, 48, 26, 55, 16, 2, 5
2015/6/9, 57, 49, 55, 20, 5, 5
2015/6/9, 64, 56, 54, 24, 7, 7
2015/6/10, 111, 37, 52, 12, 3, 4
2015/6/10, 116, 45, 82, 17, 3, 5
2015/6/10, 117, 40, 57, 14, 3, 6
2015/6/10, 79, 25, 76, 7, 1, 5
2015/6/10, 129, 41, 71, 18, 4, 6
2015/6/11, 63, 80, 64, 3, 1, 4
2015/6/11, 101, 27, 60, 14, 5, 6
2015/6/11, 93, 26, 49, 12, 2, 6
2015/6/11, 82, 20, 60, 7, 1, 4
2015/6/11, 102, 31, 60, 12, 3, 4
2015/6/12, 67, 36, 54, 20, 3, 6
2015/6/12, 51, 30, 70, 16, 2, 4
2015/6/12, 67, 36, 75, 18, 5, 6
2015/6/12, 72, 41, 63, 17, 4, 5
2015/6/12, 50, 80, 74, 6, 1, 4
2015/6/13, 77, 56, 70, 30, 6, 9
2015/6/13, 61, 57, 72, 23, 4, 5
2015/6/13, 76, 63, 42, 37, 5, 10
2015/6/13, 48, 81, 75, 9, 2, 4
2015/6/13, 87, 67, 68, 29, 8, 8
2015/6/14, 102, 53, 91, 32, 5, 9
2015/6/14, 92, 56, 83, 28, 3, 5
2015/6/14, 105, 71, 59, 43, 5, 11
2015/6/14, 72, 46, 86, 16, 1, 4
2015/6/14, 119, 61, 85, 27, 8, 7
2015/6/15, 110, 76, 94, 58, 6, 8
2015/6/15, 119, 69, 110, 33, 6, 6
2015/6/15, 91, 62, 112, 30, 4, 5
2015/6/15, 74, 37, 108, 18, 2, 5
2015/6/15, 107, 69, 116, 38, 8, 9
2015/6/16, 128, 108, 108, 56, 7, 12
2015/6/16, 126, 96, 124, 40, 8, 10
2015/6/16, 107, 82, 114, 38, 6, 7
2015/6/16, 122, 90, 127, 47, 8, 11
2015/6/16, 88, 49, 118, 19, 3, 8
2015/6/17, 120, 26, 81, 12, 1, 6
2015/6/17, 149, 50, 79, 18, 3, 5
2015/6/17, 145, 45, 81, 22, 4, 6
2015/6/17, 120, 40, 73, 21, 3, 5
2015/6/17, 153, 47, 64, 30, 3, 7
2015/6/18, 88, 48, 82, 26, 6, 6
2015/6/18, 74, 23, 84, 7, 1, 5
2015/6/18, 96, 56, 56, 33, 3, 7
2015/6/18, 64, 41, 75, 19, 3, 4
2015/6/18, 96, 58, 79, 22, 5, 5
2015/6/19, 105, 65, 76, 28, 5, 6
2015/6/19, 78, 28, 85, 10, 1, 3
2015/6/19, 113, 62, 50, 34, 4, 7
2015/6/19, 63, 48, 79, 25, 5, 4
2015/6/19, 102, 55, 72, 27, 8, 6
2015/6/20, 98, 52, 84, 24, 3, 5
2015/6/20, 66, 46, 91, 22, 4, 4
2015/6/20, 94, 55, 81, 27, 5, 6
2015/6/20, 108, 62, 46, 39, 4, 7
2015/6/20, 80, 30, 94, 13, 1, 3
2015/6/21, 69, 57, 111, 11, 6, 6
2015/6/21, 86, 62, 108, 17, 7, 7
2015/6/21, 84, 57, 105, 11, 5, 7
2015/6/21, 79, 42, 118, 10, 3, 6
2015/6/21, 96, 67, 67, 30, 6, 9
2015/6/22, 114, 33, 98, 9, 3, 4
2015/6/22, 108, 55, 93, 13, 4, 5
2015/6/22, 115, 58, 53, 30, 4, 7
2015/6/22, 97, 56, 100, 13, 5, 4
2015/6/22, 108, 55, 94, 17, 6, 5
2015/6/23, 96, 66, 120, 19, 9, 8
2015/6/23, 118, 72, 84, 28, 4, 8
2015/6/23, 87, 60, 113, 14, 4, 6
2015/6/23, 97, 65, 105, 15, 4, 7
2015/6/23, 98, 51, 110, 11, 2, 5
2015/6/24, 133, 76, 120, 24, 7, 9
2015/6/24, 126, 74, 108, 19, 5, 8
2015/6/24, 115, 67, 105, 15, 5, 8
2015/6/24, 135, 77, 75, 35, 5, 9
2015/6/24, 112, 50, 110, 9, 2, 5
2015/6/25, 140, , 54, 7, 1, 6
2015/6/25, 149, 97, 63, 26, 5, 9
2015/6/25, 147, 91, 60, 24, 6, 9
2015/6/25, 156, 97, 37, 26, 4, 9
2015/6/25, 120, 83, 51, 18, 4, 8
2015/6/26, 177, 57, 84, 7, 2, 5
2015/6/26, 176, 102, 102, 27, 5, 11
2015/6/26, 181, 115, 57, 43, 5, 12
2015/6/26, 186, 101, 104, 23, 5, 9
2015/6/26, 140, 80, 95, 16, 4, 7
2015/6/27, 183, 90, 116, 14, 6, 8
2015/6/27, 182, 84, 102, 18, 6, 9
2015/6/27, 135, 83, 95, 15, 5, 8
2015/6/27, 165, 56, 106, 11, 3, 6
2015/6/27, 177, 89, 56, 36, 5, 10
2015/6/28, 164, 27, 66, 16, 6, 4
2015/6/28, 161, 37, 39, 24, 2, 6
2015/6/28, 133, 30, 62, 9, 2, 4
2015/6/28, 171, 55, 75, 6, 1, 2
2015/6/28, 167, 37, 83, 12, 3, 3
2015/6/29, 70, 19, 48, 6, 1, 2
2015/6/29, 45, 29, 44, 12, 2, 3
2015/6/29, 72, 48, 48, 22, 4, 4
2015/6/29, 54, 35, 40, 19, 2, 4
2015/6/29, 71, 40, 31, 26, 2, 5
2015/6/30, 113, 21, 42, 14, 2, 3
2015/6/30, 42, 21, 41, 11, 2, 3
2015/6/30, 63, 14, 43, 5, 1, 2
2015/6/30, 73, 25, 31, 18, 1, 4
2015/6/30, 61, 24, 35, 16, 2, 3
2015/7/1, 54, 40, 25, 24, 2, 5
2015/7/1, 50, 32, 34, 21, 4, 4
2015/7/1, 54, 33, 38, 20, 4, 4
2015/7/1, 39, 29, 40, 14, 3, 3
2015/7/1, 35, 24, 43, 7, 1, 3
2015/7/2, 77, 39, 23, 24, 2, 6
2015/7/2, 84, 19, 48, 6, 2, 3
2015/7/2, 53, 31, 41, 18, 4, 4
2015/7/2, 68, 33, 32, 24, 4, 5
2015/7/2, 65, 35, 39, 21, 5, 4
2015/7/3, 65, 30, 50, 12, 3, 4
2015/7/3, 66, 45, 45, 26, 4, 6
2015/7/3, 69, 53, 59, 24, 6, 6
2015/7/3, 74, 50, 32, 26, 4, 6
2015/7/3, 62, 21, 61, 6, 2, 4
2015/7/4, 89, 85, 81, 21, 7, 8
2015/7/4, 93, 64, 44, 28, 3, 9
2015/7/4, 86, 59, 62, 21, 4, 9
2015/7/4, 65, 21, 74, 4, 2, 3
2015/7/4, 59, 42, 66, 17, 3, 4
2015/7/5, 136, 66, 102, 21, 9, 6
2015/7/5, 98, 71, 50, 40, 4, 7
2015/7/5, 99, 68, 87, 24, 6, 8
2015/7/5, 54, 43, 103, 8, 3, 5
2015/7/5, 69, 67, 94, 18, 4, 5
2015/7/6, 126, 65, 75, 41, 3, 7
2015/7/6, 112, 40, 103, 6, 2, 4
2015/7/6, 120, 58, 97, 23, 5, 7
2015/7/6, 106, 73, 111, 18, 4, 6
2015/7/6, 96, 61, 92, 18, 2, 5
2015/7/7, 89, 75, 89, 24, 3, 5
2015/7/7, 111, 64, 91, 32, 6, 8
2015/7/7, 145, 89, 108, 28, 10, 7
2015/7/7, 112, 69, 62, 38, 3, 7
2015/7/7, 101, 39, 93, 7, 2, 4
2015/7/8, 97, 86, 89, 20, 3, 5
2015/7/8, 118, 57, 74, 30, 5, 6
2015/7/8, 113, 63, 107, 28, 7, 7
2015/7/8, 108, 65, 113, 23, 9, 6
2015/7/8, 97, 30, 94, 5, 3, 3
2015/7/9, 96, 62, 128, 16, 8, 5
2015/7/9, 66, 47, 120, 8, 4, 5
2015/7/9, 97, 68, 98, 33, 3, 6
2015/7/9, 100, 63, 122, 19, 7, 7
2015/7/9, 95, 67, 110, 13, 4, 6
2015/7/10, 86, 42, 113, 6, 2, 5
2015/7/10, 97, 58, 119, 11, 5, 6
2015/7/10, 107, 62, 98, 26, 2, 7
2015/7/10, 95, 61, 113, 15, 4, 7
2015/7/10, 82, 58, 91, 9, 3, 7
2015/7/11, 109, 86, 63, 24, 4, 7
2015/7/11, 109, 84, 95, 14, 7, 6
2015/7/11, 116, 86, 85, 16, 6, 7
2015/7/11, 104, 53, 90, 6, 3, 5
2015/7/11, 86, 82, 93, 11, 4, 7
2015/7/12, 157, 50, 73, 12, 3, 3
2015/7/12, 137, 38, 68, 9, 2, 5
2015/7/12, 156, 42, 66, 13, 4, 5
2015/7/12, 147, 48, 44, 17, 1, 4
2015/7/12, 148, 31, 72, 7, 2, 3
2015/7/13, 62, 30, 46, 10, 2, 4
2015/7/13, 93, 32, 45, 10, 3, 3
2015/7/13, 83, 28, 42, 11, 3, 4
2015/7/13, 86, 32, 38, 16, 2, 4
2015/7/13, 95, 24, 49, 7, 2, 3
2015/7/14, 42, 28, 43, 11, 2, 3
2015/7/14, 50, 15, 48, 6, 2, 3
2015/7/14, 54, 48, 42, 16, 5, 3
2015/7/14, 51, 36, 39, 14, 4, 4
2015/7/14, 52, 32, 36, 11, 2, 3
2015/7/15, 37, 30, 51, 11, 4, 3
2015/7/15, 43, 13, 59, 5, 3, 3
2015/7/15, 61, 44, 51, 15, 5, 2
2015/7/15, 56, 36, 47, 16, 7, 4
2015/7/15, 52, 36, 46, 14, 4, 3
2015/7/16, 48, 52, 65, 21, 7, 5
2015/7/16, 43, 46, 63, 13, 4, 4
2015/7/16, 51, 54, 61, 25, 5, 4
2015/7/16, 52, 55, 66, 18, 6, 4
2015/7/16, 21, 20, 65, 5, 2, 3
2015/7/17, 56, 72, 104, 23, 5, 5
2015/7/17, 43, 37, 112, 7, 3, 4
2015/7/17, 76, 60, 73, 33, 5, 6
2015/7/17, 65, 66, 95, 22, 7, 4
2015/7/17, 68, 59, 94, 24, 7, 6
2015/7/18, 92, 69, 84, 19, 6, 4
2015/7/18, 64, 45, 109, 6, 2, 4
2015/7/18, 83, 73, 95, 17, 4, 5
2015/7/18, 83, 66, 96, 22, 5, 6
2015/7/18, 91, 74, 60, 36, 4, 7
2015/7/19, 84, 46, 98, 6, 3, 5
2015/7/19, 94, 78, 86, 19, 4, 6
2015/7/19, 102, 80, 80, 21, 5, 5
2015/7/19, 121, 83, 70, 31, 4, 7
2015/7/19, 106, 80, 91, 26, 5, 8
2015/7/20, 126, 62, 60, 13, 4, 4
2015/7/20, 124, 69, 57, 26, 3, 7
2015/7/20, 127, 60, 69, 17, 4, 6
2015/7/20, 102, 64, 61, 12, 3, 5
2015/7/20, 109, 51, 76, 9, 3, 5
2015/7/21, 117, 47, 84, 5, 2, 6
2015/7/21, 125, 71, 49, 26, 2, 8
2015/7/21, 114, 71, 75, 18, 3, 8
2015/7/21, 92, 67, 73, 7, 3, 7
2015/7/21, 108, 66, 71, 15, 3, 6
2015/7/22, 142, 90, 80, 16, 2, 8
2015/7/22, 132, , 77, 4, 1, 5
2015/7/22, 137, 69, 66, 11, 2, 5
2015/7/22, 124, 72, 83, 6, 2, 7
2015/7/22, 144, 88, 54, 25, 2, 8
2015/7/23, 144, 85, 51, 9, 2, 6
2015/7/23, 160, 79, 56, 15, 2, 7
2015/7/23, 156, 75, 38, 29, 2, 8
2015/7/23, 147, 46, 71, 6, 1, 6
2015/7/23, 131, 71, 133, 7, 2, 7
2015/7/24, 161, 89, 40, 17, 3, 8
2015/7/24, 136, 64, 62, 6, 3, 7
2015/7/24, 199, 85, 51, 13, 2, 6
2015/7/24, 158, , 53, 6, 2, 6
2015/7/24, 156, 90, 48, 23, 2, 8
2015/7/25, 158, 40, 76, 7, 2, 5
2015/7/25, 161, 67, 53, 20, 2, 7
2015/7/25, 101, 60, 72, 6, 3, 7
2015/7/25, 160, 63, 64, 13, 2, 7
2015/7/25, 159, 60, 63, 10, 1, 4
2015/7/26, 126, 39, 73, 9, 2, 5
2015/7/26, 138, 52, 51, 19, 3, 6
2015/7/26, 135, 50, 51, 14, 2, 4
2015/7/26, 140, 70, 39, 28, 3, 7
2015/7/26, 102, 61, 67, 10, 2, 5
2015/7/27, 101, 88, 70, 13, 1, 6
2015/7/27, 107, 93, 74, 19, 3, 8
2015/7/27, 105, 98, 64, 29, 3, 8
2015/7/27, 87, 88, 77, 9, 3, 7
2015/7/27, 114, 58, 87, 8, 2, 6
2015/7/28, 164, 46, 74, 16, 3, 6
2015/7/28, 124, 19, 74, 4, 1, 3
2015/7/28, 163, 35, 70, 16, 2, 5
2015/7/28, 126, 28, 94, 7, 1, 4
2015/7/28, 152, 47, 67, 12, 2, 4
2015/7/29, 83, 44, 50, 15, 3, 4
2015/7/29, 77, 40, 60, 17, 4, 6
2015/7/29, 49, 32, 63, 11, 2, 4
2015/7/29, 48, 18, 61, 6, 2, 3
2015/7/29, 82, 36, 50, 16, 3, 5
2015/7/30, 74, 33, 54, 17, 4, 5
2015/7/30, 48, 40, 68, 16, 3, 5
2015/7/30, 77, 36, 49, 14, 3, 4
2015/7/30, 68, 33, 59, 20, 4, 4
2015/7/30, 54, 23, 68, 8, 2, 3
2015/7/31, 55, 47, 40, 16, 3, 6
2015/7/31, 55, 40, 45, 17, 4, 6
2015/7/31, 54, 40, 59, 14, 3, 4
2015/7/31, 57, 48, 53, 12, 1, 4
2015/7/31, 79, 18, 63, 5, 2, 3
2015/8/1, 67, 35, 45, 11, 2, 5
2015/8/1, 63, 41, 43, 12, 2, 4
2015/8/1, 49, 35, 47, 5, 1, 4
2015/8/1, 49, 27, 57, 5, 1, 4
2015/8/1, 65, 37, 43, 8, 1, 4
2015/8/2, 63, 51, 71, 4, 2, 5
2015/8/2, 73, 56, 54, 13, 3, 7
2015/8/2, 68, 59, 52, 7, 1, 6
2015/8/2, 63, 52, 60, 5, 2, 6
2015/8/2, 82, 53, 44, 18, 2, 6
2015/8/3, 117, 33, 81, 5, 2, 4
2015/8/3, 114, 46, 63, 12, 2, 6
2015/8/3, 127, 47, , 7, 1, 5
2015/8/3, 75, 52, 63, 5, 2, 5
2015/8/3, 122, 43, 51, 14, 3, 5
2015/8/4, 67, 34, 72, 9, 3, 5
2015/8/4, 117, 19, 69, 6, 2, 4
2015/8/4, 89, 52, 73, 16, 4, 6
2015/8/4, 98, 36, 68, 11, 3, 5
2015/8/4, 84, 46, 51, 20, 4, 5
2015/8/5, 70, 33, 40, 12, 3, 4
2015/8/5, 46, 21, 58, 5, 1, 4
2015/8/5, 61, 35, 51, 14, 2, 5
2015/8/5, 51, 26, 48, 7, 2, 4
2015/8/5, 69, 33, 47, 12, 1, 4
2015/8/6, 60, 27, 37, 17, 2, 4
2015/8/6, 60, 29, 42, 7, 1, 4
2015/8/6, 63, 38, 43, 11, 2, 4
2015/8/6, 59, 16, 40, 3, 1, 3
2015/8/6, 51, 20, 44, 4, 2, 4
2015/8/7, 58, 44, 66, 11, 4, 5
2015/8/7, 84, 47, 59, 8, 3, 5
2015/8/7, 39, 34, 64, 5, 3, 5
2015/8/7, 51, 24, 54, 4, 2, 4
2015/8/7, 56, 42, 48, 20, 3, 5
2015/8/8, 91, 30, 50, 11, 3, 4
2015/8/8, 121, 29, 44, 9, 3, 4
2015/8/8, 68, 27, 46, 6, 1, 4
2015/8/8, 87, 31, 36, 19, 3, 4
2015/8/8, 77, 21, 21, 5, 2, 3
2015/8/9, 47, 35, 43, 11, 2, 4
2015/8/9, 58, 38, 31, 22, 2, 6
2015/8/9, 62, 28, 51, 9, 2, 4
2015/8/9, 75, 33, 42, 15, 4, 5
2015/8/9, 58, 42, 42, 16, 3, 5
2015/8/10, 83, 43, 42, 22, 4, 6
2015/8/10, 96, 22, 47, 6, 2, 4
2015/8/10, 74, 36, 42, 13, 3, 4
2015/8/10, 67, 44, 40, 26, 3, 5
2015/8/10, 70, 53, 43, 20, 3, 5
2015/8/11, 53, 15, 49, 2, 1, 3
2015/8/11, 71, 45, 44, 18, 4, 5
2015/8/11, 64, 38, 48, 23, 3, 5
2015/8/11, 71, 63, 48, 20, 4, 6
2015/8/11, 40, 35, 59, 10, 4, 4
2015/8/12, 71, 59, 71, 28, 5, 9
2015/8/12, 60, 46, 65, 13, 4, 4
2015/8/12, 77, 58, 58, 27, 4, 7
2015/8/12, 47, 25, 78, 5, 2, 4
2015/8/12, 64, 64, 68, 33, 4, 8
2015/8/13, 97, 39, 71, 17, 3, 6
2015/8/13, 63, 21, 73, 4, 2, 5
2015/8/13, 98, 35, 55, 14, 3, 5
2015/8/13, 59, 38, 67, 8, 3, 4
2015/8/13, 98, 39, 63, 19, 3, 5
2015/8/14, 66, 45, 56, 16, 3, 8
2015/8/14, 54, 41, 57, 8, 2, 6
2015/8/14, 66, 49, 57, 23, 3, 7
2015/8/14, 59, 37, 58, 4, 1, 5
2015/8/14, 71, 46, 32, 13, 2, 7
2015/8/15, 72, 42, 65, 9, 2, 6
2015/8/15, 93, 35, 64, 4, 2, 6
2015/8/15, 94, 46, 43, 27, 3, 7
2015/8/15, 92, 43, 60, 16, 4, 7
2015/8/15, 99, 40, 48, 12, 3, 7
2015/8/16, 101, 66, 59, 14, 3, 9
2015/8/16, 64, 67, 87, 8, 4, 9
2015/8/16, 103, 55, 88, 4, 3, 8
2015/8/16, 81, 77, 61, 30, 4, 10
2015/8/16, 83, 72, 81, 17, 4, 11
2015/8/17, 147, 54, 74, 4, 2, 7
2015/8/17, 154, 67, 62, 20, 4, 9
2015/8/17, 145, 60, 80, 8, 4, 8
2015/8/17, 160, 70, 55, 15, 3, 9
2015/8/17, 156, 67, 54, 28, 4, 9
2015/8/18, 124, 50, 67, 6, 3, 7
2015/8/18, 170, , 50, 9, 3, 9
2015/8/18, 134, 51, 64, 18, 2, 7
2015/8/18, 163, 43, 64, 3, 2, 6
2015/8/18, 135, 52, 67, 16, 3, 7
2015/8/19, 116, 27, 45, 17, 1, 5
2015/8/19, 106, 24, 60, 7, 2, 5
2015/8/19, 119, 29, 52, 18, 2, 5
2015/8/19, 115, 22, 60, 3, 1, 4
2015/8/19, 210, 28, 41, 15, 3, 6
2015/8/20, 59, 31, 60, 14, 3, 6
2015/8/20, 72, 37, 37, 31, 2, 7
2015/8/20, 82, 34, 40, 25, 4, 5
2015/8/20, 84, 39, 41, 21, 5, 6
2015/8/20, 73, 24, 55, 7, 2, 4
2015/8/21, 89, 50, 38, 27, 5, 7
2015/8/21, 82, 51, 33, 29, 2, 9
2015/8/21, 64, 39, 52, 15, 3, 7
2015/8/21, 63, 33, 43, 7, 2, 4
2015/8/21, 94, 59, 37, 23, 5, 7
2015/8/22, 88, 20, 48, 4, 1, 4
2015/8/22, 107, 48, 41, 25, 3, 7
2015/8/22, 77, 43, 53, 15, 3, 7
2015/8/22, 131, 49, 39, 17, 4, 6
2015/8/22, 117, 46, 46, 20, 6, 5
2015/8/23, 100, 46, 39, 22, 4, 6
2015/8/23, 110, 61, 38, 19, 8, 6
2015/8/23, 107, 49, 46, 20, 7, 5
2015/8/23, 56, 21, 57, 4, 2, 4
2015/8/23, 88, 49, 56, 15, 4, 7
2015/8/24, 113, 38, 32, 14, 6, 4
2015/8/24, 98, 37, 39, 16, 6, 4
2015/8/24, 53, 18, 50, 3, 3, 3
2015/8/24, 89, 27, 39, 13, 3, 3
2015/8/24, 77, 29, 45, 8, 4, 5
2015/8/25, 42, 37, 26, 17, 4, 4
2015/8/25, 51, 37, 30, 18, 5, 4
2015/8/25, 39, 41, 31, 16, 5, 6
2015/8/25, 57, 42, 26, 15, 7, 3
2015/8/25, 83, 26, 35, 9, 2, 3
2015/8/26, 58, 19, 26, 16, 2, 3
2015/8/26, 74, 23, 31, 10, 1, 3
2015/8/26, 51, 26, 32, 11, 3, 5
2015/8/26, 55, 24, 18, 18, 2, 5
2015/8/26, 62, 23, 24, 14, 4, 4
2015/8/27, 48, 16, 28, 6, 3, 5
2015/8/27, 53, 18, 15, 14, 1, 6
2015/8/27, 60, 16, 22, 12, 3, 4
2015/8/27, 54, 12, 25, 6, 1, 3
2015/8/27, 49, 13, 23, 13, 2, 3
2015/8/28, 43, 25, 27, 11, 3, 4
2015/8/28, 34, 18, 27, 9, 1, 4
2015/8/28, 37, 20, 25, 13, 2, 3
2015/8/28, 25, 24, 34, 8, 3, 5
2015/8/28, 37, 27, 18, 15, 2, 5
2015/8/29, 52, 21, 30, 5, 1, 4
2015/8/29, 50, 42, 18, 18, 2, 6
2015/8/29, 49, 30, 27, 19, 2, 4
2015/8/29, 41, 22, 35, 10, 2, 4
2015/8/29, 57, 31, 27, 14, 2, 5
2015/8/30, 71, 45, 36, 19, 3, 9
2015/8/30, 46, 26, 41, 12, 2, 4
2015/8/30, 66, 46, 35, 27, 4, 9
2015/8/30, 80, 21, 43, 4, 1, 4
2015/8/30, 71, 38, 38, 19, 2, 8
2015/8/31, 80, 57, 38, 19, 5, 9
2015/8/31, 64, 20, 49, 3, 1, 4
2015/8/31, 43, 53, 49, 21, 3, 7
2015/8/31, 87, 52, 42, 25, 5, 9
2015/8/31, 85, 52, 30, 23, 4, 10
2015/9/1, 60, 30, 51, 9, 2, 5
2015/9/1, 102, 44, 36, 27, 4, 7
2015/9/1, 80, 45, 49, 17, 4, 5
2015/9/1, 109, 40, 45, 26, 6, 6
2015/9/1, 116, 45, 43, 21, 4, 7
2015/9/2, 78, 29, 27, 18, 2, 4
2015/9/2, 80, 24, 46, 7, 2, 4
2015/9/2, 75, 29, 41, 13, 3, 4
2015/9/2, 103, 27, 39, 10, 2, 5
2015/9/2, 93, 25, 40, 15, 4, 4
2015/9/3, 55, 40, 37, 22, 5, 4
2015/9/3, 56, 20, 43, 7, 2, 4
2015/9/3, 56, 44, 32, 23, 4, 5
2015/9/3, 66, 49, 35, 17, 9, 6
2015/9/3, 53, 46, 39, 15, 3, 4
2015/9/4, 68, 33, 31, 18, 5, 2
2015/9/4, 46, 13, 40, 3, 2, 3
2015/9/4, 58, 39, 37, 19, 8, 3
2015/9/4, 75, 44, 33, 16, 10, 4
2015/9/4, 62, 36, 36, 13, 2, 3
2015/9/5, 67, 52, 40, 21, 9, 5
2015/9/5, 63, 39, 43, 24, 6, 4
2015/9/5, 52, 39, 33, 27, 4, 5
2015/9/5, 47, 52, 43, 21, 4, 4
2015/9/5, 26, 16, 49, 5, 2, 3
2015/9/6, 87, 48, 46, 21, 3, 5
2015/9/6, 66, 42, 48, 13, 1, 4
2015/9/6, 60, 50, 48, 25, 4, 6
2015/9/6, 64, 58, 47, 24, 3, 6
2015/9/6, 58, 21, 58, 4, 1, 3
2015/9/7, 79, 52, 78, 23, 4, 6
2015/9/7, 76, 52, 88, 25, 5, 6
2015/9/7, 81, 50, 76, 21, 4, 5
2015/9/7, 49, 32, 91, 6, 3, 5
2015/9/7, 61, 47, 91, 10, 3, 6
2015/9/8, 60, 36, 76, 8, 3, 5
2015/9/8, 75, 47, 48, 19, 5, 6
2015/9/8, 68, 47, 61, 14, 4, 6
2015/9/8, 74, 49, 46, 32, 5, 7
2015/9/8, 74, 45, 50, 21, 7, 6
2015/9/9, 94, 27, 36, 19, 4, 3
2015/9/9, 89, 25, 25, 22, 2, 4
2015/9/9, 80, 38, 38, 16, 4, 4
2015/9/9, 81, 21, 43, 7, 3, 3
2015/9/9, 95, 32, 35, 17, 4, 3
2015/9/10, 50, 21, 36, 8, 2, 3
2015/9/10, 44, 35, 25, 25, 2, 4
2015/9/10, 46, 48, 33, 17, 3, 4
2015/9/10, 53, 33, 27, 17, 4, 3
2015/9/10, 46, 31, 28, 21, 4, 3
2015/9/11, 45, 27, 28, 18, 3, 3
2015/9/11, 51, 70, 29, 16, 2, 4
2015/9/11, 50, 28, 29, 16, 5, 3
2015/9/11, 29, 27, 34, 12, 1, 4
2015/9/11, 49, 35, 17, 23, 3, 5
2015/9/12, 68, 50, 39, 16, 3, 4
2015/9/12, 47, 46, 38, 21, 5, 5
2015/9/12, 39, 20, 42, 6, 2, 4
2015/9/12, 47, 50, 36, 18, 4, 5
2015/9/12, 52, 52, 24, 27, 4, 7
2015/9/13, 76, 63, 50, 38, 4, 8
2015/9/13, 67, 61, 65, 24, 5, 8
2015/9/13, 80, 34, 74, 6, 3, 6
2015/9/13, 58, 60, 73, 15, 4, 7
2015/9/13, 66, 58, 72, 26, 5, 8
2015/9/14, 86, 58, 76, 26, 8, 8
2015/9/14, 97, 60, 73, 20, 6, 9
2015/9/14, 68, 36, 86, 5, 4, 5
2015/9/14, 78, 66, , 19, 5, 7
2015/9/14, 98, 62, 57, 38, 6, 8
2015/9/15, 93, 67, 88, 33, 6, 10
2015/9/15, 98, 70, 78, 27, 5, 11
2015/9/15, 102, 64, 65, 34, 5, 8
2015/9/15, 75, 48, 86, 6, 2, 6
2015/9/15, 88, 71, 81, 19, 3, 8
2015/9/16, 112, 72, 80, 39, 5, 9
2015/9/16, 87, 37, 87, 5, 2, 5
2015/9/16, 118, 81, 82, 40, 6, 12
2015/9/16, 105, 74, 80, 22, 3, 7
2015/9/16, 135, 72, 73, 31, 4, 10
2015/9/17, 74, 44, 91, 6, 3, 8
2015/9/17, 100, 92, 93, 23, 4, 8
2015/9/17, 129, 72, 84, 21, 5, 9
2015/9/17, 122, 77, 57, 43, 6, 10
2015/9/17, 128, 73, 89, 25, 6, 11
2015/9/18, 127, 34, 60, 11, 1, 4
2015/9/18, 134, 35, 32, 25, 2, 6
2015/9/18, 140, 36, 54, 12, 3, 5
2015/9/18, 138, 29, 58, 15, 3, 5
2015/9/18, 94, 44, 46, 7, 1, 6
2015/9/19, 88, 30, 39, 22, 5, 4
2015/9/19, 101, 34, 38, 17, 4, 3
2015/9/19, 93, 26, 43, 8, 1, 5
2015/9/19, 74, 36, 26, 29, 2, 5
2015/9/19, 72, 47, 40, 18, 3, 4
2015/9/20, 58, 53, 73, 17, 6, 7
2015/9/20, 59, 31, 70, 7, 3, 8
2015/9/20, 61, 55, 69, 22, 6, 7
2015/9/20, 55, 59, 71, 29, 8, 8
2015/9/20, 58, 63, 42, 39, 5, 9
2015/9/21, 73, 43, 72, 4, 2, 6
2015/9/21, 84, 56, 74, 10, 4, 5
2015/9/21, 95, 54, 61, 11, 4, 4
2015/9/21, 104, 59, 47, 30, 4, 6
2015/9/21, 97, 55, 67, 19, 5, 5
2015/9/22, 77, 29, 45, 11, 3, 5
2015/9/22, 93, 28, 37, 13, 1, 4
2015/9/22, 96, 29, 38, 9, 2, 3
2015/9/22, 90, 27, 44, 12, 3, 4
2015/9/22, 73, 21, 31, 5, 1, 3
2015/9/23, 47, 16, 21, 6, 1, 3
2015/9/23, 59, 43, 24, 23, 1, 5
2015/9/23, 62, 42, 24, 21, 3, 5
2015/9/23, 57, 37, 31, 21, 3, 5
2015/9/23, 63, 45, 25, 18, 2, 4
2015/9/24, 76, 31, 33, 15, 3, 4
2015/9/24, 93, 48, 13, 26, 2, 8
2015/9/24, 98, 48, 27, 17, 3, 6
2015/9/24, 103, 39, 18, 23, 3, 7
2015/9/24, 62, 17, 32, 5, 1, 4
2015/9/25, 57, 34, 30, 14, 5, 3
2015/9/25, 93, 30, 28, 15, 3, 3
2015/9/25, 88, 43, 17, 22, 2, 5
2015/9/25, 87, 30, 28, 19, 3, 4
2015/9/25, 51, 19, 35, 7, 1, 4
2015/9/26, 53, 27, 27, 14, 5, 3
2015/9/26, 63, 34, 23, 23, 4, 6
2015/9/26, 56, 16, 30, 6, 2, 4
2015/9/26, 65, 35, 22, 16, 3, 6
2015/9/26, 66, 44, 17, 22, 2, 6
2015/9/27, 35, 17, 32, 10, 2, 3
2015/9/27, 43, 47, 28, 15, 5, 3
2015/9/27, 69, 42, 17, 22, 3, 6
2015/9/27, 62, 37, 27, 15, 4, 5
2015/9/27, 61, 35, 28, 18, 4, 5
2015/9/28, 50, 58, 33, 18, 4, 4
2015/9/28, 84, 22, 38, 10, 2, 3
2015/9/28, 68, 54, 23, 26, 3, 8
2015/9/28, 60, 42, 32, 22, 4, 6
2015/9/28, 69, 51, 30, 16, 4, 7
2015/9/29, 83, 63, 28, 27, 3, 6
2015/9/29, 73, 59, 36, 25, 5, 6
2015/9/29, 87, 56, 34, 18, 5, 7
2015/9/29, 54, 28, 42, 8, 3, 6
2015/9/29, 69, 58, 43, 13, 5, 4
2015/9/30, 92, 29, 26, 12, 3, 4
2015/9/30, 101, 30, 27, 16, 1, 4
2015/9/30, 95, 33, 27, 8, 2, 4
2015/9/30, 65, 26, 34, 5, 2, 4
2015/9/30, 91, 28, 32, 7, 3, 2
2015/10/1, 50, 54, 32, 5, 4, 1
2015/10/1, 68, 43, 30, 6, 2, 2
2015/10/1, 57, 26, 36, 5, 2, 4
2015/10/1, 57, 49, 27, 10, 1, 2
2015/10/1, 60, 48, 32, 10, 3, 2
2015/10/2, 28, 40, 30, 7, 7, 1
2015/10/2, 43, 29, 28, 8, 3, 3
2015/10/2, 33, 31, 33, 6, 2, 4
2015/10/2, 41, 30, 30, 12, 3, 3
2015/10/2, 41, 36, 23, 13, 1, 3
2015/10/3, 43, 53, 34, 19, 5, 6
2015/10/3, 35, 26, 42, 7, 3, 5
2015/10/3, 44, 50, 35, 25, 5, 5
2015/10/3, 34, 49, 37, 18, 10, 2
2015/10/3, 43, 55, 24, 29, 3, 6
2015/10/4, 49, 32, 96, 8, 6, 9
2015/10/4, 68, 75, 84, 11, 8, 5
2015/10/4, 78, 77, 79, 20, 8, 8
2015/10/4, 87, 84, 57, 24, 6, 8
2015/10/4, 80, 76, 77, 14, 7, 8
2015/10/5, 135, 88, 88, 18, 6, 11
2015/10/5, 135, 102, 65, 43, 6, 12
2015/10/5, 122, 91, 98, 14, 7, 8
2015/10/5, 115, 70, 104, 7, 4, 10
2015/10/5, 140, 90, 96, 25, 8, 11
2015/10/6, 167, 78, 89, 18, 6, 8
2015/10/6, 161, 67, 100, 7, 4, 9
2015/10/6, 158, 74, 93, 9, 5, 6
2015/10/6, 168, 81, 63, 26, 5, 8
2015/10/6, 170, 75, 84, 13, 5, 8
2015/10/7, 153, 57, 84, 9, 2, 7
2015/10/7, 158, 62, 47, 21, 3, 6
2015/10/7, 156, 57, 70, 15, 4, 4
2015/10/7, 159, 54, 69, 11, 3, 5
2015/10/7, 157, 76, 81, 12, 2, 3
2015/10/8, 87, 42, 47, 8, 2, 5
2015/10/8, 100, 64, 34, 17, 4, 7
2015/10/8, 77, 60, 38, 15, 3, 4
2015/10/8, 99, 60, 29, 22, 3, 5
2015/10/8, 93, 61, 35, 23, 4, 5
2015/10/9, 84, 33, 37, 8, 3, 4
2015/10/9, 116, 64, 32, 21, 5, 6
2015/10/9, 98, 60, 24, 30, 4, 6
2015/10/9, 114, 66, 33, 26, 5, 5
2015/10/9, 77, 81, 33, 16, 4, 3
2015/10/10, 61, 40, 27, 12, 2, 4
2015/10/10, 83, 36, 22, 13, 3, 3
2015/10/10, 96, 39, 10, 21, 3, 6
2015/10/10, 99, 45, 21, 17, 3, 4
2015/10/10, 101, 41, 21, 18, 3, 4
2015/10/11, 83, 26, 24, 17, 3, 4
2015/10/11, 91, 25, 28, 10, 2, 4
2015/10/11, 88, 40, 15, 21, 3, 6
2015/10/11, 63, 29, 27, 12, 3, 3
2015/10/11, 89, 26, 24, 16, 4, 4
2015/10/12, 59, 44, 25, 17, 5, 6
2015/10/12, 71, 45, 12, 25, 3, 7
2015/10/12, 57, 45, 26, 21, 4, 5
2015/10/12, 56, 53, 24, 18, 2, 4
2015/10/12, 63, 20, 29, 9, 2, 4
2015/10/13, 69, 80, 36, 20, 3, 7
2015/10/13, 54, 40, 45, 10, 3, 9
2015/10/13, 75, 72, 32, 28, 4, 9
2015/10/13, 73, 76, 30, 31, 5, 10
2015/10/13, 73, 74, 27, 21, 4, 14
2015/10/14, 154, 112, 86, 37, 11, 14
2015/10/14, 128, 75, 101, 16, 9, 12
2015/10/14, 167, 116, 68, 30, 11, 11
2015/10/14, 145, 124, 56, 53, 11, 14
2015/10/14, 137, 117, 96, 24, 12, 12
2015/10/15, 185, 82, 95, 12, 7, 10
2015/10/15, 208, 90, 82, 29, 10, 10
2015/10/15, 202, 88, 70, 23, 8, 11
2015/10/15, 194, 87, 82, 18, 8, 10
2015/10/15, 195, 98, 46, 45, 10, 11
2015/10/16, 188, 88, 77, 18, 8, 11
2015/10/16, 166, 95, 45, 34, 9, 11
2015/10/16, 150, 86, 80, 14, 7, 9
2015/10/16, 191, 82, 86, 11, 7, 10
2015/10/16, 171, 87, 67, 23, 9, 11
2015/10/17, 154, 33, 48, 10, 2, 2
2015/10/17, 169, 48, 49, 4, 2, 3
2015/10/17, 163, 29, 28, 21, 3, 5
2015/10/17, 180, 30, 40, 16, 4, 4
2015/10/17, 198, 31, 44, 12, 3, 3
2015/10/18, 65, 88, 35, 33, 10, 9
2015/10/18, 53, 102, 37, 21, 7, 7
2015/10/18, 58, 111, 22, 38, 8, 10
2015/10/18, 58, 50, 42, 15, 5, 8
2015/10/18, 55, 83, 41, 26, 8, 7
2015/10/19, 193, 95, 13, 33, 12, 8
2015/10/19, 185, 63, 31, 26, 10, 6
2015/10/19, 166, 72, 34, 17, 5, 7
2015/10/19, 176, 146, 33, 25, 11, 7
2015/10/19, 187, 64, 34, 22, 10, 4
2015/10/20, 145, 96, 41, 35, 15, 10
2015/10/20, 136, 106, 43, 23, 12, 9
2015/10/20, 143, 66, 42, 20, 7, 8
2015/10/20, 152, 128, 19, 49, 20, 16
2015/10/20, 144, 274, 39, 29, 9, 13
2015/10/21, 182, 85, 51, 17, 5, 7
2015/10/21, 199, 109, 44, 26, 13, 7
2015/10/21, 197, 108, , 39, 12, 12
2015/10/21, 280, 169, 29, 33, 11, 12
2015/10/21, 189, 91, 42, 33, 22, 7
2015/10/22, 173, 80, 24, 37, 10, 12
2015/10/22, 226, 80, 45, 20, 10, 8
2015/10/22, 219, 76, 42, 18, 8, 8
2015/10/22, 184, 79, 39, 30, 25, 7
2015/10/22, 217, 80, 41, 23, 15, 7
2015/10/23, 162, 53, 35, 15, 8, 3
2015/10/23, 150, 65, 34, 13, 6, 4
2015/10/23, 161, 50, 35, 18, 16, 4
2015/10/23, 150, 53, 22, 21, 12, 9
2015/10/23, 187, 62, 37, 11, 7, 5
2015/10/24, 76, 193, 81, 38, 19, 13
2015/10/24, 99, 87, 50, 21, 6, 10
2015/10/24, 83, 233, 102, 36, 14, 21
2015/10/24, 86, 167, 71, 45, 22, 15
2015/10/24, 81, 232, 40, 48, 20, 23
2015/10/25, 322, 190, 31, 40, 17, 17
2015/10/25, 277, 214, 60, 28, 18, 13
2015/10/25, 257, 159, 43, 34, 18, 11
2015/10/25, 283, 159, 40, 38, 20, 10
2015/10/25, 267, 123, 43, 24, 8, 12
2015/10/26, 254, 73, 18, 17, 29, 8
2015/10/26, 290, 78, 29, 9, 10, 2
2015/10/26, 271, 66, 28, 5, 8, 4
2015/10/26, 290, 69, 31, 13, 11, 3
2015/10/26, 284, 59, 36, 4, 2, 2
2015/10/27, 72, 51, 17, 17, 31, 8
2015/10/27, 53, 42, 26, 11, 15, 3
2015/10/27, 56, 54, 25, 8, 9, 5
2015/10/27, 67, 39, 32, 8, 4, 4
2015/10/27, 71, 42, 27, 13, 14, 3
2015/10/28, 74, 51, 24, 17, 17, 5
2015/10/28, 74, 61, 26, 14, 10, 7
2015/10/28, 58, 58, 26, 15, 21, 5
2015/10/28, 85, 77, 15, 22, 43, 10
2015/10/28, 72, 34, 32, 12, 4, 5
2015/10/29, 165, 181, 35, 20, 6, 10
2015/10/29, 107, 95, 28, 24, 20, 9
2015/10/29, 120, 129, 14, 29, 48, 15
2015/10/29, 95, 97, 28, 23, 36, 8
2015/10/29, 159, 113, 29, 21, 8, 9
2015/10/30, 175, 110, 40, 28, 35, 8
2015/10/30, 231, 117, 46, 21, 7, 10
2015/10/30, 200, 111, 19, 35, 37, 12
2015/10/30, 186, 100, 36, 30, 46, 9
2015/10/30, 202, 122, 37, 26, 14, 9
2015/10/31, 195, 95, 37, 32, 30, 9
2015/10/31, 190, 98, 26, 35, 36, 13
2015/10/31, 200, 102, 56, 20, 12, 10
2015/10/31, 200, 102, 42, 28, 26, 8
2015/10/31, 201, 103, 39, 24, 11, 9
2015/11/1, 191, 203, 54, 42, 26, 18
2015/11/1, 186, 190, 43, 39, 11, 26
2015/11/1, 188, 226, 64, 30, 13, 19
2015/11/1, 171, 190, 24, 54, 45, 30
2015/11/1, 184, 248, 56, 47, 36, 22
2015/11/2, 308, 259, 79, 33, 14, 21
2015/11/2, 291, 218, 51, 26, 11, 30
2015/11/2, 270, 276, 37, 45, 33, 29
2015/11/2, 268, 256, 60, 39, 16, 21
2015/11/2, 290, 182, 54, 38, 22, 22
2015/11/3, 326, 119, 59, 25, 19, 7
2015/11/3, 339, 112, 53, 24, 26, 9
2015/11/3, 285, 121, 58, 17, 9, 19
2015/11/3, 330, 142, 44, 30, 27, 13
2015/11/3, 321, 109, 75, 13, 12, 11
2015/11/4, 177, 82, 43, 17, 10, 17
2015/11/4, 172, 84, 54, 14, 9, 9
2015/11/4, 199, 82, 43, 19, 15, 6
2015/11/4, 186, 85, 43, 20, 9, 7
2015/11/4, 192, 90, 35, 22, 16, 6
2015/11/5, 152, 206, 39, 32, 18, 10
2015/11/5, 132, 170, 43, 34, 22, 18
2015/11/5, 140, 274, 57, 36, 15, 17
2015/11/5, 155, 226, 42, 43, 19, 15
2015/11/5, 167, 115, 43, 37, 28, 13
2015/11/6, 264, 241, 32, 37, 23, 14
2015/11/6, 354, 251, 47, 31, 11, 17
2015/11/6, 331, 216, 38, 38, 29, 15
2015/11/6, 287, 195, 35, 36, 27, 8
2015/11/6, 298, 240, 37, 40, 17, 15
2015/11/7, 348, 157, 28, 40, 19, 19
2015/11/7, 339, 356, 21, 47, 21, 19
2015/11/7, 297, 280, 21, 44, 32, 11
2015/11/7, 313, 377, 14, 43, 27, 21
2015/11/7, 330, 524, 37, 36, 10, 20
2015/11/8, 417, 353, 14, 36, 15, 18
2015/11/8, 434, 420, 40, 30, 16, 15
2015/11/8, 441, 354, 25, 36, 15, 15
2015/11/8, 521, 132, 31, 32, 17, 14
2015/11/8, 467, 250, 28, 30, 3, 7
2015/11/9, 393, 65, 24, 23, 32, 7
2015/11/9, 420, 63, 48, 8, 8, 5
2015/11/9, 397, 66, 33, 17, 13, 7
2015/11/9, 425, 69, , 19, 12, 5
2015/11/9, 471, 65, 38, 21, 20, 5
2015/11/10, 161, 70, 36, 25, 16, 6
2015/11/10, 158, 69, 24, 24, 31, 7
2015/11/10, 146, 59, 54, 6, 4, 5
2015/11/10, 155, 59, 38, 12, 5, 4
2015/11/10, 160, 69, 31, 19, 8, 7
2015/11/11, 158, 73, 21, 27, 32, 11
2015/11/11, 165, 74, 31, 31, 26, 10
2015/11/11, 153, 87, 48, 11, 4, 8
2015/11/11, 161, 78, 26, 28, 17, 11
2015/11/11, 155, 66, 34, 15, 5, 7
2015/11/12, 159, 57, 38, 11, 6, 7
2015/11/12, 172, 61, 38, 24, 17, 10
2015/11/12, 168, 60, 39, 8, 5, 7
2015/11/12, 163, 62, 23, 22, 26, 10
2015/11/12, 168, 64, 31, 25, 16, 10
2015/11/13, 155, 54, 41, 22, 25, 8
2015/11/13, 150, 55, 37, 20, 19, 7
2015/11/13, 147, 53, 25, 23, 22, 9
2015/11/13, 134, 50, 37, 12, 6, 6
2015/11/13, 124, 42, , 9, 6, 6
2015/11/14, 111, 56, 17, 18, 28, 8
2015/11/14, 119, 52, 26, 14, 16, 6
2015/11/14, 121, 49, 33, 19, 28, 7
2015/11/14, 102, 53, 28, 12, 7, 5
2015/11/14, 91, 55, 29, 11, 12, 7
2015/11/15, 116, 56, 14, 17, 26, 6
2015/11/15, 106, 58, 17, 16, 21, 4
2015/11/15, 114, 58, 20, 16, 15, 6
2015/11/15, 109, 51, 24, 9, 7, 5
2015/11/15, 120, 60, 21, 20, 22, 6
2015/11/16, 111, 66, 18, 18, 25, 7
2015/11/16, 105, 66, 24, 16, 21, 4
2015/11/16, 118, 65, 21, 15, 17, 6
2015/11/16, 119, 63, 22, 17, 17, 4
2015/11/16, 102, 67, 26, 11, 9, 6
2015/11/17, 141, 52, 24, 15, 25, 3
2015/11/17, 147, 59, 26, 14, 15, 6
2015/11/17, 151, 57, 23, 18, 18, 4
2015/11/17, 147, 49, 21, 13, 15, 5
2015/11/17, 146, 49, 28, 5, 5, 4
2015/11/18, 117, 52, 19, 16, 26, 3
2015/11/18, 115, 49, 16, 17, 19, 4
2015/11/18, 104, 51, 25, 8, 7, 4
2015/11/18, 133, 50, 21, 16, 14, 4
2015/11/18, 129, 48, 21, 12, 12, 6
2015/11/19, 120, 75, 18, 29, 46, 8
2015/11/19, 111, 72, 28, 16, 13, 6
2015/11/19, 129, 64, 24, 24, 30, 6
2015/11/19, 117, 62, 28, 19, 23, 8
2015/11/19, 119, 78, 24, 27, 32, 9
2015/11/20, 151, 97, 13, 37, 40, 13
2015/11/20, 149, 87, 21, 34, 43, 10
2015/11/20, 151, 65, 26, 19, 19, 6
2015/11/20, 140, 79, 22, 31, 31, 11
2015/11/20, 180, 109, 32, 29, 14, 10
2015/11/21, 166, 89, 25, 26, 28, 12
2015/11/21, 170, 73, 26, 26, 30, 8
2015/11/21, 176, 69, 19, 26, 31, 7
2015/11/21, 202, 78, 24, 25, 26, 8
2015/11/21, 141, 59, 29, 12, 10, 6
2015/11/22, 152, 49, 21, 14, 27, 3
2015/11/22, 158, 48, 25, 14, 16, 5
2015/11/22, 165, 50, 23, 12, 15, 6
2015/11/22, 143, 48, 16, 15, 24, 4
2015/11/22, 133, 44, 27, 8, 8, 4
2015/11/23, 112, 45, 26, 20, 31, 5
2015/11/23, 100, 50, 18, 22, 37, 6
2015/11/23, 96, 38, 26, 10, 11, 5
2015/11/23, 96, 60, 22, 21, 29, 5
2015/11/23, 104, 45, 25, 17, 24, 7
2015/11/24, 90, 50, 31, 9, 11, 5
2015/11/24, 100, 59, 28, 22, 30, 7
2015/11/24, 119, 56, 23, 20, 39, 4
2015/11/24, 106, 54, 21, 21, 33, 5
2015/11/24, 98, 61, 27, 19, 24, 9
2015/11/25, 118, 63, 31, 12, 15, 6
2015/11/25, 139, 60, , 22, 32, 7
2015/11/25, 111, 65, 27, 22, 37, 5
2015/11/25, 132, 60, 26, 17, 17, 8
2015/11/25, 122, 66, 19, 24, 38, 6
2015/11/26, 143, 61, 28, 26, 38, 8
2015/11/26, 137, 59, 32, 13, 10, 6
2015/11/26, 133, 70, 31, 20, 17, 6
2015/11/26, 141, 67, 13, 28, 39, 8
2015/11/26, 134, 63, , 24, 45, 7
2015/11/27, 130, 74, 28, 12, 10, 8
2015/11/27, 134, 84, 21, 30, 56, 8
2015/11/27, 137, 88, 11, 33, 36, 9
2015/11/27, 141, 83, 30, 23, 13, 7
2015/11/27, 143, 81, 23, 32, 51, 9
2015/11/28, 166, 79, 16, 28, 37, 11
2015/11/28, 166, 80, 13, 30, 43, 10
2015/11/28, 165, 81, 27, 24, 23, 9
2015/11/28, 168, 78, 20, 32, 42, 11
2015/11/28, 160, 74, 28, 13, 12, 9
2015/11/29, 170, 72, 18, 25, 41, 9
2015/11/29, 167, 69, 27, 15, 9, 6
2015/11/29, 160, 75, 26, 13, 9, 8
2015/11/29, 165, 73, 13, 25, 26, 9
2015/11/29, 165, 71, 19, 21, 34, 8
2015/11/30, 160, 60, 21, 24, 42, 9
2015/11/30, 162, 60, 20, 19, 30, 8
2015/11/30, 152, 57, 31, 11, 9, 6
2015/11/30, 169, 64, 24, 25, 38, 9
2015/11/30, 148, 54, 30, 8, 12, 9
2015/12/1, 120, 51, 103, 8, 8, 8
2015/12/1, 131, 66, 31, 16, 4, 8
2015/12/1, 136, 58, 25, 21, 27, 9
2015/12/1, 149, 73, 27, 24, 30, 10
2015/12/1, 139, 66, 17, 25, 37, 11
2015/12/2, 120, 45, 25, 7, 9, 5
2015/12/2, 135, 56, 13, 21, 40, 8
2015/12/2, 131, 64, 29, 12, 9, 5
2015/12/2, 139, 60, 22, 18, 31, 7
2015/12/2, 198, 57, 21, 18, 25, 6
2015/12/3, 129, 46, 24, 18, 33, 6
2015/12/3, 127, 45, 24, 18, 34, 5
2015/12/3, 125, 46, 16, 20, 46, 7
2015/12/3, 113, 46, 31, 12, 13, 4
2015/12/3, 95, 37, 28, 6, 8, 4
2015/12/4, 88, 32, 27, 18, 32, 4
2015/12/4, 90, 35, 27, 18, 35, 6
2015/12/4, 85, 34, 33, 11, 7, 4
2015/12/4, 75, 29, 29, 10, 21, 4
2015/12/4, 93, 38, 15, 20, 44, 6
2015/12/5, 82, 59, 31, 25, 25, 7
2015/12/5, 86, 54, 22, 25, 42, 8
2015/12/5, 73, 37, 33, 8, 8, 5
2015/12/5, 81, 53, 25, 23, 35, 8
2015/12/5, 87, 50, 15, 25, 44, 7
2015/12/6, 133, 92, 19, 39, 43, 16
2015/12/6, 91, 62, 40, 10, 19, 8
2015/12/6, 131, 89, 40, 30, 25, 12
2015/12/6, 125, 91, 18, 43, 53, 16
2015/12/6, 118, 77, 13, 39, 54, 13
2015/12/7, 185, 78, 28, 33, 40, 12
2015/12/7, 162, 86, 17, 33, 41, 13
2015/12/7, 189, 87, 28, 30, 35, 14
2015/12/7, 185, 84, 36, 19, 28, 11
2015/12/7, 141, 86, 41, 15, 27, 12
2015/12/8, 176, 79, 27, 18, 17, 11
2015/12/8, 177, 95, 23, 34, 41, 13
2015/12/8, 172, 82, 34, 10, 13, 9
2015/12/8, 173, 85, 11, 29, 28, 12
2015/12/8, 193, 92, 23, 25, 29, 11
2015/12/9, 165, 60, 26, 16, 9, 10
2015/12/9, 180, 59, 26, 18, 16, 10
2015/12/9, 157, 57, 31, 11, 9, 8
2015/12/9, 182, 69, 28, 25, 26, 11
2015/12/9, 170, 66, 15, 24, 22, 10
2015/12/10, 139, 71, 23, 28, 44, 9
2015/12/10, 120, 64, 28, 11, 14, 6
2015/12/10, 154, 68, 28, 28, 39, 10
2015/12/10, 151, 70, 26, 24, 37, 12
2015/12/10, 148, 67, 15, 27, 41, 9
2015/12/11, 153, 100, 14, 35, 55, 14
2015/12/11, 154, 90, 25, 26, 18, 12
2015/12/11, 164, 105, 24, 41, 52, 16
2015/12/11, 168, 103, 20, 33, 40, 16
2015/12/11, 148, 90, 28, 13, 10, 10
2015/12/12, 187, 142, 13, 47, 52, 19
2015/12/12, 216, 181, 22, 42, 43, 22
2015/12/12, 177, 124, 40, 19, 12, 15
2015/12/12, 193, 188, 21, 46, 32, 23
2015/12/12, 211, 142, 25, 51, 55, 21
2015/12/13, 216, 129, 27, 21, 16, 16
2015/12/13, 236, 144, 7, 37, 45, 19
2015/12/13, 291, 131, 22, 39, 55, 19
2015/12/13, 296, 135, 20, 30, 22, 17
2015/12/13, 316, 134, 15, 36, 43, 18
2015/12/14, 262, 60, 24, 20, 35, 7
2015/12/14, 228, 57, 26, 14, 19, 7
2015/12/14, 239, 68, 12, 24, 45, 7
2015/12/14, 261, 57, 23, 19, 27, 6
2015/12/14, 246, 54, 28, 15, 13, 6
2015/12/15, 129, 41, 13, 20, 24, 6
2015/12/15, 111, 40, 27, 11, 9, 5
2015/12/15, 131, 41, 24, 15, 32, 5
2015/12/15, 108, 38, 21, 16, 33, 5
2015/12/15, 112, 42, 22, 17, 31, 5
2015/12/16, 96, 52, 19, 19, 39, 7
2015/12/16, 100, 55, 11, 23, 25, 7
2015/12/16, 103, 55, 19, 20, 44, 7
2015/12/16, 87, 50, 24, 18, 14, 6
2015/12/16, 86, 51, 24, 8, 10, 6
2015/12/17, 121, 59, 22, 24, 41, 9
2015/12/17, 124, 65, 22, 25, 48, 9
2015/12/17, 121, 59, 24, 14, 23, 8
2015/12/17, 116, 72, , 30, 42, 10
2015/12/17, 108, 70, , 25, 21, 9
2015/12/18, 121, 48, 32, 4, 11, 5
2015/12/18, 144, 57, 26, 24, 40, 8
2015/12/18, 141, 53, 29, 15, 9, 5
2015/12/18, 140, 57, 27, 16, 15, 8
2015/12/18, 145, 58, 14, 28, 26, 6
2015/12/19, 110, 43, 32, 4, 11, 6
2015/12/19, 144, 53, 25, 16, 19, 8
2015/12/19, 140, 55, 22, 22, 38, 8
2015/12/19, 123, 59, 11, 28, 31, 8
2015/12/19, 129, 50, 29, 11, 13, 5
2015/12/20, 134, 109, 7, 34, 40, 15
2015/12/20, 99, 85, 29, 18, 19, 11
2015/12/20, 116, 96, 26, 22, 10, 11
2015/12/20, 140, 95, 20, 31, 42, 14
2015/12/20, 127, 90, 22, 28, 36, 14
2015/12/21, 189, 117, 22, 28, 26, 13
2015/12/21, 198, 137, 7, 37, 59, 17
2015/12/21, 160, 116, 24, 20, 26, 14
2015/12/21, 217, 156, 14, 41, 53, 18
2015/12/21, 221, 136, 16, 36, 44, 19
2015/12/22, 265, 120, 20, 30, 37, 17
2015/12/22, 269, 117, 21, 33, 43, 18
2015/12/22, 229, 125, 9, 32, 40, 18
2015/12/22, 210, 115, 26, 27, 17, 15
2015/12/22, 204, 116, 20, 21, 24, 15
2015/12/23, 199, 89, 30, 24, 13, 9
2015/12/23, 191, 83, 26, 15, 17, 8
2015/12/23, 218, 82, 27, 32, 49, 11
2015/12/23, 224, 86, 27, 28, 39, 12
2015/12/23, 201, 89, 15, 31, 46, 12
2015/12/24, 167, 65, 16, 24, 41, 9
2015/12/24, 177, 57, 24, 23, 22, 7
2015/12/24, 166, 62, 10, 25, 43, 9
2015/12/24, 156, 52, 24, 7, 13, 6
2015/12/24, 174, 63, 15, 28, 45, 10
2015/12/25, 118, 66, 20, 15, 30, 7
2015/12/25, 132, 84, 26, 22, 29, 8
2015/12/25, 145, 69, 13, 25, 40, 10
2015/12/25, 150, 62, 18, 23, 40, 9
2015/12/25, 152, 61, 20, 19, 34, 7
2015/12/26, 164, 66, 27, 18, 17, 6
2015/12/26, 150, 61, 12, 22, 31, 8
2015/12/26, 145, 68, 19, 20, 43, 7
2015/12/26, 137, 57, 22, 7, 11, 7
2015/12/26, 152, 63, 17, 26, 54, 10
2015/12/27, 143, 80, 30, 23, 27, 7
2015/12/27, 134, 70, 25, 13, 21, 9
2015/12/27, 152, 77, 20, 26, 49, 9
2015/12/27, 146, 78, 20, 32, 62, 11
2015/12/27, 136, 79, 9, 31, 45, 11
2015/12/28, 162, 81, 19, 33, 45, 15
2015/12/28, 156, 93, 31, 28, 23, 12
2015/12/28, 159, 87, 10, 36, 49, 15
2015/12/28, 149, 71, 30, 12, 25, 10
2015/12/28, 167, 85, 15, 40, 59, 14
2015/12/29, 180, 174, 13, 54, 63, 26
2015/12/29, 182, 276, 21, 50, 35, 30
2015/12/29, 159, 110, 27, 21, 33, 15
2015/12/29, 170, 154, 7, 50, 61, 27
2015/12/29, 177, 180, 17, 45, 47, 26
2015/12/30, 314, 173, 22, 37, 45, 21
2015/12/30, 297, 159, 16, 50, 62, 21
2015/12/30, 199, 150, 37, 24, 26, 16
2015/12/30, 235, 193, 9, 46, 49, 23
2015/12/30, 342, 204, 40, 31, 13, 23
2015/12/31, 294, , , , , 
2015/12/31, 283, , , , , 
2015/12/31, 258, , , , , 
2015/12/31, 300, , , , , 
2015/12/31, 225, , , , , 
2016/1/3, , 52, 22, 12, 22, 4
2016/1/3, , 41, 28, 8, 9, 6
2016/1/3, , 68, 14, 20, 43, 8
2016/1/3, , 48, 24, 18, 23, 5
2016/1/3, , 47, 33, 9, 5, 5
2016/1/4, 75, 51, 22, 13, 33, 4
2016/1/4, 99, 59, 14, 19, 33, 7
2016/1/4, 90, 52, 23, 19, 32, 5
2016/1/4, 85, 67, 28, 13, 11, 8
2016/1/4, 83, 38, 29, 6, 9, 5
2016/1/5, 97, 57, 27, 23, 34, 6
2016/1/5, 139, 61, 35, 19, 12, 10
2016/1/5, 72, 60, 27, 15, 20, 7
2016/1/5, 92, 55, 24, 18, 42, 6
2016/1/5, 102, 68, , 23, 36, 11
2016/1/6, 125, 60, 23, 18, 35, 8
2016/1/6, 124, 52, 32, 7, 9, 6
2016/1/6, 132, 71, 13, 24, 49, 9
2016/1/6, 132, 57, 26, 25, 33, 7
2016/1/6, 142, 65, 28, 25, 11, 11
2016/1/7, 127, 75, 11, 25, 43, 8
2016/1/7, 170, 63, 29, 16, 9, 5
2016/1/7, 118, 68, 23, 22, 42, 7
2016/1/7, 122, 63, 25, 25, 36, 7
2016/1/7, 114, 60, 31, 11, 11, 7
2016/1/8, 125, 58, 29, 25, 41, 7
2016/1/8, 126, 59, 34, 18, 14, 4
2016/1/8, 131, 58, 27, 20, 37, 6
2016/1/8, 124, 51, 34, 11, 17, 6
2016/1/8, 135, 67, 13, 24, 34, 8
2016/1/9, 119, 72, 37, 20, 9, 8
2016/1/9, 107, 69, 35, 14, 15, 9
2016/1/9, 128, 77, 16, 28, 37, 11
2016/1/9, 127, 62, 30, 23, 42, 8
2016/1/9, 133, 62, 33, 27, 43, 9
2016/1/10, 144, 63, , 11, 15, 8
2016/1/10, 153, 80, 16, 27, 44, 11
2016/1/10, 147, 75, 37, 18, 14, 8
2016/1/10, 138, 65, 30, 23, 42, 9
2016/1/10, 145, 63, 36, 26, 40, 9
2016/1/11, 146, 58, 34, 13, 14, 4
2016/1/11, 145, 61, 28, 24, 42, 6
2016/1/11, 142, 62, 24, 20, 45, 6
2016/1/11, 150, 68, 13, 22, 38, 8
2016/1/11, 133, 58, 34, 9, 12, 7
2016/1/12, 111, 43, 28, 19, 35, 6
2016/1/12, 123, 44, 33, 22, 35, 6
2016/1/12, 124, 53, 14, 21, 38, 8
2016/1/12, 113, 48, 35, 10, 10, 6
2016/1/12, 108, 51, 36, 13, 10, 5
2016/1/13, 97, 56, 28, 22, 36, 9
2016/1/13, 104, 57, 33, 27, 45, 8
2016/1/13, 103, 69, 14, 29, 29, 9
2016/1/13, 91, 45, 37, 7, 9, 5
2016/1/13, 100, 69, 36, 20, 12, 8
2016/1/14, 127, 91, 22, 31, 39, 16
2016/1/14, 97, 63, 33, 11, 19, 7
2016/1/14, 136, 93, 9, 37, 56, 12
2016/1/14, 136, 80, 28, 34, 47, 12
2016/1/14, 133, 106, 25, 32, 39, 14
2016/1/15, 181, 113, 25, 35, 49, 12
2016/1/15, 136, 125, 34, 21, 20, 13
2016/1/15, 176, 116, 13, 37, 48, 13
2016/1/15, 183, 135, 26, 37, 52, 16
2016/1/15, 185, 132, 24, 32, 42, 17
2016/1/16, 202, 91, 34, 27, 37, 10
2016/1/16, 202, 96, 13, 35, 53, 12
2016/1/16, 230, 99, 31, 24, 40, 11
2016/1/16, 256, 85, 32, 33, 54, 12
2016/1/16, 258, 101, 22, 32, 51, 13
2016/1/17, 175, 67, 15, 26, 32, 8
2016/1/17, 184, 66, 26, 18, 30, 7
2016/1/17, 184, 61, 30, 22, 39, 7
2016/1/17, 172, 64, 33, 18, 8, 7
2016/1/17, 198, 62, 23, 21, 55, 6
2016/1/18, 129, 67, 19, 22, 58, 8
2016/1/18, 128, 62, 29, 12, 8, 7
2016/1/18, 138, 70, 11, 23, 35, 9
2016/1/18, 137, 70, 22, 20, 47, 8
2016/1/18, 142, 65, 24, 22, 41, 8
2016/1/19, 154, 71, 19, 27, 54, 10
2016/1/19, 140, 76, 30, 23, 9, 10
2016/1/19, 154, 70, 13, 30, 35, 10
2016/1/19, 158, 69, 24, 30, 57, 9
2016/1/19, 148, 74, 23, 18, 26, 9
2016/1/20, 147, 118, 26, 28, 25, 16
2016/1/20, 156, 57, 33, 8, 14, 5
2016/1/20, 146, 85, 18, 33, 42, 12
2016/1/20, 157, 90, 27, 29, 37, 14
2016/1/20, 156, 97, 37, 34, 52, 14
2016/1/21, 189, 92, 33, 22, 16, 13
2016/1/21, 183, 89, 23, 28, 50, 12
2016/1/21, 189, 89, 30, 33, 56, 14
2016/1/21, 162, 94, 15, 32, 49, 13
2016/1/21, 137, 60, 36, 13, 25, 6
2016/1/22, 174, 74, 30, 18, 14, 8
2016/1/22, 175, 67, 24, 22, 54, 8
2016/1/22, 141, 66, 28, 18, 32, 7
2016/1/22, 180, 62, 25, 24, 51, 8
2016/1/22, 167, 72, 16, 25, 33, 9
2016/1/23, 150, 85, 30, 14, 9, 6
2016/1/23, 146, 85, 14, 23, 41, 9
2016/1/23, 151, 74, 26, 22, 40, 8
2016/1/23, 150, 77, 22, 20, 44, 6
2016/1/23, 143, 72, 31, 11, 12, 7
2016/1/24, 121, 76, 35, 12, 19, 7
2016/1/24, 133, 104, 28, 28, 49, 10
2016/1/24, 131, 110, 25, 23, 44, 8
2016/1/24, 121, 96, 31, 19, 22, 6
2016/1/24, 131, 111, 17, 28, 35, 11
2016/1/25, 150, 49, 29, 20, 33, 5
2016/1/25, 125, 49, , 10, 14, 4
2016/1/25, 146, 49, 27, 16, 33, 4
2016/1/25, 120, 54, 34, 9, 10, 6
2016/1/25, 148, 57, 19, 22, 45, 9
2016/1/26, 92, 59, 29, 21, 41, 5
2016/1/26, 92, 53, 35, 8, 10, 6
2016/1/26, 95, 59, 34, 15, 13, 6
2016/1/26, 102, 60, 29, 25, 47, 6
2016/1/26, 102, 66, 18, 26, 40, 11
2016/1/27, 106, 93, 25, 24, 28, 11
2016/1/27, 112, 76, 17, 29, 43, 11
2016/1/27, 93, 58, 34, 8, 17, 6
2016/1/27, 112, 65, 26, 25, 40, 9
2016/1/27, 104, 66, 24, 22, 24, 11
2016/1/28, 128, 48, 27, 8, 16, 6
2016/1/28, 144, 65, 14, 28, 49, 9
2016/1/28, 144, 64, 12, 23, 34, 9
2016/1/28, 149, 62, 21, 26, 52, 8
2016/1/28, 147, 65, 26, 20, 16, 9
2016/1/29, 146, 68, 29, 19, 8, 9
2016/1/29, 143, 62, 22, 22, 38, 7
2016/1/29, 146, 69, 22, 26, 48, 8
2016/1/29, 115, 63, 31, 12, 12, 7
2016/1/29, 141, 70, 15, 27, 40, 9
2016/1/30, 143, 56, 33, 16, 11, 7
2016/1/30, 158, 57, 30, 23, 40, 7
2016/1/30, 136, 52, 35, 9, 17, 6
2016/1/30, 140, 67, 17, 26, 48, 9
2016/1/30, 135, 62, 29, 21, 39, 7
2016/1/31, 114, 53, 38, 6, 10, 6
2016/1/31, 137, 62, , 21, 21, 8
2016/1/31, 141, 70, 19, 29, 32, 11
2016/1/31, 129, 66, 35, 17, 9, 8
2016/1/31, 142, 58, 31, 26, 41, 9
2016/2/1, 125, 61, 41, 8, 15, 7
2016/2/1, 142, 75, 27, 35, 52, 11
2016/2/1, 144, 81, 37, 21, 11, 11
2016/2/1, 141, 86, 15, 35, 40, 12
2016/2/1, 137, 79, 29, 27, 36, 10
2016/2/2, 140, 66, 41, 9, 20, 7
2016/2/2, 165, 76, 30, 27, 41, 9
2016/2/2, 158, 88, 15, 30, 39, 10
2016/2/2, 168, 75, 37, 14, 14, 8
2016/2/2, 166, 82, 32, 21, 25, 8
2016/2/3, 143, 69, 34, 15, 26, 4
2016/2/3, 133, 56, 37, 6, 8, 3
2016/2/3, 134, 55, 41, 6, 9, 5
2016/2/3, 152, 65, , 20, 38, 5
2016/2/3, 146, 72, 18, 21, 41, 5
2016/2/4, 78, 57, , 13, 7, 8
2016/2/4, 91, 69, 32, 24, 44, 6
2016/2/4, 79, 54, 38, 11, 20, 6
2016/2/4, 97, 71, 15, 26, 40, 7
2016/2/4, 96, 64, 34, 24, 39, 7
2016/2/5, 116, 61, 35, 22, 44, 8
2016/2/5, 100, 61, 35, 13, 9, 8
2016/2/5, 128, 69, 39, 9, 12, 8
2016/2/5, 114, 81, 14, 25, 33, 10
2016/2/5, 114, 71, 32, 23, 34, 9
2016/2/6, 144, 62, 31, 22, 54, 8
2016/2/6, 147, 67, 31, 16, 40, 7
2016/2/6, 142, 53, 41, 8, 15, 7
2016/2/6, 153, 70, 21, 20, 40, 8
2016/2/6, 135, 59, 33, 12, 19, 8
2016/2/7, 125, 81, 34, 11, 9, 8
2016/2/7, 119, 79, 39, 11, 21, 9
2016/2/7, 140, 95, 33, 15, 28, 8
2016/2/7, 144, 95, 22, 17, 26, 10
2016/2/7, 145, 88, 34, 16, 36, 9
2016/2/8, 174, 69, 37, 24, 45, 9
2016/2/8, 163, 74, 37, 12, 4, 10
2016/2/8, 168, 81, 26, 22, 26, 9
2016/2/8, 159, 78, 44, 10, 12, 8
2016/2/8, 176, 75, 37, 18, 29, 8
2016/2/9, 159, 45, 45, 6, 13, 7
2016/2/9, 164, 54, 36, 15, 25, 7
2016/2/9, 166, 58, 37, 15, 19, 8
2016/2/9, 170, 53, 38, 8, 6, 7
2016/2/9, 162, 65, 24, 19, 22, 8
2016/2/10, 117, 48, 43, 11, 21, 6
2016/2/10, 120, 41, 41, 12, 27, 6
2016/2/10, 101, 38, 43, 6, 5, 5
2016/2/10, 96, 38, 50, 5, 10, 6
2016/2/10, 120, 45, 27, 12, 26, 6
2016/2/11, 81, 47, 37, 10, 5, 7
2016/2/11, 90, 51, 25, 20, 23, 9
2016/2/11, 96, 49, 36, 12, 13, 7
2016/2/11, 80, 48, 44, 9, 10, 7
2016/2/11, 95, 49, 38, 17, 26, 8
2016/2/12, 117, 32, 30, 8, 5, 5
2016/2/12, 115, 36, 23, 14, 23, 5
2016/2/12, 122, 32, 30, 11, 17, 6
2016/2/12, 105, 34, 30, 11, 19, 4
2016/2/12, 112, 42, 36, 5, 8, 5
2016/2/13, 74, 37, 34, 6, 15, 5
2016/2/13, 81, 38, 20, 13, 17, 5
2016/2/13, 73, 36, 28, 10, 16, 4
2016/2/13, 76, 33, 28, 7, 8, 4
2016/2/13, 83, 34, 27, 13, 26, 5
2016/2/14, 66, 41, 29, 16, 29, 5
2016/2/14, 60, 39, 41, 5, 8, 6
2016/2/14, 60, 46, 34, 13, 36, 4
2016/2/14, 64, 49, , 16, 34, 6
2016/2/14, 70, 38, 34, 6, 7, 4
2016/2/15, 74, 32, 32, 8, 5, 4
2016/2/15, 89, 47, 19, 19, 36, 6
2016/2/15, 82, 39, 28, 17, 27, 5
2016/2/15, 82, 41, 31, 15, 28, 5
2016/2/15, 76, 35, 37, 7, 14, 6
2016/2/16, 80, 51, 29, 19, 35, 5
2016/2/16, 65, 47, 33, 9, 9, 5
2016/2/16, 78, 56, 34, 15, 29, 5
2016/2/16, 81, 58, 21, 19, 31, 6
2016/2/16, 59, 40, 37, 5, 7, 5
2016/2/17, 67, 41, 35, 11, 10, 7
2016/2/17, 68, 47, 39, 7, 8, 5
2016/2/17, 85, 57, 20, 23, 38, 8
2016/2/17, 83, 48, 31, 20, 34, 7
2016/2/17, 78, 50, 36, 15, 22, 7
2016/2/18, 85, 33, 40, 5, 6, 3
2016/2/18, 113, 44, 35, 9, 15, 3
2016/2/18, 106, 42, 33, 12, 16, 3
2016/2/18, 110, 53, 22, 17, 42, 4
2016/2/18, 87, 36, 35, 4, 7, 4
2016/2/19, 54, 49, 35, 10, 22, 3
2016/2/19, 54, 40, 34, 5, 6, 3
2016/2/19, 69, 51, 20, 15, 32, 5
2016/2/19, 46, 38, 37, 4, 7, 3
2016/2/19, 67, 45, 31, 12, 23, 4
2016/2/20, 68, 45, 18, 16, 30, 5
2016/2/20, 58, 33, 32, 5, 6, 4
2016/2/20, 66, 43, 33, 12, 24, 4
2016/2/20, 68, 38, 29, 15, 31, 4
2016/2/20, 57, 39, 36, 4, 6, 4
2016/2/21, 74, 56, 16, 20, 33, 7
2016/2/21, 75, 56, 30, 17, 22, 7
2016/2/21, 66, 53, 35, 8, 16, 6
2016/2/21, 74, 51, 27, 17, 32, 6
2016/2/21, 63, 49, 30, 11, 17, 6
2016/2/22, 120, 48, 34, 18, 32, 6
2016/2/22, 120, 55, 22, 23, 30, 7
2016/2/22, 114, 46, 40, 6, 8, 5
2016/2/22, 100, 49, 35, 13, 10, 6
2016/2/22, 122, 49, 36, 16, 22, 6
2016/2/23, 117, 46, 36, 13, 8, 6
2016/2/23, 116, 49, 32, 20, 35, 7
2016/2/23, 115, 58, 23, 24, 32, 7
2016/2/23, 105, 37, 39, 7, 12, 5
2016/2/23, 115, 51, 37, 15, 22, 6
2016/2/24, 110, 60, , 30, 30, 9
2016/2/24, 79, 42, 38, 6, 7, 5
2016/2/24, 100, 47, 35, 15, 7, 6
2016/2/24, 108, 48, 31, 25, 34, 7
2016/2/24, 102, 52, 36, 23, 28, 8
2016/2/25, 112, 42, 37, 15, 23, 5
2016/2/25, 103, 38, 36, 11, 6, 3
2016/2/25, 98, 38, 39, 7, 8, 5
2016/2/25, 111, 38, 33, 17, 23, 5
2016/2/25, 119, 48, 23, 25, 39, 7
2016/2/26, 91, 57, 37, 20, 18, 8
2016/2/26, 82, 45, 34, 17, 14, 6
2016/2/26, 96, 51, 25, 27, 31, 7
2016/2/26, 82, 38, 39, 5, 7, 4
2016/2/26, 91, 48, 33, 20, 30, 7
2016/2/27, 117, 55, 37, 19, 26, 8
2016/2/27, 86, 54, 40, 9, 13, 6
2016/2/27, 104, 57, 38, 17, 13, 7
2016/2/27, 105, 63, 28, 26, 27, 8
2016/2/27, 125, 61, 40, 19, 23, 7
2016/2/28, 127, 44, 39, 8, 12, 5
2016/2/28, 126, 46, 39, 14, 17, 5
2016/2/28, 132, 41, 36, 16, 25, 6
2016/2/28, 133, 48, 39, 16, 20, 5
2016/2/28, 131, 53, 27, 24, 39, 7
2016/2/29, 99, 59, 39, 17, 19, 5
2016/2/29, 103, 49, 38, 10, 9, 5
2016/2/29, 96, 53, 35, 19, 27, 6
2016/2/29, 103, 58, 25, 22, 26, 8
2016/2/29, 92, 48, 40, 6, 7, 5
2016/3/1, 101, 83, 20, 29, 39, 12
2016/3/1, 102, 71, 27, 26, 30, 10
2016/3/1, 86, 71, 31, 20, 19, 10
2016/3/1, 97, 75, 23, 28, 35, 11
2016/3/1, 91, 83, 35, 14, 15, 9
2016/3/2, 145, 55, 41, 8, 6, 6
2016/3/2, 159, 58, 33, 22, 17, 8
2016/3/2, 146, 59, 35, 24, 29, 7
2016/3/2, 151, 54, 31, 26, 24, 9
2016/3/2, 143, 51, 34, 14, 6, 7
2016/3/3, 141, 68, 30, 28, 27, 11
2016/3/3, 137, 73, 42, 26, 37, 9
2016/3/3, 146, 75, 36, 24, 18, 10
2016/3/3, 126, 61, 40, 13, 7, 7
2016/3/3, 116, 64, 44, 6, 8, 6
2016/3/4, 159, 230, 29, 22, 19, 9
2016/3/4, 156, 228, 36, 25, 24, 10
2016/3/4, 137, 210, 30, 11, 4, 6
2016/3/4, 163, 259, 30, 19, 17, 7
2016/3/4, 135, 136, 37, 12, 7, 7
2016/3/5, 155, 79, 34, 6, 5, 4
2016/3/5, 167, 62, 27, 20, 30, 6
2016/3/5, 167, 70, 30, 11, 5, 4
2016/3/5, 165, 70, 30, 15, 24, 4
2016/3/5, 173, 72, 28, 23, 25, 7
2016/3/6, 79, 48, 37, 8, 10, 4
2016/3/6, 102, 33, 27, 20, 26, 6
2016/3/6, 114, 39, 33, 16, 17, 4
2016/3/6, 87, 38, 31, 17, 20, 5
2016/3/6, 93, 42, 37, 24, 25, 7
2016/3/7, 112, 50, 30, 13, 18, 4
2016/3/7, 92, 45, 33, 4, 7, 2
2016/3/7, 84, 52, 36, 9, 15, 3
2016/3/7, 84, 50, 33, 16, 18, 5
2016/3/7, 76, 51, 37, 3, 4, 3
2016/3/8, 62, 44, , 11, 20, 4
2016/3/8, 58, 37, 36, 5, 6, 3
2016/3/8, 66, 51, 30, 19, 29, 5
2016/3/8, 89, 41, 32, 14, 21, 4
2016/3/8, 65, 33, 34, 5, 7, 3
2016/3/9, 58, 31, 36, 5, 4, 3
2016/3/9, 70, 38, 31, 14, 18, 4
2016/3/9, 70, 41, 35, 10, 15, 4
2016/3/9, 73, 48, 22, 19, 22, 5
2016/3/9, 67, 33, 33, 6, 8, 3
2016/3/10, 71, 33, 35, 11, 7, 3
2016/3/10, 66, 38, , 18, 24, 4
2016/3/10, 61, 29, 39, 5, 5, 3
2016/3/10, 72, 46, 22, 22, 22, 5
2016/3/10, 70, 41, 37, 15, 27, 4
2016/3/11, 69, 65, 37, 21, 26, 7
2016/3/11, 60, 51, 44, 8, 10, 6
2016/3/11, 75, 72, 43, 14, 19, 6
2016/3/11, 77, 73, 24, 23, 22, 7
2016/3/11, 78, 59, 40, 10, 11, 5
2016/3/12, 114, 37, 40, 8, 6, 2
2016/3/12, 103, 46, 43, 6, 7, 3
2016/3/12, 110, 42, 39, 14, 22, 3
2016/3/12, 122, 49, 27, 19, 16, 5
2016/3/12, 121, 48, 44, 11, 14, 3
2016/3/13, 60, 48, 46, 8, 6, 5
2016/3/13, 75, 52, 38, 20, 26, 5
2016/3/13, 70, 55, 44, 16, 30, 4
2016/3/13, 64, 59, 25, 27, 28, 8
2016/3/13, 69, 47, 43, 12, 8, 4
2016/3/14, 114, 91, 53, 20, 34, 9
2016/3/14, 101, 81, 45, 25, 30, 9
2016/3/14, 112, 80, 53, 16, 16, 9
2016/3/14, 99, 80, 60, 11, 12, 9
2016/3/14, 113, 98, 38, 30, 22, 12
2016/3/15, 145, 131, 70, 12, 14, 9
2016/3/15, 151, 115, 46, 32, 22, 11
2016/3/15, 160, 96, 67, 16, 14, 9
2016/3/15, 164, 108, 64, 20, 28, 8
2016/3/15, 155, 95, 51, 25, 29, 9
2016/3/16, 195, 56, 76, 6, 8, 5
2016/3/16, 185, 83, 76, 14, 12, 6
2016/3/16, 164, 89, 51, 21, 24, 7
2016/3/16, 174, 72, 61, 18, 21, 7
2016/3/16, 175, 73, 70, 9, 7, 6
2016/3/17, 154, 67, 69, 8, 8, 5
2016/3/17, 155, 75, 83, 12, 11, 5
2016/3/17, 151, 78, 66, 20, 17, 7
2016/3/17, 174, 68, 70, 17, 17, 6
2016/3/17, 150, 72, 70, 9, 6, 6
2016/3/18, 126, 47, 50, 18, 14, 5
2016/3/18, 126, 54, 54, 18, 14, 6
2016/3/18, 126, 46, 48, 22, 23, 5
2016/3/18, 128, 58, 44, 28, 24, 7
2016/3/18, 115, 44, 55, 7, 9, 3
2016/3/19, 81, 77, 70, 13, 11, 6
2016/3/19, 110, 79, 66, 22, 11, 10
2016/3/19, 107, 101, 41, 45, 28, 13
2016/3/19, 103, 95, 72, 29, 18, 10
2016/3/19, 99, 85, 65, 34, 25, 12
2016/3/20, 167, 84, 82, 10, 9, 6
2016/3/20, 199, 92, 79, 18, 15, 9
2016/3/20, 171, 84, 43, 33, 18, 8
2016/3/20, 174, 79, 63, 25, 25, 7
2016/3/20, 182, 97, 72, 22, 15, 8
2016/3/21, 165, 49, 47, 8, 9, 4
2016/3/21, 155, 53, 32, 21, 18, 6
2016/3/21, 177, 51, 42, 13, 14, 5
2016/3/21, 199, 50, 48, 14, 15, 5
2016/3/21, 160, 54, 39, 17, 18, 5
2016/3/22, 103, 62, 46, 11, 11, 4
2016/3/22, 106, 59, 43, 12, 12, 5
2016/3/22, 104, 60, 41, 17, 20, 5
2016/3/22, 101, 65, 33, 18, 13, 6
2016/3/22, 88, 56, 48, 8, 9, 4
2016/3/23, 118, 53, 41, 19, 13, 6
2016/3/23, 106, 59, 46, 9, 9, 4
2016/3/23, 118, 55, 40, 21, 21, 6
2016/3/23, 112, 64, 37, 24, 23, 8
2016/3/23, 111, 62, 44, 17, 15, 6
2016/3/24, 150, 83, 62, 24, 9, 8
2016/3/24, 125, 96, 68, 23, 13, 8
2016/3/24, 129, 78, 58, 31, 30, 10
2016/3/24, 132, 93, 42, 39, 20, 12
2016/3/24, 137, 97, 64, 29, 20, 11
2016/3/25, 171, 80, 68, 28, 29, 8
2016/3/25, 183, 90, 76, 28, 20, 7
2016/3/25, 192, 89, 67, 24, 13, 7
2016/3/25, 174, 92, 77, 16, 11, 7
2016/3/25, 170, 95, 42, 40, 25, 11
2016/3/26, 170, 96, 70, 26, 17, 7
2016/3/26, 174, 84, 76, 11, 9, 6
2016/3/26, 171, 89, 57, 24, 21, 9
2016/3/26, 167, 84, 63, 25, 21, 8
2016/3/26, 190, 86, 66, 23, 14, 7
2016/3/27, 167, 247, 46, 24, 13, 9
2016/3/27, 181, 275, 55, 17, 15, 6
2016/3/27, 165, 245, 63, 8, 10, 6
2016/3/27, 196, 263, 52, 11, 8, 6
2016/3/27, 172, 260, 49, 19, 18, 8
2016/3/28, 162, 74, 45, 11, 12, 4
2016/3/28, 158, 77, 53, 18, 11, 7
2016/3/28, 161, 80, 54, 11, 8, 3
2016/3/28, 147, 97, 54, 6, 5, 3
2016/3/28, 169, 88, 50, 7, 5, 4
2016/3/29, 95, 54, 41, 16, 11, 5
2016/3/29, 71, 60, 45, 16, 11, 5
2016/3/29, 72, 63, 32, 27, 17, 9
2016/3/29, 68, 66, 47, 8, 4, 4
2016/3/29, 140, 61, 45, 9, 10, 5
2016/3/30, 139, 249, 73, 11, 14, 8
2016/3/30, 101, 130, 88, 9, 11, 7
2016/3/30, 104, 237, 71, 20, 15, 8
2016/3/30, 105, 271, 81, 18, 13, 7
2016/3/30, 101, 249, 44, 30, 14, 12
2016/3/31, 171, 118, 68, 7, 8, 5
2016/3/31, 156, 105, 60, 20, 8, 10
2016/3/31, 153, 100, 71, 13, 10, 6
2016/3/31, 148, 115, 79, 6, 5, 5
2016/3/31, 155, 124, 79, 11, 8, 5
2016/4/1, 118, 63, 62, 5, 3, 3
2016/4/1, 136, 74, 60, 10, 7, 3
2016/4/1, 157, 65, 54, 7, 5, 2
2016/4/1, 125, 69, 46, 21, 11, 8
2016/4/1, 136, 68, 50, 13, 11, 4
2016/4/2, 79, 56, 39, 9, 9, 3
2016/4/2, 81, 49, 38, 13, 12, 5
2016/4/2, 63, 55, 29, 20, 13, 9
2016/4/2, 46, 53, 41, 6, 4, 3
2016/4/2, 59, 55, 42, 11, 7, 3
2016/4/3, 96, 76, 50, 15, 12, 4
2016/4/3, 53, 55, 53, 9, 7, 5
2016/4/3, 66, 71, 53, 18, 9, 5
2016/4/3, 66, 65, 38, 29, 12, 10
2016/4/3, 66, 62, 49, 20, 14, 7
2016/4/4, 117, 43, 46, 16, 13, 6
2016/4/4, 106, 49, 49, 9, 5, 4
2016/4/4, 110, 47, 32, 23, 9, 9
2016/4/4, 124, 52, 49, 15, 10, 4
2016/4/4, 138, 51, 45, 12, 9, 2
2016/4/5, 74, 72, 61, 23, 13, 9
2016/4/5, 95, 65, 79, 9, 12, 3
2016/4/5, 81, 76, 78, 16, 9, 6
2016/4/5, 81, 66, 67, 20, 10, 8
2016/4/5, 75, 66, 80, 6, 6, 5
2016/4/6, 130, 114, 56, 12, 11, 6
2016/4/6, 118, 131, 56, 16, 12, 7
2016/4/6, 117, 84, 67, 5, 4, 3
2016/4/6, 136, 136, 66, 9, 7, 4
2016/4/6, 124, 143, 63, 6, 7, 2
2016/4/7, 103, 140, 47, 9, 8, 1
2016/4/7, 96, 134, 63, 12, 4, 3
2016/4/7, 97, 128, 35, 20, 11, 7
2016/4/7, 74, 99, 49, 4, 3, 2
2016/4/7, 102, 106, 41, 15, 12, 5
2016/4/8, 96, 42, 38, 13, 9, 5
2016/4/8, 90, 45, 30, 17, 7, 6
2016/4/8, 72, 59, 42, 6, 4, 2
2016/4/8, 95, 49, 59, 11, 8, 2
2016/4/8, 104, 52, 36, 10, 9, 2
2016/4/9, 56, 39, 43, 4, 2, 3
2016/4/9, 54, 49, 32, 23, 10, 8
2016/4/9, 65, 48, 38, 21, 9, 7
2016/4/9, 94, 62, 40, 17, 7, 6
2016/4/9, 71, 56, 41, 18, 7, 4
2016/4/10, 86, 60, 44, 24, 13, 8
2016/4/10, 90, 55, 46, 25, 11, 7
2016/4/10, 66, 52, 52, 14, 4, 4
2016/4/10, 114, 58, 39, 18, 9, 6
2016/4/10, 96, 64, 50, 24, 8, 6
2016/4/11, 119, 66, 47, 22, 5, 7
2016/4/11, 104, 59, 42, 25, 6, 7
2016/4/11, 103, 58, 48, 7, 2, 5
2016/4/11, 107, 57, 41, 24, 5, 9
2016/4/11, 113, 63, 45, 11, 9, 7
2016/4/12, 136, 55, 31, 20, 7, 7
2016/4/12, 124, 54, 45, 6, 4, 6
2016/4/12, 127, 53, 38, 20, 5, 7
2016/4/12, 146, 58, 35, 17, 5, 7
2016/4/12, 126, 46, 43, 11, 7, 8
2016/4/13, 130, 50, 45, 18, 6, 6
2016/4/13, 120, 58, 35, 29, 7, 8
2016/4/13, 99, 51, 49, 12, 4, 7
2016/4/13, 100, 54, 49, 9, 3, 5
2016/4/13, 141, 55, 49, 16, 4, 5
2016/4/14, 126, 61, 38, 21, 6, 7
2016/4/14, 113, 52, 47, 10, 8, 7
2016/4/14, 131, 57, 44, 22, 5, 7
2016/4/14, 129, 61, 50, 20, 3, 6
2016/4/14, 117, 50, 48, 9, 4, 5
2016/4/15, 125, 75, 44, 20, 5, 7
2016/4/15, 102, 76, 49, 11, 8, 6
2016/4/15, 119, 84, 43, 29, 5, 9
2016/4/15, 107, 71, 53, 9, 3, 5
2016/4/15, 123, 85, 59, 15, 4, 6
2016/4/16, 144, 59, 46, 13, 2, 5
2016/4/16, 142, 76, 37, 15, 4, 6
2016/4/16, 123, 53, 40, 12, 5, 5
2016/4/16, 115, 45, 42, 10, 2, 5
2016/4/16, 143, 40, 34, 21, 2, 8
2016/4/17, 89, 36, 41, 16, 4, 5
2016/4/17, 75, 30, 47, 8, 3, 4
2016/4/17, 87, 39, 46, 13, 3, 4
2016/4/17, 80, 39, 31, 25, 5, 7
2016/4/17, 80, 33, 45, 10, 6, 4
2016/4/18, 85, 66, 59, 13, 5, 5
2016/4/18, 61, 38, 59, 7, 3, 4
2016/4/18, 64, 49, 58, 11, 8, 4
2016/4/18, 70, 52, 48, 18, 7, 5
2016/4/18, 77, 57, 35, 24, 6, 7
2016/4/19, 80, 44, 49, 14, 5, 5
2016/4/19, 75, 45, 56, 8, 7, 4
2016/4/19, 126, 83, 60, 8, 3, 5
2016/4/19, 89, 47, 44, 21, 4, 6
2016/4/19, 74, 41, 57, 7, 3, 4
2016/4/20, 70, 71, 65, 14, 5, 5
2016/4/20, 70, 74, 69, 8, 6, 5
2016/4/20, 70, 57, 73, 7, 3, 4
2016/4/20, 112, 81, 75, 11, 3, 5
2016/4/20, 77, 78, 50, 20, 4, 7
2016/4/21, 89, 117, 44, 11, 4, 3
2016/4/21, 84, 99, 48, 6, 2, 2
2016/4/21, 100, 126, 34, 19, 4, 5
2016/4/21, 81, 142, 48, 8, 5, 3
2016/4/21, 100, 138, 51, 8, 3, 3
2016/4/22, 76, 59, 41, 6, 2, 3
2016/4/22, 93, 49, 29, 20, 2, 6
2016/4/22, 83, 51, 41, 9, 4, 4
2016/4/22, 84, 44, 39, 10, 2, 3
2016/4/22, 82, 37, 37, 13, 3, 4
2016/4/23, 62, 83, 54, 18, 3, 5
2016/4/23, 61, 83, 39, 27, 4, 8
2016/4/23, 56, 79, 55, 14, 7, 5
2016/4/23, 54, 76, 47, 23, 6, 7
2016/4/23, 52, 48, 54, 6, 3, 4
2016/4/24, 64, 60, 38, 8, 4, 4
2016/4/24, 81, 61, 35, 12, 6, 6
2016/4/24, 84, 58, 34, 14, 6, 5
2016/4/24, 104, 61, 25, 20, 4, 7
2016/4/24, 90, 66, 32, 12, 4, 4
2016/4/25, 84, 27, 44, 4, 2, 3
2016/4/25, 86, 37, 37, 17, 3, 6
2016/4/25, 84, 42, 40, 17, 5, 4
2016/4/25, 94, 49, 41, 16, 4, 4
2016/4/25, 77, 35, 40, 13, 3, 5
2016/4/26, 64, 65, 55, 28, 7, 7
2016/4/26, 62, 65, 42, 34, 4, 9
2016/4/26, 88, 87, 57, 26, 5, 7
2016/4/26, 57, 60, 59, 22, 5, 6
2016/4/26, 48, 52, 65, 15, 3, 5
2016/4/27, 104, 37, 59, 14, 6, 4
2016/4/27, 108, 37, 44, 21, 2, 6
2016/4/27, 93, 36, 64, 11, 6, 5
2016/4/27, 97, 35, 67, 6, 3, 3
2016/4/27, 120, 45, 63, 14, 3, 3
2016/4/28, 66, 49, 61, 26, 8, 5
2016/4/28, 62, 56, 48, 36, 6, 7
2016/4/28, 59, 58, 64, 19, 7, 4
2016/4/28, 62, 57, 66, 23, 6, 4
2016/4/28, 58, 46, 63, 12, 3, 3
2016/4/29, 67, 32, 54, 6, 2, 4
2016/4/29, 65, 34, 46, 17, 4, 6
2016/4/29, 79, 38, 53, 15, 3, 4
2016/4/29, 83, 32, 42, 17, 2, 6
2016/4/29, 72, 25, 51, 10, 2, 4
2016/4/30, 96, 75, 72, 15, 5, 7
2016/4/30, 74, 71, 52, 23, 5, 10
2016/4/30, 77, 66, 60, 18, 6, 9
2016/4/30, 81, 66, 76, 11, 2, 7
2016/4/30, 68, 69, 74, 8, 4, 7
2016/5/1, 162, 57, 56, 14, 3, 5
2016/5/1, 134, 53, 61, 11, 3, 5
2016/5/1, 129, 65, 65, 8, 3, 5
2016/5/1, 143, 52, 48, 17, 4, 7
2016/5/1, 135, 58, 38, 27, 3, 8
2016/5/2, 113, 19, 41, 9, 1, 3
2016/5/2, 111, 19, 36, 10, 3, 4
2016/5/2, 111, 16, 33, 11, 1, 5
2016/5/2, 109, 33, 41, 5, 2, 3
2016/5/2, 105, 17, 39, 9, 6, 3
2016/5/3, 44, 33, 41, 17, 2, 5
2016/5/3, 50, 35, 45, 11, 2, 3
2016/5/3, 32, 36, 44, 6, 3, 3
2016/5/3, 59, 33, 45, 8, 4, 3
2016/5/3, 53, 35, 41, 12, 3, 4
2016/5/4, 29, 48, 68, 12, 6, 4
2016/5/4, 37, 48, 61, 21, 5, 6
2016/5/4, 40, 51, 69, 20, 4, 6
2016/5/4, 30, 47, 70, 7, 4, 4
2016/5/4, 40, 53, 51, 29, 5, 7
2016/5/5, 79, 95, 56, 10, 2, 3
2016/5/5, 81, 85, 55, 6, 4, 3
2016/5/5, 61, 71, 57, 5, 2, 3
2016/5/5, 70, 83, 54, 13, 3, 5
2016/5/5, 81, 80, 51, 19, 2, 6
2016/5/6, 87, 40, 46, 9, 2, 3
2016/5/6, 80, 30, 43, 11, 3, 4
2016/5/6, 92, 35, 35, 18, 1, 5
2016/5/6, 72, 47, 45, 6, 2, 3
2016/5/6, 74, 32, 46, 9, 4, 3
2016/5/7, 61, 55, 40, 25, 3, 5
2016/5/7, 67, 60, 66, 15, 3, 4
2016/5/7, 60, 48, 67, 6, 3, 3
2016/5/7, 60, 58, 64, 10, 4, 3
2016/5/7, 64, 53, 57, 19, 4, 5
2016/5/8, 81, 73, 71, 13, 9, 4
2016/5/8, 69, 69, 55, 29, 5, 7
2016/5/8, 57, 58, 73, 8, 5, 4
2016/5/8, 73, 69, 74, 12, 6, 4
2016/5/8, 63, 65, 64, 15, 7, 5
2016/5/9, 73, 59, 75, 13, 3, 4
2016/5/9, 88, 58, 52, 34, 4, 7
2016/5/9, 82, 52, 64, 20, 5, 5
2016/5/9, 93, 64, 72, 19, 4, 5
2016/5/9, 83, 75, 78, 25, 7, 5
2016/5/10, 115, 90, 106, 21, 4, 7
2016/5/10, 84, 76, 92, 25, 5, 7
2016/5/10, 105, 76, 102, 14, 6, 5
2016/5/10, 89, 78, 75, 34, 4, 7
2016/5/10, 80, 56, 102, 7, 4, 4
2016/5/11, 106, 44, 79, 14, 3, 6
2016/5/11, 83, 46, 93, 6, 3, 4
2016/5/11, 103, 41, 86, 6, 4, 5
2016/5/11, 111, 41, 73, 23, 2, 6
2016/5/11, 104, 43, 92, 10, 2, 4
2016/5/12, 94, 43, 56, 15, 4, 5
2016/5/12, 85, 45, 43, 24, 3, 5
2016/5/12, 86, 43, 63, 8, 5, 4
2016/5/12, 91, 46, 62, 10, 3, 4
2016/5/12, 76, 30, 62, 5, 4, 4
2016/5/13, 73, 40, 57, 9, 7, 4
2016/5/13, 80, 49, 58, 10, 4, 4
2016/5/13, 83, 45, 38, 24, 4, 5
2016/5/13, 64, 33, 56, 6, 4, 4
2016/5/13, 78, 44, 49, 16, 5, 6
2016/5/14, 62, 31, 50, 9, 4, 4
2016/5/14, 56, 30, 49, 6, 2, 4
2016/5/14, 69, 34, 40, 26, 1, 6
2016/5/14, 69, 34, 44, 15, 3, 6
2016/5/14, 71, 46, 50, 12, 2, 4
2016/5/15, 67, 33, 45, 7, 3, 3
2016/5/15, 77, 54, 32, 36, 3, 8
2016/5/15, 89, 57, 46, 22, 3, 7
2016/5/15, 73, 49, 45, 18, 6, 4
2016/5/15, 81, 49, 41, 26, 4, 7
2016/5/16, 92, 56, 105, 14, 8, 5
2016/5/16, 78, 37, 103, 7, 5, 5
2016/5/16, 108, 63, 70, 36, 6, 8
2016/5/16, 109, 66, 106, 17, 5, 7
2016/5/16, 97, 62, 97, 24, 7, 8
2016/5/17, 75, 51, 112, 7, 6, 5
2016/5/17, 104, 64, 99, 21, 6, 6
2016/5/17, 96, 64, 109, 14, 8, 6
2016/5/17, 97, 69, 115, 10, 6, 5
2016/5/17, 84, 59, 113, 7, 9, 4
2016/5/18, 96, 61, 113, 10, 4, 4
2016/5/18, 98, 56, 92, 26, 4, 7
2016/5/18, 86, 46, 105, 7, 4, 4
2016/5/18, 93, 54, 107, 9, 8, 4
2016/5/18, 93, 54, 108, 15, 6, 5
2016/5/19, 92, 54, 81, 28, 4, 7
2016/5/19, 81, 41, 102, 10, 4, 4
2016/5/19, 94, 59, 104, 13, 4, 4
2016/5/19, 108, 49, 101, 10, 8, 4
2016/5/19, 97, 52, 97, 18, 6, 5
2016/5/20, 83, 51, 78, 31, 5, 7
2016/5/20, 91, 55, 105, 13, 8, 4
2016/5/20, 92, 55, 92, 13, 5, 3
2016/5/20, 87, 52, 90, 17, 7, 4
2016/5/20, 74, 39, 103, 10, 4, 3
2016/5/21, 89, 52, 61, 14, 7, 3
2016/5/21, 86, 50, 61, 17, 4, 4
2016/5/21, 80, 35, 49, 17, 2, 5
2016/5/21, 71, 25, 60, 8, 3, 2
2016/5/21, 99, 52, 58, 14, 4, 3
2016/5/22, 49, 55, 62, 30, 5, 8
2016/5/22, 68, 64, 69, 22, 7, 5
2016/5/22, 72, 79, 60, 23, 6, 5
2016/5/22, 42, 41, 62, 9, 2, 3
2016/5/22, 85, 61, 57, 26, 8, 6
2016/5/23, 128, 38, 62, 9, 2, 5
2016/5/23, 96, 26, 53, 24, 1, 9
2016/5/23, 87, 33, 62, 5, 1, 4
2016/5/23, 100, 24, 70, 7, 4, 4
2016/5/23, 125, 28, 56, 15, 3, 3
2016/5/24, 58, 28, 54, 5, 2, 3
2016/5/24, 68, 42, 41, 27, 2, 8
2016/5/24, 84, 37, 49, 18, 4, 2
2016/5/24, 95, 39, 51, 12, 2, 4
2016/5/24, 74, 32, 56, 8, 4, 3
2016/5/25, 71, 45, 32, 24, 3, 7
2016/5/25, 77, 47, 46, 11, 2, 4
2016/5/25, 66, 41, 44, 15, 4, 3
2016/5/25, 52, 32, 47, 6, 3, 4
2016/5/25, 59, 49, 47, 9, 6, 3
2016/5/26, 57, 47, 83, 8, 3, 3
2016/5/26, 66, 69, 74, 19, 5, 5
2016/5/26, 70, 77, 45, 28, 4, 6
2016/5/26, 78, 74, 82, 13, 4, 4
2016/5/26, 65, 73, 82, 10, 6, 3
2016/5/27, 80, 61, 80, 27, 6, 7
2016/5/27, 89, 62, 112, 10, 8, 6
2016/5/27, 50, 52, 114, 9, 6, 5
2016/5/27, 84, 62, 106, 17, 8, 6
2016/5/27, 92, 65, 117, 11, 7, 6
2016/5/28, 68, 34, 98, 6, 3, 2
2016/5/28, 106, 41, 90, 9, 3, 3
2016/5/28, 92, 36, 69, 21, 2, 4
2016/5/28, 114, 37, 85, 13, 4, 2
2016/5/28, 86, 48, 86, 8, 4, 3
2016/5/29, 94, 51, 50, 12, 5, 3
2016/5/29, 70, 48, 50, 14, 3, 3
2016/5/29, 53, 44, 28, 24, 3, 4
2016/5/29, 61, 30, 50, 9, 3, 2
2016/5/29, 79, 40, 46, 18, 5, 3
2016/5/30, 53, 27, 28, 21, 1, 4
2016/5/30, 37, 23, 43, 5, 2, 2
2016/5/30, 61, 39, 40, 10, 3, 3
2016/5/30, 56, 24, 38, 12, 4, 3
2016/5/30, 66, 41, 40, 11, 3, 3
2016/5/31, 48, 55, 54, 26, 5, 9
2016/5/31, 67, 62, 57, 18, 4, 4
2016/5/31, 72, 66, 54, 22, 3, 6
2016/5/31, 32, 27, 61, 16, 3, 3
2016/5/31, 51, 51, 40, 33, 4, 9
2016/6/1, 119, 70, 62, 27, 2, 7
2016/6/1, 45, 25, 67, 11, 2, 3
2016/6/1, 92, 55, 56, 21, 4, 4
2016/6/1, 103, 55, 63, 33, 4, 9
2016/6/1, 88, 50, 48, 38, 3, 7
2016/6/2, 139, 68, 112, 18, 5, 5
2016/6/2, 79, 52, 82, 48, 4, 6
2016/6/2, 84, 53, 119, 16, 8, 5
2016/6/2, 101, 49, 110, 22, 6, 6
2016/6/2, 39, 35, 116, 11, 4, 5
2016/6/3, 83, 50, 83, 41, 4, 5
2016/6/3, 118, 58, 111, 17, 5, 4
2016/6/3, 84, 49, 103, 19, 6, 5
2016/6/3, 97, 52, 114, 14, 7, 3
2016/6/3, 70, 55, 125, 11, 4, 4
2016/6/4, 128, 74, 111, 20, 7, 6
2016/6/4, 95, 61, 116, 14, 4, 5
2016/6/4, 104, 64, 113, 18, 10, 5
2016/6/4, 110, 67, 105, 24, 8, 8
2016/6/4, 92, 69, 82, 52, 7, 8
2016/6/5, 132, 51, 69, 43, 5, 6
2016/6/5, 125, 53, 108, 15, 9, 3
2016/6/5, 148, 56, 105, 15, 5, 3
2016/6/5, 132, 49, 100, 19, 7, 5
2016/6/5, 111, 45, 110, 15, 3, 4
2016/6/6, 101, 43, 79, 15, 2, 3
2016/6/6, 79, 26, 51, 26, 2, 4
2016/6/6, 80, 29, 81, 13, 7, 2
2016/6/6, 84, 33, 77, 17, 3, 4
2016/6/6, 77, 25, 84, 6, 2, 2
2016/6/7, 97, 44, 55, 19, 2, 3
2016/6/7, 63, 46, 50, 19, 5, 2
2016/6/7, 52, 40, 34, 31, 2, 5
2016/6/7, 62, 33, 50, 23, 3, 4
2016/6/7, 38, 54, 50, 12, 2, 2
2016/6/8, 63, 55, 53, 37, 4, 7
2016/6/8, 41, 66, 78, 13, 3, 5
2016/6/8, 64, 53, 72, 26, 5, 7
2016/6/8, 78, 61, 86, 21, 6, 5
2016/6/8, 85, 66, 81, 24, 5, 7
2016/6/9, 121, 55, 65, 20, 3, 6
2016/6/9, 110, 51, 74, 14, 5, 5
2016/6/9, 75, 56, 68, 11, 3, 5
2016/6/9, 100, 50, 42, 34, 2, 7
2016/6/9, 93, 50, 54, 25, 3, 6
2016/6/10, 112, 21, 56, 7, 4, 4
2016/6/10, 87, 31, 48, 6, 2, 4
2016/6/10, 104, 21, 42, 12, 2, 4
2016/6/10, 101, 25, , 22, 1, 6
2016/6/10, 159, 20, 44, 10, 2, 3
2016/6/11, 63, 28, 45, 22, 3, 4
2016/6/11, 54, 17, 48, 8, 3, 3
2016/6/11, 63, 24, 53, 14, 5, 3
2016/6/11, 58, 52, 35, 30, 2, 6
2016/6/11, 75, 29, 45, 17, 2, 3
2016/6/12, 58, 24, 55, 10, 6, 3
2016/6/12, 54, 19, 47, 16, 2, 4
2016/6/12, 70, 26, 49, 14, 2, 3
2016/6/12, 60, 28, 33, 30, 2, 6
2016/6/12, 38, 17, 52, 8, 3, 3
2016/6/13, 48, 42, 59, 26, 3, 5
2016/6/13, 40, 21, 61, 12, 3, 3
2016/6/13, 47, 45, 65, 20, 5, 4
2016/6/13, 53, 45, 55, 33, 2, 7
2016/6/13, 67, 54, 59, 23, 3, 6
2016/6/14, 98, 44, 53, 25, 3, 5
2016/6/14, 69, 35, 51, 28, 3, 6
2016/6/14, 65, 33, 58, 17, 6, 4
2016/6/14, 78, 38, 51, 39, 2, 8
2016/6/14, 49, 54, 51, 11, 2, 4
2016/6/15, 78, 41, 62, 19, 6, 4
2016/6/15, 79, 53, 61, 31, 4, 9
2016/6/15, 78, 53, 43, 39, 3, 10
2016/6/15, 79, 37, 66, 9, 3, 4
2016/6/15, 105, 62, 58, 28, 3, 7
2016/6/16, 101, 49, 53, 29, 4, 8
2016/6/16, 96, 51, 45, 30, 3, 8
2016/6/16, 73, 39, 62, 18, 6, 5
2016/6/16, 67, 64, 52, 11, 3, 6
2016/6/16, 117, 54, 56, 26, 3, 7
2016/6/17, 94, 60, 69, 25, 3, 9
2016/6/17, 116, 40, 78, 16, 5, 8
2016/6/17, 97, 36, 79, 9, 7, 5
2016/6/17, 129, 41, 76, 12, 4, 6
2016/6/17, 81, 90, 72, 6, 3, 5
2016/6/18, 146, 21, 72, 15, 2, 6
2016/6/18, 113, 21, 57, 22, 1, 6
2016/6/18, 121, 18, 71, 7, 6, 2
2016/6/18, 96, 23, 70, 4, 2, 4
2016/6/18, 124, 25, 78, 13, 2, 4
2016/6/19, 50, 32, 79, 16, 1, 6
2016/6/19, 67, 35, 80, 15, 2, 4
2016/6/19, 50, 27, 80, 9, 7, 2
2016/6/19, 68, 31, 79, 17, 3, 5
2016/6/19, 40, 31, 75, 5, 3, 4
2016/6/20, 81, 55, 82, 11, 2, 6
2016/6/20, 60, 47, 82, 9, 5, 4
2016/6/20, 71, 53, 76, 16, 3, 7
2016/6/20, 68, 56, 68, 22, 1, 7
2016/6/20, 53, 72, 77, 7, 2, 5
2016/6/21, 134, 50, 67, 15, 2, 5
2016/6/21, 126, 50, 59, 20, 2, 7
2016/6/21, 120, 50, 55, 23, 1, 7
2016/6/21, 123, 46, 71, 10, 3, 5
2016/6/21, 112, 79, 55, 6, 2, 4
2016/6/22, 128, 17, 55, 8, 3, 2
2016/6/22, 114, 18, 41, 22, 1, 5
2016/6/22, 121, 16, 52, 7, 1, 2
2016/6/22, 126, 15, 49, 10, 2, 4
2016/6/22, 88, 12, 50, 6, 2, 2
2016/6/23, 34, 24, 40, 11, 2, 3
2016/6/23, 44, 18, 38, 15, 2, 4
2016/6/23, 23, 18, 41, 9, 3, 2
2016/6/23, 37, 24, 39, 11, 4, 1
2016/6/23, 38, 24, 28, 22, 1, 5
2016/6/24, 44, 29, 27, 24, 1, 6
2016/6/24, 44, 28, 35, 15, 2, 4
2016/6/24, 38, 26, 37, 15, 4, 2
2016/6/24, 33, 21, 37, 8, 2, 3
2016/6/24, 35, 24, 32, 19, 3, 4
2016/6/25, 53, 33, 55, 15, 3, 1
2016/6/25, 52, 26, 51, 20, 3, 4
2016/6/25, 66, 34, 52, 17, 2, 4
2016/6/25, 42, 22, 55, 11, 2, 2
2016/6/25, 54, 37, 45, 32, 2, 6
2016/6/26, 63, 40, 72, 22, 1, 4
2016/6/26, 64, 39, 69, 17, 2, 4
2016/6/26, 46, 36, 70, 7, 2, 2
2016/6/26, 49, 37, 71, 23, 3, 5
2016/6/26, 54, 28, 69, 11, 2, 1
2016/6/27, 67, 61, 58, 29, 2, 7
2016/6/27, 48, 58, 99, 8, 3, 5
2016/6/27, 64, 58, 91, 20, 3, 8
2016/6/27, 74, 60, 99, 12, 3, 5
2016/6/27, 54, 57, 94, 11, 3, 3
2016/6/28, 116, 32, 82, 6, 2, 1
2016/6/28, 128, 35, 78, 12, 2, 6
2016/6/28, 123, 37, 67, 17, 1, 5
2016/6/28, 126, 38, 85, 9, 2, 4
2016/6/28, 107, 36, 84, 5, 2, 4
2016/6/29, 74, 25, 56, 7, 2, 3
2016/6/29, 82, 32, 57, 9, 1, 5
2016/6/29, 71, 53, 60, 4, 2, 4
2016/6/29, 82, 34, 51, 14, 1, 7
2016/6/29, 77, 42, 45, 22, , 7
2016/6/30, 107, 13, 32, 7, 2, 1
2016/6/30, 86, 23, 28, 20, 1, 5
2016/6/30, 88, 16, 38, 11, 1, 5
2016/6/30, 90, 18, 40, 9, 1, 3
2016/6/30, 68, 15, 35, 4, 2, 3
2016/7/1, 34, 42, 50, 18, 3, 3
2016/7/1, 46, 38, 44, 23, 3, 6
2016/7/1, 47, 48, 51, 23, 4, 5
2016/7/1, 38, 39, 35, 29, 2, 6
2016/7/1, 28, 24, 49, 4, 3, 2
2016/7/2, 67, 41, 50, 26, 2, 5
2016/7/2, 95, 37, 69, 16, 2, 4
2016/7/2, 61, 31, 68, 10, 3, 2
2016/7/2, 72, 38, 64, 20, 3, 6
2016/7/2, 54, 28, 73, 6, 3, 3
2016/7/3, 73, 41, 48, 18, 2, 5
2016/7/3, 68, 40, 56, 24, 1, 5
2016/7/3, 50, 38, 56, 11, 3, 2
2016/7/3, 62, 35, 71, 18, 2, 5
2016/7/3, 56, 29, 56, 5, 2, 3
2016/7/4, 52, 37, 58, 5, 2, 2
2016/7/4, 56, 37, 63, 11, 3, 2
2016/7/4, 69, 34, 55, 16, 1, 4
2016/7/4, 69, 33, 56, 15, 4, 4
2016/7/4, 81, 35, 55, 14, 1, 4
2016/7/5, 39, 28, 64, 4, 2, 3
2016/7/5, 66, 29, 72, 14, 1, 4
2016/7/5, 53, 29, 69, 8, 3, 1
2016/7/5, 60, 32, 62, 18, 2, 4
2016/7/5, 70, 30, 70, 11, 2, 4
2016/7/6, 61, 48, 93, 11, 3, 5
2016/7/6, 51, 52, 92, 18, 3, 6
2016/7/6, 42, 49, 94, 10, 3, 3
2016/7/6, 52, 55, 72, 30, 2, 7
2016/7/6, 36, 44, 81, 6, 2, 5
2016/7/7, 98, 46, 84, 9, 3, 5
2016/7/7, 82, 57, 75, 6, 2, 5
2016/7/7, 78, 48, 83, 9, 3, 3
2016/7/7, 99, 51, 60, 27, 3, 7
2016/7/7, 96, 49, 81, 13, 3, 6
2016/7/8, 106, 54, 79, 11, 3, 5
2016/7/8, 93, 78, 70, 7, 2, 5
2016/7/8, 85, 57, 67, 11, 2, 4
2016/7/8, 101, 60, 47, 33, 3, 7
2016/7/8, 103, 55, 74, 15, 3, 6
2016/7/9, 119, 104, 66, 5, 1, 5
2016/7/9, 124, 60, 76, 17, 1, 7
2016/7/9, 107, 58, 70, 10, 1, 5
2016/7/9, 127, 66, 59, 29, 2, 8
2016/7/9, 134, 62, 77, 13, 1, 6
2016/7/10, 138, 66, 71, 23, 2, 8
2016/7/10, 118, 102, 87, 5, 1, 6
2016/7/10, 111, 60, 85, 6, 2, 5
2016/7/10, 118, 63, 85, 13, 1, 8
2016/7/10, 128, 63, 91, 9, 2, 7
2016/7/11, 116, 47, 74, 9, 2, 3
2016/7/11, 136, 50, 48, 22, 2, 6
2016/7/11, 130, 45, 80, 10, 2, 5
2016/7/11, 130, 44, 74, 6, 2, 4
2016/7/11, 123, 48, 71, 14, 2, 6
2016/7/12, 74, 20, 46, 5, 2, 3
2016/7/12, 91, 19, 45, 10, 2, 4
2016/7/12, 96, 20, 50, 9, 1, 3
2016/7/12, 97, 26, 42, 18, , 4
2016/7/12, 81, 21, 52, 10, 2, 2
2016/7/13, 56, 28, 44, 4, 2, 3
2016/7/13, 48, 26, 30, 14, 1, 3
2016/7/13, 52, 25, 44, 11, 3, 3
2016/7/13, 49, 24, 34, 10, 4, 3
2016/7/13, 50, 25, 44, 10, 2, 1
2016/7/14, 42, 39, 51, 18, 7, 4
2016/7/14, 44, 37, 55, 15, 5, 2
2016/7/14, 51, 40, 47, 17, 7, 4
2016/7/14, 39, 33, 48, 18, 3, 4
2016/7/14, 74, 22, 60, 6, 3, 4
2016/7/15, 60, 41, 30, 20, 1, 5
2016/7/15, 97, 17, 39, 5, 2, 4
2016/7/15, 81, 37, 30, 17, 4, 5
2016/7/15, 50, 37, 36, 14, 2, 5
2016/7/15, 58, 38, 30, 19, 4, 5
2016/7/16, 65, 34, 31, 20, 2, 5
2016/7/16, 81, 39, 40, 13, 6, 4
2016/7/16, 69, 33, 41, 15, 6, 4
2016/7/16, 61, 44, 43, 14, 3, 5
2016/7/16, 60, 24, 43, 6, 2, 4
2016/7/17, 76, 40, 65, 19, 4, 5
2016/7/17, 67, 30, 70, 6, 2, 4
2016/7/17, 66, 41, 39, 29, 2, 6
2016/7/17, 95, 45, 69, 20, 4, 5
2016/7/17, 85, 41, 53, 12, 4, 4
2016/7/18, 71, 50, 92, 15, 3, 7
2016/7/18, 69, 54, 75, 20, 2, 7
2016/7/18, 89, 50, 88, 13, 3, 7
2016/7/18, 69, 51, 82, 7, 4, 6
2016/7/18, 69, 38, 82, 4, 2, 5
2016/7/19, 98, 50, 74, 9, 3, 6
2016/7/19, 108, 52, 74, 18, 2, 7
2016/7/19, 104, 57, 79, 18, 1, 7
2016/7/19, 103, 53, 69, 20, 2, 8
2016/7/19, 95, 38, 61, 4, 2, 6
2016/7/20, 108, 40, 46, 19, 2, 6
2016/7/20, 99, 41, 45, 20, 2, 7
2016/7/20, 103, 39, 47, 9, 3, 6
2016/7/20, 100, 34, 40, 5, 1, 5
2016/7/20, 103, 48, 47, 21, 1, 6
2016/7/21, 79, 14, 36, 3, 3, 5
2016/7/21, 82, 11, 36, 2, 1, 4
2016/7/21, 78, 17, 35, 8, 1, 5
2016/7/21, 83, 14, 35, 5, , 4
2016/7/21, 86, 15, 35, 7, 1, 5
2016/7/22, 39, 28, 37, 4, 2, 6
2016/7/22, 39, 30, 38, 11, 1, 7
2016/7/22, 37, 37, 33, 14, , 7
2016/7/22, 28, 15, 39, 2, 1, 5
2016/7/22, 42, 31, 42, 8, 2, 6
2016/7/23, 80, 39, 37, 21, 1, 7
2016/7/23, 56, 33, 48, 11, 1, 6
2016/7/23, 70, 32, 48, 9, , 6
2016/7/23, 87, 25, 48, 4, 1, 5
2016/7/23, 90, 41, 44, 7, 3, 6
2016/7/24, 101, 28, 37, 15, 3, 5
2016/7/24, 85, 41, 30, 24, 1, 6
2016/7/24, 74, 37, 35, 23, 1, 6
2016/7/24, 79, 36, 38, 21, 2, 7
2016/7/24, 77, 15, 38, 4, 1, 3
2016/7/25, 63, 22, 64, 11, 1, 4
2016/7/25, 67, 22, 55, 9, 3, 4
2016/7/25, 67, 30, 56, 14, 1, 4
2016/7/25, 36, 14, 50, 3, 2, 3
2016/7/25, 58, 20, 77, 9, 4, 4
2016/7/26, 55, 44, 50, 27, 1, 7
2016/7/26, 37, 17, 51, 4, 2, 4
2016/7/26, 53, 33, 66, 18, 3, 6
2016/7/26, 50, 31, 64, 19, 1, 6
2016/7/26, 49, 33, 62, 11, 3, 5
2016/7/27, 60, 43, 50, 13, 2, 7
2016/7/27, 58, 29, 47, 5, 1, 5
2016/7/27, 75, 48, 57, 20, 2, 8
2016/7/27, 78, 55, 57, 24, 1, 8
2016/7/27, 65, 41, 58, 21, 1, 7
2016/7/28, 84, 24, 55, 8, 2, 6
2016/7/28, 100, 37, 38, 28, 1, 8
2016/7/28, 83, 19, 48, 4, 1, 5
2016/7/28, 80, 25, 59, 13, 1, 6
2016/7/28, 96, 28, 67, 11, 2, 5
2016/7/29, 70, 54, 45, 25, 1, 7
2016/7/29, 61, 38, 66, 10, 2, 6
2016/7/29, 64, 46, 70, 18, 2, 6
2016/7/29, 55, 28, 51, 3, , 5
2016/7/29, 64, 43, 66, 18, 1, 7
2016/7/30, 97, 50, 51, 16, 3, 7
2016/7/30, 87, 53, 54, 25, 1, 8
2016/7/30, 105, 59, 42, 26, , 8
2016/7/30, 81, 38, 43, 5, 1, 6
2016/7/30, 102, 58, 55, 23, 2, 8
2016/7/31, 104, 40, 68, 15, 2, 6
2016/7/31, 103, 34, 63, 15, 2, 6
2016/7/31, 116, 36, 55, 18, 2, 6
2016/7/31, 121, 39, 56, 14, 3, 5
2016/7/31, 99, 21, 54, 3, , 4
2016/8/1, 76, 61, 79, 22, 2, 7
2016/8/1, 63, 34, 53, 4, , 5
2016/8/1, 74, 60, 51, 34, 2, 9
2016/8/1, 70, 44, 81, 22, 2, 8
2016/8/1, 76, 65, 75, 18, 3, 6
2016/8/2, 114, 56, 89, 22, 2, 7
2016/8/2, 92, 30, 52, 6, 3, 4
2016/8/2, 114, 56, 65, 31, 2, 8
2016/8/2, 132, 48, 82, 24, , 8
2016/8/2, 102, 44, 62, 14, 3, 5
2016/8/3, 68, 56, 88, 18, , 7
2016/8/3, 96, 53, 102, 13, 1, 6
2016/8/3, 76, 37, 81, 4, 1, 4
2016/8/3, 98, 62, 79, 33, 1, 8
2016/8/3, 75, 51, 91, 11, 3, 6
2016/8/4, 101, 54, 75, 8, 3, 9
2016/8/4, 98, 61, 91, 12, 6, 7
2016/8/4, 86, 54, 74, 13, , 9
2016/8/4, 100, 48, 84, 3, 1, 6
2016/8/4, 112, 74, 60, 33, 1, 10
2016/8/5, 130, 44, 79, 4, , 6
2016/8/5, 133, 70, 51, 28, 1, 8
2016/8/5, 120, 56, 72, 10, 1, 6
2016/8/5, 109, 53, 66, 14, 1, 7
2016/8/5, 133, 56, 64, 10, 3, 8
2016/8/6, 118, 21, 37, 16, 1, 4
2016/8/6, 107, 15, 58, 4, , 3
2016/8/6, 96, 17, 41, 9, 2, 4
2016/8/6, 106, 22, 47, 8, 2, 3
2016/8/6, 121, 22, 45, 7, 5, 4
2016/8/7, 49, 38, 57, 14, 5, 5
2016/8/7, 55, 36, 43, 17, 4, 4
2016/8/7, 51, 33, 46, 17, 4, 5
2016/8/7, 39, 23, 56, 3, 2, 3
2016/8/7, 43, 32, 41, 21, 3, 4
2016/8/8, 49, 110, 47, 4, 2, 3
2016/8/8, 64, 31, 49, 13, 4, 3
2016/8/8, 54, 31, 54, 11, 4, 5
2016/8/8, 54, 39, 42, 21, 2, 5
2016/8/8, 52, 29, 46, 14, 5, 4
2016/8/9, 59, 50, 57, 9, 2, 6
2016/8/9, 53, 50, 66, 11, 3, 7
2016/8/9, 62, 56, 44, 19, 1, 8
2016/8/9, 56, 41, 59, 5, 2, 7
2016/8/9, 51, 45, 60, 7, 4, 7
2016/8/10, 103, 59, 57, 14, 1, 7
2016/8/10, 84, 53, 68, 9, 3, 6
2016/8/10, 120, 45, 70, 4, 1, 5
2016/8/10, 98, 65, 67, 5, 3, 7
2016/8/10, 98, 54, 74, 6, 1, 6
2016/8/11, 115, 62, 66, 9, 1, 7
2016/8/11, 119, 50, 56, 5, 2, 6
2016/8/11, 97, 58, 68, 12, 4, 8
2016/8/11, 120, 72, 49, 22, 2, 9
2016/8/11, 152, 60, 51, 9, 3, 8
2016/8/12, 125, 51, 70, 17, 4, 7
2016/8/12, 144, 61, 45, 26, 2, 8
2016/8/12, 143, 54, 64, 12, 1, 5
2016/8/12, 139, 38, 60, 5, , 5
2016/8/12, 129, 51, 64, 10, 3, 6
2016/8/13, 89, 28, 45, 10, 2, 3
2016/8/13, 99, 29, 42, 12, 4, 4
2016/8/13, 83, 47, 49, 13, 4, 4
2016/8/13, 106, 38, 38, 21, 2, 5
2016/8/13, 101, 32, 46, 11, 2, 2
2016/8/14, 46, 24, 43, 10, 3, 3
2016/8/14, 53, 34, 39, 13, 4, 3
2016/8/14, 53, 62, 37, 15, 4, 4
2016/8/14, 55, 36, 22, 24, 2, 5
2016/8/14, 54, 26, 36, 14, 4, 4
2016/8/15, 53, 41, 34, 20, 2, 5
2016/8/15, 44, 35, 39, 17, 4, 4
2016/8/15, 44, 22, 41, 8, 2, 3
2016/8/15, 52, 42, 41, 15, 5, 3
2016/8/15, 66, 46, 54, 15, 5, 4
2016/8/16, 46, 19, 53, 4, 2, 3
2016/8/16, 59, 30, 65, 14, 4, 4
2016/8/16, 52, 35, 60, 20, 4, 4
2016/8/16, 57, 37, 55, 25, 2, 5
2016/8/16, 75, 40, 55, 20, 4, 4
2016/8/17, 64, 53, 35, 37, 2, 8
2016/8/17, 85, 46, 42, 26, 3, 6
2016/8/17, 48, 38, 43, 17, 4, 5
2016/8/17, 64, 42, 42, 31, 3, 6
2016/8/17, 48, 24, 39, 5, 2, 4
2016/8/18, 65, 13, 48, 1, 2, 3
2016/8/18, 62, 35, 51, 13, 3, 5
2016/8/18, 90, 22, 48, 14, 1, 4
2016/8/18, 91, 28, 48, 12, 4, 4
2016/8/18, 84, 27, 53, 15, 3, 4
2016/8/19, 43, 23, 49, 3, 2, 3
2016/8/19, 61, 46, 47, 18, 5, 5
2016/8/19, 48, 63, 53, 21, 4, 6
2016/8/19, 57, 39, 49, 18, 5, 4
2016/8/19, 51, 36, 48, 20, 2, 5
2016/8/20, 73, 37, 40, 30, 2, 6
2016/8/20, 72, 70, 55, 20, 5, 6
2016/8/20, 77, 35, 52, 20, 4, 4
2016/8/20, 62, 34, 66, 9, 2, 4
2016/8/20, 94, 41, 55, 18, 4, 4
2016/8/21, 66, 32, 40, 26, 2, 5
2016/8/21, 67, 32, 65, 8, 2, 4
2016/8/21, 80, 34, 56, 15, 4, 4
2016/8/21, 78, 66, 58, 21, 5, 5
2016/8/21, 63, 28, 50, 15, 3, 4
2016/8/22, 51, 53, 64, 25, 4, 6
2016/8/22, 67, 43, 57, 2, 2, 4
2016/8/22, 67, 50, 59, 14, 4, 5
2016/8/22, 61, 56, 58, 21, 4, 6
2016/8/22, 55, 48, 56, 28, 2, 6
2016/8/23, 80, 40, 65, 5, 4, 7
2016/8/23, 103, 54, 65, 16, 5, 9
2016/8/23, 77, 59, 39, 30, 3, 9
2016/8/23, 68, 50, 61, 11, 5, 9
2016/8/23, 82, 55, 56, 20, 5, 9
2016/8/24, 78, 25, 40, 11, 4, 4
2016/8/24, 91, 17, 41, 6, 2, 3
2016/8/24, 103, 22, 31, 18, 1, 5
2016/8/24, 99, 24, 42, 13, 2, 4
2016/8/24, 103, 23, 46, 11, 3, 4
2016/8/25, 40, 42, 24, 26, 3, 6
2016/8/25, 49, 34, 33, 15, 5, 4
2016/8/25, 51, 34, 32, 22, 2, 5
2016/8/25, 45, 39, 33, 20, 4, 5
2016/8/25, 34, 18, 37, 9, 3, 3
2016/8/26, 49, 39, 49, 22, 3, 5
2016/8/26, 66, 47, 46, 21, 3, 5
2016/8/26, 61, 39, 41, 24, 2, 5
2016/8/26, 35, 16, 48, 6, 2, 4
2016/8/26, 62, 42, 49, 13, 3, 4
2016/8/27, 58, 76, 44, 18, 4, 5
2016/8/27, 38, 19, 47, 6, 3, 4
2016/8/27, 60, 40, 42, 22, 4, 4
2016/8/27, 81, 52, 42, 21, 6, 5
2016/8/27, 58, 40, 38, 25, 2, 5
2016/8/28, 85, 46, 38, 14, 4, 4
2016/8/28, 67, 35, 39, 15, 2, 4
2016/8/28, 42, 24, 44, 7, 3, 4
2016/8/28, 96, 37, 37, 13, 4, 3
2016/8/28, 68, 34, 32, 18, 2, 4
2016/8/29, 53, 25, 22, 9, 3, 4
2016/8/29, 43, 18, 28, 6, 2, 3
2016/8/29, 59, 22, 22, 9, 2, 3
2016/8/29, 50, 21, 16, 12, 1, 4
2016/8/29, 49, 18, 19, 10, 2, 3
2016/8/30, 42, 13, 10, 6, 2, 4
2016/8/30, 35, 12, 10, 8, , 4
2016/8/30, 37, 6, 14, 4, 2, 3
2016/8/30, 33, 10, 11, 9, 2, 4
2016/8/30, 31, 12, 13, 7, 2, 5
2016/8/31, 28, 21, 10, 12, 2, 6
2016/8/31, 24, 16, 14, 6, 3, 5
2016/8/31, 30, 17, 12, 8, 2, 5
2016/8/31, 22, 19, 6, 12, , 6
2016/8/31, 17, 9, 17, 4, 2, 3
2016/9/1, 32, 19, 34, 4, 3, 5
2016/9/1, 46, 23, 33, 8, 3, 5
2016/9/1, 51, 27, 38, 12, 2, 5
2016/9/1, 47, 25, 33, 15, 1, 5
2016/9/1, 24, 24, 34, 3, 2, 4
2016/9/2, 50, 41, 46, 20, 2, 6
2016/9/2, 57, 39, 47, 23, 2, 6
2016/9/2, 59, 40, 50, 16, 3, 7
2016/9/2, 36, 32, 49, 9, 2, 6
2016/9/2, 67, 25, 43, 4, 3, 5
2016/9/3, 69, 12, 42, 4, 2, 3
2016/9/3, 65, 19, 41, 6, 2, 5
2016/9/3, 85, 21, 42, 13, 2, 6
2016/9/3, 82, 24, 31, 20, 1, 6
2016/9/3, 76, 22, 38, 19, 2, 6
2016/9/4, 40, 27, 48, 7, 2, 6
2016/9/4, 54, 36, 39, 22, , 7
2016/9/4, 55, 34, 50, 13, 3, 6
2016/9/4, 59, 32, 47, 17, 2, 7
2016/9/4, 38, 23, 54, 3, 2, 4
2016/9/5, 76, 79, 48, 14, 3, 6
2016/9/5, 59, 29, 47, 9, 3, 5
2016/9/5, 78, 39, 31, 28, 1, 8
2016/9/5, 72, 33, 44, 18, 1, 7
2016/9/5, 57, 18, 46, 4, 2, 4
2016/9/6, 85, 27, 38, 4, 2, 4
2016/9/6, 80, 44, 39, 21, 2, 7
2016/9/6, 81, 47, 36, 21, , 7
2016/9/6, 62, 41, 44, 10, 3, 7
2016/9/6, 88, 44, 41, 20, 3, 7
2016/9/7, 84, 25, 37, 18, 1, 5
2016/9/7, 90, 22, 41, 14, 3, 5
2016/9/7, 105, 20, 41, 8, 5, 5
2016/9/7, 71, 13, 40, 3, 1, 3
2016/9/7, 89, 23, 39, 17, , 5
2016/9/8, 64, 20, 26, 20, 1, 5
2016/9/8, 35, 17, 30, 9, 1, 4
2016/9/8, 47, 20, 32, 13, 4, 4
2016/9/8, 65, 20, 28, 20, 3, 6
2016/9/8, 81, 38, 27, 25, , 8
2016/9/9, 61, 33, 37, 21, 1, 5
2016/9/9, 48, 29, 39, 12, 4, 4
2016/9/9, 45, 16, 38, 6, 1, 3
2016/9/9, 65, 36, 26, 21, , 8
2016/9/9, 62, 30, 35, 18, 3, 7
2016/9/10, 50, 36, 43, 14, 5, 4
2016/9/10, 79, 31, 42, 18, 3, 6
2016/9/10, 44, 21, 35, 4, 1, 3
2016/9/10, 70, 31, 38, 20, 2, 4
2016/9/10, 83, 45, 32, 26, , 7
2016/9/11, 89, 54, 31, 22, 4, 8
2016/9/11, 61, 50, 32, 21, 6, 6
2016/9/11, 60, 33, 36, 7, 1, 6
2016/9/11, 75, 42, 29, 23, 2, 6
2016/9/11, 104, 66, 18, 28, 1, 10
2016/9/12, 88, 39, 34, 15, 6, 4
2016/9/12, 128, 42, 34, 20, 4, 7
2016/9/12, 96, 38, 39, 5, 2, 5
2016/9/12, 96, 35, 32, 19, 2, 4
2016/9/12, 137, 53, 19, 29, 1, 8
2016/9/13, 74, 49, 47, 27, 3, 5
2016/9/13, 95, 49, 49, 22, 4, 7
2016/9/13, 66, 43, 51, 13, 5, 4
2016/9/13, 85, 60, 34, 33, 1, 8
2016/9/13, 89, 27, 50, 3, 2, 4
2016/9/14, 62, 29, 47, 3, 2, 5
2016/9/14, 105, 34, 46, 9, 3, 5
2016/9/14, 68, 33, 47, 7, 3, 6
2016/9/14, 84, 35, 41, 13, 2, 5
2016/9/14, 102, 46, 32, 27, , 7
2016/9/15, 69, 12, 39, 5, 2, 3
2016/9/15, 90, 22, 31, 19, , 5
2016/9/15, 66, 19, 37, 6, 2, 4
2016/9/15, 71, 13, 31, 12, 1, 3
2016/9/15, 81, 14, 38, 9, 3, 4
2016/9/16, 27, 32, 29, 14, 3, 5
2016/9/16, 34, 28, 29, 15, 3, 4
2016/9/16, 36, 43, 20, 20, , 5
2016/9/16, 36, 25, 26, 16, 2, 3
2016/9/16, 24, 25, 30, 8, 2, 4
2016/9/17, 77, 38, 21, 21, 1, 5
2016/9/17, 51, 22, 27, 18, 3, 3
2016/9/17, 53, 17, 31, 8, 2, 3
2016/9/17, 63, 27, 29, 16, 4, 4
2016/9/17, 71, 37, 31, 17, 3, 5
2016/9/18, 38, 46, 35, 23, 3, 7
2016/9/18, 58, 62, 36, 18, 3, 5
2016/9/18, 50, 62, 37, 22, 5, 9
2016/9/18, 38, 31, 39, 11, 2, 3
2016/9/18, 60, 75, 22, 32, 2, 10
2016/9/19, 73, 87, 25, 27, 4, 6
2016/9/19, 109, 91, 25, 34, 2, 11
2016/9/19, 107, 65, 44, 22, 4, 8
2016/9/19, 70, 63, 39, 25, 5, 9
2016/9/19, 59, 27, 41, 6, 2, 4
2016/9/20, 135, 66, 35, 32, 1, 7
2016/9/20, 111, 57, 56, 22, 4, 7
2016/9/20, 138, 56, 53, 20, 4, 4
2016/9/20, 101, 52, 49, 26, 3, 6
2016/9/20, 67, 34, 54, 4, 3, 5
2016/9/21, 96, 47, 49, 14, 5, 3
2016/9/21, 112, 59, 33, 31, 1, 6
2016/9/21, 109, 45, 48, 14, 3, 5
2016/9/21, 88, 47, 42, 21, 3, 5
2016/9/21, 73, 30, 51, 3, 2, 4
2016/9/22, 102, 61, 37, 19, 1, 6
2016/9/22, 91, 48, 44, 14, 3, 6
2016/9/22, 70, 36, 48, 4, 2, 5
2016/9/22, 76, 41, 45, 11, 4, 4
2016/9/22, 78, 46, 39, 18, 3, 6
2016/9/23, 124, 45, 59, 11, 3, 6
2016/9/23, 91, 37, 62, 3, 2, 5
2016/9/23, 88, 42, 63, 8, 3, 5
2016/9/23, 135, 51, 45, 20, 1, 6
2016/9/23, 97, 43, 56, 15, 3, 5
2016/9/24, 110, 60, 46, 14, 4, 8
2016/9/24, 83, 49, 57, 13, 3, 6
2016/9/24, 80, 34, 52, 5, 1, 5
2016/9/24, 113, 63, 35, 27, 1, 11
2016/9/24, 90, 46, 40, 16, 3, 7
2016/9/25, 90, 55, 42, 6, 2, 8
2016/9/25, 117, 73, 39, 21, 4, 11
2016/9/25, 92, 66, 38, 25, 3, 9
2016/9/25, 132, 53, 43, 15, 2, 7
2016/9/25, 123, 76, 36, 22, 1, 10
2016/9/26, 162, 40, 43, 18, 1, 7
2016/9/26, 160, 29, 42, 10, 3, 6
2016/9/26, 143, 32, 38, 12, 2, 4
2016/9/26, 151, 31, 44, 6, 3, 6
2016/9/26, 128, 30, 47, 11, 3, 5
2016/9/27, 85, 18, 30, 8, 2, 4
2016/9/27, 74, 34, 28, 16, 6, 4
2016/9/27, 86, 24, 25, 15, 3, 3
2016/9/27, 87, 32, 26, 14, 4, 7
2016/9/27, 91, 46, 17, 23, 2, 9
2016/9/28, 69, 62, 29, 26, 2, 10
2016/9/28, 46, 42, 32, 20, 3, 6
2016/9/28, 63, 38, 35, 17, 6, 4
2016/9/28, 40, 18, 35, 5, 2, 4
2016/9/28, 64, 52, 33, 18, 4, 9
2016/9/29, 100, 66, 30, 40, 5, 10
2016/9/29, 73, 50, 40, 27, 7, 6
2016/9/29, 48, 41, 45, 6, 3, 6
2016/9/29, 63, 57, 44, 28, 6, 6
2016/9/29, 94, 52, 43, 24, 6, 8
2016/9/30, 106, 61, 95, 18, 6, 9
2016/9/30, 97, 60, 92, 17, 6, 8
2016/9/30, 81, 62, 87, 19, 6, 8
2016/9/30, 95, 50, 101, 4, 4, 7
2016/9/30, 116, 72, 68, 25, 5, 9
2016/10/1, 106, 60, 85, 21, 6, 9
2016/10/1, 114, 60, 78, 17, 7, 9
2016/10/1, 123, 67, 75, 25, 4, 9
2016/10/1, 85, 54, 82, 5, 4, 8
2016/10/1, 96, 58, 72, 20, 6, 8
2016/10/2, 145, 46, 75, 20, 3, 7
2016/10/2, 131, 27, 73, 4, 2, 6
2016/10/2, 143, 39, 68, 13, 4, 7
2016/10/2, 133, 39, 82, 13, 3, 6
2016/10/2, 124, 38, 66, 16, 4, 6
2016/10/3, 108, 44, 17, 19, 2, 6
2016/10/3, 86, 25, 29, 19, 3, 5
2016/10/3, 102, 33, 27, 18, 3, 7
2016/10/3, 75, 16, 31, 2, 1, 4
2016/10/3, 96, 29, 24, 21, 3, 6
2016/10/4, 79, 32, 26, 11, 4, 6
2016/10/4, 83, 42, 20, 15, 3, 5
2016/10/4, 60, 29, 29, 15, 6, 5
2016/10/4, 54, 25, 28, 4, 2, 5
2016/10/4, 66, 29, 23, 14, 4, 5
2016/10/5, 82, 46, 30, 16, 4, 8
2016/10/5, 64, 33, 30, 7, 2, 6
2016/10/5, 70, 41, 27, 18, 4, 6
2016/10/5, 65, 43, 31, 17, 6, 7
2016/10/5, 92, 62, 20, 21, 4, 8
2016/10/6, 81, 53, 17, 24, 4, 7
2016/10/6, 81, 45, 24, 17, 7, 8
2016/10/6, 76, 39, 25, 6, 2, 7
2016/10/6, 111, 64, 20, 20, 3, 8
2016/10/6, 92, 57, 22, 20, 4, 10
2016/10/7, 106, 21, 15, 15, 3, 5
2016/10/7, 99, 16, 20, 11, 4, 5
2016/10/7, 126, 20, 15, 13, 3, 7
2016/10/7, 90, 12, 20, 5, 1, 6
2016/10/7, 134, 26, 13, 17, 3, 7
2016/10/8, 38, 17, 28, 5, 1, 5
2016/10/8, 56, 25, 24, 16, 3, 4
2016/10/8, 71, 28, 24, 13, 4, 6
2016/10/8, 63, 41, 17, 17, 4, 6
2016/10/8, 52, 22, 27, 11, 6, 3
2016/10/9, 47, 42, 27, 18, 4, 6
2016/10/9, 44, 30, 31, 6, 2, 7
2016/10/9, 62, 43, 30, 16, 5, 8
2016/10/9, 49, 34, 30, 17, 8, 4
2016/10/9, 73, 62, 22, 21, 4, 8
2016/10/10, 72, 27, 32, 15, 7, 4
2016/10/10, 74, 22, 33, 8, 2, 7
2016/10/10, 80, 29, 30, 17, 3, 4
2016/10/10, 111, 50, 22, 21, 4, 6
2016/10/10, 97, 29, 31, 16, 4, 6
2016/10/11, 66, 43, 26, 18, 4, 8
2016/10/11, 63, 38, 26, 21, 3, 5
2016/10/11, 56, 45, 27, 20, 9, 5
2016/10/11, 83, 60, 39, 25, 4, 8
2016/10/11, 56, 28, 29, 8, 2, 8
2016/10/12, 71, 76, 26, 25, 7, 10
2016/10/12, 80, 78, 22, 24, 5, 14
2016/10/12, 92, 85, 20, 26, 4, 11
2016/10/12, 62, 60, 29, 11, 3, 12
2016/10/12, 72, 73, 18, 28, 5, 10
2016/10/13, 172, 103, 41, 23, 5, 15
2016/10/13, 155, 71, 50, 7, 4, 14
2016/10/13, 140, 65, 19, 19, 1, 11
2016/10/13, 175, 109, 50, 27, 4, 13
2016/10/13, 157, 75, 37, 27, 5, 12
2016/10/14, 203, 99, 48, 31, 7, 12
2016/10/14, 202, 64, 66, 17, 8, 12
2016/10/14, 155, 63, 68, 16, 6, 10
2016/10/14, 176, 70, 57, 22, 7, 10
2016/10/14, 165, 70, 82, 8, 5, 14
2016/10/15, 109, 53, 54, 12, 5, 10
2016/10/15, 144, 53, 55, 15, 5, 7
2016/10/15, 173, 54, 60, 13, 6, 10
2016/10/15, 170, 68, 43, 21, 4, 10
2016/10/15, 145, 57, 61, 4, 4, 12
2016/10/16, 160, 40, 36, 18, 4, 8
2016/10/16, 138, 21, 39, 14, 3, 4
2016/10/16, 162, 25, 43, 11, 4, 8
2016/10/16, 141, 19, 41, 6, 2, 9
2016/10/16, 127, 31, 42, 14, 1, 7
2016/10/17, 57, 66, 31, 22, 6, 10
2016/10/17, 53, 56, 29, 26, 6, 6
2016/10/17, 40, 49, 36, 11, 4, 11
2016/10/17, 65, 73, 22, 30, 6, 9
2016/10/17, 60, 53, 31, 26, 4, 9
2016/10/18, 98, 65, 26, 26, 3, 11
2016/10/18, 112, 65, 18, 28, 8, 7
2016/10/18, 137, 81, 12, 28, 4, 11
2016/10/18, 136, 75, 27, 24, 7, 12
2016/10/18, 104, 62, 32, 14, 5, 12
2016/10/19, 142, 32, 21, 18, 7, 4
2016/10/19, 164, 41, 23, 16, 8, 6
2016/10/19, 149, 22, 29, 5, 3, 8
2016/10/19, 164, 44, 25, 15, 7, 8
2016/10/19, 135, 33, 24, 21, 7, 8
2016/10/20, 59, 56, 28, 29, 9, 10
2016/10/20, 83, 65, 24, 24, 11, 10
2016/10/20, 65, 55, 23, 27, 9, 7
2016/10/20, 55, 47, 36, 12, 4, 12
2016/10/20, 75, 63, 28, 23, 10, 8
2016/10/21, 129, 44, 26, 15, 6, 9
2016/10/21, 116, 32, 25, 17, 6, 5
2016/10/21, 112, 47, 27, 21, 8, 9
2016/10/21, 131, 43, 23, 19, 8, 7
2016/10/21, 121, 39, 32, 5, 2, 10
2016/10/22, 82, 28, 29, 6, 3, 8
2016/10/22, 107, 77, 18, 31, 10, 11
2016/10/22, 93, 64, 28, 27, 4, 9
2016/10/22, 87, 49, 28, 28, 13, 9
2016/10/22, 111, 60, 29, 24, 9, 12
2016/10/23, 76, 53, 35, 14, 9, 8
2016/10/23, 100, 67, 18, 33, 16, 10
2016/10/23, 137, 81, 21, 31, 20, 11
2016/10/23, 117, 72, 23, 26, 13, 13
2016/10/23, 112, 72, 30, 33, 7, 10
2016/10/24, 133, 73, 34, 19, 9, 10
2016/10/24, 159, 72, 32, 26, 19, 12
2016/10/24, 160, 88, 19, 34, 29, 11
2016/10/24, 134, 66, 26, 32, 28, 8
2016/10/24, 127, 75, 30, 35, 8, 10
2016/10/25, 160, 34, 32, 10, 7, 6
2016/10/25, 165, 54, 20, 20, 25, 8
2016/10/25, 139, 34, 29, 16, 11, 5
2016/10/25, 167, 40, 33, 13, 11, 8
2016/10/25, 147, 46, 28, 17, 3, 8
2016/10/26, 86, 87, 42, 27, 18, 12
2016/10/26, 100, 89, 39, 31, 24, 11
2016/10/26, 76, 70, 33, 31, 22, 9
2016/10/26, 86, 80, 36, 30, 7, 10
2016/10/26, 71, 62, 43, 13, 5, 9
2016/10/27, 154, 67, 37, 21, 6, 8
2016/10/27, 176, 77, 28, 24, 18, 10
2016/10/27, 179, 66, 37, 18, 17, 10
2016/10/27, 153, 62, 40, 17, 14, 9
2016/10/27, 159, 57, 32, 21, 16, 10
2016/10/28, 154, 70, 22, 25, 23, 10
2016/10/28, 143, 82, 27, 21, 6, 9
2016/10/28, 130, 46, 28, 21, 18, 11
2016/10/28, 125, 50, 32, 16, 8, 9
2016/10/28, 146, 55, 34, 18, 18, 10
2016/10/29, 137, 99, 14, 29, 23, 13
2016/10/29, 117, 81, 23, 23, 12, 13
2016/10/29, 127, 95, 19, 28, 8, 12
2016/10/29, 114, 80, 19, 25, 17, 14
2016/10/29, 104, 77, 20, 28, 19, 15
2016/10/30, 190, 28, 25, 5, 9, 8
2016/10/30, 186, 39, 21, 12, 5, 7
2016/10/30, 204, 42, 23, 13, 21, 9
2016/10/30, 205, 52, 16, 19, 26, 8
2016/10/30, 185, 34, 19, 15, 16, 9
2016/10/31, 91, 60, 18, 23, 16, 9
2016/10/31, 63, 37, 30, 8, 7, 9
2016/10/31, 67, 48, 22, 21, 35, 11
2016/10/31, 75, 47, 25, 20, 7, 7
2016/10/31, 74, 56, 28, 17, 27, 10
2016/11/1, 83, 36, 31, 8, 9, 11
2016/11/1, 119, 65, 16, 26, 30, 11
2016/11/1, 81, 50, 25, 20, 7, 9
2016/11/1, 108, 60, 27, 20, 22, 11
2016/11/1, 89, 52, 20, 24, 27, 13
2016/11/2, 104, 60, 28, 21, 17, 10
2016/11/2, 85, 52, 35, 13, 11, 12
2016/11/2, 115, 68, 24, 24, 34, 9
2016/11/2, 92, 55, 22, 24, 17, 12
2016/11/2, 82, 76, 30, 25, 10, 9
2016/11/3, 145, 142, 29, 48, 14, 17
2016/11/3, 138, 113, 13, 41, 29, 20
2016/11/3, 159, 101, 18, 40, 27, 17
2016/11/3, 169, 155, 14, 41, 35, 17
2016/11/3, 156, 126, 31, 29, 14, 19
2016/11/4, 309, 105, 29, 25, 12, 14
2016/11/4, 281, 102, 45, 14, 7, 15
2016/11/4, 246, 151, 36, 35, 20, 14
2016/11/4, 263, 95, 30, 25, 9, 16
2016/11/4, 324, 152, 33, 30, 16, 14
2016/11/5, 284, 87, 27, 24, 21, 13
2016/11/5, 325, 77, 32, 20, 14, 12
2016/11/5, 345, 110, 28, 21, 15, 11
2016/11/5, 243, 108, 30, 30, 28, 11
2016/11/5, 277, 76, 43, 9, 5, 13
2016/11/6, 183, 86, 34, 24, 22, 12
2016/11/6, 215, 84, 34, 16, 13, 11
2016/11/6, 176, 81, 37, 11, 9, 14
2016/11/6, 205, 104, 26, 25, 16, 12
2016/11/6, 179, 76, 29, 18, 10, 12
2016/11/7, 191, 47, 33, 18, 18, 9
2016/11/7, 205, 60, 30, 21, 16, 10
2016/11/7, 173, 55, 30, 19, 7, 10
2016/11/7, 175, 43, 29, 18, 18, 10
2016/11/7, 183, 45, 33, 16, 25, 12
2016/11/8, 115, 50, 22, 26, 30, 13
2016/11/8, 110, 43, 27, 12, 7, 13
2016/11/8, 140, 70, 23, 25, 21, 11
2016/11/8, 144, 59, 22, 25, 11, 12
2016/11/8, 128, 56, 26, 25, 31, 11
2016/11/9, 134, 49, 22, 17, 20, 10
2016/11/9, 148, 52, 21, 16, 37, 9
2016/11/9, 131, 45, 21, 11, 6, 11
2016/11/9, 118, 43, 19, 18, 19, 12
2016/11/9, 121, 39, 27, 5, 8, 11
2016/11/10, 119, 40, 30, 14, 16, 9
2016/11/10, 113, 47, 26, 12, 3, 11
2016/11/10, 102, 40, 23, 18, 18, 12
2016/11/10, 124, 31, 30, 6, 4, 9
2016/11/10, 139, 52, 21, 21, 20, 11
2016/11/11, 134, 48, 19, 27, 19, 12
2016/11/11, 112, 42, 28, 8, 8, 10
2016/11/11, 109, 51, 26, 25, 12, 11
2016/11/11, 118, 42, 30, 24, 17, 11
2016/11/11, 101, 38, 26, 26, 19, 12
2016/11/12, 108, 53, 20, 27, 26, 11
2016/11/12, 102, 50, 28, 6, 6, 12
2016/11/12, 112, 55, 25, 15, 6, 13
2016/11/12, 125, 60, 22, 23, 18, 12
2016/11/12, 119, 65, 22, 22, 30, 13
2016/11/13, 134, 51, 25, 12, 15, 7
2016/11/13, 148, 60, 34, 10, 12, 9
2016/11/13, 120, 53, 33, 5, 10, 10
2016/11/13, 133, 59, 31, 10, 5, 10
2016/11/13, 157, 67, 28, 14, 20, 11
2016/11/14, 115, 58, 21, 22, 23, 13
2016/11/14, 91, 43, 27, 11, 7, 11
2016/11/14, 120, 57, 26, 19, 5, 11
2016/11/14, 106, 45, 28, 16, 25, 9
2016/11/14, 98, 42, 24, 19, 25, 8
2016/11/15, 91, 72, 23, 29, 29, 11
2016/11/15, 97, 70, 30, 13, 8, 14
2016/11/15, 120, 93, 26, 26, 27, 14
2016/11/15, 101, 72, 29, 25, 18, 15
2016/11/15, 117, 82, 22, 30, 17, 13
2016/11/16, 168, 99, 31, 28, 10, 13
2016/11/16, 171, 95, 30, 28, 26, 14
2016/11/16, 198, 105, 33, 26, 19, 17
2016/11/16, 166, 88, 36, 12, 7, 14
2016/11/16, 195, 121, 32, 27, 28, 17
2016/11/17, 180, 77, 30, 12, 10, 11
2016/11/17, 228, 86, 20, 22, 18, 13
2016/11/17, 209, 78, 23, 19, 18, 14
2016/11/17, 185, 76, 24, 28, 20, 12
2016/11/17, 188, 68, 19, 22, 19, 11
2016/11/18, 165, 37, 20, 18, 18, 8
2016/11/18, 168, 41, 22, 12, 15, 8
2016/11/18, 184, 49, 19, 21, 17, 9
2016/11/18, 178, 43, 22, 16, 19, 10
2016/11/18, 171, 57, 25, 21, 17, 9
2016/11/19, 134, 35, 16, 20, 38, 8
2016/11/19, 113, 27, 26, 13, 21, 9
2016/11/19, 104, 23, 23, 16, 21, 7
2016/11/19, 146, 66, 26, 14, 6, 8
2016/11/19, 107, 27, 28, 6, 10, 8
2016/11/20, 138, 52, 27, 14, 7, 8
2016/11/20, 75, 22, 28, 10, 16, 8
2016/11/20, 71, 23, 23, 16, 23, 7
2016/11/20, 76, 27, , 12, 20, 8
2016/11/20, 94, 46, 19, 21, 44, 9
2016/11/21, 63, 32, 30, 11, 8, 9
2016/11/21, 63, 29, 24, 18, 19, 8
2016/11/21, 68, 32, 28, 14, 21, 8
2016/11/21, 140, 63, 29, 15, 7, 9
2016/11/21, 90, 48, 18, 22, 35, 10
2016/11/22, 70, 37, 22, 23, 37, 10
2016/11/22, 141, 59, 29, 22, 9, 10
2016/11/22, 76, 41, 26, 19, 36, 9
2016/11/22, 96, 55, 16, 24, 31, 11
2016/11/22, 78, 34, 29, 10, 8, 9
2016/11/23, 99, 42, 30, 22, 36, 10
2016/11/23, 147, 73, 28, 28, 12, 13
2016/11/23, 86, 40, 23, 26, 33, 11
2016/11/23, 82, 39, , 11, 9, 10
2016/11/23, 116, 64, 16, 28, 42, 12
2016/11/24, 135, 58, 30, 24, 9, 11
2016/11/24, 97, 53, 23, 28, 33, 13
2016/11/24, 110, 55, 29, 22, 18, 12
2016/11/24, 95, 41, 33, 6, 11, 10
2016/11/24, 131, 73, 19, 30, 31, 15
2016/11/25, 131, 63, 16, 24, 31, 13
2016/11/25, 145, 88, 12, 25, 41, 15
2016/11/25, 92, 58, 27, 10, 15, 12
2016/11/25, 139, 69, 19, 21, 35, 13
2016/11/25, 107, 64, 20, 20, 12, 12
2016/11/26, 164, 67, 21, 26, 33, 12
2016/11/26, 125, 44, 23, 18, 27, 9
2016/11/26, 137, 48, 21, 23, 34, 10
2016/11/26, 148, 53, 26, 22, 37, 10
2016/11/26, 136, 54, 24, 21, 9, 9
2016/11/27, 102, 43, 26, 10, 13, 9
2016/11/27, 116, 46, 23, 24, 36, 11
2016/11/27, 126, 49, 27, 26, 15, 9
2016/11/27, 125, 51, 27, 19, 23, 10
2016/11/27, 143, 64, 16, 27, 33, 12
2016/11/28, 113, 49, 28, 22, 9, 10
2016/11/28, 98, 32, 29, 3, 6, 8
2016/11/28, 103, 40, 21, 25, 23, 11
2016/11/28, 129, 54, 22, 24, 30, 11
2016/11/28, 121, 49, 27, 23, 17, 12
2016/11/29, 127, 43, 19, 20, 20, 12
2016/11/29, 122, 38, 23, 16, 19, 11
2016/11/29, 125, 37, 24, 11, 8, 9
2016/11/29, 77, 33, 29, 4, 7, 9
2016/11/29, 99, 29, 19, 18, 22, 11
2016/11/30, 101, 33, 26, 16, 26, 9
2016/11/30, 88, 35, 26, 13, 6, 7
2016/11/30, 74, 29, 26, 6, 8, 7
2016/11/30, 91, 30, 22, 16, 22, 9
2016/11/30, 114, 39, 19, 20, 31, 9
2016/12/1, 68, 59, 24, 25, 13, 12
2016/12/1, 72, 58, 24, 26, 34, 13
2016/12/1, 56, 54, 22, 12, 15, 10
2016/12/1, 66, 56, 16, 28, 46, 14
2016/12/1, 85, 67, 15, 30, 40, 13
2016/12/2, 110, 76, 29, 25, 35, 18
2016/12/2, 136, 107, 29, 27, 33, 10
2016/12/2, 111, 76, 37, 19, 11, 14
2016/12/2, 98, 68, 41, 9, 12, 12
2016/12/2, 119, 72, 34, 21, 23, 17
2016/12/3, 163, 66, 35, 17, 20, 8
2016/12/3, 206, 65, 24, 19, 27, 7
2016/12/3, 145, 51, 34, 9, 13, 10
2016/12/3, 180, 44, 33, 16, 23, 13
2016/12/3, 170, 47, 27, 16, 17, 13
2016/12/4, 131, 45, 22, 21, 31, 9
2016/12/4, 108, 36, 25, 17, 25, 8
2016/12/4, 122, 41, 28, 21, 32, 10
2016/12/4, 108, 34, 22, 21, 28, 11
2016/12/4, 126, 44, 27, 21, 23, 8
2016/12/5, 97, 40, 21, 19, 13, 8
2016/12/5, 107, 50, 17, 21, 35, 10
2016/12/5, 96, 47, 20, 19, 36, 10
2016/12/5, 84, 41, 11, 21, 37, 10
2016/12/5, 82, 36, 26, 11, 8, 8
2016/12/6, 111, 90, 12, 29, 41, 14
2016/12/6, 90, 68, 17, 29, 56, 13
2016/12/6, 86, 92, 27, 26, 23, 12
2016/12/6, 83, 67, 27, 17, 13, 12
2016/12/6, 107, 69, 22, 26, 46, 13
2016/12/7, 168, 70, 17, 29, 23, 12
2016/12/7, 161, 71, 10, 28, 39, 15
2016/12/7, 172, 80, 15, 25, 31, 14
2016/12/7, 157, 62, 18, 17, 18, 12
2016/12/7, 186, 87, 8, 29, 40, 15
2016/12/8, 180, 96, 12, 31, 37, 17
2016/12/8, 174, 75, 19, 27, 45, 14
2016/12/8, 160, 78, 22, 24, 13, 13
2016/12/8, 142, 76, 22, 24, 14, 14
2016/12/8, 164, 71, 16, 27, 40, 13
2016/12/9, 168, 50, 23, 22, 16, 11
2016/12/9, 189, 70, 15, 30, 41, 14
2016/12/9, 163, 51, 20, 26, 38, 11
2016/12/9, 174, 55, 26, 22, 29, 12
2016/12/9, 168, 70, 25, 25, 11, 12
2016/12/10, 114, 57, 26, 18, 17, 13
2016/12/10, 147, 74, 19, 23, 36, 15
2016/12/10, 122, 56, 17, 25, 30, 13
2016/12/10, 137, 62, 23, 24, 28, 14
2016/12/10, 150, 79, 23, 21, 15, 14
2016/12/11, 163, 79, 15, 27, 21, 18
2016/12/11, 133, 60, 19, 24, 33, 14
2016/12/11, 130, 57, 25, 20, 19, 13
2016/12/11, 145, 68, 24, 23, 30, 15
2016/12/11, 160, 76, 22, 28, 10, 18
2016/12/12, 180, 68, 13, 24, 26, 14
2016/12/12, 226, 77, 22, 25, 16, 13
2016/12/12, 166, 51, 25, 19, 27, 12
2016/12/12, 135, 56, 22, 14, 11, 12
2016/12/12, 154, 49, 20, 20, 24, 12
2016/12/13, 143, 73, 12, 28, 37, 14
2016/12/13, 116, 61, 23, 18, 11, 13
2016/12/13, 140, 57, 26, 23, 32, 13
2016/12/13, 149, 68, 25, 26, 12, 12
2016/12/13, 117, 54, 18, 25, 38, 13
2016/12/14, 142, 68, 25, 18, 17, 13
2016/12/14, 163, 73, 13, 28, 28, 13
2016/12/14, 152, 78, 28, 26, 18, 12
2016/12/14, 127, 52, 21, 25, 40, 13
2016/12/14, 143, 58, 27, 24, 40, 12
2016/12/15, 147, 61, 21, 28, 44, 13
2016/12/15, 125, 50, 23, 11, 17, 12
2016/12/15, 128, 59, 14, 32, 57, 15
2016/12/15, 161, 79, 9, 34, 31, 15
2016/12/15, 162, 56, 21, 31, 22, 12
2016/12/16, 144, 82, 24, 32, 14, 18
2016/12/16, 140, 70, 9, 34, 43, 20
2016/12/16, 153, 63, 24, 30, 27, 19
2016/12/16, 115, 69, 27, 12, 18, 17
2016/12/16, 159, 102, 9, 37, 31, 22
2016/12/17, 190, 100, 31, 29, 19, 23
2016/12/17, 203, 124, 11, 42, 32, 24
2016/12/17, 167, 105, 29, 33, 13, 20
2016/12/17, 147, 84, 36, 9, 18, 17
2016/12/17, 169, 93, 10, 39, 38, 23
2016/12/18, 241, 129, 16, 36, 19, 24
2016/12/18, 202, 121, 27, 27, 12, 21
2016/12/18, 222, 102, 26, 29, 25, 20
2016/12/18, 176, 85, 33, 10, 15, 17
2016/12/18, 195, 91, 15, 32, 36, 21
2016/12/19, 223, 84, 28, 13, 14, 14
2016/12/19, 222, 92, 29, 21, 35, 15
2016/12/19, 176, 86, 30, 11, 18, 14
2016/12/19, 196, 83, 20, 22, 32, 15
2016/12/19, 247, 113, 20, 25, 26, 17
2016/12/20, 194, 85, 20, 20, 32, 16
2016/12/20, 173, 77, 27, 12, 15, 14
2016/12/20, 207, 92, 11, 23, 36, 15
2016/12/20, 302, 76, 23, 29, 33, 15
2016/12/20, 177, 74, 12, 23, 28, 15
2016/12/21, 191, 56, 14, 28, 38, 12
2016/12/21, 183, 66, 13, 24, 40, 12
2016/12/21, 179, 71, 23, 17, 32, 11
2016/12/21, 167, 42, 17, 19, 16, 12
2016/12/21, 163, 49, 28, 8, 10, 11
2016/12/22, 139, 42, 21, 21, 29, 10
2016/12/22, 115, 85, 27, 21, 34, 11
2016/12/22, 100, 39, 20, 22, 29, 11
2016/12/22, 132, 58, 16, 27, 31, 12
2016/12/22, 96, 44, 30, 15, 19, 11
2016/12/23, 97, 64, 19, 32, 44, 15
2016/12/23, 126, 80, 23, 32, 35, 15
2016/12/23, 109, 67, 26, 31, 31, 15
2016/12/23, 101, 79, 32, 28, 18, 17
2016/12/23, 97, 60, 36, 10, 19, 12
2016/12/24, 182, 64, 32, 23, 38, 14
2016/12/24, 188, 72, 15, 31, 38, 15
2016/12/24, 318, 68, 27, 20, 22, 14
2016/12/24, 137, 57, 32, 12, 25, 13
2016/12/24, 164, 56, 17, 26, 39, 14
2016/12/25, 164, 47, 31, 19, 27, 11
2016/12/25, 148, 41, 21, 22, 24, 11
2016/12/25, 171, 48, 19, 25, 31, 12
2016/12/25, 136, 48, 28, 14, 22, 11
2016/12/25, 159, 59, 25, 28, 20, 13
2016/12/26, 129, 74, 26, 31, 33, 18
2016/12/26, 130, 100, 30, 34, 11, 18
2016/12/26, 119, 82, 25, 21, 19, 14
2016/12/26, 110, 67, 20, 31, 41, 15
2016/12/26, 129, 103, 41, 35, 42, 18
2016/12/27, 162, 69, 19, 20, 28, 11
2016/12/27, 191, 80, 27, 19, 36, 12
2016/12/27, 174, 71, 29, 8, 15, 10
2016/12/27, 198, 89, 19, 21, 41, 12
2016/12/27, 184, 94, 29, 13, 16, 10
2016/12/28, 103, 50, 18, 25, 43, 11
2016/12/28, 146, 67, 28, 25, 14, 11
2016/12/28, 91, 60, 28, 12, 15, 10
2016/12/28, 114, 56, 26, 24, 41, 13
2016/12/28, 123, 68, 19, 25, 42, 13
2016/12/29, 138, 58, 26, 30, 22, 18
2016/12/29, 102, 51, 26, 15, 19, 14
2016/12/29, 132, 50, 25, 26, 36, 17
2016/12/29, 139, 76, 15, 31, 40, 20
2016/12/29, 115, 61, 16, 31, 54, 17
2016/12/30, 138, 83, 12, 33, 47, 21
2016/12/30, 443, 86, 28, 28, 16, 20
2016/12/30, 148, 79, 22, 27, 28, 21
2016/12/30, 159, 115, 10, 32, 41, 23
2016/12/30, 109, 79, 30, 13, 20, 17
2016/12/31, 182, , , , , 
2016/12/31, 202, , , , , 
2016/12/31, 187, , , , , 
2016/12/31, 168, , , , , 
2016/12/31, 211, , , , , 
2017/1/1, , 70, 14, 30, 34, 15
2017/1/1, , 59, 28, 15, 15, 13
2017/1/1, , 57, 27, 24, 38, 12
2017/1/1, , 65, 35, 22, 9, 14
2017/1/1, , 52, 21, 25, 38, 13
2017/1/2, 133, 52, 32, 12, 14, 12
2017/1/2, 139, 57, 31, 23, 29, 14
2017/1/2, 125, 54, 21, 25, 31, 15
2017/1/2, 149, 72, 20, 27, 32, 16
2017/1/2, 112, 60, 30, 20, 13, 14
2017/1/3, 142, 68, 22, 34, 36, 15
2017/1/3, 129, 64, 15, 36, 49, 15
2017/1/3, 153, 78, 14, 36, 46, 19
2017/1/3, 116, 53, 28, 17, 15, 11
2017/1/3, 131, 71, 31, 36, 19, 15
2017/1/4, 134, 88, 30, 37, 15, 19
2017/1/4, 132, 75, 11, 40, 38, 18
2017/1/4, 146, 82, 12, 39, 36, 18
2017/1/4, 150, 146, 22, 35, 33, 17
2017/1/4, 111, 67, 33, 10, 13, 14
2017/1/5, 186, 73, 28, 39, 37, 20
2017/1/5, 166, 78, 20, 39, 45, 20
2017/1/5, 178, 107, 17, 39, 43, 20
2017/1/5, 157, 71, 37, 15, 21, 16
2017/1/5, 208, 80, 30, 31, 23, 18
2017/1/6, 204, 153, 27, 48, 45, 29
2017/1/6, 174, 129, 15, 48, 61, 25
2017/1/6, 209, 166, 17, 49, 46, 26
2017/1/6, 176, 156, 22, 56, 34, 28
2017/1/6, 156, 118, 37, 32, 23, 24
2017/1/7, 335, 176, 18, 55, 56, 28
2017/1/7, 264, 163, 37, 50, 26, 27
2017/1/7, 250, 142, 15, 54, 57, 29
2017/1/7, 311, 221, 13, 54, 49, 28
2017/1/7, 225, 150, 27, 36, 31, 27
2017/1/8, 309, 47, 34, 15, 10, 10
2017/1/8, 281, 44, 25, 21, 27, 12
2017/1/8, 348, 47, 33, 17, 24, 10
2017/1/8, 347, 68, 22, 24, 33, 13
2017/1/8, 276, 46, 31, 12, 18, 12
2017/1/9, 83, 40, 31, 9, 15, 10
2017/1/9, 109, 64, 26, 19, 37, 20
2017/1/9, 87, 41, 27, 15, 18, 8
2017/1/9, 101, 48, 34, 12, 20, 9
2017/1/9, 95, 43, 32, 8, 6, 9
2017/1/10, 57, 30, 32, 8, 13, 10
2017/1/10, 85, 55, 21, 23, 38, 9
2017/1/10, 63, 37, 33, 16, 8, 10
2017/1/10, 61, 39, 32, 19, 30, 10
2017/1/10, 57, 34, 25, 22, 34, 10
2017/1/11, 102, 49, 20, 22, 40, 13
2017/1/11, 81, 35, 35, 18, 30, 10
2017/1/11, 67, 32, 31, 10, 12, 11
2017/1/11, 75, 31, 27, 19, 28, 10
2017/1/11, 85, 32, 32, 13, 9, 9
2017/1/12, 103, 58, 21, 18, 35, 13
2017/1/12, 88, 47, 31, 14, 26, 10
2017/1/12, 72, 41, 27, 11, 18, 9
2017/1/12, 71, 41, 24, 15, 23, 8
2017/1/12, 76, 42, 31, 7, 5, 7
2017/1/13, 98, 37, 19, 16, 17, 8
2017/1/13, 60, 30, 25, 13, 28, 8
2017/1/13, 68, 26, 24, 13, 25, 8
2017/1/13, 65, 26, 29, 11, 7, 7
2017/1/13, 75, 32, 28, 14, 27, 10
2017/1/14, 74, 71, 16, 25, 42, 9
2017/1/14, 61, 55, 33, 16, 9, 11
2017/1/14, 73, 51, , 22, 34, 14
2017/1/14, 64, 48, 29, 17, 15, 12
2017/1/14, 68, 44, 22, 21, 34, 11
2017/1/15, 124, 99, 30, 28, 18, 18
2017/1/15, 138, 115, 12, 34, 40, 14
2017/1/15, 131, 102, 18, 35, 35, 22
2017/1/15, 112, 86, 10, 36, 44, 21
2017/1/15, 125, 76, 34, 17, 27, 14
2017/1/16, 194, 116, 36, 36, 15, 20
2017/1/16, 168, 77, 40, 10, 18, 15
2017/1/16, 202, 114, 21, 42, 35, 24
2017/1/16, 209, 123, 18, 40, 38, 13
2017/1/16, 178, 93, 13, 43, 49, 20
2017/1/17, 226, 76, 24, 30, 35, 20
2017/1/17, 226, 141, 13, 34, 36, 15
2017/1/17, 190, 82, 21, 30, 42, 17
2017/1/17, 218, 108, 31, 26, 11, 17
2017/1/17, 172, 113, 31, 28, 20, 20
2017/1/18, 191, 65, 21, 26, 37, 14
2017/1/18, 223, 71, 21, 18, 20, 13
2017/1/18, 197, 77, 29, 27, 11, 14
2017/1/18, 249, 87, 16, 28, 28, 12
2017/1/18, 222, 73, 26, 24, 24, 14
2017/1/19, 172, 72, 14, 25, 33, 11
2017/1/19, 160, 61, 26, 13, 19, 11
2017/1/19, 163, 65, 28, 23, 12, 12
2017/1/19, 155, 54, 20, 24, 41, 12
2017/1/19, 165, 59, 26, 21, 30, 12
2017/1/20, 152, 66, 22, 20, 33, 10
2017/1/20, 128, 54, 19, 24, 35, 13
2017/1/20, 140, 55, 30, 8, 17, 12
2017/1/20, 143, 62, 24, 23, 33, 14
2017/1/20, 147, 61, 29, 19, 14, 13
2017/1/21, 146, 80, 34, 25, 16, 14
2017/1/21, 131, 59, 28, 18, 29, 14
2017/1/21, 132, 53, 25, 23, 38, 13
2017/1/21, 157, 78, 25, 25, 32, 12
2017/1/21, 154, 57, 29, 21, 39, 13
2017/1/22, 146, 72, 34, 13, 17, 14
2017/1/22, 154, 93, 30, 28, 45, 16
2017/1/22, 163, 92, 38, 27, 14, 16
2017/1/22, 145, 93, 27, 30, 40, 16
2017/1/22, 172, 97, 21, 32, 38, 15
2017/1/23, 199, 108, 19, 35, 42, 16
2017/1/23, 181, 92, 34, 33, 17, 19
2017/1/23, 170, 81, 18, 37, 53, 19
2017/1/23, 165, 65, 39, 11, 19, 13
2017/1/23, 181, 81, 29, 30, 45, 17
2017/1/24, 191, 90, 29, 30, 43, 15
2017/1/24, 191, 80, 43, 23, 18, 17
2017/1/24, 176, 66, 30, 27, 46, 17
2017/1/24, 135, 61, 45, 9, 24, 13
2017/1/24, 178, 72, 40, 20, 34, 16
2017/1/25, 174, 79, 41, 8, 12, 12
2017/1/25, 162, 67, 30, 15, 32, 13
2017/1/25, 150, 65, 43, 5, 15, 12
2017/1/25, 173, 89, 25, 21, 39, 13
2017/1/25, 170, 73, 37, 14, 32, 13
2017/1/26, 137, 46, 36, 9, 22, 9
2017/1/26, 127, 42, 28, 12, 29, 9
2017/1/26, 154, 56, 26, 14, 36, 10
2017/1/26, 132, 52, 39, 4, 6, 8
2017/1/26, 119, 46, 38, 4, 12, 9
2017/1/27, 70, 74, 37, 17, 33, 14
2017/1/27, 73, 63, 31, 21, 47, 13
2017/1/27, 98, 80, 33, 18, 43, 12
2017/1/27, 73, 80, 42, 11, 15, 13
2017/1/27, 63, 63, 42, 5, 17, 12
2017/1/28, 154, 43, 31, 14, 25, 12
2017/1/28, 163, 57, 37, 13, 25, 13
2017/1/28, 167, 69, 28, 17, 30, 11
2017/1/28, 146, 54, 41, 7, 20, 11
2017/1/28, 163, 59, 43, 18, 22, 11
2017/1/29, 127, 56, 39, 11, 8, 12
2017/1/29, 123, 44, 25, 20, 43, 11
2017/1/29, 136, 49, 35, 16, 43, 11
2017/1/29, 148, 59, 25, 17, 39, 10
2017/1/29, 123, 50, 36, 6, 14, 11
2017/1/30, 111, 49, 29, 18, 42, 11
2017/1/30, 120, 48, 39, 6, 18, 11
2017/1/30, 127, 53, 39, 11, 28, 11
2017/1/30, 140, 66, 27, 17, 43, 11
2017/1/30, 124, 58, 43, 10, 11, 11
2017/1/31, 110, 31, 28, 12, 30, 9
2017/1/31, 117, 38, 41, 4, 5, 9
2017/1/31, 116, 35, 38, 11, 32, 9
2017/1/31, 134, 49, 28, 12, 32, 9
2017/1/31, 95, 37, 41, 5, 17, 9
2017/2/1, 73, 63, 40, 22, 37, 13
2017/2/1, 68, 59, 33, 24, 37, 13
2017/2/1, 82, 57, 44, 6, 15, 11
2017/2/1, 89, 79, 27, 25, 52, 13
2017/2/1, 73, 67, 46, 17, 8, 13
2017/2/2, 153, 79, 38, 31, 31, 22
2017/2/2, 138, 81, 30, 35, 51, 22
2017/2/2, 126, 73, 49, 10, 19, 19
2017/2/2, 163, 110, 26, 38, 40, 23
2017/2/2, 136, 100, 45, 33, 14, 24
2017/2/3, 191, 92, 52, 20, 27, 21
2017/2/3, 181, 86, 33, 29, 46, 22
2017/2/3, 164, 84, 60, 9, 24, 18
2017/2/3, 196, 106, 51, 21, 17, 23
2017/2/3, 213, 128, 29, 37, 36, 23
2017/2/4, 199, 85, 45, 15, 12, 14
2017/2/4, 223, 77, 42, 14, 22, 15
2017/2/4, 200, 69, 34, 19, 31, 15
2017/2/4, 190, 78, 41, 14, 28, 14
2017/2/4, 249, 98, 31, 22, 26, 15
2017/2/5, 179, 81, 27, 21, 24, 11
2017/2/5, 150, 32, 29, 20, 31, 10
2017/2/5, 169, 32, 37, 12, 20, 10
2017/2/5, 152, 70, 40, 21, 11, 11
2017/2/5, 150, 28, 35, 10, 20, 9
2017/2/6, 93, 84, 19, 31, 31, 16
2017/2/6, 94, 74, 36, 29, 12, 15
2017/2/6, 79, 55, 25, 28, 34, 15
2017/2/6, 80, 62, 30, 20, 22, 14
2017/2/6, 72, 60, 32, 15, 17, 12
2017/2/7, 165, 81, 22, 29, 28, 17
2017/2/7, 152, 62, 34, 19, 21, 15
2017/2/7, 147, 53, 36, 12, 15, 11
2017/2/7, 135, 54, 30, 25, 30, 15
2017/2/7, 155, 82, 39, 27, 9, 16
2017/2/8, 153, 48, 34, 21, 10, 11
2017/2/8, 129, 33, 28, 19, 28, 10
2017/2/8, 148, 51, 21, 21, 23, 11
2017/2/8, 143, 36, 31, 11, 15, 10
2017/2/8, 125, 38, 28, 11, 16, 10
2017/2/9, 88, 36, 30, 11, 16, 9
2017/2/9, 111, 34, 32, 12, 7, 9
2017/2/9, 83, 28, 29, 14, 23, 9
2017/2/9, 87, 33, 25, 13, 27, 9
2017/2/9, 107, 41, 23, 17, 18, 10
2017/2/10, 71, 40, 33, 17, 31, 10
2017/2/10, 66, 43, 34, 11, 17, 10
2017/2/10, 75, 41, 35, 15, 29, 10
2017/2/10, 89, 76, 26, 19, 37, 11
2017/2/10, 70, 68, 37, 12, 7, 10
2017/2/11, 130, 139, 34, 33, 39, 15
2017/2/11, 99, 112, 55, 31, 15, 15
2017/2/11, 91, 93, 37, 32, 55, 15
2017/2/11, 100, 71, 46, 6, 14, 11
2017/2/11, 95, 89, 45, 24, 31, 14
2017/2/12, 196, 93, 46, 28, 25, 18
2017/2/12, 230, 110, 34, 37, 35, 17
2017/2/12, 159, 85, 48, 16, 22, 14
2017/2/12, 191, 83, 42, 37, 42, 17
2017/2/12, 194, 100, 47, 36, 13, 16
2017/2/13, 178, 65, 52, 7, 10, 13
2017/2/13, 205, 90, 39, 30, 24, 16
2017/2/13, 204, 75, 50, 23, 20, 15
2017/2/13, 183, 64, 44, 31, 26, 16
2017/2/13, 182, 103, 56, 23, 9, 16
2017/2/14, 192, 82, 47, 27, 42, 15
2017/2/14, 183, 64, 52, 15, 14, 13
2017/2/14, 181, 63, 47, 17, 27, 15
2017/2/14, 148, 56, 55, 6, 16, 13
2017/2/14, 164, 59, 45, 21, 35, 14
2017/2/15, 170, 107, 66, 19, 44, 11
2017/2/15, 135, 75, 66, 4, 8, 9
2017/2/15, 156, 84, 74, 8, 13, 9
2017/2/15, 145, 75, 67, 12, 19, 10
2017/2/15, 149, 86, 72, 6, 5, 8
2017/2/16, 91, 39, 39, 12, 18, 9
2017/2/16, 85, 38, 36, 16, 21, 9
2017/2/16, 104, 40, 39, 9, 4, 8
2017/2/16, 72, 30, 38, 5, 10, 9
2017/2/16, 101, 61, 27, 23, 38, 11
2017/2/17, 55, 37, 34, 9, 14, 10
2017/2/17, 60, 39, 39, 14, 8, 9
2017/2/17, 104, 43, 28, 19, 23, 10
2017/2/17, 64, 30, 35, 15, 22, 9
2017/2/17, 61, 38, 37, 14, 17, 10
2017/2/18, 95, 56, 27, 19, 30, 12
2017/2/18, 78, 52, 33, 14, 13, 11
2017/2/18, 75, 54, 36, 10, 7, 10
2017/2/18, 69, 41, 30, 18, 20, 11
2017/2/18, 77, 43, 36, 6, 11, 11
2017/2/19, 132, 43, 29, 24, 22, 12
2017/2/19, 98, 30, 35, 21, 23, 10
2017/2/19, 99, 46, 41, 17, 8, 10
2017/2/19, 97, 30, 36, 9, 17, 9
2017/2/19, 112, 36, 38, 16, 17, 10
2017/2/20, 95, 59, 43, 19, 8, 12
2017/2/20, 85, 47, 35, 28, 35, 13
2017/2/20, 107, 60, 30, 29, 30, 12
2017/2/20, 78, 37, 45, 4, 11, 9
2017/2/20, 92, 52, 44, 21, 21, 12
2017/2/21, 138, 45, 27, 26, 23, 11
2017/2/21, 128, 39, 36, 16, 21, 11
2017/2/21, 120, 33, 32, 19, 29, 11
2017/2/21, 87, 29, 41, 7, 16, 9
2017/2/21, 135, 36, 39, 12, 9, 10
2017/2/22, 124, 44, 27, 29, 30, 11
2017/2/22, 91, 37, 43, 23, 35, 11
2017/2/22, 101, 36, 46, 22, 27, 11
2017/2/22, 94, 42, 49, 20, 9, 9
2017/2/22, 77, 32, 41, 11, 15, 9
2017/2/23, 92, 34, 47, 6, 10, 9
2017/2/23, 112, 51, 31, 29, 31, 12
2017/2/23, 94, 43, 47, 23, 34, 11
2017/2/23, 100, 41, 42, 26, 41, 11
2017/2/23, 92, 39, 51, 17, 13, 9
2017/2/24, 90, 38, 47, 15, 9, 9
2017/2/24, 109, 38, 42, 23, 29, 11
2017/2/24, 89, 34, 42, 11, 16, 9
2017/2/24, 99, 37, 39, 23, 35, 11
2017/2/24, 126, 46, 29, 29, 38, 11
2017/2/25, 96, 51, 24, 32, 21, 14
2017/2/25, 86, 57, 31, 27, 7, 11
2017/2/25, 85, 41, 43, 6, 10, 9
2017/2/25, 91, 46, 31, 32, 32, 14
2017/2/25, 116, 67, 18, 37, 26, 14
2017/2/26, 128, 47, 53, 15, 9, 10
2017/2/26, 139, 47, 46, 18, 19, 12
2017/2/26, 128, 42, 45, 22, 27, 13
2017/2/26, 154, 57, 33, 28, 25, 13
2017/2/26, 106, 37, 53, 4, 11, 10
2017/2/27, 140, 52, 34, 28, 24, 12
2017/2/27, 119, 40, 47, 12, 8, 9
2017/2/27, 125, 39, 42, 15, 18, 10
2017/2/27, 109, 36, 40, 19, 25, 11
2017/2/27, 91, 36, 47, 5, 10, 10
2017/2/28, 102, 26, 40, 10, 5, 8
2017/2/28, 92, 23, 36, 12, 17, 10
2017/2/28, 100, 24, 39, 8, 16, 9
2017/2/28, 122, 38, 29, 18, 15, 11
2017/2/28, 99, 27, 37, 12, 12, 9
2017/3/1, 42, 34, 40, 5, 7, 9
2017/3/1, 71, 56, 30, 26, 23, 12
2017/3/1, 55, 37, 37, 22, 28, 11
2017/3/1, 56, 45, 41, 19, 19, 10
2017/3/1, 60, 44, 40, 17, 8, 9
2017/3/2, 74, 44, 42, 25, 24, 13
2017/3/2, 75, 46, 45, 26, 16, 11
2017/3/2, 82, 53, 43, 22, 21, 12
2017/3/2, 110, 60, 33, 32, 25, 13
2017/3/2, 69, 41, , 8, 15, 10
2017/3/3, 118, 41, 38, 12, 10, 10
2017/3/3, 135, 42, 34, 14, 13, 10
2017/3/3, 94, 23, 41, 2, 7, 8
2017/3/3, 98, 30, 40, 14, 13, 9
2017/3/3, 105, 37, 35, 16, 17, 11
2017/3/4, 74, 59, 45, 23, 16, 11
2017/3/4, 90, 65, 32, 29, 31, 14
2017/3/4, 88, 55, 43, 22, 22, 12
2017/3/4, 76, 44, 40, 23, 32, 13
2017/3/4, 56, 40, 39, 12, 15, 10
2017/3/5, 117, 48, 43, 21, 9, 11
2017/3/5, 146, 76, 30, 29, 24, 13
2017/3/5, 104, 38, 37, 9, 11, 10
2017/3/5, 110, 41, 38, 22, 21, 13
2017/3/5, 133, 45, 40, 23, 16, 12
2017/3/6, 124, 53, 26, 21, 26, 11
2017/3/6, 114, 33, 37, 13, 15, 10
2017/3/6, 97, 28, 32, 16, 18, 10
2017/3/6, 100, 27, 35, 7, 8, 9
2017/3/6, 110, 28, 36, 8, 5, 9
2017/3/7, 86, 62, 31, 25, 26, 12
2017/3/7, 69, 44, 44, 19, 25, 11
2017/3/7, 64, 40, 38, 20, 25, 10
2017/3/7, 60, 37, 44, 8, 7, 10
2017/3/7, 68, 41, 43, 12, 5, 10
2017/3/8, 108, 76, 31, 31, 23, 14
2017/3/8, 76, 53, 44, 17, 6, 11
2017/3/8, 84, 50, , 26, 29, 12
2017/3/8, 87, 57, 44, 25, 26, 13
2017/3/8, 75, 46, 42, 10, 8, 11
2017/3/9, 132, 92, 35, 35, 25, 15
2017/3/9, 98, 69, 47, 24, 7, 13
2017/3/9, 111, 72, 46, 28, 18, 15
2017/3/9, 101, 62, 41, 32, 28, 14
2017/3/9, 89, 48, 51, 6, 9, 10
2017/3/10, 144, 75, 61, 21, 12, 14
2017/3/10, 156, 114, 43, 37, 28, 16
2017/3/10, 107, 58, 62, 7, 13, 13
2017/3/10, 148, 81, 58, 30, 22, 16
2017/3/10, 138, 72, 49, 29, 28, 14
2017/3/11, 161, 70, 39, 14, 12, 10
2017/3/11, 187, 85, 31, 21, 16, 11
2017/3/11, 132, 62, 45, 8, 8, 9
2017/3/11, 143, 57, 35, 15, 14, 9
2017/3/11, 145, 66, 45, 10, 4, 9
2017/3/12, 95, 35, 41, 17, 13, 10
2017/3/12, 76, 30, 41, 10, 10, 10
2017/3/12, 86, 32, 37, 18, 20, 10
2017/3/12, 105, 41, 42, 20, 7, 10
2017/3/12, 110, 50, 28, 23, 23, 12
2017/3/13, 85, 63, 43, 27, 11, 11
2017/3/13, 79, 48, 41, 24, 16, 11
2017/3/13, 96, 66, 36, 29, 22, 14
2017/3/13, 68, 36, 44, 12, 9, 10
2017/3/13, 74, 41, 40, 25, 18, 11
2017/3/14, 119, 60, 51, 16, 6, 12
2017/3/14, 83, 30, 55, 3, 8, 8
2017/3/14, 93, 53, 46, 29, 20, 14
2017/3/14, 106, 59, 47, 26, 13, 12
2017/3/14, 119, 85, 41, 31, 19, 14
2017/3/15, 127, 79, 74, 31, 8, 13
2017/3/15, 122, 79, 71, 27, 13, 15
2017/3/15, 116, 71, 71, 38, 29, 17
2017/3/15, 142, 113, 47, 50, 27, 16
2017/3/15, 92, 51, 81, 6, 11, 10
2017/3/16, 192, 168, 77, 48, 39, 20
2017/3/16, 156, 105, 77, 47, 41, 22
2017/3/16, 128, 86, 93, 9, 18, 15
2017/3/16, 151, 113, 78, 38, 14, 19
2017/3/16, 164, 115, 78, 40, 24, 19
2017/3/17, 202, 81, 71, 23, 6, 14
2017/3/17, 184, 81, 84, 12, 10, 14
2017/3/17, 216, 86, 70, 27, 19, 15
2017/3/17, 264, 133, 49, 38, 23, 17
2017/3/17, 207, 77, 62, 30, 27, 18
2017/3/18, 184, 63, 54, 19, 4, 9
2017/3/18, 174, 51, 54, 21, 17, 13
2017/3/18, 223, 72, 39, 27, 20, 12
2017/3/18, 182, 45, 61, 7, 11, 8
2017/3/18, 192, 61, 56, 19, 12, 10
2017/3/19, 109, 79, 43, 22, 4, 11
2017/3/19, 103, 65, 43, 22, 16, 11
2017/3/19, 115, 83, 35, 28, 17, 13
2017/3/19, 98, 55, 42, 23, 19, 12
2017/3/19, 73, 48, 49, 7, 7, 10
2017/3/20, 92, 61, 49, 17, 9, 11
2017/3/20, 127, 76, 49, 23, 6, 10
2017/3/20, 118, 60, 47, 21, 15, 11
2017/3/20, 129, 79, 41, 26, 28, 13
2017/3/20, 108, 53, 45, 19, 19, 11
2017/3/21, 145, 71, 47, 25, 11, 11
2017/3/21, 126, 50, 43, 20, 16, 11
2017/3/21, 147, 72, 34, 25, 19, 13
2017/3/21, 134, 58, 45, 21, 17, 11
2017/3/21, 123, 51, 48, 11, 8, 10
2017/3/22, 135, 83, 35, 30, 28, 14
2017/3/22, 143, 81, 46, 28, 8, 11
2017/3/22, 126, 59, 41, 25, 17, 12
2017/3/22, 110, 55, 45, 17, 10, 11
2017/3/22, 109, 50, 41, 24, 17, 11
2017/3/23, 141, 106, 45, 30, 18, 15
2017/3/23, 137, 98, 57, 30, 6, 12
2017/3/23, 129, 76, 50, 27, 12, 15
2017/3/23, 114, 65, 50, 27, 16, 14
2017/3/23, 114, 56, 56, 10, 8, 10
2017/3/24, 147, 84, 66, 34, 6, 11
2017/3/24, 142, 64, 60, 26, 21, 12
2017/3/24, 167, 86, 51, 35, 17, 13
2017/3/24, 154, 70, 60, 23, 10, 13
2017/3/24, 133, 53, 66, 4, 7, 10
2017/3/25, 156, 86, 58, 32, 9, 15
2017/3/25, 124, 63, 70, 6, 7, 11
2017/3/25, 166, 91, 55, 31, 19, 13
2017/3/25, 149, 75, 57, 34, 19, 14
2017/3/25, 157, 88, 63, 31, 5, 12
2017/3/26, 161, 70, 56, 28, 17, 13
2017/3/26, 171, 90, 57, 31, 15, 14
2017/3/26, 172, 93, 47, 34, 19, 13
2017/3/26, 149, 49, 66, 6, 5, 10
2017/3/26, 187, 95, 65, 35, 7, 12
2017/3/27, 165, 83, 55, 24, 16, 12
2017/3/27, 121, 74, 65, 7, 5, 10
2017/3/27, 164, 112, 41, 31, 16, 13
2017/3/27, 142, 75, 52, 25, 22, 12
2017/3/27, 216, 88, 59, 26, 6, 12
2017/3/28, 135, 71, 57, 5, 5, 8
2017/3/28, 169, 95, 37, 20, 18, 10
2017/3/28, 151, 78, 55, 12, 10, 9
2017/3/28, 138, 71, 47, 15, 15, 9
2017/3/28, 162, 77, 52, 13, 4, 9
2017/3/29, 97, 72, 65, 15, 7, 10
2017/3/29, 129, 92, 47, 29, 19, 12
2017/3/29, 117, 74, 63, 23, 11, 11
2017/3/29, 108, 63, 55, 22, 13, 11
2017/3/29, 112, 78, 59, 29, 8, 11
2017/3/30, 160, 100, 67, 30, 12, 15
2017/3/30, 154, 162, 64, 30, 8, 14
2017/3/30, 143, 91, 57, 34, 21, 16
2017/3/30, 177, 160, 47, 38, 27, 18
2017/3/30, 152, 74, 69, 22, 12, 11
2017/3/31, 187, 104, 72, 39, 8, 13
2017/3/31, 167, 73, 68, 28, 16, 12
2017/3/31, 224, 100, 60, 32, 23, 13
2017/3/31, 188, 85, 78, 29, 13, 13
2017/3/31, 165, 79, 77, 18, 9, 11
2017/4/1, 184, 115, 50, 38, 17, 14
2017/4/1, 166, 83, 74, 8, 7, 10
2017/4/1, 164, 83, 59, 33, 17, 13
2017/4/1, 168, 131, 64, 32, 7, 13
2017/4/1, 182, 99, 70, 26, 11, 13
2017/4/2, 154, 82, 98, 8, 8, 11
2017/4/2, 177, 158, 98, 35, 8, 15
2017/4/2, 150, 106, 91, 38, 17, 18
2017/4/2, 172, 127, 99, 35, 13, 18
2017/4/2, 173, 139, 82, 42, 18, 18
2017/4/3, 188, 126, 96, 18, 6, 11
2017/4/3, 196, 123, 102, 15, 11, 12
2017/4/3, 179, 102, 87, 17, 13, 12
2017/4/3, 207, 135, 73, 22, 14, 13
2017/4/3, 168, 77, 98, 6, 8, 10
2017/4/4, 169, 87, 96, 14, 11, 12
2017/4/4, 166, 107, 73, 25, 15, 14
2017/4/4, 145, 79, 98, 7, 8, 11
2017/4/4, 165, 98, 90, 20, 7, 12
2017/4/4, 148, 77, 81, 16, 14, 12
2017/4/5, 176, 87, 65, 28, 19, 13
2017/4/5, 149, 61, 54, 19, 14, 11
2017/4/5, 164, 75, 59, 17, 11, 11
2017/4/5, 165, 78, 60, 21, 5, 9
2017/4/5, 168, 90, 102, 13, 6, 10
2017/4/6, 140, 85, 68, 25, 14, 13
2017/4/6, 175, 121, 51, 32, 19, 15
2017/4/6, 165, 99, 79, 24, 10, 13
2017/4/6, 166, 101, 76, 30, 4, 11
2017/4/6, 177, 90, 96, 12, 4, 10
2017/4/7, 192, 36, 64, 7, 7, 6
2017/4/7, 210, 54, 60, 12, 6, 8
2017/4/7, 181, 38, 53, 13, 10, 8
2017/4/7, 189, 56, 59, 14, 3, 6
2017/4/7, 231, 60, 37, 20, 11, 11
2017/4/8, 116, 58, 49, 22, 4, 7
2017/4/8, 91, 101, 27, 27, 13, 11
2017/4/8, 69, 50, 50, 12, 6, 7
2017/4/8, 85, 52, 51, 17, 8, 8
2017/4/8, 74, 39, 45, 18, 12, 9
2017/4/9, 85, 79, 72, 14, 8, 10
2017/4/9, 75, 71, 61, 19, 13, 10
2017/4/9, 115, 108, 41, 29, 11, 12
2017/4/9, 93, 78, 67, 14, 5, 6
2017/4/9, 90, 68, 70, 6, 5, 7
2017/4/10, 132, 63, 53, 9, 4, 7
2017/4/10, 119, 53, 47, 10, 6, 7
2017/4/10, 131, 69, 50, 10, 2, 4
2017/4/10, 122, 52, 53, 5, 3, 5
2017/4/10, 148, 82, 34, 14, 6, 10
2017/4/11, 79, 68, 32, 20, 6, 8
2017/4/11, 81, 68, 43, 13, 3, 4
2017/4/11, 69, 57, 44, 10, 4, 7
2017/4/11, 55, 49, 45, 5, 3, 5
2017/4/11, 63, 46, 41, 12, 7, 8
2017/4/12, 58, 89, 51, 16, 6, 9
2017/4/12, 51, 75, 45, 20, 8, 9
2017/4/12, 74, 90, 49, 23, 6, 6
2017/4/12, 61, 108, 37, 27, 8, 9
2017/4/12, 45, 79, 50, 7, 4, 6
2017/4/13, 96, 88, 47, 27, 14, 12
2017/4/13, 107, 71, 78, 13, 9, 11
2017/4/13, 175, 74, 63, 15, 5, 10
2017/4/13, 101, 65, 74, 7, 6, 9
2017/4/13, 84, 64, 61, 18, 12, 12
2017/4/14, 129, 74, 68, 15, 10, 12
2017/4/14, 185, 85, 73, 13, 5, 9
2017/4/14, 145, 94, 48, 24, 11, 11
2017/4/14, 130, 78, 86, 7, 6, 8
2017/4/14, 137, 85, 87, 12, 7, 11
2017/4/15, 122, 59, 55, 20, 9, 9
2017/4/15, 133, 73, 69, 19, 8, 9
2017/4/15, 136, 77, 46, 25, 9, 9
2017/4/15, 120, 59, 68, 7, 5, 5
2017/4/15, 138, 82, 58, 20, 5, 7
2017/4/16, 90, 103, 50, 19, 5, 9
2017/4/16, 81, 77, 61, 10, 7, 9
2017/4/16, 98, 107, 45, 27, 11, 12
2017/4/16, 98, 83, 64, 21, 8, 13
2017/4/16, 86, 78, , 24, 11, 13
2017/4/17, 167, 58, 48, 16, 4, 10
2017/4/17, 141, 53, 43, 19, 6, 10
2017/4/17, 170, 67, 38, 22, 8, 9
2017/4/17, 152, 46, 47, 6, 3, 5
2017/4/17, 156, 55, 42, 16, 2, 7
2017/4/18, 82, 24, 45, 11, 6, 8
2017/4/18, 80, 40, 47, 11, 3, 5
2017/4/18, 82, 30, 54, 9, 3, 7
2017/4/18, 63, 24, 53, 7, 3, 4
2017/4/18, 86, 43, 37, 21, 7, 8
2017/4/19, 48, 45, 53, 6, 3, 6
2017/4/19, 75, 45, 45, 17, 6, 6
2017/4/19, 57, 51, 55, 19, 5, 9
2017/4/19, 76, 57, 37, 23, 7, 10
2017/4/19, 46, 47, 41, 21, 7, 9
2017/4/20, 103, 38, 56, 12, 3, 7
2017/4/20, 85, 44, 41, 26, 7, 10
2017/4/20, 81, 67, 50, 29, 7, 9
2017/4/20, 114, 73, 40, 31, 8, 12
2017/4/20, 98, 60, 63, 26, 4, 12
2017/4/21, 120, 83, 38, 28, 7, 10
2017/4/21, 99, 49, 59, 7, 4, 7
2017/4/21, 95, 75, 47, 23, 8, 10
2017/4/21, 110, 69, 56, 18, 4, 9
2017/4/21, 89, 63, 45, 23, 6, 10
2017/4/22, 106, 39, 39, 10, 6, 8
2017/4/22, 106, 46, 33, 11, 5, 7
2017/4/22, 100, 31, 54, 7, 3, 6
2017/4/22, 75, 24, 49, 4, 3, 5
2017/4/22, 92, 29, 42, 9, 9, 7
2017/4/23, 44, 30, 41, 13, 5, 8
2017/4/23, 48, 30, 41, 10, 3, 7
2017/4/23, 52, 42, 29, 15, 7, 8
2017/4/23, 74, 43, 43, 11, 5, 8
2017/4/23, 41, 19, 43, 3, 3, 5
2017/4/24, 53, 36, 41, 17, 6, 9
2017/4/24, 53, 37, 49, 13, 3, 7
2017/4/24, 75, 53, 30, 23, 7, 8
2017/4/24, 70, 38, 42, 13, 5, 6
2017/4/24, 42, 23, 45, 3, 3, 5
2017/4/25, 41, 32, 41, 8, 3, 8
2017/4/25, 28, 37, 42, 13, 6, 6
2017/4/25, 74, 45, 27, 22, 6, 8
2017/4/25, 55, 33, 39, 12, 4, 7
2017/4/25, 50, 29, 35, 13, 5, 8
2017/4/26, 45, 39, 47, 9, 3, 3
2017/4/26, 45, 54, 43, 25, 7, 7
2017/4/26, 45, 47, 47, 21, 6, 8
2017/4/26, 55, 58, 33, 29, 7, 9
2017/4/26, 38, 40, 39, 20, 7, 8
2017/4/27, 82, 68, 41, 32, 7, 11
2017/4/27, 74, 78, 54, 27, 7, 8
2017/4/27, 65, 57, 55, 24, 6, 11
2017/4/27, 52, 29, 61, 6, 3, 3
2017/4/27, 59, 51, 48, 26, 7, 10
2017/4/28, 97, 214, 41, 24, 8, 8
2017/4/28, 101, 236, 55, 18, 6, 6
2017/4/28, 84, 179, 56, 15, 6, 9
2017/4/28, 74, 163, 47, 17, 7, 9
2017/4/28, 51, 137, 58, 5, 3, 4
2017/4/29, 108, 50, 40, 16, 5, 7
2017/4/29, 80, 38, 58, 5, 3, 3
2017/4/29, 88, 38, 44, 10, 5, 7
2017/4/29, 103, 48, 50, 11, 5, 8
2017/4/29, 118, 54, 50, 14, 6, 6
2017/4/30, 83, 81, 59, 21, 6, 8
2017/4/30, 64, 69, 66, 21, 5, 11
2017/4/30, 45, 31, 64, 5, 3, 3
2017/4/30, 47, 59, 52, 25, 5, 12
2017/4/30, 53, 80, 43, 31, 6, 11
2017/5/1, 108, 78, 84, 13, 7, 8
2017/5/1, 108, 82, 64, 24, 7, 10
2017/5/1, 53, 59, 94, 4, 4, 4
2017/5/1, 88, 70, 72, 14, 7, 9
2017/5/1, 98, 77, 89, 14, 7, 9
2017/5/2, 82, 47, 105, 3, 3, 3
2017/5/2, 109, 61, 94, 8, 5, 8
2017/5/2, 84, 59, 87, 10, 5, 7
2017/5/2, 106, 73, 75, 20, 6, 9
2017/5/2, 95, 68, 100, 8, 6, 8
2017/5/3, 87, 57, 53, 21, 8, 10
2017/5/3, 72, 47, 69, 11, 7, 10
2017/5/3, 67, 40, 78, 5, 4, 6
2017/5/3, 99, 46, 77, 11, 7, 10
2017/5/3, 79, 51, 82, 9, 7, 9
2017/5/4, 102, 173, 35, 17, 6, 10
2017/5/4, 84, 154, 62, 8, 5, 9
2017/5/4, 84, 146, 51, 9, 5, 10
2017/5/4, 83, 122, 54, 3, 2, 7
2017/5/4, 78, 139, 48, 10, 5, 11
2017/5/5, 131, 421, 36, 6, 4, 7
2017/5/5, 132, 432, 52, 5, 4, 7
2017/5/5, 137, 456, 29, 9, 4, 8
2017/5/5, 115, 470, 47, 5, 5, 7
2017/5/5, 108, 429, 50, 3, 2, 5
2017/5/6, 133, 111, 47, 8, 5, 9
2017/5/6, 133, 101, 39, 9, 4, 8
2017/5/6, 128, 139, 34, 13, 4, 9
2017/5/6, 108, 104, 51, 4, , 5
2017/5/6, 148, 120, 45, 7, 5, 8
2017/5/7, 96, 54, 55, 19, 5, 8
2017/5/7, 102, 43, 60, 18, 5, 10
2017/5/7, 91, 37, 47, 22, 4, 9
2017/5/7, 93, 46, 53, 21, 4, 10
2017/5/7, 76, 21, 64, 3, 2, 6
2017/5/8, 43, 58, 108, 5, 4, 8
2017/5/8, 78, 80, 67, 24, 5, 11
2017/5/8, 76, 74, 89, 17, 6, 9
2017/5/8, 105, 74, 86, 14, 6, 6
2017/5/8, 68, 68, 77, 18, 6, 9
2017/5/9, 99, 57, 97, 8, 6, 7
2017/5/9, 110, 52, 90, 9, 6, 4
2017/5/9, 108, 64, 64, 22, 6, 9
2017/5/9, 88, 53, 85, 10, 6, 8
2017/5/9, 83, 47, 103, 4, 3, 7
2017/5/10, 70, 78, 76, 10, 6, 8
2017/5/10, 87, 95, 61, 21, 6, 10
2017/5/10, 69, 107, 79, 11, 7, 6
2017/5/10, 86, 87, 90, 8, 7, 8
2017/5/10, 69, 67, 93, 4, 3, 8
2017/5/11, 105, 97, 62, 12, 6, 6
2017/5/11, 121, 98, 81, 12, 5, 7
2017/5/11, 92, 79, 80, 3, 2, 5
2017/5/11, 96, 88, 68, 14, 5, 6
2017/5/11, 117, 111, 52, 20, 4, 8
2017/5/12, 83, 47, 42, 20, 4, 7
2017/5/12, 109, 55, 45, 19, 5, 8
2017/5/12, 105, 53, 45, 19, 6, 6
2017/5/12, 63, 32, 45, 4, 2, 6
2017/5/12, 89, 63, 40, 20, 4, 8
2017/5/13, 58, 11, 41, 4, , 6
2017/5/13, 89, 15, 43, 8, 4, 7
2017/5/13, 79, 12, 43, 8, 6, 6
2017/5/13, 69, 10, 36, 9, 3, 7
2017/5/13, 80, 24, 34, 18, 4, 9
2017/5/14, 47, 24, 39, 13, 5, 8
2017/5/14, 42, 25, 37, 15, 7, 6
2017/5/14, 28, 20, 34, 13, 4, 8
2017/5/14, 59, 36, 27, 18, 4, 9
2017/5/14, 41, 13, 39, 4, 2, 6
2017/5/15, 47, 34, 50, 17, 4, 9
2017/5/15, 47, 20, 61, 3, 2, 6
2017/5/15, 51, 36, 60, 16, 4, 9
2017/5/15, 74, 44, 47, 19, 5, 9
2017/5/15, 37, 31, 64, 17, 6, 6
2017/5/16, 79, 53, 60, 24, 5, 9
2017/5/16, 47, 40, 81, 11, 7, 6
2017/5/16, 59, 42, 74, 14, 5, 8
2017/5/16, 65, 47, 83, 13, 5, 9
2017/5/16, 55, 29, 81, 4, 3, 7
2017/5/17, 76, 94, 91, 24, 7, 11
2017/5/17, 70, 82, 124, 9, 6, 10
2017/5/17, 54, 59, 135, 5, 4, 8
2017/5/17, 56, 76, 115, 9, 7, 7
2017/5/17, 59, 74, 107, 12, 6, 10
2017/5/18, 88, 61, 113, 11, 6, 10
2017/5/18, 88, 68, 118, 9, 6, 7
2017/5/18, 91, 59, 133, 6, 5, 8
2017/5/18, 102, 69, 123, 11, 7, 10
2017/5/18, 115, 75, 100, 22, 7, 11
2017/5/19, 90, 58, 115, 21, 8, 8
2017/5/19, 98, 58, 126, 18, 7, 5
2017/5/19, 120, 66, 121, 21, 10, 9
2017/5/19, 125, 41, 131, 6, 4, 6
2017/5/19, 117, 62, 110, 20, 8, 9
2017/5/20, 95, 21, 89, 3, 2, 5
2017/5/20, 122, 43, 79, 6, 5, 7
2017/5/20, 75, 32, 75, 6, 4, 6
2017/5/20, 70, 29, 83, 7, 6, 4
2017/5/20, 86, 39, 60, 6, 5, 7
2017/5/21, 36, 12, 40, 11, 4, 7
2017/5/21, 37, 11, 47, 5, 2, 5
2017/5/21, 76, 38, 41, 11, 4, 8
2017/5/21, 48, 18, 37, 15, 4, 8
2017/5/21, 52, 18, 42, 15, 6, 5
2017/5/22, 40, 21, 52, 5, 2, 5
2017/5/22, 35, 23, 42, 11, 4, 7
2017/5/22, 51, 38, 33, 21, 5, 8
2017/5/22, 37, 26, 48, 10, 6, 4
2017/5/22, 70, 42, 50, 9, 4, 7
2017/5/23, 51, 23, 57, 7, 3, 5
2017/5/23, 83, 32, 51, 12, 5, 7
2017/5/23, 73, 39, 37, 20, 5, 8
2017/5/23, 48, 26, 47, 11, 5, 7
2017/5/23, 43, 27, 50, 12, 6, 4
2017/5/24, 38, 23, 46, 11, 9, 5
2017/5/24, 41, 15, 47, 4, 3, 5
2017/5/24, 62, 29, 36, 13, 4, 8
2017/5/24, 42, 58, 41, 9, 4, 9
2017/5/24, 58, 22, 46, 8, 4, 6
2017/5/25, 39, 41, 50, 17, 7, 7
2017/5/25, 32, 52, 51, 25, 9, 6
2017/5/25, 54, 41, 41, 24, 5, 10
2017/5/25, 42, 32, 48, 18, 5, 10
2017/5/25, 25, 18, 49, 7, 3, 7
2017/5/26, 68, 53, 60, 25, 5, 10
2017/5/26, 75, 50, 59, 24, 5, 10
2017/5/26, 35, 18, 62, 7, 3, 6
2017/5/26, 60, 41, 58, 24, 4, 12
2017/5/26, 62, 58, 67, 27, 6, 6
2017/5/27, 73, 65, 68, 27, 6, 9
2017/5/27, 80, 65, 89, 18, 5, 8
2017/5/27, 39, 44, 92, 11, 4, 7
2017/5/27, 74, 73, 89, 24, 7, 6
2017/5/27, 63, 56, 85, 20, 5, 11
2017/5/28, 78, 73, 43, 21, 6, 8
2017/5/28, 59, 51, 71, 12, 3, 6
2017/5/28, 87, 67, 66, 12, 5, 6
2017/5/28, 77, 66, 68, 13, 7, 5
2017/5/28, 64, 56, 61, 13, 5, 10
2017/5/29, 65, 31, 42, 10, 5, 10
2017/5/29, 79, 45, 35, 18, 5, 9
2017/5/29, 53, 30, 46, 6, 3, 6
2017/5/29, 85, 37, 46, 10, 4, 7
2017/5/29, 75, 50, 47, 11, 6, 5
2017/5/30, 57, 45, 50, 28, 4, 11
2017/5/30, 89, 49, 61, 28, 4, 9
2017/5/30, 56, 66, 39, 32, 5, 10
2017/5/30, 66, 64, 57, 31, 6, 7
2017/5/30, 39, 30, 62, 11, 3, 7
2017/5/31, 81, 43, 43, 21, 6, 6
2017/5/31, 92, 30, 35, 17, 4, 7
2017/5/31, 76, 21, 44, 6, 3, 6
2017/5/31, 92, 65, 29, 21, 5, 9
2017/5/31, 101, 36, 38, 17, 5, 8
2017/6/1, 66, 29, 22, 19, 5, 9
2017/6/1, 61, 35, 33, 18, 8, 6
2017/6/1, 39, 13, 31, 7, 3, 6
2017/6/1, 65, 18, 31, 12, 5, 7
2017/6/1, 47, 13, 29, 11, 4, 6
2017/6/2, 57, 50, 26, 25, 5, 12
2017/6/2, 60, 68, 41, 20, 8, 6
2017/6/2, 32, 25, 37, 10, 2, 7
2017/6/2, 49, 30, 37, 19, 6, 8
2017/6/2, 31, 24, 35, 17, 4, 7
2017/6/3, 51, 11, 43, 6, 3, 6
2017/6/3, 83, 31, 43, 24, 13, 6
2017/6/3, 48, 20, 40, 18, 4, 7
2017/6/3, 63, 22, 43, 18, 5, 8
2017/6/3, 77, 33, 35, 25, 5, 9
2017/6/4, 35, 14, 61, 8, 3, 6
2017/6/4, 45, 34, 55, 22, 4, 8
2017/6/4, 54, 42, 60, 20, 4, 9
2017/6/4, 66, 86, 61, 20, 5, 8
2017/6/4, 45, 40, 57, 21, 6, 6
2017/6/5, 49, 34, 86, 19, 4, 8
2017/6/5, 72, 50, 73, 23, 5, 9
2017/6/5, 72, 57, 56, 29, 5, 11
2017/6/5, 52, 49, 80, 28, 7, 7
2017/6/5, 57, 51, 75, 27, 5, 8
2017/6/6, 68, 36, 54, 14, 4, 10
2017/6/6, 55, 36, 62, 13, 5, 7
2017/6/6, 65, 37, 62, 7, 2, 8
2017/6/6, 76, 50, 41, 24, 4, 12
2017/6/6, 82, 39, 61, 12, 4, 9
2017/6/7, 97, 24, 46, 9, 3, 6
2017/6/7, 103, 44, 35, 24, 4, 11
2017/6/7, 75, 27, 40, 15, 4, 12
2017/6/7, 70, 41, 45, 15, 6, 6
2017/6/7, 99, 34, 43, 14, 4, 8
2017/6/8, 64, 63, 25, 19, 5, 10
2017/6/8, 68, 52, 37, 17, 5, 7
2017/6/8, 55, 29, 40, 10, 2, 6
2017/6/8, 44, 55, 37, 17, 7, 5
2017/6/8, 48, 44, 36, 18, 5, 11
2017/6/9, 49, 24, 27, 15, 5, 10
2017/6/9, 72, 31, 27, 14, 6, 7
2017/6/9, 60, 39, 18, 14, 5, 9
2017/6/9, 25, 23, 32, 12, 3, 7
2017/6/9, 42, 53, 29, 19, 7, 5
2017/6/10, 51, 46, 26, 16, 5, 8
2017/6/10, 65, 48, 27, 20, 7, 6
2017/6/10, 56, 43, 19, 13, 5, 9
2017/6/10, 32, 15, 28, 9, 3, 6
2017/6/10, 35, 30, 26, 17, 5, 11
2017/6/11, 50, 55, 33, 22, 6, 10
2017/6/11, 73, 108, 35, 20, 5, 8
2017/6/11, 57, 53, 37, 21, 6, 6
2017/6/11, 74, 45, 31, 18, 5, 9
2017/6/11, 36, 13, 35, 8, 3, 6
2017/6/12, 63, 48, 62, 24, 5, 10
2017/6/12, 82, 79, 68, 23, 7, 6
2017/6/12, 34, 22, 62, 10, 3, 6
2017/6/12, 69, 68, 44, 34, 6, 13
2017/6/12, 77, 68, 65, 23, 5, 11
2017/6/13, 43, 41, 76, 12, 4, 7
2017/6/13, 75, 56, 66, 21, 7, 9
2017/6/13, 100, 56, 76, 18, 7, 8
2017/6/13, 83, 59, 82, 22, 7, 6
2017/6/13, 94, 66, 48, 30, 7, 12
2017/6/14, 76, 45, 52, 25, 6, 8
2017/6/14, 92, 54, 54, 25, 6, 8
2017/6/14, 95, 52, 44, 23, 6, 9
2017/6/14, 69, 65, 61, 27, 6, 6
2017/6/14, 61, 24, 66, 15, 3, 6
2017/6/15, 56, 39, 90, 22, 5, 8
2017/6/15, 79, 48, 89, 21, 5, 7
2017/6/15, 77, 43, 87, 25, 6, 6
2017/6/15, 67, 47, 95, 20, 4, 9
2017/6/15, 47, 16, 103, 12, 2, 5
2017/6/16, 45, 70, 120, 33, 7, 10
2017/6/16, 54, 67, 98, 25, 6, 12
2017/6/16, 61, 80, 105, 37, 6, 14
2017/6/16, 88, 67, 104, 23, 6, 11
2017/6/16, 30, 48, 121, 12, 4, 9
2017/6/17, 127, 72, 103, 24, 6, 13
2017/6/17, 110, 61, 105, 12, 5, 10
2017/6/17, 104, 49, 110, 8, 4, 8
2017/6/17, 107, 64, 106, 11, 7, 8
2017/6/17, 122, 61, 118, 10, 6, 9
2017/6/18, 110, 37, 109, 11, 5, 9
2017/6/18, 112, 37, 99, 11, 6, 8
2017/6/18, 102, 37, 97, 12, 4, 9
2017/6/18, 103, 39, 100, 6, 3, 8
2017/6/18, 120, 46, 87, 24, 4, 12
2017/6/19, 76, 26, 78, 14, 5, 8
2017/6/19, 74, 21, 82, 10, 5, 7
2017/6/19, 83, 22, 94, 12, 4, 8
2017/6/19, 91, 30, 63, 21, 4, 9
2017/6/19, 82, 21, 82, 3, 2, 6
2017/6/20, 63, 33, 39, 26, 4, 9
2017/6/20, 54, 17, 70, 11, 4, 8
2017/6/20, 61, 20, 66, 11, 4, 8
2017/6/20, 43, 16, 62, 7, 2, 5
2017/6/20, 51, 18, 67, 11, 6, 6
2017/6/21, 36, 24, 52, 14, 3, 9
2017/6/21, 51, 29, 58, 14, 4, 8
2017/6/21, 36, 31, 54, 18, 5, 6
2017/6/21, 48, 18, 51, 8, 2, 5
2017/6/21, 60, 42, 39, 24, 4, 10
2017/6/22, 53, 46, 75, 27, 4, 10
2017/6/22, 42, 50, 66, 29, 4, 12
2017/6/22, 63, 65, 45, 37, 4, 12
2017/6/22, 35, 58, 76, 32, 4, 7
2017/6/22, 48, 18, 70, 9, 3, 5
2017/6/23, 44, 31, 79, 14, 3, 5
2017/6/23, 71, 58, 81, 34, 4, 14
2017/6/23, 58, 66, 76, 32, 4, 7
2017/6/23, 93, 83, 48, 49, 4, 15
2017/6/23, 69, 65, 92, 37, 5, 13
2017/6/24, 97, 42, 69, 29, 4, 10
2017/6/24, 73, 36, 58, 29, 4, 7
2017/6/24, 102, 53, 38, 37, 4, 11
2017/6/24, 59, 27, 61, 15, 3, 5
2017/6/24, 85, 41, 59, 26, 3, 11
2017/6/25, 88, 31, 54, 18, 4, 8
2017/6/25, 71, 31, , 23, 3, 8
2017/6/25, 66, 12, 49, 4, 2, 4
2017/6/25, 79, 30, 63, 18, 4, 9
2017/6/25, 62, 33, 49, 17, 4, 6
2017/6/26, 35, 29, 96, 9, 3, 5
2017/6/26, 56, 49, 108, 23, 4, 10
2017/6/26, 50, 49, 82, 22, 3, 10
2017/6/26, 42, 49, 93, 24, 4, 7
2017/6/26, 58, 55, 74, 33, 4, 10
2017/6/27, 64, 50, 90, 20, 4, 6
2017/6/27, 84, 56, 69, 28, 4, 8
2017/6/27, 67, 28, 98, 10, 3, 4
2017/6/27, 70, 47, 91, 16, 3, 9
2017/6/27, 78, 48, 110, 18, 4, 9
2017/6/28, 78, 52, , 11, 4, 10
2017/6/28, 83, 58, 73, 20, 4, 6
2017/6/28, 67, 39, 98, 9, 3, 5
2017/6/28, 70, 54, 85, 11, 4, 7
2017/6/28, 72, 53, 93, 10, 3, 10
2017/6/29, 76, 51, 109, 8, 3, 9
2017/6/29, 82, 61, , 12, 4, 12
2017/6/29, 77, 54, 80, 12, 4, 9
2017/6/29, 77, 62, 91, 14, 4, 12
2017/6/29, 90, 79, 61, 30, 4, 9
2017/6/30, 121, 67, 86, 12, 2, 15
2017/6/30, 123, 66, 108, 11, 4, 14
2017/6/30, 119, 57, 99, 7, 4, 10
2017/6/30, 92, 78, 79, 14, 5, 15
2017/6/30, 138, 89, 66, 31, 4, 13
2017/7/1, 80, 53, 56, 12, 3, 11
2017/7/1, 136, 50, 66, 13, 2, 12
2017/7/1, 142, 50, 91, 13, 4, 11
2017/7/1, 124, 42, 70, 6, 3, 14
2017/7/1, 152, 74, 45, 28, 4, 9
2017/7/2, 114, 33, 39, 23, 4, 9
2017/7/2, 100, 21, 49, 14, 3, 9
2017/7/2, 108, 24, 48, 18, 4, 8
2017/7/2, 96, 15, 54, 5, 2, 14
2017/7/2, 107, 25, 63, 15, 4, 9
2017/7/3, 39, 28, 53, 13, 3, 9
2017/7/3, 55, 44, 64, 26, 4, 8
2017/7/3, 49, 40, 63, 19, 4, 9
2017/7/3, 40, 24, 61, 8, 3, 8
2017/7/3, 50, 53, 42, 31, 4, 9
2017/7/4, 72, 59, 63, 26, 4, 9
2017/7/4, 60, 48, 86, 20, 4, 10
2017/7/4, 65, 40, 68, 20, 4, 7
2017/7/4, 56, 23, 85, 6, 2, 8
2017/7/4, 47, 47, 75, 21, 3, 11
2017/7/5, 67, 23, 98, 6, 2, 6
2017/7/5, 71, 45, 95, 20, 3, 10
2017/7/5, 75, 44, 103, 18, 4, 9
2017/7/5, 61, 48, 92, 17, 4, 8
2017/7/5, 82, 50, 91, 25, 4, 8
2017/7/6, 66, 43, 90, 14, 3, 8
2017/7/6, 70, 50, 84, 18, 4, 8
2017/7/6, 63, 55, 88, 15, 4, 7
2017/7/6, 61, 27, 83, 5, 2, 4
2017/7/6, 62, 43, 88, 13, 3, 10
2017/7/7, 56, 38, 83, 7, 2, 11
2017/7/7, 67, 46, 71, 20, 3, 10
2017/7/7, 71, 45, 89, 6, 4, 7
2017/7/7, 69, 37, 84, 2, 2, 5
2017/7/7, 63, 36, 98, 8, 3, 9
2017/7/8, 90, 45, 57, 20, 4, 9
2017/7/8, 92, , 69, , , 
2017/7/8, 80, 38, 82, 8, 3, 5
2017/7/8, 73, 36, 77, 9, 2, 11
2017/7/8, 74, 36, 94, 8, 4, 8
2017/7/9, 58, 26, 64, 10, 3, 4
2017/7/9, 66, 28, 60, 11, 3, 10
2017/7/9, 73, 35, 52, 19, 3, 8
2017/7/9, 65, 28, 74, 13, 4, 7
2017/7/9, , 15, 52, 2, , 5
2017/7/10, 50, 45, 107, 9, 4, 9
2017/7/10, 40, 35, 97, 3, 3, 7
2017/7/10, 36, 49, 96, 10, 4, 6
2017/7/10, 57, 55, 71, 23, 4, 11
2017/7/10, 48, 51, 91, 12, 4, 10
2017/7/11, 74, 49, 109, 3, 4, 7
2017/7/11, 74, 61, 112, 7, 4, 10
2017/7/11, 102, 64, 105, 5, 5, 7
2017/7/11, 92, 73, 92, 18, 4, 12
2017/7/11, 74, 63, 103, 8, 4, 11
2017/7/12, 106, 35, 94, 2, 2, 6
2017/7/12, 134, 55, 86, 4, , 6
2017/7/12, 117, 46, 99, 11, 3, 10
2017/7/12, 131, 56, 73, 17, , 11
2017/7/12, 114, 45, 86, 11, 2, 10
2017/7/13, 91, 27, 65, 10, 3, 7
2017/7/13, 98, 43, 48, 26, 3, 10
2017/7/13, 78, 22, 67, 2, , 6
2017/7/13, 89, 26, 57, 11, 2, 8
2017/7/13, 115, , 67, , , 
2017/7/14, 64, 28, 78, 5, 3, 6
2017/7/14, 55, 40, 68, 14, 3, 9
2017/7/14, 58, 41, 78, 13, 3, 8
2017/7/14, 73, 56, 44, 28, 4, 11
2017/7/15, 68, 39, 65, 14, 2, 9
2017/7/15, 81, 55, 50, 20, 3, 10
2017/7/15, 68, 44, 77, 13, 3, 8
2017/7/15, 74, 32, 70, 3, , 5
2017/7/16, 72, 38, 68, 10, 1, 8
2017/7/16, 82, 50, 49, 18, 4, 9
2017/7/16, 73, 29, 82, 3, 2, 5
2017/7/16, 73, 39, 78, 8, 3, 8
2017/7/17, 68, 45, 77, 9, 2, 9
2017/7/17, 79, 55, 59, 15, 3, 9
2017/7/17, 72, 34, 92, 4, 3, 5
2017/7/17, 72, 42, 85, 7, 3, 8
2017/7/18, 95, 61, 45, 22, 3, 10
2017/7/18, 79, 48, 68, 11, 3, 9
2017/7/18, 85, 41, 73, 4, 2, 8
2017/7/18, 81, 48, 61, 13, 1, 10
2017/7/19, 98, 11, 44, 3, 3, 6
2017/7/19, 100, 20, 36, 13, 2, 7
2017/7/19, 116, 23, 34, 13, 4, 7
2017/7/19, 106, 20, 39, 12, 3, 7
2017/7/20, 47, 22, 45, 10, 3, 6
2017/7/20, , 47, 53, 23, 5, 9
2017/7/20, 35, 13, 55, 3, 4, 5
2017/7/20, 52, 26, 44, 15, 3, 6
2017/7/20, 52, 24, 48, 10, 3, 6
2017/7/21, 27, 16, 50, 2, 5, 5
2017/7/21, 34, 40, 77, 19, 4, 8
2017/7/21, 14, 35, 53, 14, 6, 6
2017/7/21, 42, 46, 46, 27, 4, 8
2017/7/21, 39, 44, 84, 19, 5, 8
2017/7/22, 58, 38, 84, 17, 5, 8
2017/7/22, 70, 54, 48, 32, 4, 8
2017/7/22, 62, 39, 83, 19, 5, 7
2017/7/22, 71, 34, 58, 12, 5, 5
2017/7/22, 39, 21, 61, 5, 4, 5
2017/7/23, 57, 57, 36, 12, 4, 4
2017/7/23, 45, 26, 56, 9, 4, 4
2017/7/23, 76, 45, 39, 24, 4, 7
2017/7/23, 65, 39, 56, 15, 4, 6
2017/7/23, 58, 32, 48, 13, 3, 8
2017/7/24, 49, 27, 55, 10, 4, 4
2017/7/24, 51, 36, 43, 20, 5, 9
2017/7/24, 33, 64, 42, 18, 5, 3
2017/7/24, 54, 38, 47, 17, 4, 6
2017/7/24, 67, 57, 35, 29, 5, 8
2017/7/25, 45, 18, 50, 4, 4, 4
2017/7/25, 57, 39, 50, 16, 3, 6
2017/7/25, 53, 42, 50, 17, 4, 9
2017/7/25, 84, 46, 48, 16, 4, 9
2017/7/25, 51, 57, 42, 12, 5, 5
2017/7/26, 39, 26, 67, 6, 5, 6
2017/7/26, 62, 45, 81, 12, 4, 8
2017/7/26, 67, 55, 52, 25, 4, 7
2017/7/26, 67, 180, 52, 11, 4, 6
2017/7/26, 54, 44, 74, 13, 5, 11
2017/7/27, 76, 46, 47, 12, 4, 4
2017/7/27, 58, 13, 54, 4, 4, 5
2017/7/27, 67, 17, 52, 9, 4, 8
2017/7/27, 74, 24, 51, 11, 3, 6
2017/7/27, 76, 26, 43, 17, 4, 6
2017/7/28, 54, 46, 59, 21, 4, 8
2017/7/28, 37, 50, 49, 19, 4, 5
2017/7/28, 38, 13, 57, 2, 5, 6
2017/7/28, 49, 44, 64, 24, 4, 11
2017/7/28, 41, 43, 58, 21, 5, 10
2017/7/29, 64, 46, 86, 19, 5, 11
2017/7/29, 70, 63, 71, 21, 4, 5
2017/7/29, 64, 58, 69, 32, 5, 13
2017/7/29, 38, 29, 88, 5, 5, 7
2017/7/29, 70, 47, 89, 18, 4, 9
2017/7/30, 88, 64, 75, 32, 4, 15
2017/7/30, 80, 53, 94, 13, 4, 10
2017/7/30, 63, 32, 88, 4, 5, 8
2017/7/30, 72, 55, 91, 18, 5, 13
2017/7/30, 105, 71, 72, 18, 4, 6
2017/7/31, 95, 46, 72, 13, 4, 11
2017/7/31, 90, 47, 83, 11, 4, 9
2017/7/31, 107, 57, 58, 26, 4, 13
2017/7/31, 71, 28, 76, 4, 5, 7
2017/7/31, 138, 73, 60, 15, 4, 5
2017/8/1, 72, 36, 52, 9, 4, 9
2017/8/1, 77, 36, 54, 8, 4, 8
2017/8/1, 84, 46, 38, 16, 4, 10
2017/8/1, 65, 18, 48, 4, 5, 7
2017/8/1, 118, 45, 35, 14, 3, 5
2017/8/2, 63, 22, 32, 9, 3, 9
2017/8/2, 73, 19, 24, 6, 7, 3
2017/8/2, 50, 12, 37, 2, 3, 6
2017/8/2, 63, 17, 40, 9, 8, 7
2017/8/2, 56, 18, 37, 10, 3, 9
2017/8/3, 38, 16, 28, 9, 3, 9
2017/8/3, 36, 12, 22, 6, 4, 5
2017/8/3, 48, 18, 31, 8, 3, 7
2017/8/3, 41, 28, 26, 16, 4, 11
2017/8/3, 35, 10, 35, 2, , 6
2017/8/4, 33, 40, 45, 16, 3, 10
2017/8/4, 41, 25, 28, 14, 4, 9
2017/8/4, 26, 41, 43, 17, 3, 11
2017/8/4, 34, 47, 31, 20, 3, 12
2017/8/4, 25, 16, 42, 2, , 6
2017/8/5, 53, 24, 37, 16, , 9
2017/8/5, 61, 24, 46, 20, 3, 8
2017/8/5, 40, 14, 75, 4, 2, 6
2017/8/5, 60, 23, 34, 21, 4, 10
2017/8/5, 67, 33, 42, 27, 3, 11
2017/8/6, 35, 16, 64, 5, , 6
2017/8/6, 63, 33, 38, 23, 3, 10
2017/8/6, 55, 19, 60, 12, 3, 7
2017/8/6, 43, 21, 41, 16, 4, 8
2017/8/6, 50, 19, 44, 11, 4, 8
2017/8/7, 41, 31, 62, 19, 4, 9
2017/8/7, 49, 42, 44, 25, 4, 10
2017/8/7, 43, 33, 64, 20, 4, 8
2017/8/7, 39, 23, , 17, 4, 7
2017/8/7, 31, 15, 54, 2, 2, 6
2017/8/8, 49, 37, 52, 17, 3, 9
2017/8/8, 27, 17, 61, 3, 2, 6
2017/8/8, 45, 32, 58, 15, 4, 8
2017/8/8, 49, 31, 61, 15, 3, 7
2017/8/8, 36, 28, 44, 13, 4, 7
2017/8/9, 42, 20, 44, 10, 4, 8
2017/8/9, 35, 17, 53, 2, 2, 6
2017/8/9, 50, 38, 47, 19, 3, 7
2017/8/9, 49, 33, 64, 13, 3, 9
2017/8/9, 45, 28, 60, 15, 4, 9
2017/8/10, 34, 30, 46, 11, 4, 8
2017/8/10, 55, , , , , 
2017/8/10, 53, 40, 45, 20, 3, 11
2017/8/10, 40, 21, 47, 1, 2, 7
2017/8/10, 41, 31, 51, 13, , 9
2017/8/11, 52, 21, 46, 9, 4, 8
2017/8/11, 46, 17, 52, 2, 2, 6
2017/8/11, 52, 29, 58, 17, , 10
2017/8/11, 68, 35, 50, 16, 3, 10
2017/8/12, 38, 26, 51, 1, , 7
2017/8/12, 59, 46, 60, 21, 3, 12
2017/8/12, 44, 44, 49, 17, 4, 9
2017/8/12, 59, 41, 68, 18, 4, 10
2017/8/13, 79, 41, 33, 19, 4, 10
2017/8/13, 71, 46, 47, 17, 4, 8
2017/8/13, 75, 47, 40, 19, , 11
2017/8/13, 53, 25, 47, 2, 3, 7
2017/8/14, 75, 43, 28, 18, , 10
2017/8/14, 126, 32, 24, 14, 4, 8
2017/8/14, 59, 17, 32, 3, 2, 6
2017/8/14, 70, 39, 34, 16, 4, 7
2017/8/15, 59, 27, 28, 16, 3, 10
2017/8/15, 54, 25, 34, 14, 5, 9
2017/8/15, 37, 14, 34, 2, 3, 6
2017/8/15, 51, 20, 29, 13, 4, 8
2017/8/16, 46, 33, 33, 12, 4, 9
2017/8/16, 39, 31, 37, 12, 5, 8
2017/8/16, 24, 14, 46, 2, 3, 5
2017/8/16, 41, 23, 36, 12, 2, 7
2017/8/17, 42, 33, 32, 13, 5, 8
2017/8/17, 49, 36, 25, 15, 4, 10
2017/8/17, 23, 12, 34, 2, 2, 5
2017/8/17, 36, 34, 32, 12, 1, 8
2017/8/18, 43, 28, 33, 14, 4, 8
2017/8/18, 20, 13, 31, 2, 2, 6
2017/8/18, 48, 30, 27, 11, 3, 9
2017/8/18, 38, 21, 26, 8, 1, 7
2017/8/19, 22, 14, 40, 2, 2, 6
2017/8/19, 42, 27, 31, 7, 1, 8
2017/8/19, 39, 31, 39, 13, 4, 9
2017/8/19, 39, 34, 36, 12, 3, 10
2017/8/20, 46, 35, 44, 14, 4, 9
2017/8/20, 51, 46, 33, 22, 4, 11
2017/8/20, , 34, 40, 12, 4, 8
2017/8/20, 33, 19, 43, 2, 3, 6
2017/8/20, 45, 32, 49, 8, 2, 7
2017/8/21, 40, 38, 65, 4, 3, 9
2017/8/21, 53, 48, 47, 12, 4, 12
2017/8/21, 56, 52, 48, 7, 1, 11
2017/8/21, 52, 48, 49, 10, 5, 13
2017/8/21, 63, 70, 33, 26, 4, 15
2017/8/22, 82, 12, 51, 4, 2, 5
2017/8/22, 94, 16, 41, 12, 4, 9
2017/8/22, 120, 16, 41, 12, 2, 8
2017/8/22, 98, 16, 32, 11, 4, 7
2017/8/22, 121, 23, , 17, 4, 8
2017/8/23, 224, 33, 35, 5, 1, 9
2017/8/23, 47, 29, 37, 11, 4, 10
2017/8/23, 41, 30, 34, 11, 4, 8
2017/8/23, 35, 23, 40, 5, 2, 6
2017/8/23, 56, 47, 28, 20, 4, 11
2017/8/24, 53, 30, 31, 5, 2, 6
2017/8/24, 65, 34, 31, 8, 5, 9
2017/8/24, 75, 38, 29, 4, 3, 8
2017/8/24, 63, 35, 27, 8, 4, 7
2017/8/24, 87, 49, 21, 14, 5, 9
2017/8/25, 67, 38, 21, 20, 5, 9
2017/8/25, 64, 25, 29, 11, 4, 7
2017/8/25, 42, 30, 30, 9, 5, 8
2017/8/25, 44, 18, 34, 4, 2, 5
2017/8/25, 54, 23, 31, 12, 5, 9
2017/8/26, 33, 38, 55, 11, 6, 10
2017/8/26, 38, 36, 56, 9, 5, 9
2017/8/26, 39, 36, 56, 6, 5, 10
2017/8/26, 46, 47, 39, 18, 5, 8
2017/8/26, 19, 28, 72, 4, 4, 7
2017/8/27, 52, 27, 29, 8, 4, 7
2017/8/27, 50, 27, 43, 5, 5, 9
2017/8/27, 56, 42, 37, 14, 5, 6
2017/8/27, 37, 22, 50, 6, 2, 6
2017/8/27, 45, 24, 47, 8, 5, 9
2017/8/28, 30, 27, 29, 7, 5, 8
2017/8/28, 61, 35, 24, 13, 5, 5
2017/8/28, 42, 21, 30, 8, 6, 8
2017/8/28, 40, 24, 23, 7, 4, 6
2017/8/28, 36, 17, 31, 5, 2, 5
2017/8/29, 41, 42, 21, 15, 4, 7
2017/8/29, 26, 26, 24, 11, 5, 9
2017/8/29, 33, 15, 27, 6, 2, 5
2017/8/29, 23, 27, 20, 11, 4, 8
2017/8/29, 25, 37, , 10, 5, 9
2017/8/30, 38, 20, 37, 5, 3, 6
2017/8/30, 38, 46, 35, 14, 5, 9
2017/8/30, 40, 44, 32, 17, 5, 10
2017/8/30, 61, 52, , 24, 3, 9
2017/8/30, 45, 41, 30, 16, 5, 9
2017/8/31, 56, 58, 49, 18, 5, 8
2017/8/31, 77, 57, 33, 29, 3, 9
2017/8/31, 58, 45, 47, 17, 5, 9
2017/8/31, 59, 25, 55, 5, 3, 7
2017/8/31, 61, 46, 45, 19, 5, 10
2017/9/1, 82, 43, 32, 26, 3, 7
2017/9/1, 69, 37, 41, 21, 5, 8
2017/9/1, 65, 48, 40, 21, 5, 8
2017/9/1, 59, 15, 48, 4, 3, 6
2017/9/1, 76, 59, 56, 24, 4, 7
2017/9/2, 66, 48, 49, 21, 5, 10
2017/9/2, 61, 48, 49, 24, 4, 10
2017/9/2, 68, 51, 38, 28, 3, 8
2017/9/2, 36, 23, 53, 3, 3, 8
2017/9/2, 65, 48, 68, 18, 4, 7
2017/9/3, 77, 42, 47, 13, 4, 10
2017/9/3, 54, 30, 57, 4, 2, 9
2017/9/3, 75, 42, 48, 11, 4, 10
2017/9/3, 72, 39, 55, 10, 3, 7
2017/9/3, 78, 46, 41, 17, 2, 8
2017/9/4, 69, 35, 50, 8, 3, 7
2017/9/4, 73, 40, 45, 9, 4, 9
2017/9/4, 74, 35, 44, 11, 4, 9
2017/9/4, 71, 23, 54, 3, 2, 8
2017/9/4, 83, 46, 39, 21, 3, 9
2017/9/5, 79, 38, , 19, 3, 7
2017/9/5, 61, 23, , 11, 5, 7
2017/9/5, 67, 25, , 12, 5, 7
2017/9/5, 89, 18, , 6, , 7
2017/9/5, 57, 19, , 12, 4, 6
2017/9/6, 70, , , , , 
2017/9/6, 52, , , , , 
2017/9/6, 32, , , , , 
2017/9/6, 24, , , , , 
2017/9/6, 45, , , , , 
2017/9/10, , 33, 42, 20, 4, 8
2017/9/10, , 16, 68, 6, 3, 6
2017/9/10, , 23, 56, 13, 4, 7
2017/9/10, , 25, 63, 11, 4, 6
2017/9/10, , 24, 56, 12, 4, 7
2017/9/11, 61, 38, 23, 20, 3, 9
2017/9/11, 30, 29, 30, 13, 5, 7
2017/9/11, 26, 17, 33, 8, 3, 6
2017/9/11, 31, 34, 34, 15, 5, 7
2017/9/11, 39, 29, 54, 14, 5, 7
2017/9/12, 46, 38, 27, 16, 6, 8
2017/9/12, 47, 41, 25, 16, 5, 8
2017/9/12, 37, 20, 29, 8, 3, 7
2017/9/12, 43, 43, 30, 15, 5, 7
2017/9/12, 64, 51, 17, 21, 4, 11
2017/9/13, 62, 41, 28, 20, 6, 9
2017/9/13, 80, 46, 21, 23, 4, 9
2017/9/13, 55, 46, 35, 21, 5, 8
2017/9/13, 43, 15, 34, 6, 3, 6
2017/9/13, 63, 56, 27, 19, 5, 8
2017/9/14, 57, 37, 130, 16, 5, 8
2017/9/14, 66, 48, 16, 25, 3, 11
2017/9/14, 33, 18, 31, 4, 2, 6
2017/9/14, 73, 45, 22, 22, 4, 8
2017/9/14, 59, 45, 24, 23, 5, 9
2017/9/15, 62, 53, 54, 17, 5, 10
2017/9/15, 61, 55, 45, 26, 4, 12
2017/9/15, 62, 49, 52, 14, 5, 9
2017/9/15, 52, 52, 73, 12, 5, 9
2017/9/15, 41, 36, 60, 5, 3, 8
2017/9/16, 80, 27, 55, 13, 4, 8
2017/9/16, 80, 35, 53, 10, 4, 7
2017/9/16, 93, 36, 36, 23, 3, 11
2017/9/16, 81, 29, 48, 14, 4, 7
2017/9/16, 69, 17, 57, 4, 3, 6
2017/9/17, 44, 55, 43, 20, 5, 7
2017/9/17, 62, 58, 24, 32, 4, 13
2017/9/17, 47, 46, 37, 24, 6, 10
2017/9/17, 45, 54, 36, 24, 5, 9
2017/9/17, 35, 22, 43, 7, 4, 7
2017/9/18, 67, 34, 54, 10, 5, 8
2017/9/18, 82, 46, 44, 20, 6, 11
2017/9/18, 67, 45, 61, 10, 4, 7
2017/9/18, 71, 33, 55, 11, 4, 8
2017/9/18, 60, 22, 47, 5, 3, 7
2017/9/19, 46, 33, 37, 10, 4, 6
2017/9/19, 55, 26, 34, 13, 5, 9
2017/9/19, 47, 21, 36, 9, 3, 6
2017/9/19, 66, 41, 22, 23, 4, 10
2017/9/19, 69, 35, 36, 14, 4, 8
2017/9/20, 38, 56, 46, 15, 5, 7
2017/9/20, 50, 37, 43, 16, 4, 10
2017/9/20, 44, 42, 41, 17, 5, 10
2017/9/20, 65, 48, 30, 25, 3, 9
2017/9/20, 47, 20, 47, 4, 3, 7
2017/9/21, 58, 28, 42, 12, 4, 9
2017/9/21, 60, 36, 43, 11, 5, 7
2017/9/21, 70, 39, 35, 25, 3, 9
2017/9/21, 47, 22, 47, 4, 3, 7
2017/9/21, 58, 39, 39, 14, 5, 11
2017/9/22, 55, 50, 54, 11, 7, 7
2017/9/22, 50, 51, 47, 13, 6, 10
2017/9/22, 64, 59, 35, 26, 4, 9
2017/9/22, 54, 48, 51, 11, 6, 10
2017/9/22, 46, 35, 54, 4, 4, 8
2017/9/23, 40, 42, 46, 13, 5, 9
2017/9/23, 49, 26, 50, 5, 3, 7
2017/9/23, 63, 59, 49, 13, 6, 6
2017/9/23, 58, 46, 46, 13, 5, 10
2017/9/23, 73, 52, 35, 24, 3, 9
2017/9/24, 70, 48, 37, 25, 3, 8
2017/9/24, 40, 46, 38, 19, 5, 8
2017/9/24, 59, 52, 40, 15, 6, 5
2017/9/24, 61, 39, 41, 17, 4, 10
2017/9/24, 40, 17, 46, 4, 4, 7
2017/9/25, 43, 35, 40, 13, 6, 9
2017/9/25, 58, 35, 41, 8, 5, 7
2017/9/25, 51, 37, 39, 14, 4, 10
2017/9/25, 39, 25, 47, 6, 3, 8
2017/9/25, 60, 46, 39, 22, 3, 9
2017/9/26, 66, 34, 29, 18, 5, 9
2017/9/26, 72, 46, 18, 21, 4, 9
2017/9/26, 46, 31, 30, 15, 6, 8
2017/9/26, 56, 15, 33, 8, 3, 7
2017/9/26, 61, 30, 32, 11, 6, 5
2017/9/27, 34, 23, 30, 9, 3, 6
2017/9/27, 38, 36, 29, 9, 5, 5
2017/9/27, 48, 39, 26, 14, 5, 8
2017/9/27, 33, 33, 27, 12, 6, 5
2017/9/27, 74, 48, 17, 19, 5, 7
2017/9/28, 43, 59, 28, 17, 6, 6
2017/9/28, 28, 40, 27, 14, 7, 6
2017/9/28, 54, 51, 20, 20, 5, 7
2017/9/28, 36, 51, 20, 19, 4, 8
2017/9/28, 33, 26, 30, 7, 3, 5
2017/9/29, 33, 25, 35, 8, 3, 6
2017/9/29, 26, 43, 30, 20, 6, 7
2017/9/29, 56, 46, 20, 24, 4, 7
2017/9/29, 43, 50, 29, 20, 4, 10
2017/9/29, 46, 60, 33, 19, 5, 6
2017/9/30, 64, 84, 51, 8, 4, 7
2017/9/30, 58, 80, 40, 14, 3, 7
2017/9/30, 39, 64, 57, 5, 3, 7
2017/9/30, 63, 72, 43, 10, 4, 9
2017/9/30, 38, 68, 45, 9, 5, 6
2017/10/1, 63, 26, 32, 11, 3, 6
2017/10/1, 80, 49, 21, 20, 3, 7
2017/10/1, 74, 45, 27, 18, 4, 9
2017/10/1, 76, 61, 31, 18, 6, 7
2017/10/1, 49, 37, 28, 15, 5, 7
2017/10/2, 62, 47, 21, 19, 4, 7
2017/10/2, 55, 45, 28, 17, 4, 7
2017/10/2, 60, 104, 31, 18, 6, 7
2017/10/2, 33, 30, 29, 13, 5, 6
2017/10/2, 34, 29, 32, 12, 3, 6
2017/10/3, 63, 68, 25, 24, 6, 8
2017/10/3, 41, 29, 36, 9, 3, 7
2017/10/3, 32, 55, 34, 20, 6, 8
2017/10/3, 70, 86, 37, 20, 6, 8
2017/10/3, 51, 62, 34, 19, 5, 8
2017/10/4, 54, 42, 65, 6, 6, 9
2017/10/4, 92, 70, 56, 17, 7, 10
2017/10/4, 66, 102, 53, 13, 8, 9
2017/10/4, 96, 58, 50, 12, 6, 10
2017/10/4, 102, 66, 40, 21, 4, 10
2017/10/5, 91, 54, 68, 11, 6, 10
2017/10/5, 89, 50, 59, 10, 5, 9
2017/10/5, 75, 38, , 5, 4, 8
2017/10/5, 67, 53, 58, 11, 7, 9
2017/10/5, 100, 54, 47, 19, , 9
2017/10/6, 78, 49, 55, 10, 4, 10
2017/10/6, 90, 62, 49, 22, 5, 12
2017/10/6, 85, 62, 50, 25, 6, 12
2017/10/6, 100, 60, 48, 20, 7, 13
2017/10/6, 99, 68, 33, 29, 3, 12
2017/10/7, 147, 84, 24, 28, 5, 11
2017/10/7, 115, 60, 57, 12, 4, 12
2017/10/7, 133, 88, 57, 27, 7, 14
2017/10/7, 132, 91, 46, 32, 5, 16
2017/10/7, , 82, 46, 29, 8, 16
2017/10/8, 131, 44, 40, 11, 4, 7
2017/10/8, 156, 46, 36, 14, 5, 9
2017/10/8, 164, 43, 15, 20, 5, 9
2017/10/8, 152, 52, 30, 15, 5, 9
2017/10/8, 175, 45, 33, 13, 5, 11
2017/10/9, 85, 40, 28, 17, 6, 9
2017/10/9, 86, 53, 27, 16, 6, 10
2017/10/9, 76, 49, 21, 18, 5, 8
2017/10/9, 81, 60, 22, 18, 6, 8
2017/10/9, 87, 34, 32, 8, 4, 6
2017/10/10, 64, 33, 41, 7, 3, 6
2017/10/10, 79, 46, 29, 17, 5, 8
2017/10/10, 63, 53, 39, 17, 6, 9
2017/10/10, 80, 50, 26, 23, 5, 9
2017/10/10, 104, 43, 35, 15, 6, 8
2017/10/11, 89, 62, 33, 23, 5, 9
2017/10/11, 103, 73, 24, 28, 6, 10
2017/10/11, 75, 52, 40, 8, 3, 7
2017/10/11, 112, 59, 36, 20, 6, 10
2017/10/11, 119, 85, 34, 26, 6, 7
2017/10/12, 134, 75, 24, 29, 6, 11
2017/10/12, 133, 61, 30, 25, 7, 12
2017/10/12, 112, 46, 36, 7, 4, 8
2017/10/12, 116, 74, 29, 24, 6, 12
2017/10/12, 132, 72, 37, 25, 6, 8
2017/10/13, 111, 53, 39, 13, 4, 8
2017/10/13, 151, 60, 35, 19, 6, 11
2017/10/13, 143, 94, , 27, 7, 12
2017/10/13, 130, 102, 41, 22, 6, 8
2017/10/13, 140, 62, 35, 21, 6, 11
2017/10/14, 129, 79, 34, 24, 7, 14
2017/10/14, 162, 114, 20, 32, 6, 13
2017/10/14, 136, 101, 41, 23, 8, 10
2017/10/14, 114, 88, 34, 24, 6, 13
2017/10/14, 115, 61, 41, 12, 5, 9
2017/10/15, 204, 65, 33, 20, 6, 12
2017/10/15, 135, 58, 31, 14, 4, 9
2017/10/15, 157, 83, 39, 22, 7, 9
2017/10/15, 176, 64, 27, 21, 6, 12
2017/10/15, 180, 96, 23, 28, 6, 12
2017/10/16, 178, 68, 25, 25, 8, 9
2017/10/16, 167, 55, 31, 22, 9, 9
2017/10/16, 125, 46, 36, 11, 4, 8
2017/10/16, 144, 59, 35, 27, 7, 8
2017/10/16, 152, 75, 31, 24, 8, 10
2017/10/17, 117, 126, 45, 40, 13, 14
2017/10/17, 138, 104, 43, 36, 12, 12
2017/10/17, 119, 108, 46, 35, 8, 14
2017/10/17, 100, 115, 57, 39, 9, 12
2017/10/17, 97, 77, 53, 18, 7, 13
2017/10/18, 225, 139, 53, 38, 10, 21
2017/10/18, 210, 96, 58, 34, 12, 17
2017/10/18, 209, 116, 34, 48, 12, 20
2017/10/18, 207, 87, 57, 18, 8, 14
2017/10/18, 249, 110, 64, 39, 10, 12
2017/10/19, 192, 126, 46, 33, 10, 22
2017/10/19, 211, 116, 45, 32, 7, 21
2017/10/19, 190, 156, 59, 31, 8, 15
2017/10/19, 201, 226, 45, 42, 8, 23
2017/10/19, 187, 82, 51, 17, 5, 14
2017/10/20, 226, 37, 41, 16, 7, 7
2017/10/20, 241, 37, 36, 12, 7, 8
2017/10/20, 225, 44, 36, 15, 6, 8
2017/10/20, 198, 39, 38, 8, 6, 7
2017/10/20, 267, 46, 45, 18, 6, 8
2017/10/21, 70, 50, 42, 26, 13, 7
2017/10/21, 101, 56, 36, 23, 11, 8
2017/10/21, 78, 41, 42, 4, 6, 6
2017/10/21, 72, 66, 36, 26, 11, 9
2017/10/21, 82, 58, 32, 22, 8, 8
2017/10/22, 122, 56, 35, 27, 13, 13
2017/10/22, 117, 74, 33, 30, 11, 15
2017/10/22, 93, 71, 27, 31, 13, 14
2017/10/22, 83, 44, 40, 5, 7, 7
2017/10/22, 78, 77, 38, 33, 12, 10
2017/10/23, 101, 53, 54, 5, 6, 8
2017/10/23, 132, 85, 42, 31, 12, 14
2017/10/23, 126, 80, 39, 31, 19, 12
2017/10/23, 118, 100, 28, 38, 10, 14
2017/10/23, 110, 88, 52, 30, 8, 11
2017/10/24, 152, 103, 26, 46, 22, 21
2017/10/24, 115, 65, 44, 13, 11, 13
2017/10/24, 162, 85, 34, 39, 22, 18
2017/10/24, 144, 90, 37, 38, 22, 19
2017/10/24, 140, 103, 45, 43, 14, 15
2017/10/25, 163, 139, 46, 43, 20, 25
2017/10/25, 157, 132, 47, 42, 12, 27
2017/10/25, 165, 145, 62, 42, 12, 21
2017/10/25, 143, 107, 63, 12, 10, 21
2017/10/25, 165, 180, 46, 49, 17, 27
2017/10/26, 266, 106, 41, 36, 19, 18
2017/10/26, 265, 87, 58, 28, 12, 18
2017/10/26, 264, 87, 55, 28, 14, 16
2017/10/26, 225, 76, 74, 8, 8, 14
2017/10/26, 239, 88, 69, 23, 10, 14
2017/10/27, 194, 76, 39, 16, 14, 10
2017/10/27, 186, 84, 41, 13, 9, 12
2017/10/27, 177, 84, 54, 7, 8, 10
2017/10/27, 194, 106, 27, 23, 27, 12
2017/10/27, 179, 108, 52, 12, 7, 10
2017/10/28, 118, 49, 33, 9, 12, 7
2017/10/28, 122, 47, 28, 16, 13, 11
2017/10/28, 129, 64, 20, 21, 26, 10
2017/10/28, 147, 43, 29, 16, 19, 7
2017/10/28, 113, 62, 32, 18, 9, 9
2017/10/29, 111, 61, 29, 23, 25, 9
2017/10/29, 82, , , , , 
2017/10/29, 75, 61, 30, 23, 23, 13
2017/10/29, 116, 74, 17, 27, 26, 12
2017/10/29, 117, 78, 36, 25, 9, 10
2017/10/30, 127, 85, 33, 21, 10, 11
2017/10/30, , 78, , 12, 11, 11
2017/10/30, 136, 93, 19, 28, 19, 14
2017/10/30, 139, 79, 28, 24, 22, 11
2017/10/30, 123, 84, 28, 22, 14, 15
2017/10/31, 115, 99, 50, 24, 9, 12
2017/10/31, 147, 73, 34, 22, 17, 10
2017/10/31, 139, 84, 48, 13, 11, 10
2017/10/31, 133, 74, 39, 21, 14, 11
2017/10/31, 132, 90, 26, 29, 17, 13
2017/11/1, 182, 69, 11, 26, 9, 7
2017/11/1, 187, 60, 22, 10, 5, 4
2017/11/1, 159, 61, 18, 23, 11, 10
2017/11/1, 159, 55, 16, 22, 11, 6
2017/11/1, 180, 66, 21, 30, 10, 8
2017/11/2, 127, 60, 20, 19, 14, 12
2017/11/2, 134, 116, 16, 22, 13, 10
2017/11/2, 137, 75, 22, 23, 12, 7
2017/11/2, 100, 67, 25, 11, 4, 7
2017/11/2, 142, 92, 18, 17, 13, 8
2017/11/3, 202, 56, 22, 20, 25, 10
2017/11/3, 214, 56, 19, 20, 28, 6
2017/11/3, 209, 72, 15, 24, 10, 7
2017/11/3, 176, 78, 26, 14, 5, 8
2017/11/3, 163, 65, 25, 20, 6, 6
2017/11/4, 103, 79, 43, 18, 5, 8
2017/11/4, 129, 76, 35, 18, 12, 9
2017/11/4, 117, 91, 34, 24, 21, 10
2017/11/4, 153, 77, 44, 10, 9, 10
2017/11/4, 98, 81, 40, 18, 13, 14
2017/11/5, 161, 76, 37, 20, 22, 10
2017/11/5, 161, 95, 31, 29, 13, 11
2017/11/5, 151, 91, 45, 22, 7, 9
2017/11/5, 155, 107, 50, 15, 8, 12
2017/11/5, 168, 74, 39, 21, 19, 14
2017/11/6, 220, 99, 35, 12, 6, 11
2017/11/6, 181, 108, 37, 21, 5, 11
2017/11/6, 169, 147, 25, 22, 13, 12
2017/11/6, 179, 128, 26, 31, 14, 13
2017/11/6, 181, 100, 28, 20, 11, 15
2017/11/7, 238, 69, 12, 20, 14, 8
2017/11/7, 228, 53, 27, 14, 2, 6
2017/11/7, 225, 216, 21, 14, 11, 5
2017/11/7, 202, 38, 26, 8, 5, 6
2017/11/7, 227, 46, 20, 15, 11, 10
2017/11/8, 146, 71, 24, 19, 11, 8
2017/11/8, 133, 75, 25, 20, 13, 9
2017/11/8, 107, 62, 28, 7, 3, 7
2017/11/8, 117, 66, 23, 19, 14, 10
2017/11/8, 124, 71, 31, 16, 3, 7
2017/11/9, 160, 48, 18, 15, 16, 7
2017/11/9, 142, 42, 26, 10, 3, 4
2017/11/9, 165, 41, 20, 10, 8, 5
2017/11/9, 149, 38, 21, 11, 5, 4
2017/11/9, 141, 37, 24, 6, 4, 4
2017/11/10, 85, 36, 24, 17, 15, 4
2017/11/10, 74, 32, 25, 9, 5, 5
2017/11/10, 87, 51, 24, 16, 3, 4
2017/11/10, 109, 46, 24, 16, 19, 5
2017/11/10, 102, 49, 15, 20, 17, 9
2017/11/11, 90, 60, 24, 20, 12, 8
2017/11/11, 97, 61, 28, 16, 5, 6
2017/11/11, 108, 46, 32, 7, 4, 7
2017/11/11, 103, 65, 19, 21, 13, 12
2017/11/11, 105, 65, 25, 19, 11, 8
2017/11/12, 121, 65, 29, 16, 3, 6
2017/11/12, 135, 72, 19, 21, 23, 12
2017/11/12, 123, 60, 27, 17, 14, 8
2017/11/12, 113, 53, 34, 9, 4, 7
2017/11/12, 146, 68, 29, 16, 17, 8
2017/11/13, 107, 47, 31, 4, 3, 4
2017/11/13, 116, 52, 24, 9, 9, 4
2017/11/13, 144, 59, 24, 10, 10, 3
2017/11/13, 121, 59, 26, 7, 2, 3
2017/11/13, 131, 56, 19, 14, 19, 7
2017/11/14, 89, 71, 23, 14, 9, 5
2017/11/14, 66, 56, 33, 9, 5, 7
2017/11/14, 82, 69, 17, 18, 35, 10
2017/11/14, 64, 55, 27, 14, 14, 7
2017/11/14, 84, 69, 30, 14, 4, 6
2017/11/15, 144, 89, 94, 21, 6, 9
2017/11/15, 125, 74, 34, 12, 5, 8
2017/11/15, 147, 91, 17, 27, 33, 12
2017/11/15, 127, 69, 13, 21, 24, 10
2017/11/15, 124, 85, 26, 21, 26, 7
2017/11/16, 173, 75, 29, 23, 14, 8
2017/11/16, 148, 52, 35, 10, 7, 4
2017/11/16, 176, 76, 17, 24, 16, 11
2017/11/16, 159, 66, 19, 19, 9, 8
2017/11/16, 166, 97, 27, 19, 17, 5
2017/11/17, 175, 50, 15, 15, 28, 9
2017/11/17, 155, 45, 26, 12, 6, 6
2017/11/17, 118, 41, 33, 8, 8, 3
2017/11/17, 182, 55, 24, 12, 14, 3
2017/11/17, 147, 41, 21, 12, 9, 5
2017/11/18, 115, 64, 25, 16, 20, 5
2017/11/18, 88, 46, 32, 9, 6, 3
2017/11/18, 84, 48, 21, 16, 18, 7
2017/11/18, 106, 59, 26, 17, 5, 8
2017/11/18, 104, 58, 16, 20, 21, 12
2017/11/19, 136, 58, 17, 22, 28, 13
2017/11/19, 137, 60, 26, 17, 24, 6
2017/11/19, 101, 38, 33, 8, 6, 3
2017/11/19, 117, 49, 21, 18, 15, 7
2017/11/19, 116, 58, 28, 16, 4, 8
2017/11/20, 109, 106, 17, 19, 18, 13
2017/11/20, 99, 86, 23, 17, 22, 9
2017/11/20, 122, 106, 24, 14, 15, 7
2017/11/20, 103, 89, 29, 11, 7, 8
2017/11/20, 82, 60, 38, 5, 7, 4
2017/11/21, 123, 63, 17, 9, 21, 4
2017/11/21, 128, 53, 13, 14, 15, 8
2017/11/21, 118, 48, 22, 7, 2, 5
2017/11/21, 93, 46, 28, 5, 5, 2
2017/11/21, 121, 46, 14, 9, 14, 6
2017/11/22, 45, 37, 16, 17, 26, 6
2017/11/22, 56, 51, 30, 21, 38, 7
2017/11/22, 37, 33, 25, 13, 13, 4
2017/11/22, 68, 50, 17, 16, 30, 5
2017/11/22, 52, 44, 22, 13, 5, 6
2017/11/23, 82, 52, 18, 18, 27, 8
2017/11/23, 85, 62, 18, 18, 35, 8
2017/11/23, 113, 45, 27, 8, 4, 4
2017/11/23, 105, 62, 23, 23, 31, 9
2017/11/23, 85, 61, 21, 15, 4, 6
2017/11/24, 106, 60, 23, 15, 7, 7
2017/11/24, 107, 55, 21, 18, 22, 9
2017/11/24, 112, 64, 22, 16, 22, 8
2017/11/24, 81, 41, 27, 9, 8, 5
2017/11/24, 120, 65, 11, 23, 21, 9
2017/11/25, 123, 62, 25, 16, 26, 8
2017/11/25, 118, 57, 26, 14, 4, 6
2017/11/25, 133, 61, 14, 22, 28, 9
2017/11/25, 85, 45, 30, 8, 4, 5
2017/11/25, 114, 48, 26, 17, 21, 8
2017/11/26, 108, 66, 27, 11, 17, 8
2017/11/26, 107, 62, 28, 8, 6, 5
2017/11/26, 88, 44, 33, 3, 4, 4
2017/11/26, 122, 75, 26, 11, 20, 8
2017/11/26, 122, 71, 19, 16, 17, 8
2017/11/27, 99, 92, 28, 12, 15, 7
2017/11/27, 100, 103, , 17, 31, 9
2017/11/27, 63, 73, , 5, 6, 5
2017/11/27, 86, 86, 29, 8, 4, 5
2017/11/27, 92, 83, 30, 11, 10, 8
2017/11/28, 103, 39, 25, 11, 13, 4
2017/11/28, 117, 51, 24, 16, 34, 6
2017/11/28, 98, 43, 27, 6, 4, 5
2017/11/28, 102, 39, 29, 10, 10, 6
2017/11/28, 77, 36, 31, 5, 4, 3
2017/11/29, 45, 28, 25, 17, 22, 7
2017/11/29, 46, 30, 27, 16, 22, 7
2017/11/29, 37, 28, 33, 8, 11, 4
2017/11/29, 67, 46, 14, 21, 47, 6
2017/11/29, 42, 38, 29, 11, 5, 6
2017/11/30, 70, 53, 27, 16, 8, 8
2017/11/30, 72, 46, 22, 22, 29, 12
2017/11/30, 63, 47, 24, 22, 34, 10
2017/11/30, 52, 41, 28, 9, 7, 5
2017/11/30, 85, 58, 12, 24, 39, 9
2017/12/1, 118, 80, 25, 26, 31, 14
2017/12/1, 112, 59, 12, 25, 27, 16
2017/12/1, 103, 72, 21, 21, 10, 10
2017/12/1, 104, 63, 16, 25, 29, 14
2017/12/1, 80, 57, 23, 13, 13, 9
2017/12/2, 162, 61, 15, 20, 23, 13
2017/12/2, 136, 66, 20, 18, 14, 6
2017/12/2, 161, 69, 9, 22, 30, 11
2017/12/2, 103, 59, 23, 14, 9, 7
2017/12/2, 148, 60, 17, 21, 20, 12
2017/12/3, 133, 66, 31, 10, 7, 6
2017/12/3, 152, 46, 19, 20, 25, 12
2017/12/3, 138, 48, 22, 19, 33, 10
2017/12/3, 154, 58, 11, 20, 29, 11
2017/12/3, 150, 78, 21, 18, 12, 5
2017/12/4, 117, 51, 21, 22, 35, 12
2017/12/4, 113, 51, 24, 15, 5, 4
2017/12/4, 94, 37, 34, 7, 6, 5
2017/12/4, 107, 49, 22, 22, 31, 12
2017/12/4, 121, 56, 13, 22, 30, 11
2017/12/5, 115, 86, 12, 29, 34, 17
2017/12/5, 66, 65, 28, 16, 12, 9
2017/12/5, 109, 108, 16, 30, 36, 18
2017/12/5, 98, 87, 20, 23, 12, 10
2017/12/5, 99, 90, 11, 30, 20, 17
2017/12/6, 130, 79, 28, 16, 7, 10
2017/12/6, 154, 104, 21, 28, 14, 11
2017/12/6, 173, 84, 14, 26, 29, 12
2017/12/6, 178, 80, 13, 25, 16, 14
2017/12/6, 182, 116, 19, 27, 29, 15
2017/12/7, 153, 53, 24, 9, 4, 6
2017/12/7, 204, 70, 13, 22, 22, 11
2017/12/7, 197, 62, 22, 19, 4, 8
2017/12/7, 186, 63, 14, 23, 37, 11
2017/12/7, 208, 76, 16, 23, 33, 13
2017/12/8, 107, 51, 31, 11, 6, 7
2017/12/8, 127, 66, 26, 16, 6, 9
2017/12/8, 149, 58, 15, 23, 33, 13
2017/12/8, 148, 60, 16, 20, 18, 11
2017/12/8, 155, 73, 12, 25, 34, 16
2017/12/9, 141, 70, 15, 15, 21, 14
2017/12/9, 97, 51, 27, 12, 19, 6
2017/12/9, 132, 40, 17, 12, 20, 7
2017/12/9, 127, 48, 25, 11, 7, 6
2017/12/9, 128, 51, 17, 13, 12, 7
2017/12/10, 116, 64, 16, 11, 31, 6
2017/12/10, 98, 35, 26, 7, 2, 5
2017/12/10, 109, 37, 18, 13, 13, 5
2017/12/10, 88, 26, 23, 10, 20, 5
2017/12/10, 112, 25, 20, 12, 18, 5
2017/12/11, 72, 38, , 19, 24, 6
2017/12/11, 64, 51, 28, 14, 6, 7
2017/12/11, 65, 41, 18, 18, 28, 6
2017/12/11, 52, 45, 28, 10, 8, 6
2017/12/11, 104, 58, 9, 7, 28, 11
2017/12/12, 87, 64, 17, 28, 41, 9
2017/12/12, 88, 72, 13, 27, 40, 10
2017/12/12, 95, 77, 30, 26, 10, 12
2017/12/12, 135, 84, 6, 15, 30, 13
2017/12/12, 80, 63, 24, 15, 11, 9
2017/12/13, 158, 62, 16, 27, 31, 9
2017/12/13, 164, 78, 26, 23, 13, 13
2017/12/13, 129, 59, 33, 8, 9, 9
2017/12/13, 168, 80, 8, 23, 26, 13
2017/12/13, 162, 69, 18, 25, 23, 10
2017/12/14, 118, 54, 30, 11, 10, 7
2017/12/14, 167, 67, 7, 22, 17, 11
2017/12/14, 167, 58, 26, 16, 7, 7
2017/12/14, 159, 53, , 22, 31, 6
2017/12/14, 163, 53, 17, 20, 31, 5
2017/12/15, 135, 51, 7, 19, 27, 9
2017/12/15, 121, 40, 17, 17, 32, 4
2017/12/15, 103, 42, 26, 10, 7, 5
2017/12/15, 122, 48, , 15, 5, 6
2017/12/15, 127, 40, 18, 18, 33, 4
2017/12/16, 96, 53, , 21, 30, 5
2017/12/16, 82, 44, 29, 7, 6, 5
2017/12/16, 105, 56, 25, 18, 9, 7
2017/12/16, 114, 64, 6, 21, 23, 10
2017/12/16, 95, 51, 17, 23, 43, 5
2017/12/17, 107, 44, 19, 19, 27, 4
2017/12/17, 122, 52, 8, 21, 24, 10
2017/12/17, 105, 43, 14, 20, 24, 5
2017/12/17, 96, 52, 26, 17, 8, 6
2017/12/17, 71, 40, 25, 15, 13, 6
2017/12/18, 74, 40, 29, 9, 10, 5
2017/12/18, 111, 51, 25, 13, 5, 6
2017/12/18, 118, 58, 8, 18, 22, 10
2017/12/18, 106, 91, 17, 17, 21, 4
2017/12/18, 109, 44, 17, 18, 31, 8
2017/12/19, 102, 52, 26, 14, 11, 7
2017/12/19, 119, 63, 7, 21, 16, 11
2017/12/19, 103, 54, 16, 21, 29, 7
2017/12/19, 96, 48, , 21, 37, 8
2017/12/19, 75, 50, 28, 9, 12, 8
2017/12/20, 127, 65, 8, 21, 16, 11
2017/12/20, 107, 54, 18, 25, 32, 7
2017/12/20, 87, 47, 52, 9, 11, 7
2017/12/20, 111, 57, 27, 19, 9, 7
2017/12/20, 114, 58, 24, 20, 24, 9
2017/12/21, 85, 60, 28, 14, 12, 9
2017/12/21, 112, 65, 20, 22, 24, 12
2017/12/21, 108, 63, 16, 27, 34, 10
2017/12/21, 123, 84, 14, 25, 19, 16
2017/12/21, 134, 74, 25, 22, 5, 11
2017/12/22, 138, 56, 32, 8, 7, 6
2017/12/22, 153, 70, 22, 24, 12, 10
2017/12/22, 151, 65, 16, 29, 31, 8
2017/12/22, 153, 87, 26, 19, 5, 12
2017/12/22, 169, 83, 9, 25, 16, 15
2017/12/23, 148, 56, 22, 19, 15, 8
2017/12/23, 140, 50, 28, 15, 13, 6
2017/12/23, 152, 59, 24, 18, 15, 7
2017/12/23, 148, 52, 19, 21, 19, 5
2017/12/23, 146, 61, 13, 22, 25, 13
2017/12/24, 126, 63, 15, 20, 22, 13
2017/12/24, 108, 44, 28, 9, 7, 5
2017/12/24, 131, 59, 26, 14, 6, 7
2017/12/24, 128, 51, 18, 20, 30, 4
2017/12/24, 121, 54, 23, 17, 21, 6
2017/12/25, 119, 53, 20, 16, 25, 10
2017/12/25, 99, 44, 25, 10, 9, 7
2017/12/25, 78, 39, 26, 13, 14, 5
2017/12/25, 99, 41, 19, 16, 24, 5
2017/12/25, 96, 43, , 15, 20, 6
2017/12/26, 90, 67, 25, 14, 6, 9
2017/12/26, 106, 48, 24, 20, 31, 8
2017/12/26, 80, 52, 27, 12, 8, 6
2017/12/26, 116, 65, 12, 21, 43, 7
2017/12/26, 92, 43, 19, 21, 33, 6
2017/12/27, 93, 82, 17, 28, 23, 17
2017/12/27, 109, 50, 30, 7, 11, 7
2017/12/27, 123, 84, 16, 27, 27, 13
2017/12/27, 103, 102, 24, 21, 11, 15
2017/12/27, 91, 75, 9, 30, 34, 13
2017/12/28, 161, 129, 17, 28, 26, 15
2017/12/28, 154, 72, 15, 29, 36, 8
2017/12/28, 160, 82, 18, 28, 26, 14
2017/12/28, 102, 59, 32, 14, 10, 8
2017/12/28, 154, 79, 15, 27, 33, 8
2017/12/29, 162, 92, 17, 39, 47, 13
2017/12/29, 167, 86, 19, 23, 16, 10
2017/12/29, 161, 94, 12, 35, 47, 12
2017/12/29, 166, 88, 24, 34, 36, 17
2017/12/29, 131, 68, 34, 13, 16, 9
2017/12/30, 166, 96, 13, 40, 43, 14
2017/12/30, 164, 114, 12, 38, 38, 21
2017/12/30, 170, 121, 9, 36, 39, 15
2017/12/30, 148, 87, 31, 20, 24, 10
2017/12/30, 160, 137, 25, 28, 19, 15
2017/12/31, 202, 85, 14, 19, 30, 6
2017/12/31, 205, 88, 25, 13, 5, 5
2017/12/31, 202, 72, 21, 16, 21, 9
2017/12/31, 188, 67, 17, 18, 28, 4
2017/12/31, 172, 75, 31, 10, 12, 6
2018/1/1, 107, 60, 15, 20, 31, 6
2018/1/1, 93, 52, 23, 9, 8, 5
2018/1/1, 90, 51, 21, 19, 32, 8
2018/1/1, 104, 60, 22, 14, 5, 5
2018/1/1, 121, 48, 18, 18, 21, 5
2018/1/2, 98, 76, 24, 17, 6, 7
2018/1/2, 84, 62, 21, 23, 42, 9
2018/1/2, 87, 51, 25, 10, 9, 5
2018/1/2, 95, 53, 19, 24, 33, 7
2018/1/2, 107, 68, 13, 23, 30, 8
2018/1/3, 136, 90, 17, 26, 27, 11
2018/1/3, 120, 70, 21, 25, 31, 10
2018/1/3, 100, 59, 30, 11, 10, 6
2018/1/3, 124, 96, 26, 19, 8, 10
2018/1/3, 114, 67, 20, 29, 38, 10
2018/1/4, 162, 62, 21, 27, 33, 10
2018/1/4, 160, 80, 18, 24, 32, 11
2018/1/4, 123, 61, 32, 10, 8, 5
2018/1/4, 152, 82, , 20, 10, 8
2018/1/4, 148, 67, 19, 23, 32, 9
2018/1/5, 137, 62, 32, 10, 9, 5
2018/1/5, 145, 67, 21, 26, 33, 10
2018/1/5, 153, 86, 17, 23, 29, 9
2018/1/5, 143, 70, 23, 23, 36, 9
2018/1/5, 149, 75, 28, 18, 8, 7
2018/1/6, 143, 65, 22, 30, 38, 10
2018/1/6, 150, 81, 18, 25, 32, 10
2018/1/6, 131, 51, 34, 8, 12, 4
2018/1/6, 144, 71, 25, 18, 12, 7
2018/1/6, 140, 68, 22, 24, 24, 10
2018/1/7, 151, 48, 21, 21, 20, 9
2018/1/7, 118, 44, 31, 11, 12, 5
2018/1/7, 150, 57, 18, 23, 23, 10
2018/1/7, 143, 55, 25, 13, 6, 6
2018/1/7, 156, 70, 17, 22, 21, 9
2018/1/8, 117, 42, 27, 9, 6, 4
2018/1/8, 119, 33, 23, 13, 12, 6
2018/1/8, 143, 73, 22, 16, 42, 6
2018/1/8, 130, 27, 21, 14, 15, 5
2018/1/8, 106, 24, 31, 9, 17, 2
2018/1/9, 105, 42, 22, 17, 20, 6
2018/1/9, 75, 39, 25, 17, 16, 6
2018/1/9, 75, 30, 22, 15, 14, 4
2018/1/9, 75, 26, , 13, 10, 6
2018/1/9, 64, 22, 28, 9, 12, 2
2018/1/10, 79, 47, 24, 24, 30, 6
2018/1/10, 102, 64, 32, 21, 12, 9
2018/1/10, 80, 37, 30, 21, 25, 7
2018/1/10, 105, 64, 25, 24, 28, 9
2018/1/10, 61, 46, 32, 15, 10, 5
2018/1/11, 144, 67, 25, 23, 27, 11
2018/1/11, 113, 45, 31, 17, 23, 9
2018/1/11, 114, 56, , 25, 27, 9
2018/1/11, 121, 35, 36, 5, 11, 4
2018/1/11, 151, 59, 27, 18, 12, 9
2018/1/12, 90, 52, 37, 11, 19, 10
2018/1/12, 148, 82, 26, 25, 36, 16
2018/1/12, 136, 68, 22, 31, 29, 15
2018/1/12, 144, 76, 34, 20, 15, 13
2018/1/12, 125, 72, 24, 33, 27, 20
2018/1/13, 160, 52, 24, 18, 20, 9
2018/1/13, 166, 50, 33, 10, 10, 7
2018/1/13, 169, 64, 27, 19, 27, 10
2018/1/13, 118, 39, , 8, 12, 6
2018/1/13, 166, 49, 29, 18, 31, 9
2018/1/14, 135, 51, 26, 21, 32, 7
2018/1/14, 129, 55, 31, 15, 5, 7
2018/1/14, 100, 40, 35, 9, 10, 6
2018/1/14, 148, 64, 24, 23, 31, 11
2018/1/14, 136, 53, 23, 23, 25, 9
2018/1/15, 126, 52, 22, 28, 23, 12
2018/1/15, 107, 51, 32, 13, 10, 8
2018/1/15, 141, 73, 18, 30, 35, 14
2018/1/15, 133, 60, 20, 31, 31, 13
2018/1/15, 134, 64, 34, 22, 8, 11
2018/1/16, 156, 103, 18, 29, 28, 16
2018/1/16, 162, 91, 25, 23, 12, 13
2018/1/16, 125, 72, 28, 18, 12, 12
2018/1/16, 136, 77, 15, 30, 29, 14
2018/1/16, 150, 79, 18, 27, 21, 15
2018/1/17, 197, 67, 33, 21, 7, 6
2018/1/17, 165, 58, 21, 28, 36, 11
2018/1/17, 182, 78, 17, 29, 37, 13
2018/1/17, 154, 47, 33, 13, 6, 7
2018/1/17, 173, 61, 30, 25, 44, 11
2018/1/18, 101, 51, 35, 13, 11, 8
2018/1/18, 124, 59, 24, 26, 27, 11
2018/1/18, 123, 58, 30, 23, 26, 12
2018/1/18, 143, 74, 17, 27, 30, 13
2018/1/18, 142, 66, 35, 20, 8, 6
2018/1/19, 103, 28, 33, 9, 11, 3
2018/1/19, 127, 45, 34, 12, 4, 4
2018/1/19, 128, 40, 27, 15, 23, 5
2018/1/19, 145, 50, 23, 16, 23, 6
2018/1/19, 114, 35, 34, 14, 21, 6
2018/1/20, 48, 42, 28, 14, 18, 5
2018/1/20, 80, 58, 19, 21, 43, 9
2018/1/20, 56, 51, 25, 24, 41, 12
2018/1/20, 70, 56, 29, 19, 11, 6
2018/1/20, 73, 45, 24, 22, 40, 7
2018/1/21, 85, 42, 27, 14, 13, 6
2018/1/21, 112, 36, 27, 18, 24, 10
2018/1/21, 111, 56, 29, 16, 6, 8
2018/1/21, 114, 49, 18, 18, 28, 9
2018/1/21, 92, 34, 23, 16, 21, 7
2018/1/22, 103, 27, 27, 7, 5, 5
2018/1/22, 117, 39, 27, 10, 4, 7
2018/1/22, 90, 35, 32, 12, 21, 7
2018/1/22, 113, 49, , 16, 32, 9
2018/1/22, 90, 35, 28, 13, 24, 6
2018/1/23, 83, 50, 30, 16, 6, 8
2018/1/23, 68, 33, 29, 9, 9, 5
2018/1/23, 73, 39, 35, 17, 26, 7
2018/1/23, 98, 53, 25, 20, 40, 9
2018/1/23, 74, 41, 25, 17, 30, 6
2018/1/24, 104, 62, 30, 18, 8, 13
2018/1/24, 93, 46, 34, 19, 13, 12
2018/1/24, 113, 52, 28, 23, 21, 10
2018/1/24, 88, 48, 27, 18, 26, 8
2018/1/24, 79, 36, 29, 13, 10, 6
2018/1/25, 103, 53, 23, 23, 40, 10
2018/1/25, 92, 45, 29, 12, 12, 6
2018/1/25, 118, 73, 25, 28, 35, 11
2018/1/25, 135, 67, 30, 18, 9, 11
2018/1/25, 114, 54, 32, 22, 40, 11
2018/1/26, 129, 53, 24, 22, 38, 9
2018/1/26, 106, 40, 33, 7, 10, 4
2018/1/26, 154, 62, 25, 26, 31, 9
2018/1/26, 146, 62, 33, 15, 6, 11
2018/1/26, 129, 53, 35, 18, 28, 10
2018/1/27, 114, 35, 30, 13, 24, 7
2018/1/27, 89, 28, 31, 6, 8, 2
2018/1/27, 123, 47, 26, 19, 43, 7
2018/1/27, 129, 39, 30, 10, 5, 6
2018/1/27, 118, 37, , 14, 21, 6
2018/1/28, 65, 45, 24, 20, 28, 8
2018/1/28, 71, 46, 31, 13, 5, 7
2018/1/28, 61, 42, 32, 18, 28, 9
2018/1/28, 49, 33, 29, 7, 9, 5
2018/1/28, 80, 54, 24, 25, 36, 9
2018/1/29, 109, 64, 25, 29, 33, 12
2018/1/29, 72, 33, 33, 10, 9, 7
2018/1/29, 91, 50, 31, 24, 32, 9
2018/1/29, 88, 52, 34, 18, 8, 8
2018/1/29, 85, 52, , 26, 35, 10
2018/1/30, 107, 51, 30, 24, 30, 7
2018/1/30, 126, 60, 21, 27, 39, 10
2018/1/30, 99, 55, 33, 19, 5, 9
2018/1/30, 110, 51, 24, 24, 31, 9
2018/1/30, 73, 33, 30, 8, 8, 7
2018/1/31, 114, 54, 32, 24, 23, 10
2018/1/31, 114, 60, 38, 20, 12, 9
2018/1/31, 112, 54, 25, 23, 31, 10
2018/1/31, 123, 70, 26, 28, 30, 12
2018/1/31, 75, 41, 36, 12, 16, 9
2018/2/1, 134, 54, 35, 20, 7, 8
2018/2/1, 97, 43, 33, 13, 7, 7
2018/2/1, 129, 45, 23, 18, 20, 7
2018/2/1, 149, 58, 21, 26, 30, 9
2018/2/1, 131, 44, 28, 18, 22, 6
2018/2/2, 105, 59, 23, 17, 15, 8
2018/2/2, 107, 60, 25, 20, 21, 8
2018/2/2, 127, 56, 32, 23, 21, 8
2018/2/2, 118, 72, 21, 27, 26, 10
2018/2/2, 102, 54, 26, 19, 14, 8
2018/2/3, 153, 64, 23, 26, 28, 11
2018/2/3, 141, 53, 29, 22, 23, 11
2018/2/3, 135, 59, 35, 20, 8, 10
2018/2/3, 145, 47, 27, 15, 13, 8
2018/2/3, 137, 51, 28, 21, 23, 9
2018/2/4, 142, 66, 23, 26, 26, 11
2018/2/4, 121, 45, 28, 11, 9, 8
2018/2/4, 123, 52, 27, 21, 24, 8
2018/2/4, 131, 57, 30, 20, 14, 12
2018/2/4, 142, 65, 32, 23, 13, 12
2018/2/5, 111, 41, 31, 7, 12, 7
2018/2/5, 129, 69, 21, 29, 28, 13
2018/2/5, 141, 78, 30, 23, 13, 14
2018/2/5, 139, 86, 19, 33, 23, 15
2018/2/5, 134, 68, 25, 29, 19, 14
2018/2/6, 168, 81, 22, 34, 24, 15
2018/2/6, 159, 63, 28, 27, 14, 12
2018/2/6, 103, 55, 30, 14, 17, 9
2018/2/6, 155, 69, 24, 30, 27, 13
2018/2/6, 168, 79, 33, 23, 10, 13
2018/2/7, 167, 66, 39, 13, 6, 8
2018/2/7, 136, 52, 59, 6, 10, 7
2018/2/7, 158, 66, 32, 19, 19, 9
2018/2/7, 167, 78, 30, 23, 30, 10
2018/2/7, 149, 66, 32, 14, 12, 7
2018/2/8, 129, 73, 29, 23, 25, 10
2018/2/8, 122, 57, 28, 16, 11, 6
2018/2/8, 111, 60, 36, 13, 5, 8
2018/2/8, 130, 60, 30, 20, 20, 8
2018/2/8, 100, 51, 36, 8, 11, 7
2018/2/9, 113, 47, 34, 6, 2, 6
2018/2/9, 131, 61, 24, 18, 31, 7
2018/2/9, 115, 58, 26, 13, 14, 5
2018/2/9, 98, 43, 32, 6, 8, 5
2018/2/9, 110, 49, 27, 11, 15, 4
2018/2/10, 80, 50, 25, 15, 23, 7
2018/2/10, 80, 54, 27, 11, 17, 5
2018/2/10, 65, 38, 30, 8, 16, 3
2018/2/10, 60, 37, 32, 4, 5, 4
2018/2/10, 65, 39, 33, 3, 2, 5
2018/2/11, 50, 41, 31, 12, 29, 4
2018/2/11, 52, 36, 34, 5, 2, 6
2018/2/11, 61, 44, 28, 14, 18, 5
2018/2/11, 65, 50, 26, 19, 37, 8
2018/2/11, 48, 33, 33, 4, 8, 4
2018/2/12, 59, 64, 49, 14, 21, 7
2018/2/12, 51, 23, 33, 3, 7, 5
2018/2/12, 60, 38, 28, 16, 25, 7
2018/2/12, 67, 57, 24, 25, 21, 10
2018/2/12, 59, 35, 35, 7, 3, 7
2018/2/13, 90, 50, 26, 21, 34, 9
2018/2/13, 82, 40, 27, 14, 14, 8
2018/2/13, 58, 28, 31, 5, 13, 6
2018/2/13, 85, 40, 33, 7, 4, 8
2018/2/13, 71, 40, 29, 14, 17, 7
2018/2/14, 89, 46, 32, 14, 29, 7
2018/2/14, 61, 34, 34, 3, 8, 6
2018/2/14, 75, 39, 31, 7, 22, 7
2018/2/14, 80, 38, 32, 8, 25, 6
2018/2/14, 87, 37, 35, 3, 5, 6
2018/2/15, 68, 56, 32, 4, 11, 6
2018/2/15, 72, 59, 29, 7, 10, 7
2018/2/15, 70, 58, 31, 7, 15, 6
2018/2/15, 73, 58, 34, 4, 6, 7
2018/2/15, 77, 68, 32, 13, 35, 7
2018/2/16, 90, 38, 33, 5, 4, 7
2018/2/16, 90, 28, 31, 3, 6, 6
2018/2/16, 98, 43, 29, 16, 29, 7
2018/2/16, 96, 35, 29, 11, 19, 6
2018/2/16, 91, 34, 28, 10, 13, 7
2018/2/17, 59, 31, 34, 6, 13, 6
2018/2/17, 87, 47, 37, 7, 5, 9
2018/2/17, 71, 39, 34, 12, 26, 8
2018/2/17, 70, 37, 32, 11, 14, 9
2018/2/17, 84, 49, 33, 21, 21, 9
2018/2/18, 92, 33, 32, 12, 20, 8
2018/2/18, 107, 42, 32, 20, 27, 8
2018/2/18, 105, 36, 37, 5, 5, 8
2018/2/18, 91, 31, 34, 11, 20, 7
2018/2/18, 70, 28, 35, 5, 11, 7
2018/2/19, 76, 31, 34, 5, 12, 6
2018/2/19, 84, 33, 36, 3, 4, 6
2018/2/19, 76, 31, 31, 9, 15, 6
2018/2/19, 86, 43, 31, 15, 36, 7
2018/2/19, 79, 32, 32, 9, 18, 7
2018/2/20, 75, 50, 31, 18, 19, 7
2018/2/20, 60, 42, 33, 11, 25, 5
2018/2/20, 70, 51, 29, 13, 23, 7
2018/2/20, 64, 39, 37, 3, 6, 7
2018/2/20, 68, 40, 38, 4, 5, 6
2018/2/21, 85, 46, 32, 24, 20, 7
2018/2/21, 81, 38, 31, 15, 19, 7
2018/2/21, 77, 39, 33, 15, 14, 6
2018/2/21, 81, 40, 36, 7, 13, 7
2018/2/21, 74, 44, 38, 11, 9, 8
2018/2/22, 93, 37, 32, 6, 10, 5
2018/2/22, 93, 53, 26, 28, 29, 9
2018/2/22, 88, 44, 27, 19, 21, 9
2018/2/22, 98, 47, 34, 17, 13, 10
2018/2/22, 87, 49, 29, 19, 13, 9
2018/2/23, 104, 61, 31, 26, 22, 12
2018/2/23, 116, 60, 34, 26, 19, 13
2018/2/23, 93, 48, 37, 9, 8, 6
2018/2/23, 114, 78, 38, 19, 8, 14
2018/2/23, 115, 68, 28, 35, 24, 12
2018/2/24, 142, 53, 34, 23, 16, 13
2018/2/24, 140, 48, 34, 20, 25, 11
2018/2/24, 144, 56, 35, 25, 25, 9
2018/2/24, 116, 45, 41, 5, 8, 6
2018/2/24, 171, 53, 41, 13, 9, 12
2018/2/25, 126, 59, 39, 27, 19, 10
2018/2/25, 122, 53, 41, 17, 15, 12
2018/2/25, 108, 43, 41, 6, 8, 6
2018/2/25, 132, 56, 37, 23, 8, 13
2018/2/25, 125, 55, 32, 24, 15, 11
2018/2/26, 131, 45, 39, 21, 25, 11
2018/2/26, 105, 36, 44, 6, 6, 5
2018/2/26, 129, 44, 71, 17, 12, 8
2018/2/26, 133, 51, 37, 27, 26, 9
2018/2/26, 132, 44, 34, 17, 16, 7
2018/2/27, 113, 69, 35, 28, 27, 12
2018/2/27, 106, 59, 35, 23, 10, 10
2018/2/27, 110, 58, 30, 24, 18, 11
2018/2/27, 116, 58, 36, 12, 10, 13
2018/2/27, 89, 54, 41, 8, 9, 9
2018/2/28, 148, 68, 32, 14, 12, 6
2018/2/28, 140, 45, 39, 9, 13, 5
2018/2/28, 144, 54, 42, 7, 4, 9
2018/2/28, 147, 53, 34, 14, 9, 5
2018/2/28, 154, 65, 36, 22, 24, 8
2018/3/1, 114, 60, 37, 18, 19, 7
2018/3/1, 92, 58, 40, 17, 18, 7
2018/3/1, 110, 66, 38, 23, 13, 9
2018/3/1, 99, 57, , 14, 7, 9
2018/3/1, 84, 45, 43, 5, 7, 5
2018/3/2, 93, 68, 35, 22, 28, 9
2018/3/2, 88, 61, 35, 16, 7, 6
2018/3/2, 87, 59, 32, 17, 21, 8
2018/3/2, 90, 54, 42, 10, 4, 9
2018/3/2, 69, 42, 37, 6, 7, 6
2018/3/3, 136, 45, 34, 27, 22, 9
2018/3/3, 123, 32, 35, 16, 10, 5
2018/3/3, 127, 36, 33, 16, 14, 5
2018/3/3, 93, 27, 34, 9, 10, 4
2018/3/3, 121, 33, 42, 13, 4, 8
2018/3/4, 75, 31, 35, 22, 11, 6
2018/3/4, 66, 19, 35, 9, 7, 5
2018/3/4, 76, 38, 42, 19, 6, 9
2018/3/4, 82, 40, 32, 20, 16, 7
2018/3/4, 85, 43, 33, 28, 20, 9
2018/3/5, 92, 29, 40, 15, 7, 8
2018/3/5, 95, 46, 48, 23, 17, 8
2018/3/5, 77, 38, 32, 14, 14, 8
2018/3/5, 86, 28, 34, 21, 7, 6
2018/3/5, 121, 27, 33, 8, 8, 5
2018/3/6, 70, 52, 32, 26, 19, 11
2018/3/6, 73, 52, 29, 24, 13, 12
2018/3/6, 69, 56, 57, 28, 12, 11
2018/3/6, 86, 50, 38, 6, 7, 7
2018/3/6, 89, 59, 29, 32, 20, 11
2018/3/7, 132, 52, 40, 26, 13, 10
2018/3/7, 123, 51, 37, 27, 15, 11
2018/3/7, 136, 54, 35, 32, 20, 8
2018/3/7, 114, 41, 41, 10, 10, 5
2018/3/7, 122, 46, 34, 26, 20, 11
2018/3/8, 132, 51, 51, 25, 8, 11
2018/3/8, 130, 60, 53, 25, 10, 12
2018/3/8, 132, 61, 46, 37, 33, 11
2018/3/8, 141, 38, 56, 5, 6, 6
2018/3/8, 141, 49, 44, 29, 15, 13
2018/3/9, 129, 65, 44, 26, 19, 12
2018/3/9, 138, 62, 40, 35, 23, 10
2018/3/9, 131, 51, 48, 23, 13, 9
2018/3/9, 87, 43, 48, 16, 17, 6
2018/3/9, 137, 59, 58, 23, 8, 11
2018/3/10, 101, 39, 44, 7, 5, 5
2018/3/10, 146, 61, 43, 30, 20, 10
2018/3/10, 133, 60, 44, 29, 9, 12
2018/3/10, 133, 53, 39, 30, 16, 14
2018/3/10, 139, 76, 52, 21, 7, 12
2018/3/11, 133, 68, 42, 18, 15, 13
2018/3/11, 96, 62, 52, 6, 6, 7
2018/3/11, 138, 77, 41, 26, 13, 10
2018/3/11, 140, 64, 58, 11, 7, 11
2018/3/11, 140, 67, 51, 19, 9, 10
2018/3/12, 140, 75, 45, 18, 10, 11
2018/3/12, 140, 109, 46, 28, 11, 11
2018/3/12, 133, 78, 55, 16, 8, 14
2018/3/12, 141, 77, 47, 15, 5, 9
2018/3/12, 116, 59, 49, 9, 6, 8
2018/3/13, 155, 88, 30, 17, 6, 16
2018/3/13, 161, 89, 34, 21, 9, 11
2018/3/13, 167, 107, 34, 25, 11, 13
2018/3/13, 132, 77, 29, 12, 5, 11
2018/3/13, 162, 92, 43, 21, 4, 11
2018/3/14, 173, 25, 36, 14, 8, 8
2018/3/14, 178, 23, 32, 14, 9, 5
2018/3/14, 165, 19, 38, 3, 3, 4
2018/3/14, 180, 17, 35, 9, 3, 4
2018/3/14, 177, 16, 31, 10, 5, 4
2018/3/15, 36, 24, 43, 4, 3, 3
2018/3/15, 49, 31, 41, 18, 11, 5
2018/3/15, 34, 42, 35, 23, 25, 7
2018/3/15, 63, 42, 44, 20, 5, 7
2018/3/15, 65, 49, 28, 29, 12, 9
2018/3/16, 97, 53, 32, 25, 10, 11
2018/3/16, 74, 44, 44, 16, 12, 7
2018/3/16, 80, 51, 37, 21, 20, 9
2018/3/16, 96, 45, 45, 18, 7, 8
2018/3/16, 61, 33, 45, 7, 8, 6
2018/3/17, 103, 63, 27, 18, 13, 9
2018/3/17, 94, 56, 36, 14, 5, 9
2018/3/17, 109, 67, 26, 20, 9, 11
2018/3/17, 81, 51, 38, 11, 4, 7
2018/3/17, 100, 58, 35, 17, 11, 8
2018/3/18, 157, 29, 36, 9, 7, 6
2018/3/18, 140, 20, 39, 6, 2, 3
2018/3/18, 156, 31, 37, 11, 3, 5
2018/3/18, 158, 27, 32, 12, 9, 5
2018/3/18, 147, 25, 38, 9, 5, 5
2018/3/19, 44, 28, 46, 5, 3, 4
2018/3/19, 70, 39, 47, 11, 7, 6
2018/3/19, 60, 34, 47, 13, 7, 6
2018/3/19, 44, 43, 41, 17, 11, 5
2018/3/19, 58, 49, 43, 16, 7, 6
2018/3/20, 76, 60, 47, 34, 17, 10
2018/3/20, 84, 65, 45, 27, 11, 8
2018/3/20, 67, 68, 55, 28, 14, 8
2018/3/20, 85, 51, 44, 28, 16, 7
2018/3/20, 61, 44, 53, 9, 4, 5
2018/3/21, 109, 108, 69, 27, 6, 12
2018/3/21, 119, 106, 64, 37, 8, 14
2018/3/21, 105, 63, 62, 10, 5, 6
2018/3/21, 114, 92, 53, 40, 14, 14
2018/3/21, 107, 113, 52, 50, 12, 17
2018/3/22, 169, 101, 49, 22, 8, 13
2018/3/22, 173, 102, 31, 46, 20, 14
2018/3/22, 151, 66, 49, 11, 7, 9
2018/3/22, 167, 94, 35, 33, 18, 13
2018/3/22, 171, 85, 36, 29, 11, 12
2018/3/23, 175, 77, 54, 15, 6, 10
2018/3/23, 174, 94, 35, 34, 9, 12
2018/3/23, 161, 61, 48, 12, 3, 9
2018/3/23, 176, 88, 38, 26, 16, 10
2018/3/23, 174, 68, 49, 20, 17, 9
2018/3/24, 144, 79, 66, 12, 6, 10
2018/3/24, 166, 105, 48, 44, 12, 14
2018/3/24, 160, 100, 53, 28, 13, 11
2018/3/24, 156, 106, 75, 20, 7, 11
2018/3/24, 155, 92, 70, 22, 11, 11
2018/3/25, 161, 90, 87, 17, 10, 10
2018/3/25, 156, 101, 99, 22, 8, 11
2018/3/25, 154, 72, 95, 9, 6, 9
2018/3/25, 162, 110, 89, 30, 9, 11
2018/3/25, 160, 112, 101, 16, 7, 10
2018/3/26, 165, 93, 102, 10, 8, 9
2018/3/26, 165, 94, 102, 7, 6, 8
2018/3/26, 161, 93, 88, 12, 9, 9
2018/3/26, 165, 106, 91, 20, 7, 10
2018/3/26, 153, 70, 95, 8, 5, 8
2018/3/27, 153, 170, 75, 16, 6, 7
2018/3/27, 131, 134, 74, 9, 3, 5
2018/3/27, 143, 170, 77, 12, 4, 5
2018/3/27, 143, 176, 69, 13, 8, 5
2018/3/27, 139, 166, 83, 11, 4, 5
2018/3/28, 116, 89, 44, 22, 8, 9
2018/3/28, 112, 72, 48, 19, 5, 8
2018/3/28, 93, 67, 48, 15, 3, 8
2018/3/28, 109, 78, 41, 19, 13, 9
2018/3/28, 96, 72, 52, 17, 5, 7
2018/3/29, 156, 118, 72, 31, 8, 13
2018/3/29, 162, 161, 77, 28, 13, 13
2018/3/29, 158, 112, 64, 20, 2, 13
2018/3/29, 134, 136, 74, 25, 8, 12
2018/3/29, 159, 110, 64, 32, 12, 15
2018/3/30, 236, 91, 72, 18, 6, 9
2018/3/30, 290, 66, 53, 7, 2, 8
2018/3/30, 257, 72, 60, 20, 8, 10
2018/3/30, 253, 65, 48, 21, 9, 11
2018/3/30, 248, 83, 57, 25, 13, 10
2018/3/31, 154, 98, 63, 15, 7, 11
2018/3/31, 144, 89, 62, 23, 9, 13
2018/3/31, 142, 78, 59, 6, 2, 9
2018/3/31, 160, 105, 61, 25, 6, 12
2018/3/31, 151, 95, 72, 21, 6, 12
2018/4/1, 157, 78, 59, 5, 2, 7
2018/4/1, 172, 97, 72, 18, 9, 8
2018/4/1, 170, 86, 75, 10, 4, 8
2018/4/1, 163, 92, 70, 13, 8, 9
2018/4/1, 171, 91, 69, 8, 8, 8
2018/4/2, 132, 52, 44, 11, 6, 6
2018/4/2, 133, 46, 51, 10, 3, 6
2018/4/2, 134, 48, 50, 9, 5, 5
2018/4/2, 145, 52, 44, 15, 4, 6
2018/4/2, 123, 44, 45, 5, 2, 5
2018/4/3, 75, 62, 47, 15, 9, 7
2018/4/3, 86, 52, 45, 13, 6, 7
2018/4/3, 92, 59, 45, 18, 7, 7
2018/4/3, 71, 54, 48, 8, 3, 6
2018/4/3, 82, 60, 48, 16, 6, 7
2018/4/4, 119, 56, 40, 17, 7, 8
2018/4/4, 117, 68, 39, 11, 6, 7
2018/4/4, 125, 78, 44, 16, 8, 7
2018/4/4, 124, 61, 44, 7, 3, 7
2018/4/4, 126, 57, 41, 17, 6, 6
2018/4/5, 135, 63, 37, 16, 6, 8
2018/4/5, 141, 73, 35, 12, 7, 7
2018/4/5, 130, 66, 43, 10, 4, 7
2018/4/5, 149, 76, 37, 18, 7, 8
2018/4/5, 141, 66, 39, 16, 5, 6
2018/4/6, 125, 44, 42, 9, 3, 6
2018/4/6, 149, 48, 35, 21, 6, 8
2018/4/6, 139, 42, 42, 13, 11, 5
2018/4/6, 133, 50, 37, 10, 3, 6
2018/4/6, 137, 69, , 17, 10, 6
2018/4/7, 79, 49, 43, 7, 3, 6
2018/4/7, 85, 57, 37, 22, 9, 9
2018/4/7, 73, 51, 43, 14, 8, 5
2018/4/7, 77, 78, 37, 20, 9, 7
2018/4/7, 85, 63, 38, 10, 4, 6
2018/4/8, 84, 76, 122, 29, 7, 10
2018/4/8, 82, 59, 49, 8, 4, 8
2018/4/8, 87, 105, 41, 27, 10, 9
2018/4/8, 77, 90, 44, 20, 6, 10
2018/4/8, 76, 70, 51, 23, 5, 8
2018/4/9, 129, 47, 43, 6, 3, 8
2018/4/9, 153, 62, 35, 16, 5, 7
2018/4/9, 145, 68, 40, 17, 3, 9
2018/4/9, 138, 56, 45, 14, 3, 8
2018/4/9, 161, 65, 38, 10, 5, 8
2018/4/10, 125, 185, 37, 3, 2, 6
2018/4/10, 106, 140, 41, 4, 1, 6
2018/4/10, 120, 146, 41, 7, 1, 4
2018/4/10, 130, 166, 38, 13, 1, 6
2018/4/10, 127, 100, 31, 8, 2, 6
2018/4/11, 93, 59, 30, 19, 2, 6
2018/4/11, 76, 103, 37, 9, 2, 6
2018/4/11, 79, 53, 39, 12, 2, 5
2018/4/11, 112, 69, 31, 12, 2, 8
2018/4/11, 67, 51, 40, 7, 2, 5
2018/4/12, 96, 73, 41, 19, 5, 10
2018/4/12, 71, 52, 50, 6, 2, 5
2018/4/12, 84, 80, 43, 25, 2, 9
2018/4/12, 79, 76, 47, 19, 3, 9
2018/4/12, 81, 461, 43, 15, 3, 8
2018/4/13, 137, 94, 34, 10, 2, 5
2018/4/13, 106, 77, 42, 4, 1, 5
2018/4/13, 136, 106, 33, 17, 1, 6
2018/4/13, 127, 94, 40, 8, 2, 6
2018/4/13, 139, 95, 37, 6, 2, 5
2018/4/14, 70, 30, 53, 6, 1, 4
2018/4/14, 95, 44, 37, 21, 1, 7
2018/4/14, 75, 120, 45, 12, 2, 5
2018/4/14, 84, 42, 40, 13, 2, 5
2018/4/14, 89, 47, 46, 13, 2, 6
2018/4/15, 81, 74, 57, 16, 4, 8
2018/4/15, 79, 98, 50, 17, 4, 6
2018/4/15, 84, 84, 46, 18, 3, 8
2018/4/15, 64, 52, 63, 6, 3, 6
2018/4/15, 85, 79, 39, 25, 2, 8
2018/4/16, 106, 158, 71, 9, 5, 4
2018/4/16, 69, 86, 79, 5, 4, 6
2018/4/16, 105, 174, 66, 10, 5, 6
2018/4/16, 100, 139, 76, 8, 5, 7
2018/4/16, 99, 147, 53, 16, 3, 7
2018/4/17, 110, 88, 54, 24, 5, 8
2018/4/17, 118, 96, 76, 12, 5, 8
2018/4/17, 112, 78, 91, 9, 6, 9
2018/4/17, 95, 73, 94, 7, 4, 8
2018/4/17, 108, 86, 79, 11, 5, 6
2018/4/18, 132, 72, 57, 18, 4, 8
2018/4/18, 135, 74, 48, 32, 2, 9
2018/4/18, 125, 61, 79, 8, 2, 6
2018/4/18, 124, 89, 65, 17, 3, 7
2018/4/18, 133, 69, 62, 18, 4, 9
2018/4/19, 123, 104, 80, 11, 4, 6
2018/4/19, 104, 79, 88, 7, 3, 6
2018/4/19, 135, 88, 92, 14, 4, 9
2018/4/19, 124, 96, 66, 23, 3, 8
2018/4/19, 122, 101, 78, 16, 4, 8
2018/4/20, 135, 51, 59, 15, 1, 6
2018/4/20, 113, 52, 73, 13, 3, 4
2018/4/20, 117, 45, 81, 11, 3, 8
2018/4/20, 127, 43, 66, 12, 3, 6
2018/4/20, 103, 43, 72, 7, 2, 5
2018/4/21, 111, 34, 39, 10, 1, 5
2018/4/21, 99, 29, 42, 8, 3, 3
2018/4/21, 107, 41, 45, 14, 4, 7
2018/4/21, 115, 42, 39, 12, 3, 6
2018/4/21, 100, 24, 47, 5, 1, 3
2018/4/22, 70, 46, 47, 15, 2, 5
2018/4/22, 54, 55, 48, 13, 4, 4
2018/4/22, 67, 51, 53, 14, 4, 7
2018/4/22, 43, 29, 56, 4, 3, 3
2018/4/22, 116, 48, 51, 15, 4, 7
2018/4/23, 101, 68, 52, 27, 5, 9
2018/4/23, 53, 42, 65, 7, 3, 4
2018/4/23, 67, 90, 48, 27, 5, 6
2018/4/23, 78, 67, 46, 33, 4, 10
2018/4/23, 80, 87, 70, 27, 6, 11
2018/4/24, 82, 42, 57, 7, 2, 4
2018/4/24, 116, 88, 49, 15, 3, 5
2018/4/24, 137, 68, 55, 20, 3, 7
2018/4/24, 127, 64, 36, 42, 2, 8
2018/4/24, 137, 80, 41, 26, 3, 7
2018/4/25, 102, 82, 47, 13, 3, 4
2018/4/25, 103, 69, 39, 22, 3, 6
2018/4/25, 96, 78, 44, 11, 4, 6
2018/4/25, 75, 58, 53, 6, 3, 5
2018/4/25, 100, 75, 51, 10, 4, 6
2018/4/26, 86, 64, 36, 31, 3, 7
2018/4/26, 77, 74, 47, 17, 4, 3
2018/4/26, 86, 67, 42, 19, 4, 5
2018/4/26, 68, 45, 50, 9, 2, 3
2018/4/26, 83, 59, 51, 17, 3, 6
2018/4/27, 81, 115, 78, 10, 5, 8
2018/4/27, 85, 117, 76, 10, 5, 6
2018/4/27, 65, 92, 73, 6, 4, 6
2018/4/27, 88, 126, 49, 28, 5, 10
2018/4/27, 91, 148, 56, 14, 5, 8
2018/4/28, 118, 112, 97, 8, 4, 9
2018/4/28, 106, 119, 90, 10, 4, 7
2018/4/28, 133, 112, 76, 10, 4, 8
2018/4/28, 131, 85, 58, 21, 5, 9
2018/4/28, 97, 85, 95, 6, 3, 6
2018/4/29, 115, 48, 69, 14, 3, 1
2018/4/29, 109, 26, 71, 6, 3, 3
2018/4/29, 142, 35, 43, 15, 2, 6
2018/4/29, 130, 36, 71, 10, 3, 6
2018/4/29, 122, 30, 48, 8, 2, 5
2018/4/30, 44, 40, 52, 6, 2, 3
2018/4/30, 53, 60, 48, 13, 3, 7
2018/4/30, 43, 54, 41, 20, 2, 7
2018/4/30, 60, 58, 59, 12, 3, 6
2018/4/30, 52, 50, 44, 12, 3, 5
2018/5/1, 48, 35, 47, 5, 2, 4
2018/5/1, 57, 79, 45, 13, 3, 8
2018/5/1, 70, 51, 47, 9, 2, 5
2018/5/1, 64, 49, 40, 10, 2, 5
2018/5/1, 65, 54, 36, 14, 2, 6
2018/5/2, 75, 119, 43, 15, 3, 5
2018/5/2, 90, 69, 34, 17, 2, 5
2018/5/2, 79, 69, 45, 12, 2, 4
2018/5/2, 85, 62, 40, 10, 2, 5
2018/5/2, 67, 52, 48, 7, 2, 3
2018/5/3, 77, 59, 38, 23, 2, 6
2018/5/3, 68, 75, 51, 16, 3, 4
2018/5/3, 62, 48, 56, 8, 2, 4
2018/5/3, 70, 54, 55, 15, 3, 5
2018/5/3, 76, 49, 46, 14, 3, 6
2018/5/4, 103, 126, 36, 17, 3, 7
2018/5/4, 110, 134, 31, 24, 3, 7
2018/5/4, 88, 141, 47, 12, 3, 5
2018/5/4, 99, 118, 42, 16, 3, 5
2018/5/4, 78, 92, 45, 7, 2, 5
2018/5/5, 115, 91, 28, 26, 3, 6
2018/5/5, 106, 98, 36, 16, 4, 6
2018/5/5, 80, 62, 43, 7, 1, 3
2018/5/5, 102, 84, 44, 15, 2, 4
2018/5/5, 94, 108, 42, 13, 3, 4
2018/5/6, 69, 63, 44, 15, 4, 5
2018/5/6, 88, 49, 33, 19, 2, 5
2018/5/6, 47, 37, 46, 7, 2, 4
2018/5/6, 72, 44, 46, 12, 3, 4
2018/5/6, 87, 37, 41, 17, 2, 6
2018/5/7, 56, 86, 46, 20, 4, 7
2018/5/7, 66, 58, 39, 25, 3, 6
2018/5/7, 81, 60, 47, 19, 5, 5
2018/5/7, 52, 51, 43, 18, 4, 6
2018/5/7, 45, 44, 49, 10, 2, 4
2018/5/8, 89, 46, 42, 23, 3, 6
2018/5/8, 78, 45, 46, 20, 5, 5
2018/5/8, 65, 20, 49, 5, 2, 4
2018/5/8, 102, 49, 49, 19, 7, 6
2018/5/8, 87, 61, 51, 18, 4, 6
2018/5/9, 52, 61, 72, 7, 4, 6
2018/5/9, 88, 78, 68, 17, 5, 8
2018/5/9, 67, 91, 70, 14, 5, 9
2018/5/9, 86, 75, 57, 19, 5, 8
2018/5/9, 78, 83, 41, 35, 5, 9
2018/5/10, 84, 59, 68, 9, 3, 7
2018/5/10, 111, 73, 66, 13, 5, 9
2018/5/10, 89, 76, 73, 11, 6, 9
2018/5/10, 106, 77, 54, 17, 6, 8
2018/5/10, 120, 81, 39, 32, 6, 9
2018/5/11, 146, 56, 35, 29, 3, 8
2018/5/11, 137, 45, 55, 14, 3, 9
2018/5/11, 137, 48, 44, 14, 2, 8
2018/5/11, 112, 49, 63, 13, 3, 8
2018/5/11, 95, 34, 55, 6, 1, 6
2018/5/12, 117, 57, 45, 18, 3, 9
2018/5/12, 93, 75, 83, 20, 5, 10
2018/5/12, 135, 71, 46, 34, 3, 10
2018/5/12, 89, 48, 76, 7, 2, 8
2018/5/12, 115, 74, 60, 16, 3, 11
2018/5/13, 109, 77, 91, 11, 4, 9
2018/5/13, 128, 78, 64, 14, 3, 10
2018/5/13, 153, 82, 50, 27, 3, 10
2018/5/13, 124, , , , , 
2018/5/13, 100, 57, 84, 7, 2, 8
2018/5/14, 117, 64, 63, 12, 2, 8
2018/5/14, 102, 59, 89, 7, 3, 10
2018/5/14, 125, 66, 47, 23, 2, 9
2018/5/14, 104, 43, 77, 4, 2, 7
2018/5/15, 90, 40, 51, 10, 2, 7
2018/5/15, 107, 44, 32, 22, 1, 8
2018/5/15, 102, 43, 42, 15, 2, 7
2018/5/15, 80, 24, 51, 6, 2, 6
2018/5/16, 71, 35, 28, 14, 1, 5
2018/5/16, 68, 29, 33, 13, 2, 4
2018/5/16, 57, 28, 37, 10, 3, 4
2018/5/16, 57, 15, 38, 6, 2, 4
2018/5/17, 30, 40, 45, 11, 3, 4
2018/5/17, 30, 15, 46, 4, 2, 4
2018/5/17, 33, 32, 40, 13, 3, 5
2018/5/17, 52, 45, 36, 17, 2, 5
2018/5/18, 64, 42, 43, 14, 1, 4
2018/5/18, 29, 14, 49, 4, 1, 3
2018/5/18, 59, 29, 45, 13, 2, 5
2018/5/18, 50, 45, 54, 12, 3, 4
2018/5/19, 45, 62, 52, 14, 3, 4
2018/5/19, 63, 53, 38, 31, 3, 6
2018/5/19, 29, 25, 47, 5, 1, 4
2018/5/19, 56, 67, 42, 19, 3, 5
2018/5/20, 43, 28, 52, 5, 2, 4
2018/5/20, 84, 73, 44, 17, 3, 6
2018/5/20, 67, 58, 38, 36, 3, 7
2018/5/20, 59, 54, 58, 13, 4, 4
2018/5/21, 101, 57, 43, 13, 3, 6
2018/5/21, 77, 60, 34, 23, 3, 6
2018/5/21, 58, 45, 55, 8, 4, 3
2018/5/21, 46, 33, 50, 6, 2, 5
2018/5/22, 48, 82, 40, 4, 1, 4
2018/5/22, 76, 103, 38, 12, 2, 6
2018/5/22, 60, 108, 45, 7, 3, 4
2018/5/22, 87, 120, 27, 23, 5, 7
2018/5/23, 86, 72, 43, 13, 4, 7
2018/5/23, 83, 77, , 11, 4, 6
2018/5/23, 67, 60, 48, 8, 3, 6
2018/5/23, , 37, 46, 13, 3, 4
2018/5/23, 109, 85, 32, 25, 3, 8
2018/5/24, 101, 37, 36, 17, 4, 5
2018/5/24, 67, 16, 43, 5, 1, 4
2018/5/24, 72, 44, 43, 18, 4, 4
2018/5/24, 108, 39, 38, 22, 2, 6
2018/5/24, 93, 37, 39, 12, 3, 3
2018/5/25, 33, 20, 64, 4, 2, 4
2018/5/25, 79, 65, 59, 24, 11, 5
2018/5/25, 67, 48, 54, 24, 9, 6
2018/5/25, 53, 61, 46, 16, 4, 3
2018/5/25, 68, 52, 39, 30, 4, 7
2018/5/26, 65, 40, 45, 9, 3, 4
2018/5/26, 37, 22, 57, 5, 1, 6
2018/5/26, 79, 35, 45, 15, 3, 7
2018/5/26, 75, 40, 43, 16, 2, 7
2018/5/26, 100, 47, 52, 15, 3, 6
2018/5/27, 103, 18, 43, 13, 2, 5
2018/5/27, 87, 18, 37, 6, 2, 3
2018/5/27, 84, 21, 37, 15, 1, 7
2018/5/27, 67, 12, 43, 4, 1, 4
2018/5/27, 81, 17, 38, 13, 1, 6
2018/5/28, 60, 27, 39, 9, 2, 5
2018/5/28, 49, 25, 35, 14, 1, 7
2018/5/28, 39, 18, 36, 9, 2, 5
2018/5/28, 37, 11, 41, 3, 1, 4
2018/5/28, 54, 16, 34, 5, 3, 4
2018/5/29, 49, 44, 37, 30, 5, 8
2018/5/29, 36, 34, 45, 10, 3, 5
2018/5/29, 49, 39, 54, 16, 3, 6
2018/5/29, 40, 29, 48, 16, 2, 6
2018/5/29, 30, 19, 56, 7, 1, 5
2018/5/30, 84, 59, 44, 41, 3, 8
2018/5/30, 67, 47, 57, 14, 3, 5
2018/5/30, 81, 48, 83, 16, 4, 6
2018/5/30, 64, 41, 69, 19, 3, 6
2018/5/30, 53, 28, 70, 10, 2, 6
2018/5/31, 69, 41, 108, 7, 3, 7
2018/5/31, 82, 68, 107, 12, 5, 8
2018/5/31, 89, 71, 67, 38, 4, 9
2018/5/31, 86, 63, 81, 12, 5, 7
2018/5/31, 69, 63, 93, 19, 5, 8
2018/6/1, 81, 51, 118, 6, 3, 7
2018/6/1, 95, 69, , 6, 5, 6
2018/6/1, 89, 72, 106, 14, 5, 7
2018/6/1, 114, 75, 78, 27, 4, 7
2018/6/1, 95, 73, 118, 9, 5, 6
2018/6/2, 98, 78, 82, 22, 3, 7
2018/6/2, 113, 75, 121, 9, 4, 6
2018/6/2, 71, 52, 125, 6, 3, 6
2018/6/2, 71, 78, 97, 6, 5, 5
2018/6/2, 84, 61, 108, 12, 4, 6
2018/6/3, 121, 69, 104, 8, 3, 5
2018/6/3, 84, 56, 73, 4, 4, 4
2018/6/3, 82, 45, 110, 4, 2, 5
2018/6/3, 109, 69, 69, 18, 2, 7
2018/6/3, 90, 56, 90, 9, 3, 6
2018/6/4, 111, 67, 99, 9, 3, 6
2018/6/4, 85, 62, 86, 13, 3, 7
2018/6/4, 81, 57, 100, 6, 3, 6
2018/6/4, 105, 76, 98, 24, 3, 8
2018/6/4, 91, 76, 80, 5, 4, 10
2018/6/5, 109, 57, 84, 13, 3, 7
2018/6/5, 101, 58, 71, 17, 3, 8
2018/6/5, 208, 46, 91, 8, 1, 7
2018/6/5, 108, 66, 96, 30, 2, 7
2018/6/5, 141, 56, 62, 9, 4, 9
2018/6/6, 119, 47, 62, 26, 2, 7
2018/6/6, 109, 54, 74, 16, 4, 8
2018/6/6, 54, 38, 70, 9, 2, 10
2018/6/6, 114, 52, 55, 26, 3, 8
2018/6/6, 117, 66, 40, 38, 2, 8
2018/6/7, 84, 42, 53, 15, 3, 5
2018/6/7, 90, 20, 67, 8, 1, 5
2018/6/7, 106, 37, 68, 10, 4, 5
2018/6/7, 101, 41, 49, 26, 2, 5
2018/6/7, 89, 34, 53, 15, 2, 7
2018/6/8, 60, 35, 66, 18, 3, 7
2018/6/8, 37, 21, 77, 10, 2, 5
2018/6/8, 64, 37, 67, 12, 4, 5
2018/6/8, 63, 41, 67, 18, 4, 6
2018/6/8, 66, 38, 64, 22, 2, 5
2018/6/9, 63, 29, 60, 15, 2, 5
2018/6/9, 69, 36, 62, 25, 1, 5
2018/6/9, 50, 16, 68, 11, 1, 5
2018/6/9, 77, 32, 63, 12, 3, 4
2018/6/9, 69, 32, 61, 17, 2, 5
2018/6/10, 57, 33, 50, 23, 1, 6
2018/6/10, 55, 26, 65, 17, 2, 6
2018/6/10, 39, 14, 70, 7, 1, 6
2018/6/10, 65, 22, 67, 10, 4, 5
2018/6/10, 56, 25, 60, 17, 1, 6
2018/6/11, 59, 42, 47, 30, 1, 7
2018/6/11, 60, 35, 59, 24, 2, 6
2018/6/11, 52, 65, 46, 25, 2, 6
2018/6/11, 81, 58, 49, 18, 4, 5
2018/6/11, 41, 14, 59, 6, 2, 5
2018/6/12, 85, 51, 75, 17, 3, 5
2018/6/12, 57, 43, 73, 23, 2, 6
2018/6/12, 65, 52, 55, 33, 2, 8
2018/6/12, 58, 44, 65, 25, 2, 7
2018/6/12, 29, 26, 84, 12, 1, 6
2018/6/13, 84, 30, 45, 20, 1, 6
2018/6/13, 104, 20, 70, 9, 3, 6
2018/6/13, 73, 33, 47, 19, 2, 7
2018/6/13, 73, 28, 50, 18, 2, 5
2018/6/13, 59, 17, 77, 8, 1, 6
2018/6/14, 56, 22, 38, 15, 1, 6
2018/6/14, 59, 27, 37, 18, 7, 6
2018/6/14, 58, 18, 45, 12, 2, 4
2018/6/14, 45, 10, 53, 5, 1, 5
2018/6/14, 94, 17, 40, 5, 3, 5
2018/6/15, 34, 39, 54, 11, 2, 4
2018/6/15, 38, 45, 45, 14, 1, 6
2018/6/15, 25, 26, 66, 7, 1, 5
2018/6/15, 53, 37, 54, 7, 3, 4
2018/6/15, 36, 47, 37, 21, 1, 7
2018/6/16, 73, 57, 34, 23, 1, 9
2018/6/16, 89, 45, 50, 7, 3, 5
2018/6/16, 63, 39, 66, 7, 1, 7
2018/6/16, 68, 48, 47, 12, 2, 5
2018/6/16, 66, 55, 43, 16, 1, 8
2018/6/17, 112, 39, 80, 4, 3, 5
2018/6/17, 107, 52, 60, 12, 1, 7
2018/6/17, 88, 36, 82, 5, 1, 6
2018/6/17, 105, 46, 77, 7, 2, 5
2018/6/17, 114, 51, 52, 18, 1, 8
2018/6/18, 98, 41, 48, 23, 1, 7
2018/6/18, 89, 28, 61, 4, 2, 3
2018/6/18, 91, 33, 58, 14, 2, 4
2018/6/18, 79, 28, 63, 5, 1, 5
2018/6/18, 89, 36, 46, 16, 1, 6
2018/6/19, 80, 31, 44, 23, 2, 7
2018/6/19, 56, 18, 45, 5, 1, 5
2018/6/19, 71, 22, 40, 6, 3, 2
2018/6/19, 70, 23, 39, 13, 2, 3
2018/6/19, 75, 21, 35, 14, 1, 4
2018/6/20, 57, 42, 51, 31, 2, 8
2018/6/20, 49, 23, 39, 17, 2, 5
2018/6/20, 30, 16, 49, 8, 1, 4
2018/6/20, 35, 33, 44, 13, 3, 3
2018/6/20, 41, 28, 43, 19, 2, 4
2018/6/21, 46, 54, 102, 23, 4, 5
2018/6/21, 68, 67, 76, 37, 3, 9
2018/6/21, 42, 70, 93, 24, 4, 6
2018/6/21, 54, 46, 111, 13, 3, 6
2018/6/21, 49, 61, 89, 15, 4, 5
2018/6/22, 72, 59, 119, 15, 5, 7
2018/6/22, 81, 56, 109, 11, 5, 7
2018/6/22, 85, 61, 100, 27, 2, 10
2018/6/22, 97, 48, 124, 9, 3, 9
2018/6/22, 71, 58, 88, 15, 4, 8
2018/6/23, 120, 46, 75, 23, 6, 4
2018/6/23, 113, 38, 69, 22, 3, 6
2018/6/23, 111, 37, 69, 21, 4, 4
2018/6/23, 104, 16, 70, 9, 1, 5
2018/6/23, 111, 52, 67, 15, 5, 4
2018/6/24, 56, 56, 70, 25, 3, 8
2018/6/24, 48, 56, 60, 19, 3, 7
2018/6/24, 53, 63, 50, 43, 1, 11
2018/6/24, 53, 58, 58, 28, 2, 8
2018/6/24, 30, 40, 73, 15, 2, 8
2018/6/25, 78, 29, 94, 8, 1, 6
2018/6/25, 107, 46, 91, 15, 2, 4
2018/6/25, 115, 43, 81, 11, 3, 4
2018/6/25, 95, 49, 74, 27, 2, 7
2018/6/25, 96, 44, 79, 16, 2, 5
2018/6/26, 65, 18, 84, 5, 1, 6
2018/6/26, 77, 28, 66, 15, 1, 4
2018/6/26, 84, 33, 52, 24, , 6
2018/6/26, 71, 27, 68, 9, 3, 4
2018/6/26, 80, 25, 80, 13, 2, 4
2018/6/27, 45, 18, 65, 7, 1, 5
2018/6/27, 59, 33, 41, 29, 1, 6
2018/6/27, 57, 28, 51, 11, 4, 3
2018/6/27, 56, 18, 47, 12, 1, 4
2018/6/27, 56, 24, 56, 14, 1, 4
2018/6/28, 40, 45, 72, 26, 2, 6
2018/6/28, 41, 22, 93, 11, 1, 4
2018/6/28, 48, 56, 76, 15, 4, 3
2018/6/28, 52, 53, 55, 37, 1, 7
2018/6/28, 45, 42, 86, 23, 2, 4
2018/6/29, 56, 48, 95, 16, 3, 6
2018/6/29, 66, 52, 69, 30, 1, 7
2018/6/29, 39, 33, 112, 7, 2, 5
2018/6/29, 62, 48, 107, 14, 2, 5
2018/6/29, 66, 49, 96, 14, 4, 5
2018/6/30, 71, 47, 97, 19, 2, 5
2018/6/30, 73, 50, 92, 17, 4, 4
2018/6/30, 75, 48, 77, 26, 1, 7
2018/6/30, 69, 50, 98, 18, 3, 6
2018/6/30, 59, 30, 109, 12, 1, 5
2018/7/1, 75, 61, 70, 38, 2, 8
2018/7/1, 77, 75, 62, 27, 4, 4
2018/7/1, 71, 36, 79, 18, 1, 5
2018/7/1, 80, 62, 47, 36, 1, 7
2018/7/1, 76, 75, 61, 41, , 8
2018/7/2, 75, 34, 62, 11, 1, 5
2018/7/2, 112, 51, 48, 30, , 7
2018/7/2, 93, 49, 61, 18, 3, 6
2018/7/2, 99, 50, 63, 17, 2, 5
2018/7/2, 109, 51, 56, 14, 3, 3
2018/7/3, 59, 18, 49, 6, 1, 4
2018/7/3, 69, 29, 46, 15, 3, 5
2018/7/3, 70, 46, 38, 15, 4, 3
2018/7/3, 77, 32, 32, 20, 1, 5
2018/7/3, 70, 40, 43, 17, 2, 4
2018/7/4, 55, 42, 35, 22, 2, 5
2018/7/4, 54, 32, 40, 20, 3, 6
2018/7/4, 30, 16, 45, 6, 1, 3
2018/7/4, 49, 39, 25, 25, , 6
2018/7/4, 54, 50, 38, 13, 3, 5
2018/7/5, 59, 30, 42, 13, 2, 4
2018/7/5, 57, 25, 44, 6, 3, 5
2018/7/5, 49, 30, 43, 13, 3, 6
2018/7/5, 56, 30, 25, 15, 1, 5
2018/7/5, 27, 18, 48, 6, 2, 4
2018/7/6, 27, 21, 45, 5, 1, 4
2018/7/6, 49, 35, 43, 14, 1, 5
2018/7/6, 44, 33, 43, 6, 3, 5
2018/7/6, 53, 40, 34, 15, 1, 6
2018/7/6, 50, 34, 44, 15, 2, 6
2018/7/7, 67, 18, 27, 8, 1, 4
2018/7/7, 70, 21, 14, 15, , 5
2018/7/7, 47, 17, 26, 4, , 4
2018/7/7, 66, 17, 30, 10, , 5
2018/7/7, 62, 17, 25, 4, 3, 4
2018/7/8, 45, 25, 25, 11, 1, 6
2018/7/8, 44, 23, 30, 8, , 4
2018/7/8, 50, 33, 15, 18, , 6
2018/7/8, 38, 22, 30, 2, 3, 4
2018/7/8, 33, 16, 32, 2, 1, 3
2018/7/9, 45, 51, 47, 17, 2, 7
2018/7/9, 42, 47, 48, 17, 3, 7
2018/7/9, 32, 27, 54, 3, 1, 4
2018/7/9, 56, 49, 30, 21, 1, 8
2018/7/9, 40, 43, 49, 7, 3, 5
2018/7/10, 74, 36, 41, 6, 3, 4
2018/7/10, 90, 31, 36, 15, 2, 6
2018/7/10, 91, 38, 24, 21, , 7
2018/7/10, 85, 31, 40, 16, 2, 6
2018/7/10, 55, 16, 37, 5, 1, 4
2018/7/11, 52, 31, 67, 3, 2, 4
2018/7/11, 38, 17, 34, 3, 1, 4
2018/7/11, 54, 28, 32, 7, , 5
2018/7/11, 59, 35, 18, 14, , 7
2018/7/11, 54, 42, 30, 9, 1, 6
2018/7/12, 82, 39, 25, 9, , 6
2018/7/12, 48, , 26, 1, , 6
2018/7/12, 61, 39, 67, 3, , 4
2018/7/12, 36, 24, 33, 3, 1, 4
2018/7/12, 61, 45, 14, 15, 1, 7
2018/7/13, 50, 16, 33, 3, 1, 4
2018/7/13, 68, 24, 41, 3, , 3
2018/7/13, , , 53, 6, 1, 4
2018/7/13, 74, 37, 13, 14, , 7
2018/7/13, 51, 29, 25, 9, , 6
2018/7/14, 50, 42, 68, 3, 2, 5
2018/7/14, 41, 34, 55, 3, , 6
2018/7/14, 57, 53, 22, 13, , 9
2018/7/14, 76, 44, 63, 6, , 4
2018/7/14, 51, 49, 43, 9, , 9
2018/7/15, 86, 35, 22, 14, 1, 6
2018/7/15, 87, 26, 33, 9, , 6
2018/7/15, 101, 25, 44, 9, 1, 2
2018/7/15, 83, 25, 63, 3, 2, 2
2018/7/15, 77, 17, 41, 3, , 4
2018/7/16, 61, 44, 21, 16, , 7
2018/7/16, 44, 32, 49, 7, 1, 3
2018/7/16, 55, 41, 41, 10, 1, 6
2018/7/16, 55, 34, 58, 4, 2, 2
2018/7/16, 44, 23, 41, 4, 1, 3
2018/7/17, 61, 32, 38, 11, , 4
2018/7/17, 59, 21, 41, 5, 1, 3
2018/7/17, 73, 36, 20, 15, , 6
2018/7/17, 60, 30, 50, 10, 1, 4
2018/7/17, 62, 31, 107, 5, 2, 2
2018/7/18, 61, 45, 62, 4, 2, 3
2018/7/18, 60, 43, 64, 6, 1, 5
2018/7/18, 57, 29, 53, 4, 1, 4
2018/7/18, 62, 49, 52, 10, , 5
2018/7/18, 72, 53, 42, 16, , 6
2018/7/19, 58, 23, 53, 5, 1, 3
2018/7/19, 72, 44, 54, 10, , 5
2018/7/19, 81, 42, 40, 16, , 5
2018/7/19, 70, 36, 57, 5, 2, 2
2018/7/19, 69, 34, 60, 8, 1, 4
2018/7/20, 63, 44, 56, 6, 2, 5
2018/7/20, 51, 29, 56, 5, 1, 4
2018/7/20, 73, 47, 49, 15, , 5
2018/7/20, 59, 43, 62, 7, 1, 4
2018/7/20, 65, 49, 52, 9, , 5
2018/7/21, 74, 56, 74, 8, 1, 6
2018/7/21, 59, 44, 69, 6, 1, 5
2018/7/21, 71, 60, 71, 10, , 9
2018/7/21, 76, 57, 73, 5, 2, 7
2018/7/21, 80, 62, 60, 19, 1, 7
2018/7/22, 115, 48, 71, 7, , 5
2018/7/22, 95, 46, 68, 5, , 5
2018/7/22, 123, 56, 59, 20, , 6
2018/7/22, 109, 55, 72, 7, 2, 6
2018/7/22, 110, 58, 69, 12, 2, 9
2018/7/23, 89, 47, 54, 8, , 5
2018/7/23, 103, 50, 44, 15, 1, 6
2018/7/23, 103, 52, 55, 11, 2, 8
2018/7/23, 94, 36, 60, 5, , 4
2018/7/23, 102, 56, 50, 9, 2, 5
2018/7/24, 85, 36, 33, 12, , 5
2018/7/24, 77, 36, 36, 6, 2, 4
2018/7/24, 80, 30, 36, 7, 1, 5
2018/7/24, 74, 21, 37, 4, , 3
2018/7/24, 74, 34, 38, 4, 2, 4
2018/7/25, 39, 26, 25, 13, 2, 5
2018/7/25, 46, 19, 24, 12, 1, 7
2018/7/25, 50, 34, 31, 12, 2, 6
2018/7/25, 40, 11, 26, 5, , 4
2018/7/25, 50, 20, 20, 15, , 7
2018/7/26, 19, , , , , 
2018/7/26, 39, 32, 50, 13, 2, 9
2018/7/26, 40, 46, 54, 13, 2, 5
2018/7/26, 40, 38, 43, 17, , 8
2018/7/26, 48, 37, 53, 15, 3, 5
2018/7/27, 60, 60, 81, 17, 2, 5
2018/7/27, 59, 54, 73, 20, 3, 5
2018/7/27, 61, 46, 85, 22, , 8
2018/7/27, 54, 48, 82, 17, 3, 7
2018/7/28, 72, 53, 84, 17, 3, 6
2018/7/28, 75, 67, 80, 15, 2, 5
2018/7/28, 72, 54, 74, 26, 1, 9
2018/7/28, 67, 55, 88, 18, 2, 7
2018/7/29, 90, 58, 72, 11, , 5
2018/7/29, 86, 62, 53, 29, , 10
2018/7/29, 82, 57, 91, 19, 2, 8
2018/7/29, 79, 58, 103, 17, 2, 6
2018/7/30, 93, 47, 59, 14, 1, 7
2018/7/30, 90, 47, 65, 12, 1, 5
2018/7/30, 84, 55, 61, 11, 2, 5
2018/7/30, 99, 55, 47, 25, , 9
2018/7/31, 84, 31, 51, 11, 2, 5
2018/7/31, 98, 29, 33, 13, 1, 5
2018/7/31, 94, 50, 51, 11, 3, 3
2018/7/31, 76, 40, 54, 13, 3, 4
2018/8/1, 47, 42, 62, 16, 4, 6
2018/8/1, , 23, 65, 3, 1, 4
2018/8/1, 59, 44, 42, 19, 1, 6
2018/8/1, 52, 49, 64, 14, 3, 4
2018/8/1, 49, 53, 61, 19, 5, 4
2018/8/2, 57, 55, 62, 23, 1, 8
2018/8/2, 51, 55, 100, 17, 3, 8
2018/8/2, 53, 52, 108, 13, 3, 6
2018/8/2, 49, 56, 101, 10, 3, 6
2018/8/2, 47, 34, 111, 4, 2, 5
2018/8/3, 63, 43, 110, 4, 1, 6
2018/8/3, 73, 53, 41, 15, , 8
2018/8/3, 71, 53, 93, 9, 2, 8
2018/8/3, 80, 59, 74, 5, 2, 7
2018/8/3, 70, 49, 96, 7, 2, 6
2018/8/4, 99, 17, 24, 10, , 6
2018/8/4, 91, 15, 39, 8, 1, 5
2018/8/4, 91, 24, 28, 7, 2, 5
2018/8/4, 81, 9, 46, 3, 1, 3
2018/8/4, 86, 15, 39, 7, 2, 4
2018/8/5, 27, 34, 35, 14, 3, 4
2018/8/5, 38, 29, 38, 15, 3, 7
2018/8/5, 46, 41, 12, 19, 1, 8
2018/8/5, 36, 49, 35, 11, 2, 5
2018/8/5, 24, 12, 39, 3, 1, 4
2018/8/6, 55, 41, 36, 10, 3, 5
2018/8/6, 53, 26, 27, 19, 2, 6
2018/8/6, 60, 34, 11, 23, 1, 8
2018/8/6, 22, 19, 29, 6, 1, 5
2018/8/6, 43, 27, 27, 18, 2, 7
2018/8/7, 52, 35, 25, 15, 2, 5
2018/8/7, 67, 38, 34, 10, 2, 5
2018/8/7, 54, 28, 24, 15, 1, 5
2018/8/7, 48, 27, 30, 8, 1, 5
2018/8/7, 58, 36, 15, 22, 1, 8
2018/8/8, 61, 56, 51, 12, 3, 6
2018/8/8, 53, 32, 43, 18, 2, 6
2018/8/8, 57, 41, 45, 17, 3, 5
2018/8/8, 46, 20, 56, 3, 1, 4
2018/8/8, 60, 37, 32, 23, , 9
2018/8/9, 69, 33, 41, 9, 3, 2
2018/8/9, 52, 25, 43, 13, 2, 4
2018/8/9, 33, 20, 58, 5, 1, 4
2018/8/9, 63, 30, 33, 19, , 6
2018/8/9, 57, 30, 45, 15, 3, 4
2018/8/10, 46, 46, 44, 10, 3, 1
2018/8/10, 48, 32, 37, 14, 1, 5
2018/8/10, 43, 32, 45, 11, 3, 4
2018/8/10, 32, 14, 43, 3, 1, 3
2018/8/10, 40, 43, 46, 15, 3, 4
2018/8/11, 53, 25, 41, 7, 2, 3
2018/8/11, 64, 16, 39, 14, 2, 2
2018/8/11, 21, 13, 36, 2, 1, 4
2018/8/11, 49, 17, 43, 13, 2, 4
2018/8/11, 48, 18, 35, 16, 1, 6
2018/8/12, 28, 15, 36, 2, 1, 5
2018/8/12, 57, 21, 35, 5, 3, 5
2018/8/12, 43, 21, 30, 11, 1, 6
2018/8/12, 47, 19, 43, 10, , 5
2018/8/12, 45, 17, 35, 11, 1, 3
2018/8/13, 52, 16, 30, 16, 1, 6
2018/8/13, 46, 16, 41, 9, , 4
2018/8/13, 46, 15, 37, 12, 1, 4
2018/8/13, 34, 10, 41, 1, , 4
2018/8/13, 53, 17, 40, 5, , 5
2018/8/14, 34, 29, 37, 9, 3, 4
2018/8/14, 40, 24, 28, 15, 1, 6
2018/8/14, 32, 26, 42, 7, 3, 5
2018/8/14, 18, 15, 41, 3, 1, 4
2018/8/14, 35, 23, 36, 9, 1, 5
2018/8/15, 39, 28, 35, 7, 3, 3
2018/8/15, 52, 21, 25, 9, 2, 4
2018/8/15, 50, 28, 30, 9, 3, 3
2018/8/15, 23, 15, 31, 2, 1, 3
2018/8/15, 42, 24, 32, 9, 2, 3
2018/8/16, 38, 34, 37, 9, 3, 4
2018/8/16, 33, 35, 37, 13, 3, 4
2018/8/16, 34, 32, 31, 16, 2, 5
2018/8/16, 21, 17, 35, 4, 1, 4
2018/8/16, 45, 31, 26, 21, 2, 6
2018/8/17, 41, 46, 37, 10, 3, 5
2018/8/17, 20, 30, 41, 5, 1, 5
2018/8/17, 40, 45, 37, 20, 3, 5
2018/8/17, 44, 46, 25, 29, 2, 8
2018/8/17, 43, 39, 38, 10, 4, 4
2018/8/18, 58, 23, 46, 3, 1, 5
2018/8/18, 66, 38, 29, 22, 2, 7
2018/8/18, 69, 36, 44, 9, 3, 5
2018/8/18, 67, 37, 42, 16, 2, 6
2018/8/18, 76, 37, 40, 9, 3, 5
2018/8/19, 61, 41, 40, 14, 3, 6
2018/8/19, 70, 46, 35, 11, 2, 5
2018/8/19, 67, 39, 36, 14, 2, 6
2018/8/19, 71, 39, 30, 16, 1, 7
2018/8/19, 53, 28, 41, 4, 1, 5
2018/8/20, 71, 22, 37, 11, 2, 4
2018/8/20, 71, 28, 29, 20, 2, 7
2018/8/20, 58, 16, 39, 4, 1, 4
2018/8/20, 77, 25, 37, 6, 3, 3
2018/8/20, 73, 18, 38, 9, 3, 4
2018/8/21, 43, 32, 33, 18, 3, 5
2018/8/21, 32, 23, 44, 5, 1, 4
2018/8/21, 56, 47, 36, 14, 3, 4
2018/8/21, 35, 37, 37, 18, 3, 5
2018/8/21, 50, 42, 23, 30, 2, 8
2018/8/22, 54, 59, 31, 17, 4, 6
2018/8/22, 46, 51, 33, 20, 4, 6
2018/8/22, 61, 53, 30, 16, 4, 5
2018/8/22, 32, 21, 34, 4, 1, 4
2018/8/22, 64, 44, 24, 19, 2, 8
2018/8/23, 65, 17, 43, 10, 2, 4
2018/8/23, 68, 18, 35, 9, 2, 4
2018/8/23, 39, 8, 50, 2, 1, 3
2018/8/23, 65, 18, 44, 7, 3, 4
2018/8/23, 65, 15, 38, 9, 2, 5
2018/8/24, 37, 14, 23, 15, 1, 7
2018/8/24, 34, 12, 30, 3, 3, 3
2018/8/24, 17, 8, 45, 2, 1, 4
2018/8/24, 36, 12, 26, 11, 2, 4
2018/8/24, 26, 9, 32, 6, 2, 4
2018/8/25, 18, 9, 23, 3, 1, 3
2018/8/25, 17, 10, 21, 7, , 3
2018/8/25, 24, 16, 24, 4, 3, 3
2018/8/25, 22, 11, 22, 8, 2, 4
2018/8/25, 28, 25, 17, 15, 2, 7
2018/8/26, 28, 43, 18, 23, 2, 9
2018/8/26, 21, 37, 33, 10, 3, 4
2018/8/26, 18, 21, 33, 6, 1, 4
2018/8/26, 20, 30, 29, 15, 2, 5
2018/8/26, 17, 24, 29, 14, 2, 5
2018/8/27, 39, 21, 27, 3, 1, 5
2018/8/27, 49, 36, 26, 12, 3, 4
2018/8/27, 53, 45, 25, 16, 2, 7
2018/8/27, 57, 43, 18, 18, 2, 9
2018/8/27, 40, 41, 26, 17, 2, 7
2018/8/28, 61, 16, 21, 11, 2, 5
2018/8/28, 65, 20, 19, 18, 1, 7
2018/8/28, 39, 14, 29, 4, 1, 4
2018/8/28, 61, 18, 25, 12, 2, 5
2018/8/28, 62, 22, 24, 9, 3, 4
2018/8/29, 51, 25, 27, 6, 3, 4
2018/8/29, 28, 19, 27, 6, 1, 4
2018/8/29, 44, 20, 23, 9, 2, 3
2018/8/29, 39, 16, 24, 9, 2, 3
2018/8/29, 51, 39, 16, 17, 1, 6
2018/8/30, 44, 31, 27, 8, 4, 5
2018/8/30, 34, 19, 24, 6, 1, 4
2018/8/30, 35, 21, 21, 11, 2, 4
2018/8/30, 51, 28, 13, 17, 2, 7
2018/8/30, 38, 22, 23, 10, 2, 4
2018/8/31, 49, 39, 27, 17, 2, 8
2018/8/31, 49, 52, 28, 8, 4, 6
2018/8/31, 36, 42, 30, 13, 3, 6
2018/8/31, 37, 32, 34, 14, 3, 5
2018/8/31, 31, 19, 29, 4, 1, 4
2018/9/1, 56, 29, 28, 10, 2, 4
2018/9/1, 68, 36, 33, 5, 4, 5
2018/9/1, 63, 32, 31, 9, 2, 4
2018/9/1, 61, 34, 23, 13, 1, 6
2018/9/1, 36, 18, 29, 3, 1, 4
2018/9/2, 37, 17, 41, 2, 1, 5
2018/9/2, 56, 28, 29, 17, 1, 6
2018/9/2, 61, 31, 43, 4, , 5
2018/9/2, 55, 24, 40, 12, 2, 5
2018/9/2, 44, 23, 43, 8, 2, 4
2018/9/3, 57, 16, 35, 3, 3, 4
2018/9/3, 47, 16, 41, 8, 2, 3
2018/9/3, 51, 18, 40, 11, 3, 4
2018/9/3, 40, 14, 37, 4, 1, 4
2018/9/3, 54, 21, 27, 17, 2, 7
2018/9/4, 33, 19, 23, 4, 3, 3
2018/9/4, 34, 12, 22, 5, 1, 4
2018/9/4, 37, 30, 14, 16, 2, 7
2018/9/4, 36, 14, 19, 11, 3, 4
2018/9/4, 29, 14, 23, 9, 2, 3
2018/9/5, 23, 22, 23, 13, 4, 4
2018/9/5, 26, 26, 26, 7, 3, 4
2018/9/5, 41, 32, 15, 20, 3, 7
2018/9/5, 24, 24, 24, 10, 3, 3
2018/9/5, 18, 18, 29, 4, 1, 4
2018/9/6, 35, 20, 28, 11, 3, 3
2018/9/6, 35, 20, 29, 10, 3, 2
2018/9/6, 55, 30, 16, 20, 2, 6
2018/9/6, 40, 26, 30, 6, 2, 3
2018/9/6, 29, 17, 34, 6, 1, 4
2018/9/7, 32, 18, 25, 12, 4, 3
2018/9/7, 39, 32, 27, 6, 2, 3
2018/9/7, 43, 24, 14, 18, 2, 5
2018/9/7, 30, 19, 26, 9, 3, 2
2018/9/7, 28, 15, 29, 7, 1, 3
2018/9/8, 38, 38, 21, 20, 2, 6
2018/9/8, 31, 39, 30, 15, 3, 4
2018/9/8, 34, 31, 29, 16, 3, 5
2018/9/8, 20, 16, 33, 4, 1, 4
2018/9/8, 38, 50, 30, 8, 2, 3
2018/9/9, 71, 53, 32, 8, 1, 2
2018/9/9, 50, 33, 30, 17, 2, 4
2018/9/9, 27, 15, 36, 4, 1, 3
2018/9/9, 55, 37, 27, 18, 2, 4
2018/9/9, 60, 48, 32, 16, 3, 5
2018/9/10, 75, 29, 37, 6, 2, 4
2018/9/10, 32, 23, 44, 4, 1, 4
2018/9/10, 52, 39, 36, 12, 2, 4
2018/9/10, 47, 34, 38, 14, 1, 5
2018/9/10, 53, 43, 28, 24, 2, 6
2018/9/11, 55, 31, 35, 12, 1, 5
2018/9/11, 47, 23, 45, 3, 1, 4
2018/9/11, 51, 34, 37, 10, 1, 4
2018/9/11, 50, 31, 40, 6, 2, 6
2018/9/11, 65, 38, 25, 21, 2, 6
2018/9/12, 55, 46, 53, 17, 2, 6
2018/9/12, 59, 48, 60, 8, 2, 7
2018/9/12, 56, 44, 59, 10, 2, 5
2018/9/12, 47, 33, 73, 4, 2, 6
2018/9/12, 58, 52, 40, 25, 2, 7
2018/9/13, 93, 48, 64, 10, 4, 7
2018/9/13, 84, 44, 59, 16, 2, 8
2018/9/13, 77, 36, 65, 4, 2, 6
2018/9/13, 80, 48, 62, 12, 2, 5
2018/9/13, 89, 52, 47, 24, 2, 6
2018/9/14, 94, 45, 39, 9, 2, 6
2018/9/14, 77, 20, 44, 7, 2, 5
2018/9/14, 86, 34, 39, 21, 2, 6
2018/9/14, 85, 25, 37, 12, 1, 4
2018/9/14, 79, 26, 37, 14, 1, 5
2018/9/15, 54, 30, 29, 16, 2, 5
2018/9/15, 47, 31, 32, 12, 2, 3
2018/9/15, 61, 31, 33, 10, 2, 5
2018/9/15, 69, 40, 22, 22, 2, 5
2018/9/15, 46, 23, 36, 5, 1, 4
2018/9/16, 52, 44, 23, 26, 3, 7
2018/9/16, 43, 36, 31, 20, 2, 6
2018/9/16, 39, 37, 33, 17, 2, 5
2018/9/16, 46, 41, 34, 13, 3, 6
2018/9/16, 51, 26, 37, 11, 1, 4
2018/9/17, 42, 25, 57, 6, 2, 4
2018/9/17, 60, 48, 52, 19, 3, 5
2018/9/17, 63, 48, 52, 17, 3, 6
2018/9/17, 55, 46, 44, 22, 4, 7
2018/9/17, 69, 54, 37, 37, 3, 8
2018/9/18, 65, 67, 51, 23, 4, 8
2018/9/18, 69, 62, , 37, 4, 9
2018/9/18, 62, 55, 44, 24, 3, 6
2018/9/18, 38, 45, 45, 12, 2, 6
2018/9/18, 68, 51, 43, 26, 3, 7
2018/9/19, 96, 50, 40, 24, 2, 7
2018/9/19, 94, 59, 45, 22, 3, 6
2018/9/19, 100, 53, 44, 26, 2, 7
2018/9/19, 89, 47, 42, 26, 2, 6
2018/9/19, 69, 26, 47, 4, 2, 5
2018/9/20, 89, 45, 35, 15, 2, 6
2018/9/20, 76, 55, 31, 32, 2, 9
2018/9/20, 82, 41, 34, 23, 1, 7
2018/9/20, 81, 42, 41, 22, 2, 7
2018/9/20, 59, 30, 47, 8, 2, 7
2018/9/21, 94, 30, 28, 9, 2, 4
2018/9/21, 88, 32, 25, 11, 2, 3
2018/9/21, 98, 48, 16, 17, 2, 7
2018/9/21, 77, 19, 30, 4, 1, 4
2018/9/21, 89, 31, 23, 13, 2, 3
2018/9/22, 20, 14, 22, 4, 1, 4
2018/9/22, 35, 28, 17, 13, 3, 5
2018/9/22, 54, 35, 15, 17, 2, 7
2018/9/22, 30, 28, 19, 15, 2, 4
2018/9/22, 41, 24, 15, 15, 2, 4
2018/9/23, 48, 23, 18, 12, 1, 4
2018/9/23, 57, 38, 13, 15, 2, 7
2018/9/23, 57, 25, 18, 7, 2, 4
2018/9/23, 53, 19, 17, 12, 1, 4
2018/9/23, 33, 13, 20, 6, 1, 4
2018/9/24, 51, 33, 26, 17, 2, 6
2018/9/24, 50, 34, 26, 15, 2, 6
2018/9/24, 59, 48, 15, 25, 2, 9
2018/9/24, 52, 46, 28, 12, 3, 6
2018/9/24, 39, 12, 30, 5, 1, 4
2018/9/25, 61, 49, 34, 15, 3, 5
2018/9/25, 70, 44, 25, 25, 2, 7
2018/9/25, 62, 54, 30, 21, 2, 9
2018/9/25, 30, 18, 37, 4, 1, 4
2018/9/25, 57, 40, 29, 22, 2, 8
2018/9/26, 76, 56, 34, 26, 2, 9
2018/9/26, 75, 55, 35, 16, 3, 6
2018/9/26, 89, 56, 33, 21, 2, 12
2018/9/26, 32, 15, 39, 3, 1, 4
2018/9/26, 80, 62, 37, 24, 2, 13
2018/9/27, 108, 37, 27, 19, 1, 5
2018/9/27, 88, 37, 25, 19, 2, 7
2018/9/27, 90, 37, 27, 11, 2, 7
2018/9/27, 93, 39, 27, 16, 2, 5
2018/9/27, 35, 21, 32, 5, 2, 4
2018/9/28, 65, 29, 23, 18, 2, 6
2018/9/28, 47, 27, 37, 6, 1, 4
2018/9/28, 66, 19, 31, 13, 1, 4
2018/9/28, 67, 23, 34, 10, 2, 8
2018/9/28, 59, 20, 30, 12, 2, 6
2018/9/29, 46, 16, 35, 10, 1, 4
2018/9/29, 54, 19, 29, 14, 2, 6
2018/9/29, 66, 23, 25, 23, 1, 6
2018/9/29, 64, 21, 32, 12, 2, 8
2018/9/29, 55, 16, 26, 16, 1, 5
2018/9/30, 59, 30, 22, 16, 2, 5
2018/9/30, 51, 18, 26, 9, 1, 3
2018/9/30, 44, 61, 28, 11, 1, 4
2018/9/30, 53, 25, 29, 7, , 7
2018/9/30, 48, 20, 25, 9, , 5
2018/10/1, 37, 21, 36, 5, 1, 4
2018/10/1, 47, 30, 32, 11, 3, 8
2018/10/1, 50, 47, , 25, 2, 6
2018/10/1, 43, 32, 28, 18, 2, 5
2018/10/1, 41, 31, 30, 15, 2, 6
2018/10/2, 65, 58, 22, 31, 4, 8
2018/10/2, 58, 42, 30, 21, 4, 7
2018/10/2, 37, 28, 34, 7, 2, 5
2018/10/2, 57, 46, 35, 19, 3, 8
2018/10/2, 60, 41, 32, 15, 4, 9
2018/10/3, 83, 57, 50, 15, 4, 9
2018/10/3, 95, 61, 42, 31, 3, 10
2018/10/3, 79, 55, 46, 24, 4, 11
2018/10/3, 54, 32, 59, 5, 3, 6
2018/10/3, 91, 64, 57, 23, 4, 13
2018/10/4, 100, 55, 43, 15, 3, 6
2018/10/4, 65, 30, 53, 4, 2, 5
2018/10/4, 105, 65, 44, 23, 3, 12
2018/10/4, 109, 64, 35, 33, 3, 10
2018/10/4, 97, 54, 44, 25, 3, 10
2018/10/5, 99, 47, 36, 17, 2, 7
2018/10/5, 101, 42, 32, 19, 2, 6
2018/10/5, 113, 58, 25, 26, 3, 7
2018/10/5, 98, 53, 29, 14, 4, 4
2018/10/5, 60, 31, 34, 10, 1, 4
2018/10/6, 80, 41, 28, 13, 4, 3
2018/10/6, 60, 44, 26, 16, 3, 4
2018/10/6, 93, 60, 19, 23, 3, 6
2018/10/6, 43, 27, 31, 7, 1, 3
2018/10/6, 80, 43, , 18, 4, 4
2018/10/7, 50, 27, 15, 12, 3, 4
2018/10/7, 34, 27, 15, 8, 1, 3
2018/10/7, 57, 43, 6, 17, 3, 5
2018/10/7, 55, 29, 10, 13, 2, 3
2018/10/7, 58, 32, 22, 9, 3, 3
2018/10/8, 58, 43, 12, 18, 3, 6
2018/10/8, 37, 30, 19, 14, 3, 4
2018/10/8, 43, 28, 18, 15, 2, 4
2018/10/8, 45, 44, 23, 12, 4, 4
2018/10/8, 29, 23, 27, 10, 1, 3
2018/10/9, 61, 20, 14, 15, 2, 5
2018/10/9, 37, 13, 22, 7, 1, 3
2018/10/9, 57, 21, 21, 10, 3, 4
2018/10/9, 44, 22, 18, 12, 3, 4
2018/10/9, 47, 19, 18, 11, 2, 3
2018/10/10, 40, 30, 17, 14, 2, 8
2018/10/10, 46, 32, 24, 8, 3, 6
2018/10/10, 45, 25, 17, 15, 2, 5
2018/10/10, 32, 14, 20, 8, 1, 3
2018/10/10, 49, 38, 11, 18, 3, 9
2018/10/11, 52, 43, 25, 26, 5, 7
2018/10/11, 54, 39, 33, 15, 5, 9
2018/10/11, 38, 23, 35, 7, 2, 4
2018/10/11, 63, 50, 5, 21, 3, 9
2018/10/11, 63, 60, 17, 29, 4, 11
2018/10/12, 94, 57, 31, 32, 4, 9
2018/10/12, 73, 48, 44, 15, 5, 11
2018/10/12, 82, 50, 41, 24, 4, 7
2018/10/12, 95, 44, 47, 14, 4, 7
2018/10/12, 48, 30, 41, 6, 3, 6
2018/10/13, 110, 52, 36, 25, 3, 8
2018/10/13, 86, 43, 47, 14, 3, 6
2018/10/13, 88, 47, 41, 14, 4, 10
2018/10/13, 100, 47, 43, 19, 3, 6
2018/10/13, 73, 42, 40, 10, 2, 5
2018/10/14, 103, 38, 31, 15, 3, 5
2018/10/14, 109, 45, 32, 12, 3, 9
2018/10/14, 112, 39, 33, 19, 2, 5
2018/10/14, 61, 29, 32, 10, 1, 4
2018/10/14, 115, 51, 23, 20, 3, 7
2018/10/15, 52, 40, 25, 18, 3, 5
2018/10/15, 63, 45, 27, 13, 4, 9
2018/10/15, 62, 30, 23, 18, 2, 4
2018/10/15, 40, 26, 31, 9, 1, 4
2018/10/15, 73, 40, 16, 20, 4, 7
2018/10/16, 59, 48, 27, 20, 4, 7
2018/10/16, 61, 68, 24, 15, 4, 11
2018/10/16, 51, 51, 20, 23, 5, 9
2018/10/16, 55, 36, 25, 20, 3, 5
2018/10/16, 39, 32, 30, 13, 2, 5
2018/10/17, 79, 68, 26, 34, 4, 15
2018/10/17, 47, 40, 26, 21, 2, 4
2018/10/17, 67, 57, 26, 33, 4, 10
2018/10/17, 95, 70, 31, 19, 5, 7
2018/10/17, 79, 80, 16, 38, 5, 15
2018/10/18, 102, 57, 28, 31, 12, 8
2018/10/18, 66, 34, 39, 8, 2, 3
2018/10/18, 123, 54, 32, 26, 5, 8
2018/10/18, 112, 55, 35, 19, 4, 7
2018/10/18, 122, 60, 17, 38, 7, 10
2018/10/19, 100, 69, 40, 23, 6, 9
2018/10/19, 62, 49, 49, 10, 4, 5
2018/10/19, 126, 61, 34, 34, 17, 10
2018/10/19, 92, 71, 22, 45, 10, 12
2018/10/19, 95, 65, 39, 29, 8, 11
2018/10/20, 130, 76, 39, 42, 14, 14
2018/10/20, 121, 69, 56, 29, 15, 12
2018/10/20, 131, 75, 60, 22, 6, 12
2018/10/20, 97, 57, 73, 9, 4, 9
2018/10/20, 127, 68, 57, 28, 8, 13
2018/10/21, 161, 77, 40, 28, 7, 11
2018/10/21, 153, 66, 50, 16, 6, 11
2018/10/21, 156, 69, 51, 18, 7, 11
2018/10/21, 131, 59, 63, 7, 4, 7
2018/10/21, 156, 68, 52, 14, 5, 12
2018/10/22, 142, 37, 50, 6, 2, 4
2018/10/22, 168, 53, 32, 23, 3, 11
2018/10/22, 162, 37, 38, 10, 3, 8
2018/10/22, 163, 44, 40, 16, 8, 7
2018/10/22, 164, 43, 39, 20, 8, 6
2018/10/23, 71, 39, 35, 12, 2, 5
2018/10/23, 79, 51, 28, 22, 7, 10
2018/10/23, 89, 54, 30, 17, 5, 8
2018/10/23, 101, 65, 22, 28, 6, 11
2018/10/23, 92, 50, 23, 25, 9, 8
2018/10/24, 67, 51, 48, 12, 3, 7
2018/10/24, 103, 71, 37, 18, 5, 4
2018/10/24, 94, 56, 35, 23, 7, 8
2018/10/24, 92, 60, 38, 22, 6, 10
2018/10/24, 107, 64, 35, 21, 7, 8
2018/10/25, 102, 40, 43, 5, 2, 3
2018/10/25, 130, 56, 39, 14, 4, 5
2018/10/25, 140, 46, 37, 5, 3, 2
2018/10/25, 124, 42, 43, 8, 5, 4
2018/10/25, 128, 50, 42, 11, 4, 4
2018/10/26, 72, 32, 22, 10, 4, 4
2018/10/26, 71, 25, 28, 10, 4, 3
2018/10/26, 55, 24, 29, 3, 3, 2
2018/10/26, 48, 23, 27, 7, 5, 3
2018/10/26, 42, 23, 31, 5, 1, 3
2018/10/27, 26, 16, 19, 10, 7, 4
2018/10/27, 45, 32, 14, 12, 6, 6
2018/10/27, 40, 17, 18, 12, 8, 3
2018/10/27, 51, 17, 22, 5, 3, 2
2018/10/27, 24, 12, 21, 7, 2, 3
2018/10/28, 38, 17, 16, 10, 6, 3
2018/10/28, 27, 15, 17, 9, 2, 3
2018/10/28, 37, 24, 20, 5, 3, 2
2018/10/28, 52, 21, 11, 10, 6, 6
2018/10/28, 36, 16, 14, 9, 4, 4
2018/10/29, 41, 16, 17, 9, 2, 4
2018/10/29, 49, 19, 13, 13, 6, 5
2018/10/29, 65, 24, 15, 8, 3, 4
2018/10/29, 62, 40, 7, 16, 7, 7
2018/10/29, 54, 24, 12, 14, 6, 5
2018/10/30, 53, 29, 22, 9, 5, 5
2018/10/30, 54, 31, 16, 16, 9, 6
2018/10/30, 62, 29, 13, 18, 8, 6
2018/10/30, 42, 23, 22, 10, 3, 5
2018/10/30, 67, 45, 11, 20, 6, 7
2018/10/31, 75, 64, 10, 30, 8, 10
2018/10/31, 67, 52, 25, 18, 8, 7
2018/10/31, 54, 29, 27, 9, 3, 5
2018/10/31, 66, 47, 17, 27, 18, 9
2018/10/31, 59, 53, 20, 25, 18, 9
2018/11/1, 107, 64, 17, 32, 7, 10
2018/11/1, 99, 58, 29, 23, 10, 10
2018/11/1, 63, 40, 41, 9, 5, 8
2018/11/1, 101, 56, 26, 25, 11, 11
2018/11/1, 98, 66, 35, 18, 6, 9
2018/11/2, 93, 67, 75, 12, 7, 11
2018/11/2, 135, 67, 48, 22, 14, 12
2018/11/2, 131, 81, 37, 35, 10, 10
2018/11/2, 134, 73, 61, 16, 9, 11
2018/11/2, 125, 76, 63, 18, 9, 11
2018/11/3, 165, 28, 57, 10, 12, 5
2018/11/3, 166, 23, 39, 11, 4, 5
2018/11/3, 163, 27, 24, 16, 7, 3
2018/11/3, 168, 28, 40, 11, 4, 6
2018/11/3, 161, 20, 49, 6, 2, 5
2018/11/4, 66, 34, 16, 18, 10, 7
2018/11/4, 40, 14, 26, 5, 2, 4
2018/11/4, 75, 53, 16, 16, 10, 9
2018/11/4, 45, 42, 17, 18, 10, 8
2018/11/4, 61, 33, 14, 18, 9, 5
2018/11/5, 71, 54, 18, 22, 11, 9
2018/11/5, 211, 75, 21, 15, 6, 8
2018/11/5, 31, 32, 27, 8, 2, 6
2018/11/5, 66, 59, 13, 25, 7, 9
2018/11/5, 76, 54, 17, 21, 5, 8
2018/11/6, 95, 33, 30, 8, 2, 6
2018/11/6, 110, 51, 21, 22, 9, 8
2018/11/6, 111, 71, 16, 25, 5, 11
2018/11/6, 107, 60, 23, 22, 3, 9
2018/11/6, 92, 79, 27, 15, 5, 9
2018/11/7, 128, 62, 26, 17, 5, 10
2018/11/7, 121, 58, 16, 24, 3, 9
2018/11/7, 121, 61, 18, 22, 10, 10
2018/11/7, 75, 37, 28, 8, 2, 6
2018/11/7, 119, 53, 17, 23, 7, 8
2018/11/8, 120, 50, 25, 11, 4, 7
2018/11/8, 127, 65, 15, 19, 7, 9
2018/11/8, 81, 35, 24, 13, 2, 4
2018/11/8, 124, 41, 17, 16, 3, 5
2018/11/8, 130, 51, 17, 16, 4, 6
2018/11/9, 112, 45, 15, 19, 7, 6
2018/11/9, 114, 44, 23, 10, 4, 7
2018/11/9, 121, 53, 12, 18, 5, 8
2018/11/9, 103, 47, 19, 17, 7, 5
2018/11/9, 89, 34, 24, 8, 3, 3
2018/11/10, 98, 59, 21, 15, 6, 10
2018/11/10, 99, 56, 10, 24, 12, 10
2018/11/10, 102, 67, 8, 26, 7, 14
2018/11/10, 89, 55, 13, 22, 5, 9
2018/11/10, 76, 36, 19, 11, 4, 4
2018/11/11, 71, 23, 27, 5, 2, 3
2018/11/11, 119, 57, 15, 22, 10, 10
2018/11/11, 104, 49, 19, 18, 3, 6
2018/11/11, 122, 57, 19, 20, 9, 9
2018/11/11, 113, 47, 17, 18, 8, 6
2018/11/12, 114, 45, 21, 21, 8, 8
2018/11/12, 97, 44, 21, 17, 4, 6
2018/11/12, 58, 22, 28, 3, 4, 3
2018/11/12, 108, 36, 19, 19, 9, 6
2018/11/12, 101, 36, 23, 15, 8, 6
2018/11/13, 65, 30, 29, 6, 2, 5
2018/11/13, 97, 45, 21, 19, 8, 6
2018/11/13, 97, 40, 22, 18, 3, 7
2018/11/13, 83, 46, , 15, 5, 6
2018/11/13, 93, 42, 22, 19, 10, 7
2018/11/14, 88, 46, 15, 14, 7, 7
2018/11/14, 98, 56, 14, 19, 8, 8
2018/11/14, 77, 33, 23, 11, 3, 6
2018/11/14, 101, 41, 18, 10, 5, 7
2018/11/14, 83, 37, 17, 14, 4, 6
2018/11/15, 107, 22, 17, 13, 8, 4
2018/11/15, 94, 24, 19, 12, 7, 4
2018/11/15, 116, 32, 14, 17, 12, 5
2018/11/15, 101, 26, 22, 7, 5, 8
2018/11/15, 93, 18, 26, 5, 3, 4
2018/11/16, 35, 44, 17, 20, 13, 7
2018/11/16, 55, 56, 13, 25, 11, 11
2018/11/16, 50, 47, 15, 25, 14, 9
2018/11/16, 36, 29, 24, 8, 5, 6
2018/11/16, 54, 39, 20, 16, 8, 13
2018/11/17, 96, 56, 12, 24, 13, 11
2018/11/17, 91, 58, 16, 21, 6, 11
2018/11/17, 104, 68, 12, 25, 12, 12
2018/11/17, 106, 62, 19, 17, 8, 9
2018/11/17, 66, 44, 22, 13, 6, 9
2018/11/18, 136, 53, 18, 24, 11, 8
2018/11/18, 98, 56, 24, 15, 4, 8
2018/11/18, 132, 59, 22, 15, 7, 7
2018/11/18, 142, 70, 14, 25, 9, 10
2018/11/18, 131, 53, 22, 20, 6, 8
2018/11/19, 138, 45, 14, 21, 10, 8
2018/11/19, 125, 40, 22, 10, 4, 7
2018/11/19, 113, 34, 20, 15, 6, 6
2018/11/19, 130, 33, 19, 16, 9, 5
2018/11/19, 136, 43, 21, 13, 6, 5
2018/11/20, 88, 27, 24, 4, 2, 7
2018/11/20, 79, 40, 17, 19, 10, 6
2018/11/20, 68, 41, 21, 16, 7, 6
2018/11/20, 87, 49, 15, 21, 10, 8
2018/11/20, 84, 39, 23, 13, 6, 5
2018/11/21, 82, 33, 16, 16, 11, 7
2018/11/21, 65, 22, 25, 7, 4, 5
2018/11/21, 86, 36, 24, 9, 6, 6
2018/11/21, 74, 24, 21, 11, 8, 4
2018/11/21, 72, 22, 22, 11, 6, 4
2018/11/22, 41, 26, 26, 5, 3, 3
2018/11/22, 63, 34, 20, 15, 8, 6
2018/11/22, 51, 38, 21, 14, 6, 6
2018/11/22, 68, 45, 16, 22, 11, 8
2018/11/22, 71, 37, 23, 13, 6, 6
2018/11/23, 65, 39, 27, 7, 3, 6
2018/11/23, 71, 52, 19, 21, 12, 10
2018/11/23, 83, 58, , 22, 10, 11
2018/11/23, 79, 48, , 14, 7, 8
2018/11/23, 71, 50, 22, 19, 11, 9
2018/11/24, 131, 47, 24, 13, 6, 7
2018/11/24, 138, 50, 11, 23, 13, 10
2018/11/24, 144, 55, 14, 22, 9, 11
2018/11/24, 135, 49, 21, 18, 6, 8
2018/11/24, 107, 41, 27, 8, 3, 6
2018/11/25, 129, 101, 27, 19, 11, 11
2018/11/25, 138, 89, 38, 12, 6, 9
2018/11/25, 140, 90, 30, 14, 10, 10
2018/11/25, 126, 83, 38, 9, 7, 11
2018/11/25, 113, 65, 48, 7, 6, 7
2018/11/26, 138, 56, 37, 4, 3, 2
2018/11/26, 153, 55, 30, 8, 7, 4
2018/11/26, 151, 68, 33, 5, 3, 5
2018/11/26, 154, 56, 32, 10, 6, 4
2018/11/26, 161, 67, 29, 12, 8, 5
2018/11/27, 37, 40, 23, 9, 5, 4
2018/11/27, 29, 33, 22, 12, 8, 5
2018/11/27, 56, 44, 17, 15, 10, 6
2018/11/27, 61, 33, 21, 12, 11, 5
2018/11/27, 21, 30, 27, 9, 4, 3
2018/11/28, 57, 34, 30, 13, 10, 6
2018/11/28, 43, 34, 16, 14, 5, 5
2018/11/28, 67, 42, 10, 17, 15, 7
2018/11/28, 53, 31, 19, 15, 9, 6
2018/11/28, 71, 39, 20, 11, 5, 4
2018/11/29, 78, 41, 18, 10, 7, 3
2018/11/29, 87, 51, 13, 16, 13, 7
2018/11/29, 75, 46, 15, 14, 10, 7
2018/11/29, 82, 46, 20, 11, 7, 5
2018/11/29, 71, 49, 19, 16, 7, 8
2018/11/30, 71, 36, 21, 10, 5, 3
2018/11/30, 43, 30, 28, 7, 3, 2
2018/11/30, 84, 44, 14, 17, 11, 7
2018/11/30, 88, 36, 18, 13, 9, 6
2018/11/30, 81, 36, 21, 13, 10, 7
2018/12/1, 58, 42, 35, 5, 3, 3
2018/12/1, 71, 47, 24, 12, 9, 6
2018/12/1, 76, 54, 23, 16, 7, 7
2018/12/1, 68, 46, 26, 10, 6, 8
2018/12/1, 80, 44, 28, 6, 5, 2
2018/12/2, 102, 86, 22, 12, 9, 7
2018/12/2, 101, 70, 25, 10, 4, 8
2018/12/2, 82, 70, 31, 8, 5, 3
2018/12/2, 96, 80, 29, 6, 5, 4
2018/12/2, 99, 71, 24, 8, 5, 6
2018/12/3, 97, 28, 17, 10, 10, 6
2018/12/3, 96, 29, 19, 7, 6, 4
2018/12/3, 77, 20, 23, 7, 4, 1
2018/12/3, 86, 29, 21, 7, 7, 7
2018/12/3, 84, 21, 21, 8, 4, 6
2018/12/4, 45, 27, 19, 14, 9, 7
2018/12/4, 56, 35, 22, 12, 5, 8
2018/12/4, 57, 36, 15, 17, 12, 8
2018/12/4, 60, 28, 18, 13, 10, 5
2018/12/4, 35, 22, 25, 7, 3, 2
2018/12/5, 71, 51, 16, 18, 11, 9
2018/12/5, 67, 31, 20, 14, 7, 5
2018/12/5, 70, 33, 21, 12, 8, 5
2018/12/5, 51, 28, 24, 10, 5, 3
2018/12/5, 74, 44, 23, 11, 7, 9
2018/12/6, 59, 25, 24, 5, 5, 2
2018/12/6, 78, 30, 18, 8, 7, 5
2018/12/6, 91, 43, , 12, 7, 8
2018/12/6, 78, 32, 21, 6, 4, 7
2018/12/6, 67, 30, 20, 9, 6, 4
2018/12/7, 51, 26, 26, 5, 4, 3
2018/12/7, 44, 27, 22, 10, 6, 5
2018/12/7, 56, 28, 21, 9, 6, 5
2018/12/7, 48, 32, 24, 8, 6, 7
2018/12/7, 61, 39, 18, 13, 7, 8
2018/12/8, 48, 105, , 17, 7, 11
2018/12/8, 50, 39, 20, 15, 17, 7
2018/12/8, 60, 53, 16, 19, 13, 11
2018/12/8, 47, 43, 21, 17, 15, 8
2018/12/8, 47, 34, 27, 9, 4, 4
2018/12/9, 95, 81, 10, 29, 18, 16
2018/12/9, 63, 41, 22, 13, 6, 5
2018/12/9, 105, 104, 14, 25, 15, 17
2018/12/9, 86, 72, 13, 27, 10, 15
2018/12/9, 78, 67, 14, 26, 20, 13
2018/12/10, 90, 49, 26, 16, 6, 6
2018/12/10, 149, 103, 13, 26, 14, 16
2018/12/10, 150, 74, 9, 30, 17, 14
2018/12/10, 149, 60, 16, 25, 17, 10
2018/12/10, 147, 70, 13, 29, 13, 14
2018/12/11, 145, 45, 22, 17, 15, 6
2018/12/11, 140, 52, 24, 18, 12, 8
2018/12/11, 149, 59, 18, 23, 18, 9
2018/12/11, 108, 43, 29, 8, 3, 6
2018/12/11, 153, 48, 23, 14, 7, 9
2018/12/12, 108, 56, 20, 15, 14, 7
2018/12/12, 118, 51, 22, 18, 13, 8
2018/12/12, 122, 76, 14, 20, 14, 7
2018/12/12, 96, 53, 23, 14, 11, 6
2018/12/12, 94, 63, 20, 14, 7, 10
2018/12/13, 105, 41, 26, 6, 3, 4
2018/12/13, 110, 56, 22, 18, 8, 8
2018/12/13, 147, 71, 14, 26, 13, 8
2018/12/13, 133, 55, 18, 21, 21, 8
2018/12/13, 121, 54, 23, 22, 19, 10
2018/12/14, 117, 67, 22, 14, 9, 9
2018/12/14, 136, 67, 19, 17, 11, 9
2018/12/14, 101, 51, 24, 8, 5, 5
2018/12/14, 148, 82, 14, 24, 18, 9
2018/12/14, 131, 65, 21, 17, 14, 11
2018/12/15, 118, 72, 25, 17, 7, 11
2018/12/15, 167, 87, 16, 31, 13, 11
2018/12/15, 119, 58, 26, 15, 6, 8
2018/12/15, 155, 55, 23, 22, 17, 10
2018/12/15, 155, 50, 27, 22, 23, 13
2018/12/16, 147, 46, 25, 19, 16, 9
2018/12/16, 162, 45, 13, 19, 13, 6
2018/12/16, 169, 57, 15, 23, 18, 7
2018/12/16, 130, 48, 25, 14, 7, 7
2018/12/16, 139, 41, 24, 10, 5, 4
2018/12/17, 96, 40, 17, 20, 12, 6
2018/12/17, 67, 26, 27, 10, 6, 3
2018/12/17, 72, 33, 28, 17, 18, 7
2018/12/17, 87, 36, 19, 17, 15, 5
2018/12/17, 71, 34, 29, 13, 7, 6
2018/12/18, 55, 40, 25, 11, 5, 4
2018/12/18, 56, 51, 25, 17, 8, 7
2018/12/18, 67, 48, 25, 20, 16, 7
2018/12/18, 73, 51, 20, 21, 16, 6
2018/12/18, 83, 61, 15, 25, 17, 10
2018/12/19, 86, 50, 25, 10, 8, 6
2018/12/19, 111, 61, 22, 24, 15, 10
2018/12/19, 108, 62, 17, 24, 22, 9
2018/12/19, 126, 73, 14, 29, 12, 12
2018/12/19, 93, 64, 24, 18, 9, 9
2018/12/20, 141, 53, 17, 17, 10, 7
2018/12/20, 116, 45, 28, 10, 4, 7
2018/12/20, 146, 58, 16, 25, 14, 9
2018/12/20, 135, 43, 23, 20, 13, 8
2018/12/20, 128, , , , , 
2018/12/21, 119, 50, 28, 12, 5, 8
2018/12/21, , 50, 26, 12, 6, 7
2018/12/21, 124, 52, 22, 20, 17, 10
2018/12/21, 132, 65, 15, 26, 15, 9
2018/12/21, 128, 57, 19, 20, 16, 8
2018/12/22, 123, 21, 24, 13, 15, 5
2018/12/22, 95, 23, 26, 9, 5, 4
2018/12/22, 114, 20, 27, 7, 5, 4
2018/12/22, 135, 28, 22, 11, 12, 4
2018/12/22, 137, 27, 16, 16, 11, 4
2018/12/23, 66, 47, 18, 17, 16, 6
2018/12/23, 68, 53, 16, 21, 25, 6
2018/12/23, 43, 35, 26, 7, 3, 5
2018/12/23, 46, 45, 21, 18, 18, 9
2018/12/23, 54, 44, 24, 15, 8, 4
2018/12/24, 74, 61, 26, 8, 6, 4
2018/12/24, 94, 58, 20, 11, 9, 5
2018/12/24, 64, 50, 26, 7, 6, 5
2018/12/24, 96, 67, 17, 16, 18, 5
2018/12/24, 95, 54, 22, 10, 7, 8
2018/12/25, 67, 44, 35, 8, 10, 5
2018/12/25, 79, 39, 20, 7, 11, 4
2018/12/25, 86, 45, 17, 13, 10, 4
2018/12/25, 53, 34, 24, 4, 4, 4
2018/12/25, 54, 40, 26, 5, 5, 2
2018/12/26, 48, 37, 21, 11, 12, 4
2018/12/26, 49, 34, 19, 10, 11, 5
2018/12/26, 43, 35, 23, 7, 6, 2
2018/12/26, 41, 34, 28, 6, 4, 3
2018/12/26, 62, 40, 15, 16, 20, 6
2018/12/27, 72, 50, 15, 19, 24, 7
2018/12/27, 64, 43, 18, 13, 12, 6
2018/12/27, 48, 57, 22, 14, 6, 8
2018/12/27, 58, 42, 22, 14, 14, 4
2018/12/27, 50, 38, 28, 9, 3, 3
2018/12/28, 80, 48, 15, 22, 22, 9
2018/12/28, 72, 44, 20, 17, 19, 8
2018/12/28, 79, 43, 24, 13, 7, 9
2018/12/28, 63, 40, 23, 19, 19, 5
2018/12/28, 61, 39, 30, 13, 4, 4
2018/12/29, 77, 49, 27, 15, 5, 5
2018/12/29, 101, 58, 15, 24, 25, 10
2018/12/29, 86, 48, 20, 22, 25, 6
2018/12/29, 81, 59, 25, 18, 7, 11
2018/12/29, 99, 48, 18, 20, 23, 9
2018/12/30, 106, , , , , 
2018/12/30, 110, , , , , 
2018/12/30, 121, , , , , 
2018/12/30, 103, , , , , 
2018/12/30, 126, , , , , 
2018/12/31, , 65, 24, 15, 9, 8
2018/12/31, , 59, 20, 20, 19, 11
2018/12/31, , 67, , 20, 20, 8
2018/12/31, , 56, 30, 12, 5, 7
2019/1/1, 144, 56, 17, 21, 23, 10
2019/1/1, 121, 65, 21, 19, 10, 8
2019/1/1, 128, 56, 27, 14, 6, 6
2019/1/1, 154, 58, 19, 24, 20, 7
2019/1/1, , 69, 12, 31, 13, 13
2019/1/2, 126, 60, 24, 16, 8, 8
2019/1/2, 134, 56, 21, 21, 22, 10
2019/1/2, 133, 55, 22, 20, 9, 6
2019/1/2, 144, 65, 11, 27, 23, 13
2019/1/2, 124, 44, 31, 8, 6, 5
2019/1/3, 96, 54, 31, 10, 5, 6
2019/1/3, 141, 61, 16, 22, 10, 8
2019/1/3, 125, 58, 24, 13, 7, 5
2019/1/3, 140, 55, 18, 18, 13, 6
2019/1/3, 128, 51, 22, 16, 13, 6
2019/1/4, 94, 37, 29, 11, 6, 5
2019/1/4, 109, 39, 17, 21, 15, 7
2019/1/4, 109, 35, 24, 17, 14, 4
2019/1/4, 89, 47, 27, 13, 5, 6
2019/1/4, 89, 31, 24, 18, 13, 5
2019/1/5, 74, 81, 25, 18, 5, 14
2019/1/5, 72, 47, 30, 9, 5, 6
2019/1/5, 81, 57, 20, 24, 14, 9
2019/1/5, 75, 50, 19, 26, 23, 8
2019/1/5, 89, 67, 18, 28, 8, 13
2019/1/6, 140, 62, 18, 23, 21, 8
2019/1/6, 114, 59, 22, 20, 14, 8
2019/1/6, 180, 68, 26, 15, 6, 11
2019/1/6, 102, 54, 31, 11, 4, 7
2019/1/6, 140, 70, 16, 27, 12, 11
2019/1/7, 118, 37, 30, 12, 5, 6
2019/1/7, 138, 44, 27, 11, 3, 6
2019/1/7, 118, 32, 23, 15, 13, 4
2019/1/7, 134, 38, 15, 19, 15, 8
2019/1/7, 140, 37, 22, 15, 15, 3
2019/1/8, 82, 75, 19, 16, 14, 5
2019/1/8, 82, 77, 19, 18, 12, 8
2019/1/8, 62, 70, 22, 15, 13, 6
2019/1/8, 73, 60, 32, 7, 3, 6
2019/1/8, 84, 72, 26, 12, 4, 5
2019/1/9, 79, 58, 20, 24, 20, 13
2019/1/9, 87, 68, 18, 29, 11, 14
2019/1/9, 75, 53, 30, 17, 6, 10
2019/1/9, 91, 70, 27, 21, 7, 9
2019/1/9, 86, 63, 17, 25, 22, 10
2019/1/10, 141, 82, 14, 30, 19, 13
2019/1/10, 137, 83, 21, 30, 11, 18
2019/1/10, 151, 95, 29, 23, 7, 13
2019/1/10, 122, 63, 35, 14, 8, 9
2019/1/10, 154, 92, 13, 34, 17, 17
2019/1/11, 155, 93, 29, 19, 8, 14
2019/1/11, 175, 100, 15, 31, 18, 19
2019/1/11, 188, 109, 18, 30, 8, 14
2019/1/11, 175, 105, 10, 32, 24, 16
2019/1/11, 177, 119, 13, 38, 16, 19
2019/1/12, 207, 127, 9, 33, 14, 27
2019/1/12, 191, 124, 22, 27, 4, 21
2019/1/12, 226, 136, 17, 29, 6, 22
2019/1/12, 213, 134, 7, 33, 15, 22
2019/1/12, 219, 158, 7, 38, 10, 25
2019/1/13, 230, 86, 31, 16, 5, 13
2019/1/13, 253, 96, 29, 23, 6, 14
2019/1/13, 249, 99, 15, 25, 17, 15
2019/1/13, 267, 110, 4, 31, 15, 14
2019/1/13, 266, 96, 14, 28, 25, 13
2019/1/14, 187, 40, 21, 11, 7, 2
2019/1/14, 196, 45, 13, 16, 5, 6
2019/1/14, 197, 38, 20, 10, 6, 4
2019/1/14, 187, 44, 29, 8, 3, 6
2019/1/14, 177, 42, 31, 9, 6, 5
2019/1/15, 55, 58, , 16, 16, 3
2019/1/15, 63, 61, 28, 14, 5, 9
2019/1/15, 59, 44, , 4, 4, 5
2019/1/15, 75, 61, , 22, 10, 8
2019/1/15, 89, 55, 20, 17, 15, 6
2019/1/16, 64, 45, 22, 5, 9, 8
2019/1/16, 78, 41, 19, 20, 16, 6
2019/1/16, 81, 41, 20, 21, 12, 5
2019/1/16, 90, 45, 17, 24, 16, 7
2019/1/16, 95, 46, 29, 18, 12, 8
2019/1/17, 91, 49, 19, 27, 10, 8
2019/1/17, 89, 49, 18, 27, 24, 10
2019/1/17, 96, 52, 17, 27, 13, 9
2019/1/17, 103, 37, 25, 3, 3, 9
2019/1/17, 99, 58, 28, 16, 6, 7
2019/1/18, 118, 65, 20, 23, 17, 10
2019/1/18, 119, 67, 18, 24, 21, 10
2019/1/18, 123, 81, 19, 29, 13, 11
2019/1/18, 91, , 24, 8, 3, 10
2019/1/18, 140, 74, 27, 18, 7, 9
2019/1/19, 153, 46, 16, 19, 9, 6
2019/1/19, 144, 47, 28, 8, 4, 4
2019/1/19, 160, 47, 28, 5, 3, 4
2019/1/19, 150, 42, 20, 14, 13, 6
2019/1/19, 137, 41, 22, 15, 13, 6
2019/1/20, 82, 52, 25, 19, 12, 6
2019/1/20, 72, 56, 23, 19, 11, 7
2019/1/20, 87, 66, 30, 13, 4, 5
2019/1/20, 97, 46, 29, 11, 7, 4
2019/1/20, 90, 58, 17, 24, 13, 9
2019/1/21, 119, 77, 31, 15, 5, 7
2019/1/21, 115, 85, 18, 29, 12, 11
2019/1/21, 100, 73, 26, 24, 17, 7
2019/1/21, 89, 62, 33, 12, 5, 5
2019/1/21, 105, 71, 25, 22, 13, 7
2019/1/22, 132, 35, 31, 13, 7, 4
2019/1/22, 152, 37, 23, 15, 6, 3
2019/1/22, 149, 35, 22, 17, 9, 5
2019/1/22, 145, 48, 30, 12, 4, 5
2019/1/22, 160, 44, 20, 20, 9, 7
2019/1/23, 78, 59, 33, 13, 5, 6
2019/1/23, 117, 91, 31, 14, 4, 10
2019/1/23, 96, 79, 24, 21, 8, 10
2019/1/23, 95, 93, 17, 26, 9, 13
2019/1/23, 79, 65, 24, 20, 8, 11
2019/1/24, 171, 52, 27, 14, 4, 5
2019/1/24, 163, 36, 20, 15, 7, 6
2019/1/24, 170, 46, 17, 18, 10, 8
2019/1/24, 139, 33, 26, 12, 7, 4
2019/1/24, 160, 34, 21, 16, 8, 4
2019/1/25, 87, 58, 27, 22, 19, 7
2019/1/25, 75, 53, 27, 23, 19, 9
2019/1/25, 96, 72, 16, 25, 11, 10
2019/1/25, 72, 58, 32, 17, 5, 7
2019/1/25, 110, 75, 33, 17, 5, 7
2019/1/26, 152, 103, 17, 23, 15, 11
2019/1/26, 159, 97, 31, 13, 6, 6
2019/1/26, 132, 92, 23, 20, 17, 9
2019/1/26, 152, 80, 32, 12, 7, 7
2019/1/26, 141, 95, 22, 18, 10, 11
2019/1/27, 154, 44, 24, 14, 11, 5
2019/1/27, 141, 52, 32, 7, 3, 4
2019/1/27, 133, 39, 30, 8, 6, 4
2019/1/27, 158, 46, 22, 13, 9, 6
2019/1/27, 148, 55, 18, 17, 10, 8
2019/1/28, 114, 139, 18, 24, 13, 13
2019/1/28, 107, 102, 32, 15, 5, 8
2019/1/28, 81, 109, 35, 22, 7, 11
2019/1/28, 89, 97, 24, 22, 11, 11
2019/1/28, 94, 124, 26, 22, 14, 10
2019/1/29, 223, 109, 25, 9, 8, 5
2019/1/29, 223, 120, 21, 12, 11, 7
2019/1/29, 198, 103, , 4, 3, 3
2019/1/29, 222, 89, 38, 6, 5, 4
2019/1/29, 218, 104, 26, 10, 9, 4
2019/1/30, 98, 51, 26, 16, 22, 6
2019/1/30, 92, 49, 25, 16, 19, 7
2019/1/30, 95, 56, 31, 11, 4, 8
2019/1/30, 81, 40, 38, 10, 5, 6
2019/1/30, 95, 59, 22, 20, 9, 8
2019/1/31, 115, 82, 33, 16, 7, 14
2019/1/31, 126, 71, 39, 13, 7, 9
2019/1/31, 117, 90, 23, 23, 20, 12
2019/1/31, 114, 88, 20, 26, 13, 11
2019/1/31, 103, 83, 24, 22, 19, 10
2019/2/1, 156, 93, 29, 20, 16, 12
2019/2/1, 161, 83, 43, 13, 8, 11
2019/2/1, 170, 93, 27, 21, 18, 15
2019/2/1, 160, 95, 38, 15, 8, 16
2019/2/1, 158, 108, , 24, 12, 12
2019/2/2, 174, 77, 27, 13, 10, 8
2019/2/2, 186, 72, 39, 10, 9, 7
2019/2/2, 186, 76, 26, 13, 10, 10
2019/2/2, 179, 82, 35, 8, 4, 13
2019/2/2, 185, 95, 24, 17, 10, 10
2019/2/3, 146, 42, 27, 10, 11, 5
2019/2/3, 171, 43, 23, 11, 14, 6
2019/2/3, 134, 27, 39, 2, 5, 4
2019/2/3, 162, 43, 32, 5, 5, 6
2019/2/3, 162, 43, 29, 10, 15, 5
2019/2/4, 96, 51, 23, 7, 12, 5
2019/2/4, 84, 42, 27, 8, 8, 3
2019/2/4, 93, 44, 33, 5, 11, 3
2019/2/4, 96, 53, 29, 8, 11, 6
2019/2/4, 68, 43, 41, 3, 5, 4
2019/2/5, 103, 49, 35, 11, 13, 5
2019/2/5, 110, 62, 27, 19, 15, 7
2019/2/5, 106, 52, 28, 13, 11, 5
2019/2/5, 99, 48, 40, 6, 9, 6
2019/2/5, 107, 64, 29, 14, 17, 7
2019/2/6, 146, 47, 28, 13, 19, 5
2019/2/6, 147, 40, 26, 7, 9, 6
2019/2/6, 147, 39, 30, 4, 3, 4
2019/2/6, 129, 31, 36, 4, 8, 5
2019/2/6, 139, 37, 25, 7, 9, 2
2019/2/7, 85, 41, 26, 13, 18, 4
2019/2/7, 94, 49, 29, 13, 18, 8
2019/2/7, 89, 40, , 5, 5, 5
2019/2/7, 105, 54, 23, 17, 12, 5
2019/2/7, 96, 44, 34, 8, 4, 6
2019/2/8, 144, 95, 37, 13, 7, 9
2019/2/8, 108, 55, 37, 8, 6, 7
2019/2/8, 137, 79, 24, 23, 15, 8
2019/2/8, 114, 59, 29, 19, 19, 6
2019/2/8, 110, 68, 32, 17, 14, 10
2019/2/9, 196, 79, 39, 14, 7, 8
2019/2/9, 155, 74, 34, 18, 24, 10
2019/2/9, 172, 82, 24, 26, 9, 8
2019/2/9, 143, 56, 41, 10, 5, 8
2019/2/9, 150, 60, 30, 18, 17, 7
2019/2/10, 182, 78, 25, 27, 18, 9
2019/2/10, 201, 79, , 15, 6, 10
2019/2/10, 167, 63, 41, 9, 8, 7
2019/2/10, 160, 62, 29, 17, 16, 9
2019/2/10, 160, 75, 32, 18, 17, 10
2019/2/11, 186, 71, 37, 16, 5, 8
2019/2/11, 136, 50, 40, 11, 6, 7
2019/2/11, 172, 69, 75, 25, 15, 8
2019/2/11, 154, 55, 28, 17, 18, 7
2019/2/11, 167, 58, , 16, 17, 6
2019/2/12, 149, 83, 39, 22, 27, 8
2019/2/12, 146, 67, 46, 13, 7, 9
2019/2/12, 131, 72, 34, 21, 14, 9
2019/2/12, 187, 101, 44, 20, 7, 12
2019/2/12, 156, 87, 10, 27, 11, 11
2019/2/13, 173, 92, 42, 24, 20, 9
2019/2/13, 187, 79, 54, 9, 5, 8
2019/2/13, 179, 91, 37, 23, 13, 10
2019/2/13, 200, 114, 20, 32, 13, 12
2019/2/13, 257, 123, 58, 20, 7, 13
2019/2/14, 190, 85, 32, 21, 17, 7
2019/2/14, 167, 68, 43, 14, 6, 9
2019/2/14, , 93, 34, 28, 19, 9
2019/2/14, 244, 75, 45, 16, 6, 9
2019/2/14, 192, 70, 29, 22, 13, 11
2019/2/15, 197, 48, 43, 13, 4, 6
2019/2/15, 170, 45, 42, 9, 5, 7
2019/2/15, 181, 42, 26, 19, 18, 9
2019/2/15, 260, 54, 25, 23, 12, 8
2019/2/15, 180, 64, 29, 21, 22, 6
2019/2/16, 144, 35, 28, 16, 17, 5
2019/2/16, 144, 43, 25, 18, 6, 6
2019/2/16, 124, 38, 28, 16, 15, 7
2019/2/16, 123, 31, 42, 5, 4, 5
2019/2/16, 133, 37, 42, 9, 5, 4
2019/2/17, 70, 51, 28, 18, 19, 9
2019/2/17, 80, 63, 26, 22, 10, 9
2019/2/17, 77, 53, 43, 13, 6, 7
2019/2/17, 63, 44, 40, 7, 7, 9
2019/2/17, 78, 54, 27, 19, 21, 8
2019/2/18, 123, 126, 47, 20, 8, 11
2019/2/18, 111, 84, 31, 24, 23, 11
2019/2/18, 97, 80, 43, 13, 7, 11
2019/2/18, 119, 101, 26, 31, 15, 12
2019/2/18, 113, 76, 30, 22, 17, 12
2019/2/19, 184, 99, 29, 28, 7, 11
2019/2/19, 209, 76, 48, 16, 4, 9
2019/2/19, 174, 85, 30, 24, 19, 10
2019/2/19, 166, 75, 47, 12, 4, 11
2019/2/19, 178, 81, , 24, 22, 11
2019/2/20, 182, 54, 30, 22, 20, 8
2019/2/20, 181, 55, 28, 24, 25, 7
2019/2/20, 191, 52, 44, 15, 5, 6
2019/2/20, 187, 62, 24, 27, 8, 9
2019/2/20, 175, 47, 43, 9, 4, 8
2019/2/21, 117, 57, 52, 16, 7, 8
2019/2/21, 134, 79, 23, 33, 14, 12
2019/2/21, 129, 63, 39, 28, 17, 10
2019/2/21, 142, 66, 40, 26, 12, 9
2019/2/21, 124, 66, 53, 24, 8, 9
2019/2/22, 161, 98, 36, 27, 9, 12
2019/2/22, 159, 79, 36, 23, 10, 11
2019/2/22, 136, 63, 45, 12, 5, 6
2019/2/22, 150, 70, 36, 22, 9, 12
2019/2/22, 164, 88, 42, 17, 4, 11
2019/2/23, 170, 64, 36, 17, 9, 6
2019/2/23, 182, 79, 31, 21, 11, 7
2019/2/23, 153, 61, 34, 16, 9, 7
2019/2/23, 136, 59, 44, 10, 5, 5
2019/2/23, 196, 67, , 12, 4, 7
2019/2/24, 118, 54, 33, 20, 12, 7
2019/2/24, 142, 66, 30, 21, 11, 8
2019/2/24, 117, 51, 44, 9, 3, 5
2019/2/24, 137, 57, 40, 13, 4, 7
2019/2/24, 139, 57, 28, 16, 11, 7
2019/2/25, 112, 62, 49, 11, 4, 7
2019/2/25, 139, , 5, , , 
2019/2/25, 127, 75, 45, 23, 7, 10
2019/2/25, 124, 68, 37, 24, 7, 9
2019/2/25, 138, 94, 28, 28, 13, 11
2019/2/26, 180, 118, 41, 20, 5, 11
2019/2/26, 183, 88, 47, 10, 4, 8
2019/2/26, 196, 98, , 30, 7, 12
2019/2/26, 205, 114, 32, 29, 7, 11
2019/2/26, , , 30, 23, 9, 11
2019/2/27, 196, 71, 44, 23, 10, 11
2019/2/27, 194, 78, 42, 27, 16, 13
2019/2/27, 215, 82, 44, 20, 5, 10
2019/2/27, 202, 99, 32, 33, 14, 12
2019/2/27, 187, 67, 47, 11, 4, 7
2019/2/28, 155, 75, 50, 28, 9, 14
2019/2/28, 176, 82, 49, 22, 6, 10
2019/2/28, 174, 72, 41, 29, 13, 13
2019/2/28, 172, 84, 74, 32, 10, 13
2019/2/28, 142, 66, 52, 12, 4, 6
2019/3/1, 136, 84, 62, 8, 6, 8
2019/3/1, 171, 132, 61, 17, 6, 13
2019/3/1, 155, 100, 56, 21, 9, 13
2019/3/1, 159, 107, 54, 22, 11, 14
2019/3/1, 158, 119, 39, 29, 8, 12
2019/3/2, 171, 93, 78, 13, 8, 12
2019/3/2, 201, 132, 47, 44, 17, 15
2019/3/2, 188, 116, 52, 33, 19, 17
2019/3/2, 224, 121, 75, 25, 7, 13
2019/3/2, 190, 112, 60, 33, 19, 17
2019/3/3, 216, 103, 47, 33, 12, 11
2019/3/3, 224, 116, 57, 35, 13, 15
2019/3/3, 216, 80, 48, 30, 11, 11
2019/3/3, 201, 83, 68, 21, 10, 9
2019/3/3, 226, 98, 55, 41, 16, 11
2019/3/4, 206, 114, 49, 25, 7, 10
2019/3/4, 241, 215, 51, 17, 4, 15
2019/3/4, 177, 77, 50, 20, 5, 10
2019/3/4, 179, 103, 43, 32, 7, 11
2019/3/4, 173, 69, 58, 10, 3, 9
2019/3/5, 216, 56, 41, 12, 4, 4
2019/3/5, 238, 46, 42, 13, 4, 5
2019/3/5, 193, 44, 94, 15, 7, 4
2019/3/5, 165, 39, 49, 7, 4, 4
2019/3/5, 172, 41, 42, 12, 3, 5
2019/3/6, 61, 56, 46, 24, 11, 7
2019/3/6, 116, 57, 48, 22, 12, 7
2019/3/6, 79, 63, 35, 29, 7, 8
2019/3/6, 76, 74, 47, 20, 4, 7
2019/3/6, 58, 54, 52, 13, 3, 6
2019/3/7, 139, 83, 36, 25, 6, 8
2019/3/7, 122, 73, 43, 17, 10, 9
2019/3/7, 117, 57, 49, 6, 4, 6
2019/3/7, 150, 90, 45, 18, 4, 7
2019/3/7, 115, 66, 42, 15, 7, 7
2019/3/8, 121, 72, 47, 14, 6, 7
2019/3/8, 135, 78, 33, 18, 8, 5
2019/3/8, 141, 71, 46, 14, 7, 5
2019/3/8, 117, 71, 44, 14, 7, 7
2019/3/8, 96, 66, 47, 6, 4, 5
2019/3/9, 114, 100, 41, 25, 7, 8
2019/3/9, 116, 63, 37, 24, 10, 9
2019/3/9, 106, 50, 45, 6, 2, 4
2019/3/9, 120, 63, 40, 29, 10, 6
2019/3/9, 118, 59, 39, 23, 10, 9
2019/3/10, 126, 66, 41, 17, 9, 7
2019/3/10, 96, 63, 48, 6, 2, 4
2019/3/10, 123, 74, 34, 24, 6, 5
2019/3/10, 129, 68, 41, 18, 10, 6
2019/3/10, 149, 93, 45, 16, 3, 5
2019/3/11, 105, 37, 40, 3, 2, 3
2019/3/11, 120, 46, 33, 14, 8, 3
2019/3/11, 122, 43, 36, 9, 1, 2
2019/3/11, 106, 46, 36, 9, 4, 4
2019/3/11, 130, 49, 37, 5, 3, 5
2019/3/12, 64, 50, 29, 18, 8, 5
2019/3/12, 60, 47, 35, 13, 2, 3
2019/3/12, 44, 44, 37, 6, 2, 4
2019/3/12, 65, 68, 28, 13, 4, 8
2019/3/12, 47, 47, 32, 13, 7, 4
2019/3/13, 75, 53, 26, 31, 9, 6
2019/3/13, 62, 50, 37, 17, 2, 4
2019/3/13, 88, 83, 37, 15, 4, 7
2019/3/13, 59, 48, 35, 15, 6, 5
2019/3/13, 58, 37, 40, 5, 3, 4
2019/3/14, 90, 47, 40, 19, 2, 5
2019/3/14, 116, 71, 39, 19, 3, 6
2019/3/14, 85, 48, 37, 21, 6, 7
2019/3/14, 101, 45, 27, 39, 8, 7
2019/3/14, 74, 39, 44, 11, 2, 4
2019/3/15, 85, 36, , 5, 3, 4
2019/3/15, 109, 53, 30, 25, 7, 9
2019/3/15, 117, 76, 38, 18, 5, 9
2019/3/15, 84, 50, 40, 20, 2, 6
2019/3/15, 92, 53, 37, 20, 7, 7
2019/3/16, 83, 55, 45, 10, 2, 6
2019/3/16, 121, 71, 33, 23, 5, 9
2019/3/16, 139, 77, 41, 15, 3, 8
2019/3/16, 102, 68, 39, 19, 2, 6
2019/3/16, 111, 68, 39, 18, 6, 8
2019/3/17, 121, 119, 31, 21, 5, 8
2019/3/17, 119, 103, 43, 15, 4, 5
2019/3/17, 106, 94, 48, 5, 3, 6
2019/3/17, 112, 102, 42, 12, 8, 7
2019/3/17, 118, 108, 46, 13, 4, 9
2019/3/18, 112, 93, 74, 12, 8, 7
2019/3/18, 118, 100, 73, 12, 5, 10
2019/3/18, 106, 71, 74, 5, 4, 7
2019/3/18, 94, 100, 75, 13, 8, 7
2019/3/18, 119, 164, 43, 14, 8, 8
2019/3/19, 137, 75, 69, 15, 6, 8
2019/3/19, 144, 168, 70, 18, 5, 11
2019/3/19, 146, 106, 68, 19, 8, 9
2019/3/19, 155, 99, 66, 21, 7, 12
2019/3/19, 151, 118, 38, 23, 3, 10
2019/3/20, 222, 95, 26, 20, 6, 7
2019/3/20, 292, 60, 47, 7, 3, 4
2019/3/20, 248, 65, 43, 14, 4, 4
2019/3/20, 199, 71, 43, 13, 4, 5
2019/3/20, 191, 53, 55, 12, 3, 6
2019/3/21, 102, 64, 46, 19, 2, 4
2019/3/21, 102, 57, 45, 24, 11, 7
2019/3/21, 129, 75, 29, 28, 5, 9
2019/3/21, 104, 56, 50, 7, 2, 4
2019/3/21, 110, 62, 46, 24, 10, 7
2019/3/22, 103, 30, 44, 7, 2, 4
2019/3/22, 113, 33, 38, 13, 9, 5
2019/3/22, 119, 37, 41, 9, 2, 3
2019/3/22, 130, 38, 36, 17, 5, 6
2019/3/22, 115, 33, 41, 11, 6, 4
2019/3/23, 76, 41, 40, 5, 3, 5
2019/3/23, 82, 42, 36, 11, 8, 6
2019/3/23, 81, 44, 37, 13, 9, 5
2019/3/23, 95, 44, 30, 16, 4, 6
2019/3/23, 87, 46, 38, 11, 3, 4
2019/3/24, 77, 99, 40, 12, 5, 6
2019/3/24, 78, 101, 28, 22, 12, 8
2019/3/24, 65, 93, 39, 16, 10, 7
2019/3/24, 65, 85, 43, 9, 4, 6
2019/3/24, 68, 83, 39, 17, 10, 7
2019/3/25, 128, 36, 33, 16, 6, 4
2019/3/25, 120, 40, 38, 11, 3, 3
2019/3/25, 114, 31, 38, 9, 4, 3
2019/3/25, 107, 35, 40, 7, 4, 3
2019/3/25, 120, 40, 38, 6, 3, 3
2019/3/26, 53, 35, 30, 14, 6, 4
2019/3/26, 41, 30, 42, 4, 2, 3
2019/3/26, 53, 36, 37, 9, 4, 4
2019/3/26, 46, 43, 40, 10, 5, 5
2019/3/26, 51, 43, , 14, 4, 4
2019/3/27, 75, 44, 37, 15, 8, 5
2019/3/27, 70, 37, 43, 10, 3, 4
2019/3/27, 79, 49, 32, 23, 7, 6
2019/3/27, 83, 55, 35, 16, 3, 4
2019/3/27, 85, 42, 40, 16, 6, 5
2019/3/28, 101, 63, 31, 23, 6, 7
2019/3/28, 75, 44, 48, 6, 2, 4
2019/3/28, 96, 94, 43, 18, 4, 3
2019/3/28, 86, 59, 45, 22, 6, 8
2019/3/28, 84, 55, 42, 18, 6, 6
2019/3/29, 117, 61, 46, 12, 6, 5
2019/3/29, 101, 49, 50, 3, 3, 4
2019/3/29, 125, 66, 40, 16, 9, 6
2019/3/29, 123, 64, 46, 14, 9, 7
2019/3/29, 124, 63, 45, 14, 4, 3
2019/3/30, 127, 39, 42, 12, 6, 5
2019/3/30, 129, 44, 43, 20, 8, 6
2019/3/30, 125, 39, 43, 11, 4, 5
2019/3/30, 101, 32, 46, 7, 3, 3
2019/3/30, 123, 53, 41, 13, 4, 3
2019/3/31, 91, 36, 37, 12, 4, 4
2019/3/31, 66, 39, 42, 11, 2, 4
2019/3/31, 79, 38, 37, 12, 3, 4
2019/3/31, 96, 74, 39, 18, 3, 3
2019/3/31, 92, 43, 35, 22, 7, 7
2019/4/1, 75, 42, 39, 17, 4, 5
2019/4/1, 103, 73, 40, 20, 5, 4
2019/4/1, 76, 45, 37, 16, 3, 6
2019/4/1, 90, 48, 32, 25, 8, 8
2019/4/1, 80, 42, 101, 13, 4, 4
2019/4/2, 112, 62, 42, 12, 3, 4
2019/4/2, 103, 63, 31, 21, 4, 5
2019/4/2, 82, 48, 46, 7, 2, 5
2019/4/2, 92, 60, 37, 12, 5, 6
2019/4/2, 97, 63, 36, 16, 7, 5
2019/4/3, 96, 194, 78, 21, 10, 7
2019/4/3, 75, 161, 45, 9, 3, 7
2019/4/3, 102, 156, 38, 13, 5, 9
2019/4/3, 87, 171, 37, 16, 6, 7
2019/4/3, 105, 226, 43, 13, 4, 7
2019/4/4, 113, 58, 44, 4, 1, 3
2019/4/4, 124, 66, 37, 8, 3, 6
2019/4/4, 121, 65, 38, 11, 3, 4
2019/4/4, 142, 71, 41, 8, 2, 4
2019/4/4, 138, 73, 78, 17, 5, 4
2019/4/5, 81, 55, 34, 15, 4, 6
2019/4/5, 83, 50, 35, 11, 3, 6
2019/4/5, 88, 61, 38, 15, 2, 5
2019/4/5, 90, 53, 31, 21, 3, 5
2019/4/5, 69, 41, 43, 6, 1, 4
2019/4/6, 76, 38, 36, 14, 4, 4
2019/4/6, 84, 34, 37, 10, 3, 5
2019/4/6, 55, 36, 42, 10, 1, 4
2019/4/6, 81, 44, 39, 11, 2, 4
2019/4/6, 83, 38, 32, 18, 3, 4
2019/4/7, 66, 49, , 16, 2, 5
2019/4/7, 52, 32, 43, 13, 1, 4
2019/4/7, 56, 34, 37, 16, 3, 4
2019/4/7, 62, 36, 39, 14, 3, 5
2019/4/7, 61, 39, 30, 22, 2, 5
2019/4/8, 78, 53, 46, 23, 4, 7
2019/4/8, 83, 48, 41, 22, 4, 7
2019/4/8, 77, 57, 42, 19, 4, 6
2019/4/8, 57, 35, 47, 9, 1, 4
2019/4/8, 80, 48, 37, 24, 4, 7
2019/4/9, 103, 45, 48, 20, 3, 5
2019/4/9, 107, 50, 51, 22, 4, 5
2019/4/9, 104, 63, 46, 23, 4, 7
2019/4/9, 104, 43, 42, 24, 3, 5
2019/4/9, 75, 38, 53, 7, 1, 4
2019/4/10, 100, 50, 42, 29, 2, 6
2019/4/10, 108, 68, 47, 20, 2, 6
2019/4/10, 102, 48, 52, 20, 2, 5
2019/4/10, 94, 47, 47, 24, 2, 5
2019/4/10, 92, 34, 54, 5, 1, 3
2019/4/11, 93, 71, 54, 16, 3, 6
2019/4/11, 94, 72, 45, 22, 3, 7
2019/4/11, 117, 78, 49, 13, 2, 5
2019/4/11, 104, 73, 41, 24, 2, 5
2019/4/11, 73, 49, 53, 5, 2, 4
2019/4/12, 97, 65, 51, 13, 2, 7
2019/4/12, 79, 54, 51, 6, 2, 4
2019/4/12, 108, 68, 50, 10, 3, 3
2019/4/12, 110, 70, 45, 21, 2, 5
2019/4/12, 99, 69, 57, 12, 3, 5
2019/4/13, 93, 59, 47, 16, 1, 6
2019/4/13, 115, 55, 41, 19, 1, 3
2019/4/13, 92, 42, 49, 6, , 2
2019/4/13, 100, 52, 51, 13, 2, 4
2019/4/13, 103, 61, 49, 11, 1, 2
2019/4/14, 44, 54, 51, 5, 2, 4
2019/4/14, 82, 70, 46, 14, 3, 4
2019/4/14, 67, 59, , 16, 3, 6
2019/4/14, 71, 64, 51, 13, 4, 5
2019/4/14, 69, 63, 37, 21, 2, 4
2019/4/15, 86, 205, 72, 10, 4, 6
2019/4/15, 71, 89, 84, 5, 4, 5
2019/4/15, 94, 194, 76, 8, 4, 6
2019/4/15, 81, 228, 83, 8, 5, 6
2019/4/15, 79, 212, 63, 18, 4, 5
2019/4/16, 148, 163, 73, 6, 2, 5
2019/4/16, 145, 158, 70, 8, 2, 4
2019/4/16, 142, 164, 59, 14, 1, 3
2019/4/16, 149, 164, 82, 6, 3, 5
2019/4/16, 124, 130, 78, 3, 1, 3
2019/4/17, 97, 49, 50, 7, 1, 3
2019/4/17, 109, 72, 51, 9, 1, 3
2019/4/17, 99, 56, 41, 13, , 3
2019/4/17, 115, 57, 60, 7, 2, 4
2019/4/17, 78, 51, 55, 2, , 2
2019/4/18, 60, 43, 47, 19, 2, 5
2019/4/18, 72, 57, 46, 21, 3, 4
2019/4/18, 52, 50, 43, 26, 1, 5
2019/4/18, 37, 34, 57, 6, 1, 3
2019/4/18, 66, 55, 54, 18, 3, 6
2019/4/19, 93, 65, 46, 14, 3, 6
2019/4/19, 84, 69, 53, 19, 4, 8
2019/4/19, 84, 69, 44, 20, 2, 7
2019/4/19, 92, 57, 51, 9, 2, 6
2019/4/19, 101, 70, 37, 22, 2, 6
2019/4/20, 101, 95, 49, 18, 2, 6
2019/4/20, 111, 95, 58, 19, 3, 7
2019/4/20, 104, 93, 53, 20, 2, 5
2019/4/20, 114, 103, 42, 25, 1, 5
2019/4/20, 111, 80, 56, 9, 1, 4
2019/4/21, 129, 105, 71, 13, 3, 6
2019/4/21, 124, 109, 60, 12, 2, 5
2019/4/21, 110, 88, 68, 6, 1, 5
2019/4/21, 124, 109, 49, 17, 1, 4
2019/4/21, 127, 102, 58, 13, 2, 5
2019/4/22, 110, 71, 72, 8, 4, 5
2019/4/22, 102, 76, 59, 16, 2, 5
2019/4/22, 102, 76, 79, 8, 5, 5
2019/4/22, 98, 68, 73, 4, 2, 5
2019/4/22, 112, 71, 67, 8, 3, 5
2019/4/23, 112, 71, 79, 11, 2, 3
2019/4/23, 109, 68, 55, 9, 1, 3
2019/4/23, 115, 64, 49, 3, 1, 2
2019/4/23, 124, 69, 44, 15, , 5
2019/4/23, 109, 64, 65, 11, 1, 3
2019/4/24, 68, 47, 47, 16, 4, 3
2019/4/24, 73, 36, 38, 13, 2, 2
2019/4/24, 69, 37, 40, 14, 1, 4
2019/4/24, 64, 27, 42, 3, 1, 2
2019/4/24, 80, 35, 32, 13, 2, 3
2019/4/25, 82, 39, 51, 14, 3, 4
2019/4/25, 56, 32, 43, 13, 1, 5
2019/4/25, 168, 34, 36, 18, 2, 3
2019/4/25, 62, 49, 41, 17, 1, 3
2019/4/25, 49, 34, 43, 8, 1, 3
2019/4/26, 65, 55, 48, 20, 1, 6
2019/4/26, 65, 56, 38, 24, 3, 4
2019/4/26, 75, 55, 65, 17, 3, 5
2019/4/26, 65, 106, 50, 7, 1, 3
2019/4/26, 80, 55, 50, 15, 2, 3
2019/4/27, 88, 48, 47, 13, 2, 4
2019/4/27, 80, 45, 60, 9, 1, 6
2019/4/27, 69, 36, 55, 3, 1, 4
2019/4/27, 96, 45, 58, 6, 1, 4
2019/4/27, 87, 50, 75, 6, 3, 5
2019/4/28, 84, 40, 72, 8, 3, 5
2019/4/28, 73, 30, 77, 4, 1, 4
2019/4/28, 86, 39, 44, 17, 2, 4
2019/4/28, 91, 39, 56, 8, 2, 4
2019/4/28, 77, 30, 58, 11, 1, 5
2019/4/29, 76, 37, 51, 6, 1, 4
2019/4/29, 120, 47, 47, 13, 1, 6
2019/4/29, 86, 45, 62, 11, 3, 5
2019/4/29, 91, 53, 40, 19, 2, 5
2019/4/29, 93, 40, 53, 9, 1, 5
2019/4/30, 90, 70, 40, 10, 1, 4
2019/4/30, 100, 53, 43, 4, , 3
2019/4/30, 110, 64, 47, 10, 2, 4
2019/4/30, 111, 61, 35, 16, 2, 5
2019/4/30, 121, 60, 41, 11, 1, 4
2019/5/1, 57, 58, 42, 14, 1, 4
2019/5/1, 48, 56, 48, 15, 2, 4
2019/5/1, 45, 50, 44, 16, 1, 5
2019/5/1, 48, 49, 38, 19, 2, 5
2019/5/1, 43, 35, 47, 4, 1, 3
2019/5/2, 60, 52, 50, 23, 2, 5
2019/5/2, 48, 34, 52, 4, 1, 3
2019/5/2, 61, 57, 48, 22, 1, 7
2019/5/2, 75, 73, 54, 23, 3, 9
2019/5/2, 63, 66, 45, 18, 2, 5
2019/5/3, 91, 79, 99, 9, 4, 6
2019/5/3, 60, 64, 95, 4, 3, 5
2019/5/3, 95, 77, 78, 10, 3, 6
2019/5/3, 72, 77, 85, 19, 3, 5
2019/5/3, 72, 80, 92, 10, 3, 6
2019/5/4, 98, 38, 72, 16, 1, 3
2019/5/4, 93, 28, 93, 5, 1, 3
2019/5/4, 86, 35, 99, 9, 2, 4
2019/5/4, 107, 36, 77, 8, 1, 4
2019/5/4, 89, 35, 76, 10, 1, 5
2019/5/5, 39, 37, 38, 11, 1, 4
2019/5/5, 45, 32, 39, 12, , 4
2019/5/5, 55, 32, 32, 20, 1, 3
2019/5/5, 52, 31, 45, 13, 2, 4
2019/5/5, 47, 21, 44, 6, , 3
2019/5/6, 41, 32, 46, 6, 1, 3
2019/5/6, 59, 50, 43, 13, 2, 3
2019/5/6, 57, 46, 38, 24, 2, 2
2019/5/6, 54, 45, 47, 14, 3, 3
2019/5/6, 53, 49, 43, 15, 2, 3
2019/5/7, 60, 62, 41, 24, 3, 7
2019/5/7, 68, 94, 47, 12, 3, 5
2019/5/7, 58, 53, 50, 6, 2, 5
2019/5/7, 55, 64, 52, 13, 4, 5
2019/5/7, 60, 64, 47, 15, 2, 4
2019/5/8, 102, 77, 48, 17, 2, 5
2019/5/8, 95, 67, 47, 22, 1, 5
2019/5/8, 103, 68, 51, 22, 3, 7
2019/5/8, 101, 62, 85, 28, 2, 8
2019/5/8, 90, 52, 49, 9, 1, 4
2019/5/9, 92, 81, 77, 14, 3, 6
2019/5/9, 100, 79, 68, 22, 4, 8
2019/5/9, 98, 80, 85, 15, 5, 7
2019/5/9, 115, 82, 83, 13, 4, 6
2019/5/9, 87, 68, 84, 7, 2, 6
2019/5/10, 121, 62, 86, 12, 4, 6
2019/5/10, 102, 66, 79, 15, 3, 6
2019/5/10, 116, 62, 74, 24, 3, 8
2019/5/10, 112, 51, 85, 5, 2, 5
2019/5/10, 123, 66, 86, 13, 4, 5
2019/5/11, 105, 52, 74, 11, 1, 4
2019/5/11, 97, 38, 82, 4, 1, 4
2019/5/11, 116, 53, 81, 11, 3, 5
2019/5/11, 111, 51, 66, 18, 2, 6
2019/5/11, 126, 58, 81, 13, 2, 4
2019/5/12, 89, 94, 61, 7, 2, 3
2019/5/12, 69, 101, 57, 8, 1, 3
2019/5/12, 63, 62, 66, 4, 1, 4
2019/5/12, 77, 95, 67, 7, 2, 5
2019/5/12, 78, 106, 50, 12, 2, 5
2019/5/13, 109, 63, 60, 9, 3, 4
2019/5/13, 105, 60, 63, 8, 3, 5
2019/5/13, 85, 50, 55, 4, 2, 4
2019/5/13, 142, 64, 47, 17, 2, 7
2019/5/13, 101, 59, 48, 12, 2, 4
2019/5/14, 92, 70, 90, 8, 3, 4
2019/5/14, 84, 76, 81, 15, 2, 7
2019/5/14, 62, 54, 81, 4, 2, 5
2019/5/14, 76, 68, 83, 11, 3, 5
2019/5/14, 75, 70, 84, 9, 2, 4
2019/5/15, 79, 118, 81, 9, 2, 6
2019/5/15, 73, 96, 72, 3, 1, 6
2019/5/15, 91, 93, 76, 5, 6, 6
2019/5/15, 114, 119, 82, 6, 3, 5
2019/5/15, 107, 135, 72, 14, 2, 7
2019/5/16, 161, 55, 46, 13, 3, 4
2019/5/16, 133, 36, 59, 2, 2, 5
2019/5/16, 153, 49, 71, 6, 4, 5
2019/5/16, 153, 51, 60, 5, 3, 4
2019/5/16, 134, 55, 62, 9, 2, 5
2019/5/17, 57, 37, 43, 11, 1, 4
2019/5/17, 76, 36, 41, 14, 1, 5
2019/5/17, 75, 35, 48, 8, 2, 3
2019/5/17, 55, 25, 50, 3, 1, 5
2019/5/17, 68, 35, 47, 8, 3, 4
2019/5/18, 72, 32, 38, 11, 2, 3
2019/5/18, 56, 19, 45, 3, 1, 5
2019/5/18, 67, 34, 46, 11, 2, 4
2019/5/18, 66, 30, 44, 11, 3, 5
2019/5/18, 61, 30, 40, 12, 1, 5
2019/5/19, 57, 16, 38, 10, 1, 3
2019/5/19, 56, 11, 47, 3, 1, 2
2019/5/19, 51, 10, 43, 2, , 4
2019/5/19, 59, 15, 44, 5, 2, 3
2019/5/19, 57, 13, 45, 7, 1, 3
2019/5/20, 17, 16, 34, 6, , 4
2019/5/20, 30, 30, 28, 21, 1, 4
2019/5/20, 13, 21, 32, 14, , 4
2019/5/20, 20, 30, 33, 12, 1, 3
2019/5/20, 24, 24, 34, 13, 2, 4
2019/5/21, 38, 18, 39, 10, 1, 3
2019/5/21, 31, 33, 41, 12, 2, 2
2019/5/21, 60, 26, 37, 19, 1, 3
2019/5/21, 25, 12, 38, 4, , 4
2019/5/21, 56, 19, 38, 10, 2, 3
2019/5/22, 44, 67, 44, 21, 2, 3
2019/5/22, 52, 37, 50, 17, 3, 5
2019/5/22, 44, 35, 46, 23, 2, 4
2019/5/22, 40, 35, 51, 17, 1, 5
2019/5/22, 30, 20, 51, 3, 1, 4
2019/5/23, 61, 70, 120, 20, 4, 6
2019/5/23, 88, 74, 123, 12, 4, 5
2019/5/23, 68, 72, 124, 13, 4, 7
2019/5/23, 43, 53, 121, 5, 2, 7
2019/5/23, 73, 72, 122, 14, 3, 6
2019/5/24, 109, 89, 113, 10, 3, 5
2019/5/24, 96, 62, 116, 7, 5, 6
2019/5/24, 116, 71, 120, 6, 4, 5
2019/5/24, 103, 72, 101, 14, 4, 5
2019/5/24, 74, 53, 119, 3, 3, 6
2019/5/25, 107, 55, 65, 13, 2, 6
2019/5/25, 124, 39, 59, 13, 1, 4
2019/5/25, 78, 22, 60, 6, 1, 5
2019/5/25, 121, 36, 55, 14, 1, 5
2019/5/25, 110, 33, 52, 17, 2, 4
2019/5/26, 80, 18, 35, 5, 1, 3
2019/5/26, 67, 10, 34, 6, 2, 4
2019/5/26, 57, 8, 32, 2, , 4
2019/5/26, 93, 11, 31, 7, 2, 3
2019/5/26, 67, 20, 32, 11, 1, 4
2019/5/27, 29, 33, 35, 6, 1, 4
2019/5/27, 27, 36, 32, 14, 1, 4
2019/5/27, 23, 29, 34, 9, 2, 3
2019/5/27, 18, 23, 32, 4, 5, 3
2019/5/27, 21, 29, 33, 8, 2, 3
2019/5/28, 154, 28, 40, 10, 2, 3
2019/5/28, 23, 21, 39, 5, , 3
2019/5/28, 26, 30, 42, 7, 1, 4
2019/5/28, 43, 26, 42, 9, 2, 3
2019/5/28, 44, 34, 34, 17, 1, 4
2019/5/29, 26, 37, 36, 4, 1, 3
2019/5/29, 21, 49, 37, 8, 2, 3
2019/5/29, 43, 47, 38, 7, 3, 3
2019/5/29, 39, 54, 33, 13, 2, 3
2019/5/29, 35, 46, 37, 4, 2, 3
2019/5/30, 54, 39, 36, 9, 2, 2
2019/5/30, 41, 30, 37, 13, 2, 4
2019/5/30, 35, 21, 35, 6, , 3
2019/5/30, 56, 43, 32, 17, 1, 3
2019/5/30, 54, 31, 38, 13, , 4
2019/5/31, 52, 20, 45, 8, 2, 3
2019/5/31, 40, 20, 44, 10, 2, 3
2019/5/31, 32, 11, 45, 3, 1, 3
2019/5/31, 59, 21, 46, 8, 2, 3
2019/5/31, 48, 25, 43, 17, 1, 3
2019/6/1, 57, 50, 89, 9, 4, 6
2019/6/1, 42, 54, 74, 18, 4, 6
2019/6/1, 26, 38, 78, 5, 2, 5
2019/6/1, 31, 58, 87, 11, 5, 7
2019/6/1, 41, 53, 85, 7, 4, 6
2019/6/2, 95, 27, 68, 12, 2, 6
2019/6/2, 104, 26, 60, 17, 1, 5
2019/6/2, 98, 29, 65, 13, 2, 5
2019/6/2, 81, 14, 62, 2, , 4
2019/6/2, 89, 21, 70, 7, 1, 4
2019/6/3, 64, 32, 57, 13, 2, 6
2019/6/3, 65, 33, 55, 12, 2, 6
2019/6/3, 41, 24, 47, 3, 1, 5
2019/6/3, 67, 35, 50, 19, 1, 6
2019/6/3, 60, 33, 55, 10, 1, 5
2019/6/4, 69, 42, 79, 11, 2, 5
2019/6/4, 75, 51, 77, 14, 3, 6
2019/6/4, 67, 31, 72, 4, 1, 6
2019/6/4, 77, 49, 66, 22, 2, 7
2019/6/4, 77, 46, 80, 14, 3, 7
2019/6/5, 58, 22, 68, 7, 1, 4
2019/6/5, 70, 43, 70, 16, 2, 6
2019/6/5, 71, 43, 76, 15, 2, 3
2019/6/5, 86, 50, 72, 19, 2, 5
2019/6/5, 78, 41, 70, 17, 2, 6
2019/6/6, 43, 28, 63, 9, 1, 5
2019/6/6, 59, 41, 67, 16, 3, 6
2019/6/6, 51, 45, 65, 18, 2, 5
2019/6/6, 72, 43, 72, 22, 2, 5
2019/6/6, 62, 45, 65, 18, 3, 7
2019/6/7, 85, 25, 51, 9, 2, 5
2019/6/7, 77, 32, 55, 7, 1, 4
2019/6/7, 80, 26, 54, 9, 2, 5
2019/6/7, 56, 19, 46, 2, , 5
2019/6/7, 77, 29, 50, 12, 1, 4
2019/6/8, 56, 23, 43, 10, 2, 6
2019/6/8, 50, 32, 44, 11, 2, 5
2019/6/8, 53, 23, 47, 15, 1, 5
2019/6/8, 41, 18, 38, 2, , 5
2019/6/8, 65, 22, 49, 9, 1, 4
2019/6/9, 55, 37, 51, 15, 5, 6
2019/6/9, 56, 29, 53, 18, 1, 5
2019/6/9, 44, 13, 41, 2, , 5
2019/6/9, 59, 25, 54, 15, 2, 6
2019/6/9, 48, 22, 55, 12, 1, 8
2019/6/10, 36, 23, 44, 6, , 5
2019/6/10, 53, 28, 55, 12, 2, 5
2019/6/10, 55, 34, 54, 20, 1, 6
2019/6/10, 49, 32, 52, 14, 2, 6
2019/6/10, 53, 29, 66, 9, 1, 4
2019/6/11, 66, 31, 84, 8, 2, 4
2019/6/11, 75, 34, 77, 16, 1, 5
2019/6/11, 70, 30, 78, 11, 2, 5
2019/6/11, 73, 59, 69, 11, 2, 6
2019/6/11, 61, 23, 69, 4, 2, 6
2019/6/12, 62, 36, 76, 12, 3, 6
2019/6/12, 63, 56, 68, 14, 2, 6
2019/6/12, 55, 32, 59, 8, 1, 7
2019/6/12, 69, 41, 59, 21, 1, 6
2019/6/12, 63, 38, 72, 12, 2, 5
2019/6/13, 83, 24, 38, 4, , 5
2019/6/13, 83, 28, 44, 10, 2, 5
2019/6/13, 86, 27, 39, 8, 1, 4
2019/6/13, 77, 38, 41, 11, 2, 5
2019/6/13, 86, 30, 35, 15, 1, 5
2019/6/14, 63, 14, 26, 7, 2, 3
2019/6/14, 52, 8, 29, 3, , 4
2019/6/14, 62, 14, 29, 6, 1, 3
2019/6/14, 66, 13, 30, 7, 2, 4
2019/6/14, 68, 14, 18, 7, 1, 3
2019/6/15, 18, 25, 32, 10, 1, 2
2019/6/15, 15, 9, 36, 2, , 3
2019/6/15, 30, 19, 38, 11, 1, 3
2019/6/15, 24, 19, 33, 10, 2, 4
2019/6/15, 23, 24, 36, 9, 2, 4
2019/6/16, 28, 47, 47, 22, 2, 7
2019/6/16, 31, 45, 46, 24, 2, 6
2019/6/16, 46, 39, 49, 18, 3, 6
2019/6/16, 21, 36, 46, 18, 2, 3
2019/6/16, 14, 14, 48, 6, , 3
2019/6/17, 61, 44, 70, 20, 2, 4
2019/6/17, 79, 44, 62, 22, 3, 4
2019/6/17, 73, 42, 57, 27, 2, 5
2019/6/17, 68, 37, 61, 20, 3, 5
2019/6/17, 32, 23, 66, 13, 1, 4
2019/6/18, 61, 51, 70, 20, 3, 7
2019/6/18, 53, 35, 73, 10, 1, 5
2019/6/18, 64, 50, 78, 18, 2, 6
2019/6/18, 71, 60, 59, 30, 2, 7
2019/6/18, 63, 53, 66, 24, 3, 7
2019/6/19, 74, 19, 68, 8, , 4
2019/6/19, 96, 31, 61, 16, 2, 5
2019/6/19, 93, 39, 39, 20, 2, 4
2019/6/19, 90, 36, 70, 17, 2, 5
2019/6/19, 91, 39, 66, 16, 2, 6
2019/6/20, 53, 33, 35, 16, 3, 5
2019/6/20, 59, 24, 40, 17, 1, 3
2019/6/20, 76, 37, 38, 16, 1, 3
2019/6/20, 53, 23, 41, 15, 3, 4
2019/6/20, 58, 12, 42, 6, , 3
2019/6/21, 33, 44, 40, 27, 2, 7
2019/6/21, 45, 52, 41, 20, 1, 4
2019/6/21, 19, 21, 40, 8, 1, 3
2019/6/21, 40, 44, 41, 24, 2, 6
2019/6/21, 41, 44, 34, 24, 2, 8
2019/6/22, 69, 54, 58, 21, 2, 9
2019/6/22, 38, 17, 50, 6, 1, 4
2019/6/22, 77, 47, 44, 19, 2, 9
2019/6/22, 74, 109, 70, 22, 2, 8
2019/6/22, 73, 43, 61, 20, 1, 4
2019/6/23, 42, 24, 79, 12, 1, 4
2019/6/23, 68, 51, 98, 19, 2, 4
2019/6/23, 83, 37, 94, 22, 3, 5
2019/6/23, 93, 43, 89, 29, 2, 5
2019/6/23, 83, 41, 85, 19, 3, 6
2019/6/24, 65, 56, 84, 22, 2, 6
2019/6/24, 68, 49, 87, 12, 3, 5
2019/6/24, 63, 61, 99, 18, 3, 6
2019/6/24, 62, 53, 102, 11, 2, 5
2019/6/24, 51, 35, 98, 13, 1, 5
2019/6/25, 78, 51, 81, 13, 3, 4
2019/6/25, 72, 40, 81, 8, 2, 4
2019/6/25, 75, 47, 74, 17, 2, 4
2019/6/25, 71, 27, 83, 8, 1, 4
2019/6/25, 70, 38, 70, 8, 3, 4
2019/6/26, 58, 44, 81, 12, 4, 5
2019/6/26, 67, 51, 85, 21, 3, 6
2019/6/26, 81, 49, 91, 16, 4, 6
2019/6/26, 55, 36, 94, 12, 2, 5
2019/6/26, 54, 50, 87, 11, 4, 6
2019/6/27, 83, 33, 88, 11, 2, 6
2019/6/27, 90, 29, 88, 13, 2, 5
2019/6/27, 74, 33, 85, 17, 2, 5
2019/6/27, 69, 22, 88, 8, 1, 4
2019/6/27, 80, 30, 82, 12, 2, 5
2019/6/28, 54, 22, 37, 6, , 3
2019/6/28, 62, 25, 30, 11, 2, 4
2019/6/28, 69, 29, 42, 9, 1, 5
2019/6/28, 63, 26, 29, 10, 2, 4
2019/6/28, 64, 25, 32, 13, 1, 4
2019/6/29, 50, 10, 25, 9, , 3
2019/6/29, 49, 10, 22, 8, 2, 3
2019/6/29, 56, 24, 29, 7, 2, 4
2019/6/29, 48, 18, 17, 17, 1, 4
2019/6/29, 53, 11, 22, 5, , 2
2019/6/30, 21, 13, 20, 5, , 2
2019/6/30, 47, 22, 32, 9, 1, 4
2019/6/30, 20, 16, 26, 10, 2, 3
2019/6/30, 24, 15, 28, 11, 2, 4
2019/6/30, 28, 22, 24, 18, 2, 4
2019/7/1, 35, 38, 48, 21, 2, 5
2019/7/1, 25, 19, 54, 5, 1, 3
2019/7/1, 34, 27, 50, 10, 2, 4
2019/7/1, 42, 32, 57, 10, 2, 5
2019/7/1, 35, 28, 53, 11, 2, 4
2019/7/2, 60, 32, 48, 23, 2, 5
2019/7/2, 53, 27, 47, 13, 2, 5
2019/7/2, 52, 24, 73, 12, 2, 5
2019/7/2, 54, 25, 48, 13, 2, 5
2019/7/2, 46, 20, 43, 5, , 5
2019/7/3, 54, 25, 66, 4, 1, 5
2019/7/3, 66, 44, 98, 14, 2, 5
2019/7/3, 65, 39, 66, 13, 2, 7
2019/7/3, 62, 42, 85, 12, 1, 5
2019/7/3, 60, 38, 71, 13, 2, 6
2019/7/4, 79, 49, 72, 13, 2, 7
2019/7/4, 73, 55, 96, 18, 2, 6
2019/7/4, 76, 58, 77, 14, 2, 6
2019/7/4, 76, 51, 78, 12, 1, 5
2019/7/4, 59, 38, 75, 6, 1, 6
2019/7/5, 103, 36, 76, 11, 2, 4
2019/7/5, 103, 45, 78, 20, 2, 5
2019/7/5, 98, 36, 67, 9, 2, 5
2019/7/5, 103, 46, 77, 11, 2, 3
2019/7/5, 87, 27, 71, 5, 1, 5
2019/7/6, 64, 36, , 5, 1, 5
2019/7/6, 73, 47, 67, 17, 1, 5
2019/7/6, 67, 47, 59, 14, 2, 5
2019/7/6, 72, 53, , 16, 1, 4
2019/7/6, 73, 43, 63, 12, 2, 5
2019/7/7, 88, 35, 91, 14, 2, 3
2019/7/7, 79, 17, 76, 5, 1, 4
2019/7/7, 91, 41, 61, 14, 3, 4
2019/7/7, 90, 35, 77, 12, 3, 4
2019/7/7, 100, 35, 81, 12, 2, 3
2019/7/8, 39, 20, 58, 6, 1, 4
2019/7/8, 58, 45, 53, 19, 3, 5
2019/7/8, 55, 40, 68, 18, 2, 4
2019/7/8, 62, 38, 61, 12, 3, 5
2019/7/8, 57, 48, 68, 16, 1, 3
2019/7/9, 66, 37, 58, 14, 3, 4
2019/7/9, 52, 36, 91, 15, 1, 3
2019/7/9, 45, 19, 58, 4, 1, 5
2019/7/9, 60, 35, 74, 11, 2, 5
2019/7/9, 63, 43, 75, 12, 1, 5
2019/7/10, 62, 32, 57, 9, 2, 4
2019/7/10, 58, 38, 91, 20, 1, 4
2019/7/10, 62, 31, 68, 8, 1, 5
2019/7/10, 59, 41, 64, 11, 2, 6
2019/7/10, 46, 23, 60, 6, 1, 5
2019/7/11, 49, 24, 40, 6, , 5
2019/7/11, 57, 32, 44, 11, 1, 5
2019/7/11, 57, 28, 43, 12, 2, 4
2019/7/11, 60, 38, 31, 23, 1, 5
2019/7/11, 64, 29, 38, 11, 1, 6
2019/7/12, 66, 27, 54, 15, 1, 3
2019/7/12, 64, 29, 53, 10, 1, 4
2019/7/12, 52, 17, 49, 3, , 5
2019/7/12, 60, 27, 43, 13, 2, 4
2019/7/12, 67, 25, 48, 10, 2, 4
2019/7/13, 33, 21, 49, 3, 1, 6
2019/7/13, 50, 43, 41, 20, 3, 5
2019/7/13, 46, 41, 51, 16, 1, 5
2019/7/13, 55, 40, 43, 26, 1, 5
2019/7/13, 51, 35, 44, 16, 2, 4
2019/7/14, 66, 33, 44, 13, 2, 5
2019/7/14, 63, 38, 45, 24, 1, 5
2019/7/14, 63, 32, 44, 16, 2, 5
2019/7/14, 63, 34, 46, 13, 1, 5
2019/7/14, 48, 24, 44, 4, , 5
2019/7/15, 67, 41, 52, 5, 2, 6
2019/7/15, 64, 49, 58, 20, 1, 7
2019/7/15, 56, 31, 65, 4, , 7
2019/7/15, 57, 46, 60, 10, 2, 8
2019/7/15, 70, 42, 59, 12, 2, 6
2019/7/16, 88, 49, 56, 15, 2, 7
2019/7/16, 90, 55, 49, 21, 2, 8
2019/7/16, 82, 48, 54, 10, 2, 7
2019/7/16, 93, 50, 59, 8, 1, 8
2019/7/16, 68, 39, 59, 5, 1, 7
2019/7/17, 109, 47, 56, 12, 2, 7
2019/7/17, 86, 41, 65, 4, , 6
2019/7/17, 111, 54, 48, 19, 1, 7
2019/7/17, 107, 47, 60, 6, 1, 7
2019/7/17, 104, 47, 52, 8, 2, 7
2019/7/18, 102, 56, 72, 13, 1, 6
2019/7/18, 100, 51, 59, 11, 2, 6
2019/7/18, 95, 42, 66, 3, , 6
2019/7/18, 98, 54, 56, 8, 1, 7
2019/7/18, 96, 51, 53, 9, 2, 6
2019/7/19, 107, 57, 49, 12, 1, 7
2019/7/19, 104, 51, 50, 13, 2, 7
2019/7/19, 105, 51, 59, 15, 2, 6
2019/7/19, 98, 34, 59, 3, 1, 5
2019/7/19, 105, 53, 66, 17, 1, 6
2019/7/20, 90, 35, 22, 19, 1, 5
2019/7/20, 91, 35, 23, 16, 1, 5
2019/7/20, 75, 17, 42, 4, , 3
2019/7/20, 92, 27, 21, 16, 1, 5
2019/7/20, 93, 40, 32, 12, 1, 5
2019/7/21, 50, 36, 34, 22, 2, 6
2019/7/21, 56, 31, 40, 13, 2, 5
2019/7/21, 48, 30, 36, 12, 2, 5
2019/7/21, 34, 23, 45, 4, 1, 4
2019/7/21, 59, 32, 44, 9, 1, 6
2019/7/22, 53, 51, 44, 9, , 7
2019/7/22, 60, 43, 47, 17, 1, 7
2019/7/22, 60, 43, 39, 14, 1, 7
2019/7/22, 43, 31, 47, 4, , 5
2019/7/22, 55, 48, 40, 20, 1, 8
2019/7/23, 97, 25, 46, 5, 1, 5
2019/7/23, 96, 29, 47, 4, 1, 5
2019/7/23, 74, 23, 44, 2, , 5
2019/7/23, 99, 31, 46, 15, 1, 5
2019/7/23, 94, 30, 53, 9, , 5
2019/7/24, 57, 26, 38, 13, 1, 5
2019/7/24, 63, 25, 43, 9, 3, 4
2019/7/24, 60, 17, 43, 3, , 4
2019/7/24, 56, 27, 39, 20, 1, 5
2019/7/24, 63, 26, 42, 15, 1, 5
2019/7/25, 51, 33, 41, 9, , 6
2019/7/25, 40, 38, 48, 5, , 4
2019/7/25, 32, 27, 50, 2, , 5
2019/7/25, 43, 39, 42, 17, 1, 7
2019/7/25, 51, 35, 43, 11, 1, 6
2019/7/26, 57, 45, 55, 3, , 7
2019/7/26, 78, 54, 52, 6, , 5
2019/7/26, 73, 60, 57, 16, 1, 8
2019/7/26, 75, 53, 50, 10, 1, 8
2019/7/26, 70, 55, 57, 11, 1, 8
2019/7/27, 117, 41, 52, 5, , 3
2019/7/27, 118, 50, 53, 13, , 6
2019/7/27, 100, 33, 53, 3, , 5
2019/7/27, 115, 46, 58, 10, 1, 6
2019/7/27, 115, 42, 48, 5, 1, 6
2019/7/28, 79, 37, 43, 6, 1, 5
2019/7/28, 80, 39, 49, 10, , 5
2019/7/28, 70, 25, 45, 3, , 4
2019/7/28, 81, 44, 45, 12, 1, 6
2019/7/28, 78, 36, 44, 6, , 3
2019/7/29, 75, 19, 47, 6, 1, 5
2019/7/29, 60, 14, 44, 2, , 4
2019/7/29, 76, 20, 45, 3, , 3
2019/7/29, 78, 20, 38, 12, , 5
2019/7/29, 71, 16, 41, 5, 1, 5
2019/7/30, 42, 36, 66, 7, , 7
2019/7/30, 36, 37, 59, 4, 1, 5
2019/7/30, 33, 31, 64, 3, , 7
2019/7/30, 42, 40, 61, 14, 1, 8
2019/7/30, 42, 37, 51, 5, 1, 7
2019/7/31, 72, 25, 55, 8, 1, 6
2019/7/31, 66, 23, 61, 3, , 7
2019/7/31, 80, 33, 47, 17, 1, 7
2019/7/31, 73, 32, 57, 7, 1, 5
2019/7/31, 74, 25, 51, 6, 1, 6
2019/8/1, 61, 55, 60, 20, 2, 8
2019/8/1, 49, 29, 54, 4, , 7
2019/8/1, 59, 45, 53, 13, 1, 7
2019/8/1, 60, 45, 57, 14, 1, 7
2019/8/1, 61, 45, 61, 10, 1, 7
2019/8/2, 89, 30, 34, 8, , 5
2019/8/2, 81, 28, 40, 11, , 6
2019/8/2, 83, 29, 43, 9, 1, 6
2019/8/2, 92, 31, 47, 12, 1, 5
2019/8/2, 60, 19, 36, 3, , 6
2019/8/3, 47, 18, 31, 5, , 5
2019/8/3, 57, 16, 29, 6, 1, 5
2019/8/3, 58, 18, 35, 8, , 5
2019/8/3, 55, 39, 33, 13, 1, 5
2019/8/3, 42, 13, 31, 2, , 5
2019/8/4, 28, 35, 45, 6, 1, 6
2019/8/4, 41, 35, 45, 9, 1, 6
2019/8/4, 25, 27, 45, 2, 1, 7
2019/8/4, 40, 36, 42, 7, 1, 6
2019/8/4, 48, 43, 45, 14, 1, 6
2019/8/5, 58, 27, 37, 2, 1, 6
2019/8/5, 68, 35, 41, 11, 1, 5
2019/8/5, 72, 36, 36, 8, 1, 6
2019/8/5, 74, 37, 34, 6, , 5
2019/8/5, 77, 40, 39, 13, 1, 5
2019/8/6, 68, 30, 29, 3, , 5
2019/8/6, 71, 35, 32, 14, , 5
2019/8/6, 71, 42, 34, 11, 1, 5
2019/8/6, 73, 44, 27, 19, 1, 6
2019/8/6, 76, 37, 28, 12, 1, 7
2019/8/7, 73, 22, 54, 6, , 5
2019/8/7, 70, 18, 32, 10, , 4
2019/8/7, 77, 26, 25, 13, 1, 5
2019/8/7, 73, 19, 29, 7, 1, 6
2019/8/7, 59, 22, 28, 4, , 5
2019/8/8, 51, 21, 34, 9, , 4
2019/8/8, 48, 23, 33, 9, 1, 6
2019/8/8, 47, 14, 34, 3, , 4
2019/8/8, 42, 12, 36, 5, , 5
2019/8/8, 49, 23, 30, 13, 1, 5
2019/8/9, 35, 31, 35, 13, , 5
2019/8/9, 25, 20, 35, 3, , 4
2019/8/9, 32, 37, 30, 15, 1, 6
2019/8/9, 40, 29, 33, 10, 1, 7
2019/8/9, 29, 27, 37, 6, , 6
2019/8/10, 50, 12, 31, 2, , 4
2019/8/10, 66, 13, 29, 7, 1, 5
2019/8/10, 62, 10, 37, 4, , 3
2019/8/10, 68, 12, 33, 8, , 3
2019/8/10, 68, 13, 28, 9, 1, 4
2019/8/11, 35, 22, 21, 8, 2, 6
2019/8/11, 34, 21, 24, 10, 1, 4
2019/8/11, 22, 14, 22, 2, , 4
2019/8/11, 22, 18, 24, 9, 1, 4
2019/8/11, 30, 21, 25, 9, 1, 4
2019/8/12, 48, 26, 24, 7, 2, 6
2019/8/12, 47, 17, 26, 7, 1, 4
2019/8/12, 43, 26, 23, 8, 1, 4
2019/8/12, 25, 14, 22, 2, 1, 5
2019/8/12, 45, 24, 26, 8, 1, 5
2019/8/13, 41, 10, 26, 12, 1, 5
2019/8/13, 25, 8, 26, 2, , 4
2019/8/13, 40, 10, 26, 8, , 4
2019/8/13, 45, 10, 25, 9, , 5
2019/8/13, 46, 12, , 9, 2, 5
2019/8/14, 15, 11, 21, 1, , 4
2019/8/14, 30, 16, 23, 9, , 6
2019/8/14, 30, 12, 32, 8, 3, 5
2019/8/14, 28, 15, 22, 9, 1, 5
2019/8/14, 29, 15, 23, 9, , 5
2019/8/15, 38, 10, 16, 8, , 5
2019/8/15, 45, 9, 17, 7, 2, 5
2019/8/15, 37, 10, 16, 7, , 5
2019/8/15, 39, 8, 19, 7, , 5
2019/8/15, 21, 9, 17, 3, , 4
2019/8/16, 23, 6, 12, 6, 2, 5
2019/8/16, 19, 4, 14, 2, , 4
2019/8/16, 23, 8, 10, 7, 1, 5
2019/8/16, 21, 5, 13, 6, 1, 4
2019/8/16, 17, 6, 13, 4, , 4
2019/8/17, 20, 19, 27, 11, 1, 5
2019/8/17, 15, 17, 24, 9, 2, 5
2019/8/17, 14, 13, 22, 4, , 5
2019/8/17, 14, 15, 22, 11, , 5
2019/8/17, 12, 12, 18, 2, , 4
2019/8/18, 32, 26, 36, 16, 1, 6
2019/8/18, 42, 30, 37, 15, 2, 6
2019/8/18, 36, 28, 42, 15, 1, 6
2019/8/18, 38, 20, 37, 10, 1, 6
2019/8/18, 21, 15, 29, 2, , 4
2019/8/19, 53, 28, 33, 12, 1, 8
2019/8/19, 52, 26, 33, 7, 1, 7
2019/8/19, 53, 33, 32, 11, 1, 7
2019/8/19, 55, 30, 34, 11, 3, 7
2019/8/19, 32, 17, 25, 3, 1, 7
2019/8/20, 56, 20, 40, 5, 2, 5
2019/8/20, 57, 17, 37, 3, 1, 6
2019/8/20, 50, 27, 35, 11, 1, 6
2019/8/20, 52, 20, 39, 8, 1, 6
2019/8/20, 40, 16, 36, 1, , 5
2019/8/21, 45, 21, 35, 9, 2, 5
2019/8/21, 44, 19, 32, 6, 1, 5
2019/8/21, 53, 31, 25, 15, 2, 6
2019/8/21, 47, 24, 33, 12, 1, 6
2019/8/21, 38, 17, 32, 3, , 4
2019/8/22, 44, 19, 26, 10, 1, 5
2019/8/22, 44, 26, 21, 15, 1, 7
2019/8/22, 46, 18, 23, 12, 1, 7
2019/8/22, 39, 20, 25, 10, 2, 5
2019/8/22, 35, 18, 23, 8, , 5
2019/8/23, 44, 18, 28, 6, , 5
2019/8/23, 38, 33, 31, 13, 1, 5
2019/8/23, 43, 27, 26, 15, 1, 8
2019/8/23, 48, 30, 27, 15, 1, 7
2019/8/23, 43, 31, 29, 13, 2, 6
2019/8/24, 41, 13, 38, 2, , 4
2019/8/24, 54, 33, 35, 14, 2, 7
2019/8/24, 48, 41, 28, 19, 1, 9
2019/8/24, 55, 28, 35, 10, 1, 5
2019/8/24, 49, 34, 32, 17, 1, 10
2019/8/25, 25, 23, 49, 3, 1, 6
2019/8/25, 52, 28, 44, 6, 1, 6
2019/8/25, 58, 33, 47, 12, 3, 7
2019/8/25, 58, 38, 41, 12, 1, 7
2019/8/25, 57, 31, 42, 12, 1, 8
2019/8/26, 63, 16, 46, 6, 1, 4
2019/8/26, 58, 23, 45, 14, 1, 6
2019/8/26, 58, 18, 51, 10, 2, 5
2019/8/26, 51, 14, 46, 2, , 4
2019/8/26, 58, 21, 46, 11, 1, 5
2019/8/27, 45, 21, 37, 12, 1, 5
2019/8/27, 33, 11, 41, 2, , 3
2019/8/27, 44, 13, 42, 7, 1, 4
2019/8/27, 49, 23, 35, 17, 1, 5
2019/8/27, 45, 23, 42, 11, 2, 4
2019/8/28, 39, 16, 39, 12, 1, 5
2019/8/28, 24, 17, 38, 10, 1, 5
2019/8/28, 22, 12, 36, 3, , 4
2019/8/28, 40, 20, 32, 13, 1, 5
2019/8/28, 42, 18, 36, 9, 2, 4
2019/8/29, 37, 16, 27, 7, , 5
2019/8/29, 43, 18, 30, 12, 1, 4
2019/8/29, 46, 83, 24, 14, 1, 5
2019/8/29, 44, 18, 31, 8, 3, 4
2019/8/29, 45, 16, 31, 8, 1, 4
2019/8/30, 41, 22, 32, 13, 1, 4
2019/8/30, 33, 21, 29, 8, 2, 4
2019/8/30, 35, 20, 31, 5, , 4
2019/8/30, 40, 36, 23, 18, 1, 4
2019/8/30, 42, 24, 34, 10, 3, 4
2019/8/31, 38, 23, 50, 3, 1, 5
2019/8/31, 50, 46, 51, 20, 1, 5
2019/8/31, 37, 26, 52, 7, 2, 6
2019/8/31, 42, 34, 61, 13, 2, 6
2019/8/31, 40, 35, 63, 6, 3, 5
2019/9/1, 44, 33, 65, 3, 1, 6
2019/9/1, 59, 53, 67, 24, 2, 6
2019/9/1, 59, 46, 78, 15, 3, 7
2019/9/1, 54, 38, 77, 9, 3, 7
2019/9/1, 57, 45, 85, 9, 5, 6
2019/9/2, 74, 59, 84, 16, 2, 11
2019/9/2, 72, 60, 93, 14, 4, 10
2019/9/2, 63, 43, 77, 3, 2, 8
2019/9/2, 71, 61, 82, 11, 3, 10
2019/9/2, 71, 70, 78, 26, 2, 9
2019/9/3, 115, 60, 79, 19, 2, 8
2019/9/3, 93, 34, 82, 3, 1, 7
2019/9/3, 116, 46, 78, 12, 5, 8
2019/9/3, 114, 56, , 19, 2, 11
2019/9/3, 111, 55, 100, 20, 4, 10
2019/9/4, 103, 30, 58, 13, 3, 6
2019/9/4, 90, 25, 51, 7, 1, 4
2019/9/4, 98, 30, 59, 13, 2, 8
2019/9/4, 93, 37, 49, 12, 1, 4
2019/9/4, 79, 18, 47, 4, 1, 5
2019/9/5, 40, 20, 37, 8, , 5
2019/9/5, 34, 15, 33, 2, 1, 4
2019/9/5, 45, 23, 42, 12, 1, 5
2019/9/5, 50, 19, 40, 11, 2, 7
2019/9/5, 50, 22, 38, 11, 3, 6
2019/9/6, 47, 31, 36, 13, 3, 6
2019/9/6, 31, 15, 27, 2, , 5
2019/9/6, 40, 28, 42, 11, 1, 5
2019/9/6, 51, 21, 24, 9, , 4
2019/9/6, 41, 30, 38, 13, 2, 8
2019/9/7, 48, 22, 37, 6, 2, 7
2019/9/7, 45, 28, 30, 11, 1, 5
2019/9/7, 47, 16, 37, 3, , 3
2019/9/7, 33, 18, 36, 4, , 4
2019/9/7, 49, 20, 36, 5, 2, 5
2019/9/8, 41, 40, 30, 18, 1, 5
2019/9/8, 38, 28, 32, 12, 2, 5
2019/9/8, 37, 20, 32, 7, , 3
2019/9/8, 41, 27, 30, 10, 1, 3
2019/9/8, 37, 26, 36, 13, 3, 4
2019/9/9, 27, 20, 23, 7, 1, 3
2019/9/9, 35, 29, 24, 12, 3, 4
2019/9/9, 57, 33, 16, 14, 2, 5
2019/9/9, 44, 27, 23, 12, 3, 3
2019/9/9, 33, 31, 24, 11, 1, 3
2019/9/10, 31, 12, 28, 3, 1, 3
2019/9/10, 46, 36, 24, 19, 2, 6
2019/9/10, 41, 35, 98, 15, 3, 5
2019/9/10, 41, 46, 29, 15, 4, 5
2019/9/10, 42, 48, 28, 14, 1, 4
2019/9/11, 22, 16, 27, 3, 1, 4
2019/9/11, 48, 37, 31, 14, 2, 4
2019/9/11, 52, 33, 28, 17, 2, 5
2019/9/11, 64, 38, 27, 12, 1, 4
2019/9/11, 64, 37, 30, 15, 3, 5
2019/9/12, 55, 20, 29, 7, 3, 6
2019/9/12, 37, 18, 27, 3, 1, 5
2019/9/12, 43, 24, 24, 10, 1, 5
2019/9/12, 56, 21, 27, 5, 1, 5
2019/9/12, 48, 18, 26, 7, 2, 6
2019/9/13, 41, 18, 28, 10, 2, 5
2019/9/13, 46, 30, 24, 15, 1, 5
2019/9/13, 41, 13, 30, 4, , 4
2019/9/13, 48, 21, 30, 11, 3, 5
2019/9/13, 51, 17, 29, 7, 1, 4
2019/9/14, 32, 13, 36, 2, 1, 3
2019/9/14, 36, 18, 32, 8, 1, 3
2019/9/14, 52, 32, 30, 17, 2, 4
2019/9/14, 42, 23, 35, 10, 3, 4
2019/9/14, 39, 21, 33, 10, 2, 4
2019/9/15, 46, 18, 30, 9, 3, 3
2019/9/15, 28, 14, 30, 4, 1, 2
2019/9/15, 43, 27, 25, 12, 2, 4
2019/9/15, 37, 22, 31, 9, 3, 4
2019/9/15, 36, 27, 30, 9, 2, 3
2019/9/16, 40, 41, 28, 13, 2, 5
2019/9/16, 33, 30, 32, 11, 3, 4
2019/9/16, 32, 33, 33, 10, 3, 5
2019/9/16, 52, 22, 31, 8, 2, 3
2019/9/16, 28, 18, 29, 4, 1, 3
2019/9/17, 49, 28, 22, 11, 2, 4
2019/9/17, 41, 15, 32, 4, 1, 2
2019/9/17, 41, 18, 29, 8, 3, 3
2019/9/17, 38, 22, 28, 6, 2, 3
2019/9/17, 44, 17, 32, 8, 3, 2
2019/9/18, 27, 21, 28, 6, 1, 3
2019/9/18, 33, 42, 27, 17, 2, 5
2019/9/18, 23, 32, 27, 15, 3, 4
2019/9/18, 27, 31, 26, 11, 2, 4
2019/9/18, 21, 28, 26, 16, 3, 4
2019/9/19, 47, 43, 31, 18, 3, 7
2019/9/19, 36, 36, 36, 8, 1, 7
2019/9/19, 59, 53, 30, 24, 2, 9
2019/9/19, 52, 47, 36, 18, 4, 8
2019/9/19, 62, 45, 37, 15, 2, 7
2019/9/20, 80, 22, 32, 16, 3, 4
2019/9/20, 74, 15, 31, 8, 1, 3
2019/9/20, 95, 29, 36, 15, 1, 4
2019/9/20, 77, 16, 33, 14, 3, 3
2019/9/20, 89, 30, 25, 20, 2, 5
2019/9/21, 30, 12, 33, 2, 1, 3
2019/9/21, 38, 48, 32, 19, 3, 7
2019/9/21, 43, 43, 29, 16, 2, 5
2019/9/21, 40, 61, 30, 19, 4, 8
2019/9/21, 47, 44, 32, 22, 2, 7
2019/9/22, 33, 21, 35, 9, 2, 4
2019/9/22, 87, 57, 34, 22, 4, 11
2019/9/22, 80, 48, 33, 22, 4, 9
2019/9/22, 65, 51, 33, 17, 2, 5
2019/9/22, 76, 49, 32, 31, 2, 8
2019/9/23, 48, 17, 30, 4, 1, 2
2019/9/23, 90, 45, 29, 17, 3, 7
2019/9/23, 82, 38, 31, 16, 2, 2
2019/9/23, 85, 36, 28, 17, 3, 5
2019/9/23, 70, 46, 26, 22, 2, 6
2019/9/24, 38, 20, 32, 4, 1, 3
2019/9/24, 60, 40, 34, 13, 4, 5
2019/9/24, 63, 54, 29, 24, 2, 6
2019/9/24, 61, 33, 35, 12, 3, 4
2019/9/24, 52, 39, 33, 15, 4, 5
2019/9/25, 51, 52, 60, 17, 6, 8
2019/9/25, 50, 50, 66, 11, 5, 7
2019/9/25, 60, 68, 54, 32, 4, 9
2019/9/25, 47, 53, 61, 15, 6, 9
2019/9/25, 39, 43, 65, 6, 2, 7
2019/9/26, 91, 50, 60, 20, 2, 7
2019/9/26, 93, 64, 54, 34, 3, 8
2019/9/26, 75, 37, 62, 6, 1, 5
2019/9/26, 78, 49, 59, 20, 4, 6
2019/9/26, 81, 53, 67, 21, 4, 9
2019/9/27, 98, 63, 74, 23, 3, 7
2019/9/27, 71, 41, 70, 5, 2, 6
2019/9/27, 99, 51, 68, 12, 2, 7
2019/9/27, 82, 53, 69, 13, 4, 6
2019/9/27, 91, 54, 71, 11, 5, 8
2019/9/28, 101, 46, 70, 15, 2, 5
2019/9/28, 84, 31, 68, 7, 1, 4
2019/9/28, 91, 35, 66, 14, 3, 3
2019/9/28, 105, 43, 71, 21, 2, 4
2019/9/28, 87, 43, 73, 14, 4, 5
2019/9/29, 57, 62, 77, 15, 5, 9
2019/9/29, 58, 61, 74, 16, 4, 6
2019/9/29, 65, 72, 88, 23, 2, 7
2019/9/29, 52, 49, 80, 6, 2, 7
2019/9/29, 65, 64, 78, 11, 2, 8
2019/9/30, 104, 61, 97, 7, 5, 7
2019/9/30, 101, 60, 95, 9, 4, 7
2019/9/30, 93, 54, 95, 4, 2, 7
2019/9/30, 115, 57, 92, 6, 2, 8
2019/9/30, 109, 73, 94, 21, 3, 7
2019/10/1, 115, 60, 89, 14, 4, 7
2019/10/1, 107, 48, 89, 5, 1, 6
2019/10/1, 129, 57, 86, 13, 2, 7
2019/10/1, 115, 53, 87, 9, 3, 6
2019/10/1, 127, 68, 94, 28, 2, 7
2019/10/2, 115, 41, 32, 7, 1, 4
2019/10/2, 102, 36, 39, 6, 2, 2
2019/10/2, 97, 35, 57, 4, 1, 3
2019/10/2, 116, 42, 28, 7, 3, 3
2019/10/2, 120, 58, 27, 9, 2, 2
2019/10/3, 59, 18, 16, 8, 1, 3
2019/10/3, 46, 14, 16, 8, 3, 2
2019/10/3, 62, 19, 15, 9, 1, 2
2019/10/3, 47, 11, 17, 4, , 2
2019/10/3, 45, 15, 16, 8, 4, 3
2019/10/4, 31, 38, 25, 16, 2, 4
2019/10/4, 34, 21, 23, 16, 4, 3
2019/10/4, 22, 17, 25, 6, 1, 3
2019/10/4, 36, 37, 24, 20, 2, 4
2019/10/4, 27, 27, 25, 15, 4, 4
2019/10/5, 47, 21, 27, 13, 3, 2
2019/10/5, 53, 26, 28, 12, 4, 4
2019/10/5, 64, 35, 29, 14, 2, 4
2019/10/5, 52, 46, 25, 21, 2, 3
2019/10/5, 35, 14, 31, 4, 1, 4
2019/10/6, 55, 47, 38, 13, 3, 6
2019/10/6, 38, 30, 40, 5, 2, 7
2019/10/6, 54, 40, 37, 11, 5, 6
2019/10/6, 48, 37, 35, 12, 4, 5
2019/10/6, 57, 56, 30, 20, 3, 6
2019/10/7, 66, 20, 29, 8, 3, 3
2019/10/7, 58, 18, 29, 4, 1, 3
2019/10/7, 70, 29, 23, 11, 2, 4
2019/10/7, 65, 21, 27, 9, 3, 2
2019/10/7, 80, 24, 26, 7, 1, 3
2019/10/8, 28, 47, 30, 14, 5, 5
2019/10/8, 20, 44, 31, 11, 5, 6
2019/10/8, 27, 38, 33, 11, 3, 6
2019/10/8, 25, 37, 37, 6, 2, 5
2019/10/8, 38, 59, 27, 20, 4, 6
2019/10/9, 55, 33, 42, 7, 2, 5
2019/10/9, 57, 45, 42, 14, 2, 6
2019/10/9, 58, 51, 32, 21, 3, 6
2019/10/9, 49, 38, 35, 13, 4, 5
2019/10/9, 47, 37, 39, 11, 4, 6
2019/10/10, 75, 27, 27, 12, 4, 3
2019/10/10, 79, 28, 27, 13, 2, 4
2019/10/10, 70, 34, 30, 13, 4, 4
2019/10/10, 86, 34, 21, 12, 2, 3
2019/10/10, 73, 18, 28, 6, 1, 3
2019/10/11, 41, 40, 22, 13, 4, 5
2019/10/11, 34, 34, 21, 14, 2, 4
2019/10/11, 43, 38, 22, 13, 3, 3
2019/10/11, 23, 24, 26, 5, 1, 3
2019/10/11, 43, 40, 19, 13, 2, 3
2019/10/12, 54, 26, 20, 12, 3, 3
2019/10/12, 51, 35, 17, 13, 2, 4
2019/10/12, 51, 27, 22, 12, 4, 4
2019/10/12, 40, 24, 24, 8, 1, 3
2019/10/12, 53, 33, 20, 12, 2, 4
2019/10/13, 52, 52, 18, 17, 2, 5
2019/10/13, 49, 36, 21, 14, 3, 4
2019/10/13, 56, 46, 22, 14, 2, 5
2019/10/13, 44, 49, 22, 16, 4, 6
2019/10/13, 43, 28, 23, 12, 1, 4
2019/10/14, 58, 43, 23, 16, 4, 5
2019/10/14, 86, 46, 26, 14, 5, 2
2019/10/14, 70, 48, 26, 13, 2, 5
2019/10/14, 70, 68, 70, 20, 3, 5
2019/10/14, 48, 38, 27, 8, 2, 4
2019/10/15, 69, 67, 28, 20, 4, 7
2019/10/15, 74, 52, 26, 23, 6, 10
2019/10/15, 57, 44, 27, 14, 3, 5
2019/10/15, 67, 55, 29, 25, 7, 9
2019/10/15, 74, 71, 21, 29, 5, 11
2019/10/16, 105, 75, 33, 30, 5, 13
2019/10/16, 107, 102, 35, 23, 2, 9
2019/10/16, 87, 45, 31, 11, 2, 5
2019/10/16, 108, 80, 29, 30, 3, 11
2019/10/16, 92, 69, 30, 28, 4, 13
2019/10/17, 132, 84, 40, 37, 5, 16
2019/10/17, 135, 102, 40, 29, 3, 9
2019/10/17, 125, 80, 30, 37, 5, 11
2019/10/17, 127, 72, 35, 35, 6, 12
2019/10/17, 90, 50, 44, 10, 2, 7
2019/10/18, 136, 67, 39, 34, 9, 11
2019/10/18, 105, 48, 47, 10, 2, 7
2019/10/18, 149, 95, 45, 27, 3, 9
2019/10/18, 145, 61, 44, 30, 5, 11
2019/10/18, 137, 84, 32, 39, 5, 12
2019/10/19, 141, 81, 37, 18, 7, 7
2019/10/19, 147, 93, 32, 23, 6, 9
2019/10/19, 110, 75, 44, 11, 2, 8
2019/10/19, 153, 82, 40, 17, 2, 9
2019/10/19, 128, 78, 42, 19, 6, 8
2019/10/20, 132, 46, 34, 18, 4, 8
2019/10/20, 142, 51, 28, 22, 4, 7
2019/10/20, 141, 66, 31, 17, 2, 6
2019/10/20, 133, 21, 42, 7, 1, 4
2019/10/20, 142, 42, 34, 19, 4, 10
2019/10/21, 59, 89, 20, 37, 6, 12
2019/10/21, 24, 49, 40, 8, 2, 6
2019/10/21, 62, 70, 29, 31, 7, 12
2019/10/21, 68, 81, 26, 29, 6, 17
2019/10/21, 73, 89, 35, 23, 3, 9
2019/10/22, 112, 96, 34, 40, 9, 13
2019/10/22, 84, 61, 56, 9, 2, 7
2019/10/22, 108, 86, 50, 37, 5, 15
2019/10/22, 120, 105, 45, 28, 2, 12
2019/10/22, 122, 89, 40, 34, 5, 17
2019/10/23, 164, 66, 51, 27, 5, 6
2019/10/23, 160, 68, 52, 27, 5, 13
2019/10/23, 167, 94, 47, 25, 5, 10
2019/10/23, 134, 60, 57, 10, 2, 6
2019/10/23, 161, 90, 42, 36, 5, 11
2019/10/24, 136, 19, 48, 8, 2, 3
2019/10/24, 163, 25, 34, 7, 1, 4
2019/10/24, 162, 32, 32, 12, 2, 4
2019/10/24, 148, 19, 43, 9, 3, 2
2019/10/24, 147, 21, 44, 7, 4, 5
2019/10/25, 62, 44, 13, 19, 3, 5
2019/10/25, 53, 24, 20, 15, 7, 6
2019/10/25, 53, 29, 20, 13, 2, 5
2019/10/25, 48, 25, 19, 16, 10, 5
2019/10/25, 54, 20, 21, 8, 1, 2
2019/10/26, 48, 38, 29, 10, 3, 5
2019/10/26, 58, 45, 24, 21, 9, 9
2019/10/26, 54, 46, 27, 17, 7, 9
2019/10/26, 68, 53, 28, 16, 4, 9
2019/10/26, 66, 60, 19, 24, 6, 8
2019/10/27, 96, 45, 36, 12, 7, 7
2019/10/27, 82, 40, 40, 8, 2, 5
2019/10/27, 97, 48, 38, 12, 6, 8
2019/10/27, 112, 50, 24, 9, 3, 9
2019/10/27, 104, 53, 30, 16, 5, 6
2019/10/28, 96, 20, 27, 11, 6, 4
2019/10/28, 105, 20, 24, 8, 2, 6
2019/10/28, 107, 28, 19, 15, 3, 5
2019/10/28, 90, 20, 25, 10, 6, 4
2019/10/28, 89, 16, 27, 6, 1, 3
2019/10/29, 55, 38, 27, 11, 3, 7
2019/10/29, 59, 48, 18, 18, 5, 6
2019/10/29, 48, 39, 27, 13, 8, 6
2019/10/29, 48, 41, 24, 12, 9, 7
2019/10/29, 41, 35, 27, 7, 3, 4
2019/10/30, 99, 62, 28, 10, 7, 6
2019/10/30, 80, 61, 29, 8, 3, 5
2019/10/30, 76, 76, 23, 15, 5, 6
2019/10/30, 79, 66, 27, 11, 6, 7
2019/10/30, 70, 64, 28, 9, 3, 4
2019/10/31, 76, 28, 26, 11, 2, 1
2019/10/31, 80, 52, 28, 16, 3, 5
2019/10/31, 94, 42, 19, 20, 4, 6
2019/10/31, 83, 30, 26, 16, 9, 5
2019/10/31, 75, 30, 24, 14, 9, 6
2019/11/1, 80, 37, 26, 15, 5, 5
2019/11/1, 50, 25, 29, 6, 3, 2
2019/11/1, 66, 46, 21, 19, 12, 6
2019/11/1, 55, 37, 27, 14, 7, 7
2019/11/1, 57, 37, 26, 14, 8, 5
2019/11/2, 55, 18, 25, 5, 3, 2
2019/11/2, 67, 27, 23, 12, 9, 6
2019/11/2, 74, 31, 18, 15, 14, 4
2019/11/2, 70, 34, 22, 16, 8, 5
2019/11/2, 72, 32, 20, 15, 12, 6
2019/11/3, 55, 49, 22, 23, 14, 9
2019/11/3, 63, 56, 26, 24, 9, 10
2019/11/3, 56, 57, 19, 26, 10, 9
2019/11/3, 42, 26, 26, 7, 2, 3
2019/11/3, 64, 61, 26, 20, 4, 8
2019/11/4, 94, 45, 18, 19, 6, 6
2019/11/4, 68, 39, 11, 14, 2, 4
2019/11/4, 93, 37, 22, 14, 9, 4
2019/11/4, 99, 36, 24, 14, 10, 6
2019/11/4, 108, 47, 25, 14, 3, 6
2019/11/5, 85, 53, 23, 15, 4, 7
2019/11/5, 82, 60, 15, 20, 7, 7
2019/11/5, 70, 49, 21, 16, 8, 8
2019/11/5, 74, 41, 21, 11, 3, 3
2019/11/5, 74, 51, 20, 15, 10, 6
2019/11/6, 96, 25, 28, 11, 8, 6
2019/11/6, 98, 54, 24, 11, 3, 5
2019/11/6, 97, 28, 26, 11, 10, 4
2019/11/6, 73, 24, 25, 9, 2, 3
2019/11/6, 104, 36, 19, 16, 5, 5
2019/11/7, 71, 54, 21, 20, 10, 7
2019/11/7, 60, 44, 23, 17, 8, 8
2019/11/7, 58, 46, 24, 13, 5, 4
2019/11/7, 74, 64, 24, 17, 6, 7
2019/11/7, 62, 43, 21, 16, 10, 6
2019/11/8, 83, 52, 26, 21, 8, 11
2019/11/8, 105, 76, 31, 19, 5, 7
2019/11/8, 91, 46, 29, 10, 3, 6
2019/11/8, 93, 61, 25, 24, 8, 8
2019/11/8, 89, 53, 25, 19, 8, 9
2019/11/9, 110, 71, 19, 24, 7, 8
2019/11/9, 102, 52, 28, 9, 3, 7
2019/11/9, 128, 68, 30, 18, 4, 9
2019/11/9, 108, 60, 22, 18, 8, 10
2019/11/9, 105, 54, 22, 19, 8, 12
2019/11/10, 129, 23, 27, 10, 3, 4
2019/11/10, 160, 45, 25, 8, 3, 6
2019/11/10, 157, 35, 23, 16, 5, 5
2019/11/10, 143, 23, 26, 10, 6, 7
2019/11/10, 149, 29, 25, 11, 8, 5
2019/11/11, 71, 75, 19, 19, 3, 8
2019/11/11, 55, 37, 22, 11, 2, 6
2019/11/11, 61, 51, 20, 17, 6, 8
2019/11/11, 65, 54, 21, 19, 11, 7
2019/11/11, 84, 54, 17, 21, 8, 7
2019/11/12, 92, 35, 18, 9, 2, 5
2019/11/12, 89, 60, 17, 13, 5, 4
2019/11/12, 99, 30, 18, 10, 5, 4
2019/11/12, 77, 43, 19, 10, 3, 5
2019/11/12, 94, 53, 20, 8, 3, 7
2019/11/13, 79, 19, 21, 11, 8, 4
2019/11/13, 79, 34, 24, 8, 3, 5
2019/11/13, 81, 18, 24, 4, 2, 4
2019/11/13, 81, 19, 22, 7, 5, 5
2019/11/13, 99, 27, 20, 12, 6, 4
2019/11/14, 44, 24, 20, 16, 10, 4
2019/11/14, 38, 24, 20, 14, 7, 6
2019/11/14, 63, 40, 22, 13, 3, 4
2019/11/14, 54, 35, 19, 17, 6, 5
2019/11/14, 42, 25, 22, 10, 2, 5
2019/11/15, 64, 27, 22, 16, 11, 6
2019/11/15, 66, 40, 18, 19, 7, 6
2019/11/15, 83, 43, , 15, 4, 6
2019/11/15, 61, 29, 23, 15, 8, 7
2019/11/15, 65, 30, 21, 13, 4, 5
2019/11/16, 97, 48, 16, 16, 4, 7
2019/11/16, 67, 33, 20, 9, 3, 6
2019/11/16, 76, 47, 13, 20, 8, 6
2019/11/16, 71, 38, 14, 17, 5, 9
2019/11/16, 76, 38, 15, 19, 8, 8
2019/11/17, 112, 48, 24, 9, 5, 4
2019/11/17, 109, 44, 24, 5, 2, 4
2019/11/17, 106, 60, 21, 12, 5, 3
2019/11/17, 96, 57, 23, 5, 2, 4
2019/11/17, 110, 50, 22, 6, 5, 5
2019/11/18, 44, 29, , 9, 3, 3
2019/11/18, 41, 35, 23, 10, 7, 3
2019/11/18, 36, 34, 22, 13, 6, 4
2019/11/18, 40, 30, , 7, 2, 4
2019/11/18, 62, 39, 21, 14, 5, 4
2019/11/19, 57, 38, 23, 9, 4, 6
2019/11/19, 58, 46, 15, 24, 21, 10
2019/11/19, 49, 52, 18, 23, 10, 7
2019/11/19, 62, 46, 21, 18, 7, 5
2019/11/19, 51, 42, 19, 19, 10, 6
2019/11/20, 79, 41, 26, 7, 4, 7
2019/11/20, 91, 57, 21, 21, 7, 8
2019/11/20, 89, 46, 19, 16, 5, 7
2019/11/20, 97, 119, 16, 12, 4, 6
2019/11/20, 106, 47, 18, 18, 8, 10
2019/11/21, 115, 39, 24, 12, 7, 7
2019/11/21, 117, 45, 24, 18, 5, 6
2019/11/21, 140, 45, 26, 7, 3, 6
2019/11/21, 90, 40, 32, 3, 3, 6
2019/11/21, 106, 36, 27, 8, 2, 5
2019/11/22, 90, 44, 32, 16, 7, 5
2019/11/22, 78, 81, 31, 6, 2, 5
2019/11/22, 84, 49, 33, 14, 4, 5
2019/11/22, 74, 34, 29, 12, 6, 4
2019/11/22, 73, 37, 30, 12, 4, 5
2019/11/23, 75, 40, 24, 8, 5, 4
2019/11/23, 90, 30, 26, 12, 7, 4
2019/11/23, 102, 22, 26, 7, 6, 3
2019/11/23, 88, 22, 21, 8, 3, 3
2019/11/23, 88, 23, 23, 9, 7, 4
2019/11/24, 47, 29, 21, 8, 4, 3
2019/11/24, 66, 36, 18, 14, 8, 5
2019/11/24, 55, 27, 16, 12, 11, 4
2019/11/24, 54, 19, 20, 6, 3, 3
2019/11/24, 54, 26, 17, 9, 6, 4
2019/11/25, 57, 37, 14, 12, 8, 6
2019/11/25, 61, 32, 19, 9, 5, 5
2019/11/25, 64, 48, 17, 14, 10, 6
2019/11/25, 45, 29, 21, 5, 3, 5
2019/11/25, 54, 38, 16, 11, 6, 6
2019/11/26, 53, 26, 19, 7, 4, 2
2019/11/26, 65, 25, 20, 8, 3, 4
2019/11/26, 71, 35, 19, 14, 7, 5
2019/11/26, 78, 35, 22, 10, 4, 4
2019/11/26, 72, 21, 19, 10, 4, 5
2019/11/27, 64, 49, 19, 20, 8, 6
2019/11/27, 63, 45, 21, 15, 4, 5
2019/11/27, 49, 39, 19, 15, 7, 6
2019/11/27, 48, 36, 18, 18, 15, 7
2019/11/27, 52, 35, 19, 9, 2, 4
2019/11/28, 97, 53, 20, 17, 5, 5
2019/11/28, 79, 50, 20, 19, 7, 9
2019/11/28, 85, 57, 20, 20, 9, 8
2019/11/28, 78, 47, 17, 21, 12, 9
2019/11/28, 80, 38, 21, 10, 2, 5
2019/11/29, 121, 46, 23, 11, 3, 6
2019/11/29, 116, 46, 18, 17, 7, 6
2019/11/29, 90, 39, 23, 8, 3, 6
2019/11/29, 115, 37, 17, 16, 10, 8
2019/11/29, 121, 41, 20, 13, 5, 7
2019/11/30, 91, 25, 27, 14, 3, 4
2019/11/30, 88, 28, 24, 15, 9, 6
2019/11/30, 88, 24, 25, 5, 2, 4
2019/11/30, 95, 33, 23, 19, 6, 5
2019/11/30, 94, 26, 22, 16, 12, 7
2019/12/1, 78, 23, 23, 9, 6, 5
2019/12/1, 85, 24, 25, 8, 3, 3
2019/12/1, 60, 24, 23, 6, 2, 4
2019/12/1, 76, 30, 23, 14, 7, 5
2019/12/1, 69, 24, 22, 12, 7, 5
2019/12/2, 56, 20, 24, 6, 3, 3
2019/12/2, 57, 23, 22, 8, 6, 5
2019/12/2, 68, 25, 22, 14, 8, 4
2019/12/2, 60, 19, 22, 8, 4, 5
2019/12/2, 55, 20, 22, 10, 7, 4
2019/12/3, 47, 26, 24, 13, 13, 5
2019/12/3, 44, 30, 22, 10, 4, 5
2019/12/3, 42, 21, 20, 10, 5, 5
2019/12/3, 47, 24, 20, 10, 10, 5
2019/12/3, 57, 36, 20, 14, 12, 6
2019/12/4, 73, 48, 20, 15, 4, 6
2019/12/4, 69, 57, 18, 18, 8, 8
2019/12/4, 58, 45, 20, 15, 11, 7
2019/12/4, 56, 43, 19, 13, 4, 7
2019/12/4, 77, 37, 19, 16, 15, 7
2019/12/5, 105, 45, 22, 15, 9, 8
2019/12/5, 95, 36, 23, 7, 4, 7
2019/12/5, 108, 42, 23, 14, 4, 4
2019/12/5, 86, 43, 20, 18, 13, 8
2019/12/5, 98, 53, 21, 18, 9, 7
2019/12/6, 86, 39, , 17, 9, 9
2019/12/6, 84, 41, , 18, 12, 8
2019/12/6, 87, 50, 24, 17, 4, 6
2019/12/6, 73, 45, 24, 14, 4, 9
2019/12/6, 82, 55, 19, 22, 10, 8
2019/12/7, 94, 38, 20, 13, 5, 9
2019/12/7, 113, 50, 17, 21, 10, 7
2019/12/7, 122, 38, 22, 14, 4, 5
2019/12/7, 111, 29, 24, 6, 5, 7
2019/12/7, 102, 35, 16, 18, 9, 8
2019/12/8, 102, 59, 21, 16, 9, 11
2019/12/8, 108, 74, 20, 22, 9, 10
2019/12/8, 91, 60, 28, 12, 4, 12
2019/12/8, 112, 59, 25, 12, 5, 7
2019/12/8, 106, 59, 20, 16, 11, 9
2019/12/9, 162, 62, 16, 27, 11, 8
2019/12/9, 153, 50, 22, 10, 5, 10
2019/12/9, 162, 57, 20, 19, 7, 6
2019/12/9, 156, 57, 16, 21, 14, 9
2019/12/9, 157, 54, 16, 22, 16, 8
2019/12/10, 136, 123, 17, 16, 8, 6
2019/12/10, 141, 42, 19, 15, 10, 8
2019/12/10, 126, 60, 22, 13, 11, 7
2019/12/10, 132, 60, 20, 22, 10, 8
2019/12/10, 142, 52, 24, 17, 10, 6
2019/12/11, 147, 39, 25, 12, 5, 4
2019/12/11, 147, 34, 19, 15, 10, 5
2019/12/11, 139, 36, 26, 6, 3, 4
2019/12/11, 145, 44, 22, 19, 7, 7
2019/12/11, 137, 40, 22, 14, 7, 7
2019/12/12, 114, 40, 22, 15, 6, 6
2019/12/12, 96, 37, 25, 12, 5, 6
2019/12/12, 103, 39, 17, 19, 12, 6
2019/12/12, 100, 37, 20, 17, 10, 9
2019/12/12, 102, 49, 17, 23, 6, 9
2019/12/13, 111, 68, 13, 26, 5, 10
2019/12/13, 115, 64, 18, 22, 5, 8
2019/12/13, 107, 49, 10, 22, 13, 6
2019/12/13, 93, 53, 25, 13, 3, 6
2019/12/13, 99, 51, 16, 22, 12, 10
2019/12/14, 160, 39, 18, 13, 5, 4
2019/12/14, 138, 37, 14, 16, 9, 4
2019/12/14, 139, 33, 28, 6, 4, 5
2019/12/14, 135, 39, 17, 15, 7, 9
2019/12/14, 150, 45, 18, 19, 7, 7
2019/12/15, 89, 36, 21, 11, 5, 4
2019/12/15, 88, 41, 18, 19, 5, 7
2019/12/15, 80, 32, 23, 5, 4, 6
2019/12/15, 87, 39, 14, 15, 8, 5
2019/12/15, 90, 39, 17, 15, 7, 9
2019/12/16, 97, 33, 25, 13, 5, 5
2019/12/16, 95, 34, 22, 14, 10, 7
2019/12/16, 97, 37, 23, 19, 4, 7
2019/12/16, 82, 27, 24, 11, 6, 6
2019/12/16, 99, 24, 20, 13, 7, 6
2019/12/17, 102, 39, 16, 21, 14, 7
2019/12/17, 112, 43, 24, 21, 5, 8
2019/12/17, 107, 53, 19, 25, 3, 8
2019/12/17, 99, 39, 19, 22, 13, 7
2019/12/17, 96, 47, 22, 12, 3, 6
2019/12/18, 116, 67, 17, 26, 6, 10
2019/12/18, 117, 57, 20, 15, 5, 7
2019/12/18, 114, 51, 16, 22, 9, 8
2019/12/18, 110, 55, 17, 21, 11, 9
2019/12/18, 136, 64, 23, 21, 6, 10
2019/12/19, 173, 45, 22, 19, 7, 7
2019/12/19, 150, 40, 18, 19, 15, 7
2019/12/19, 144, 42, 22, 18, 9, 8
2019/12/19, 146, 38, 25, 7, 5, 6
2019/12/19, 155, 49, 19, 22, 8, 7
2019/12/20, 115, 36, 23, 18, 10, 8
2019/12/20, 110, 50, 19, 24, 9, 8
2019/12/20, 125, 41, 26, 17, 5, 8
2019/12/20, 109, 40, 20, 19, 13, 7
2019/12/20, 101, 39, 24, 10, 5, 6
2019/12/21, 107, 53, 19, 28, 17, 11
2019/12/21, 114, 49, 15, 26, 20, 9
2019/12/21, 133, 62, 23, 21, 5, 12
2019/12/21, 100, 46, 24, 11, 5, 7
2019/12/21, 116, 59, 19, 28, 15, 9
2019/12/22, 161, 138, 18, 38, 10, 23
2019/12/22, 148, 101, 15, 34, 17, 15
2019/12/22, 140, 103, 11, 35, 20, 14
2019/12/22, 129, 116, 19, 31, 16, 13
2019/12/22, 139, 135, 13, 39, 26, 16
2019/12/23, 239, 71, 19, 29, 16, 12
2019/12/23, 238, 71, 20, 31, 10, 14
2019/12/23, 224, 103, 26, 17, 7, 12
2019/12/23, 292, 111, 25, 26, 7, 14
2019/12/23, 255, 113, 21, 30, 6, 13
2019/12/24, 237, 94, 25, 26, 15, 12
2019/12/24, 223, 92, 22, 26, 15, 12
2019/12/24, 239, 71, 31, 25, 10, 13
2019/12/24, 206, 94, 33, 23, 13, 11
2019/12/24, 219, 103, 24, 30, 9, 14
2019/12/25, 200, 123, 15, 28, 12, 13
2019/12/25, 194, 159, 6, 40, 17, 19
2019/12/25, 205, 142, 10, 37, 17, 17
2019/12/25, 210, 134, 17, 36, 13, 17
2019/12/25, 198, 121, 8, 38, 21, 16
2019/12/26, 244, 96, 33, 14, 7, 11
2019/12/26, 257, 103, 25, 26, 7, 12
2019/12/26, 283, 89, 19, 27, 11, 14
2019/12/26, 282, 118, 27, 25, 8, 13
2019/12/26, 254, 79, 19, 26, 14, 13
2019/12/27, 199, 79, 27, 20, 9, 11
2019/12/27, 201, 93, 5, 35, 30, 18
2019/12/27, 202, 109, 10, 32, 17, 16
2019/12/27, 222, 95, 13, 29, 11, 13
2019/12/27, 208, 79, 7, 35, 20, 18
2019/12/28, 211, 77, 12, 25, 15, 14
2019/12/28, 167, 78, 25, 18, 11, 10
2019/12/28, 198, 99, 15, 24, 11, 12
2019/12/28, 188, 82, 18, 17, 11, 10
2019/12/28, 213, 72, 13, 23, 16, 13
2019/12/29, 185, , , , , 
2019/12/29, 192, , , , , 
2019/12/29, 176, , , , , 
2019/12/29, 187, , , , , 
2019/12/29, 189, , , , , 
2019/12/31, , 71, 16, 25, 13, 10
2019/12/31, , 70, 22, 24, 7, 11
2019/12/31, , 55, 18, 23, 22, 7
2019/12/31, , 59, 16, 24, 16, 9
2019/12/31, , 61, 28, 15, 6, 7
2020/1/1, 141, 64, 20, 25, 22, 10
2020/1/1, 186, 103, 24, 23, 11, 13
2020/1/1, 151, 80, 22, 27, 10, 12
2020/1/1, 143, 62, 28, 12, 7, 7
2020/1/1, 148, 66, 21, 23, 14, 11
2020/1/2, 157, 72, 21, 31, 24, 11
2020/1/2, 205, 84, 27, 31, 12, 13
2020/1/2, 142, 76, 28, 22, 9, 11
2020/1/2, 159, 67, 21, 30, 21, 13
2020/1/2, 161, 94, 22, 35, 29, 13
2020/1/3, 191, 90, 34, 31, 8, 14
2020/1/3, 176, 85, 21, 34, 21, 15
2020/1/3, 173, 87, 29, 24, 8, 11
2020/1/3, 175, 81, 23, 35, 30, 12
2020/1/3, 184, 107, 14, 39, 19, 14
2020/1/4, 198, 78, 16, 30, 7, 11
2020/1/4, 184, 60, 25, 28, 12, 10
2020/1/4, 182, 57, 38, 10, 6, 7
2020/1/4, 192, 60, 28, 24, 8, 13
2020/1/4, 206, 92, 32, 27, 6, 11
2020/1/5, 139, 56, 38, 9, 7, 9
2020/1/5, 193, 64, 27, 17, 8, 10
2020/1/5, 168, 53, 21, 25, 13, 10
2020/1/5, 168, 64, 24, 24, 6, 10
2020/1/5, 172, 59, 19, 29, 11, 13
2020/1/6, 153, 118, 24, 25, 12, 13
2020/1/6, 148, 99, 29, 22, 17, 12
2020/1/6, 153, 96, 17, 22, 13, 11
2020/1/6, 159, 109, 19, 23, 16, 12
2020/1/6, 165, 106, 26, 20, 12, 11
2020/1/7, 219, 66, 19, 20, 11, 8
2020/1/7, 221, 56, 19, 16, 13, 7
2020/1/7, 210, 62, 23, 15, 17, 6
2020/1/7, 216, 50, 18, 16, 10, 6
2020/1/7, 213, 61, 26, 14, 10, 6
2020/1/8, 150, 76, 30, 21, 7, 9
2020/1/8, 146, 56, 16, 26, 21, 8
2020/1/8, 147, 73, 15, 27, 14, 10
2020/1/8, 145, 58, 35, 13, 5, 6
2020/1/8, 146, 52, 19, 24, 21, 8
2020/1/9, 185, 81, 31, 25, 9, 11
2020/1/9, 156, 56, 19, 24, 12, 9
2020/1/9, 151, 55, 32, 12, 7, 7
2020/1/9, 162, 88, 17, 28, 16, 12
2020/1/9, 157, 63, 24, 21, 13, 10
2020/1/10, 145, 75, 28, 21, 7, 9
2020/1/10, 188, 75, 37, 25, 8, 8
2020/1/10, 168, 70, 19, 29, 16, 8
2020/1/10, 171, 69, 21, 31, 19, 10
2020/1/10, 180, 85, 18, 31, 17, 10
2020/1/11, 165, 79, 28, 18, 5, 9
2020/1/11, 178, 101, 32, 26, 7, 13
2020/1/11, 170, 62, 18, 28, 8, 11
2020/1/11, 172, 103, 15, 32, 15, 13
2020/1/11, 172, 72, 15, 28, 14, 12
2020/1/12, 190, 62, 16, 27, 22, 9
2020/1/12, 187, 51, 17, 25, 20, 8
2020/1/12, 225, 73, 29, 24, 7, 9
2020/1/12, 165, 64, 28, 17, 6, 8
2020/1/12, 188, 83, 14, 27, 18, 10
2020/1/13, 181, 88, 28, 32, 14, 14
2020/1/13, 158, 76, 26, 21, 9, 9
2020/1/13, 160, 122, 10, 39, 15, 16
2020/1/13, 161, 91, 10, 34, 21, 14
2020/1/13, 158, 86, 10, 36, 20, 14
2020/1/14, 176, 71, 38, 8, 4, 8
2020/1/14, 236, 117, 35, 30, 9, 17
2020/1/14, 208, 57, 24, 28, 9, 12
2020/1/14, 211, 64, 19, 29, 11, 11
2020/1/14, 204, 98, 23, 31, 12, 13
2020/1/15, 184, 125, 17, 38, 17, 14
2020/1/15, 246, 118, 36, 32, 7, 17
2020/1/15, 164, 104, 35, 22, 6, 12
2020/1/15, 212, 72, 23, 33, 17, 13
2020/1/15, 183, 73, , 34, 23, 13
2020/1/16, 216, 99, 20, 33, 7, 14
2020/1/16, 205, 66, 37, 9, 4, 8
2020/1/16, 218, 61, 24, 26, 10, 12
2020/1/16, 269, 105, 32, 29, 6, 16
2020/1/16, 202, 62, 17, 30, 14, 13
2020/1/17, 180, 104, 32, 35, 14, 14
2020/1/17, 244, 115, 39, 28, 9, 15
2020/1/17, 193, 65, 33, 26, 11, 13
2020/1/17, 157, 65, 43, 6, 7, 8
2020/1/17, 182, 70, 28, 30, 13, 14
2020/1/18, 225, 89, 54, 21, 8, 11
2020/1/18, 156, 95, 45, 15, 9, 12
2020/1/18, 195, 95, 39, 23, 15, 12
2020/1/18, 193, 114, 37, 33, 15, 14
2020/1/18, 198, 92, 39, 26, 16, 13
2020/1/19, 214, 89, 27, 29, 10, 10
2020/1/19, 202, 70, 29, 25, 14, 9
2020/1/19, 200, 65, 28, 25, 15, 9
2020/1/19, 201, 72, 43, 19, 5, 7
2020/1/19, 191, 75, 38, 9, 3, 8
2020/1/20, 174, 41, 32, 11, 6, 5
2020/1/20, 169, 46, 27, 10, 8, 5
2020/1/20, 165, 35, 39, 2, 3, 4
2020/1/20, 174, 54, 27, 14, 6, 7
2020/1/20, 171, 48, 42, 11, 4, 4
2020/1/21, 80, 56, 30, 17, 13, 8
2020/1/21, 70, 59, 40, 10, 7, 7
2020/1/21, 96, 63, 35, 17, 8, 7
2020/1/21, 90, 58, 25, 18, 17, 8
2020/1/21, 83, 76, 24, 23, 20, 9
2020/1/22, 149, 75, 42, 11, 4, 8
2020/1/22, 155, 59, 34, 17, 10, 8
2020/1/22, 155, 66, 34, 16, 9, 8
2020/1/22, 158, 88, 35, 22, 13, 9
2020/1/22, 141, 69, 39, 9, 4, 8
2020/1/23, 164, 43, 28, 14, 12, 5
2020/1/23, 170, 41, 28, 12, 12, 5
2020/1/23, 176, 53, 29, 15, 16, 6
2020/1/23, 163, 43, 36, 6, 4, 5
2020/1/23, 175, 60, 34, 10, 7, 7
2020/1/24, 107, 129, 35, 18, 13, 12
2020/1/24, 140, 176, 45, 12, 9, 13
2020/1/24, 104, 180, 30, 19, 15, 10
2020/1/24, 106, 76, 43, 4, 5, 9
2020/1/24, 108, 150, 37, 18, 11, 11
2020/1/25, 238, 174, 41, 19, 10, 14
2020/1/25, 273, 124, 48, 12, 5, 16
2020/1/25, 233, 91, 35, 17, 12, 13
2020/1/25, 164, 111, 57, 6, 4, 12
2020/1/25, 292, 72, 40, 17, 8, 14
2020/1/26, 276, 68, 31, 23, 17, 11
2020/1/26, 273, 88, 36, 23, 11, 12
2020/1/26, 258, 76, 36, 24, 8, 15
2020/1/26, 221, 61, 50, 5, 3, 9
2020/1/26, 277, 88, 48, 14, 4, 14
2020/1/27, 198, 93, 55, 20, 25, 15
2020/1/27, 143, 87, 56, 9, 11, 10
2020/1/27, 170, 129, 49, 27, 22, 14
2020/1/27, 201, 116, 44, 22, 15, 18
2020/1/27, 186, 101, 49, 22, 17, 14
2020/1/28, 241, 72, 30, 18, 28, 8
2020/1/28, 240, 67, 30, 9, 8, 8
2020/1/28, 224, 82, 28, 16, 17, 8
2020/1/28, 186, 78, 39, 7, 13, 8
2020/1/28, 243, 69, 34, 10, 15, 9
2020/1/29, 165, 40, 31, 10, 11, 7
2020/1/29, 157, 64, 21, 20, 19, 7
2020/1/29, 162, 45, 25, 13, 12, 6
2020/1/29, 157, 56, 33, 17, 12, 9
2020/1/29, 160, 52, 35, 7, 15, 6
2020/1/30, 132, 60, 36, 22, 11, 13
2020/1/30, 155, 102, 40, 20, 6, 14
2020/1/30, 132, 100, 29, 28, 14, 10
2020/1/30, 129, 91, 28, 23, 11, 11
2020/1/30, 123, 57, 45, 4, 4, 6
2020/1/31, 189, 97, 29, 14, 8, 8
2020/1/31, 228, 81, 34, 12, 4, 10
2020/1/31, 205, 58, 29, 12, 10, 11
2020/1/31, 143, 67, 36, 6, 3, 9
2020/1/31, 198, 54, 28, 12, 10, 8
2020/2/1, 169, 28, 20, 8, 11, 4
2020/2/1, 183, 33, 28, 5, 3, 4
2020/2/1, 170, 39, 22, 7, 6, 4
2020/2/1, 154, 28, 27, 3, 2, 4
2020/2/1, 177, 26, 21, 8, 11, 5
2020/2/2, 73, 33, 24, 8, 10, 4
2020/2/2, 85, 43, 31, 8, 3, 6
2020/2/2, 69, 44, 29, 8, 7, 5
2020/2/2, 59, 31, 26, 8, 11, 5
2020/2/2, 68, 32, 31, 2, 2, 6
2020/2/3, 111, 28, 31, 5, 3, 5
2020/2/3, 98, 23, 26, 5, 11, 3
2020/2/3, 96, 32, 29, 5, 9, 3
2020/2/3, 90, 28, 24, 5, 9, 2
2020/2/3, 86, 21, 31, 3, 6, 4
2020/2/4, 75, 61, 29, 8, 7, 7
2020/2/4, 63, 50, 29, 5, 6, 7
2020/2/4, 84, 53, 33, 10, 2, 7
2020/2/4, 67, 42, 27, 10, 11, 6
2020/2/4, 76, 50, 26, 10, 16, 4
2020/2/5, 137, 43, 28, 8, 7, 5
2020/2/5, 127, 34, 36, 1, 2, 6
2020/2/5, 126, 38, 35, 6, 8, 7
2020/2/5, 142, 54, 34, 8, 5, 7
2020/2/5, 145, 58, 35, 11, 4, 8
2020/2/6, 127, 62, 36, 12, 10, 7
2020/2/6, 125, 54, 36, 11, 10, 6
2020/2/6, 149, 60, 42, 10, 5, 7
2020/2/6, 92, 50, 35, 6, 7, 8
2020/2/6, 135, 50, 34, 11, 13, 8
2020/2/7, 136, 57, 29, 12, 13, 5
2020/2/7, 144, 100, 40, 17, 9, 10
2020/2/7, 136, 69, 29, 17, 12, 6
2020/2/7, 123, 43, 44, 3, 9, 6
2020/2/7, 134, 56, 32, 11, 11, 7
2020/2/8, 141, 66, 40, 10, 12, 6
2020/2/8, 185, 61, 42, 7, 7, 6
2020/2/8, 108, 47, 43, 4, 8, 6
2020/2/8, 132, 52, 38, 8, 13, 7
2020/2/8, 126, 57, 39, 8, 11, 5
2020/2/9, 144, 52, 40, 11, 5, 6
2020/2/9, 146, 58, 32, 18, 15, 5
2020/2/9, 143, 52, 32, 15, 16, 5
2020/2/9, 115, 45, 47, 4, 5, 5
2020/2/9, 140, 53, 34, 12, 10, 6
2020/2/10, 138, 54, 48, 7, 9, 6
2020/2/10, 136, 54, 52, 5, 7, 6
2020/2/10, 138, 56, 50, 5, 6, 6
2020/2/10, 128, 64, 49, 10, 12, 7
2020/2/10, 118, 53, 55, 3, 5, 6
2020/2/11, 150, 43, 44, 11, 9, 7
2020/2/11, 148, 53, 45, 13, 7, 7
2020/2/11, 150, 54, 47, 15, 7, 7
2020/2/11, 135, 40, 49, 4, 3, 3
2020/2/11, 150, 50, 45, 10, 8, 7
2020/2/12, 133, 48, 39, 10, 4, 8
2020/2/12, 112, 48, 43, 5, 4, 6
2020/2/12, 131, 50, 36, 9, 5, 7
2020/2/12, 141, 62, 39, 15, 4, 9
2020/2/12, 132, 55, 55, 8, 4, 8
2020/2/13, 139, 19, 25, 6, 9, 3
2020/2/13, 130, 16, 28, 1, 3, 1
2020/2/13, 144, 25, 26, 5, 5, 2
2020/2/13, 140, 18, 24, 4, 8, 1
2020/2/13, 144, 18, 25, 3, 4, 3
2020/2/14, 48, 31, 29, 7, 11, 3
2020/2/14, 49, 29, 28, 6, 11, 2
2020/2/14, 55, 27, 28, 7, 12, 3
2020/2/14, 45, 25, 33, 2, 3, 3
2020/2/14, 54, 25, 29, 8, 10, 4
2020/2/15, 76, 25, 28, 2, 3, 3
2020/2/15, 74, 25, 32, 1, 2, 2
2020/2/15, 74, 32, 29, 4, 5, 3
2020/2/15, 81, 26, 27, 3, 8, 2
2020/2/15, 72, 27, 30, 5, 11, 4
2020/2/16, 70, 24, 28, 6, 5, 4
2020/2/16, 60, 27, 30, 7, 5, 5
2020/2/16, 57, 23, 31, 5, 11, 3
2020/2/16, 64, 34, 28, 9, 11, 5
2020/2/16, 64, 22, 26, 7, 6, 3
2020/2/17, 86, 48, 30, 11, 6, 6
2020/2/17, 64, 35, 34, 5, 3, 5
2020/2/17, 68, 36, 30, 10, 7, 5
2020/2/17, 69, 38, 29, 11, 10, 5
2020/2/17, 77, 43, 33, 11, 3, 6
2020/2/18, 93, 39, 36, 5, 4, 5
2020/2/18, 96, 39, 32, 10, 6, 4
2020/2/18, 104, 48, 33, 15, 6, 6
2020/2/18, 109, 42, 36, 13, 2, 6
2020/2/18, 92, 39, 34, 10, 6, 5
2020/2/19, 103, 52, 38, 15, 4, 7
2020/2/19, 107, 48, 38, 9, 2, 7
2020/2/19, 96, 34, 41, 3, 3, 4
2020/2/19, 102, 40, 36, 14, 4, 6
2020/2/19, 103, 37, 36, 13, 4, 5
2020/2/20, 108, 46, 33, 13, 6, 6
2020/2/20, 94, 47, 36, 5, 4, 7
2020/2/20, 119, 58, 35, 15, 6, 7
2020/2/20, 116, 46, 30, 12, 6, 6
2020/2/20, 129, 49, 34, 9, 3, 6
2020/2/21, 144, 51, 28, 9, 3, 4
2020/2/21, 130, 37, 27, 8, 6, 3
2020/2/21, 134, 37, 28, 7, 5, 4
2020/2/21, 122, 37, 32, 4, 3, 4
2020/2/21, 134, 36, 31, 5, 1, 4
2020/2/22, 88, 37, 36, 10, 2, 5
2020/2/22, 83, 32, 38, 3, 4, 5
2020/2/22, 95, 47, 35, 11, 5, 5
2020/2/22, 93, 37, 33, 9, 6, 4
2020/2/22, 98, 36, 32, 11, 6, 5
2020/2/23, 80, 28, 30, 9, 6, 3
2020/2/23, 84, 29, 34, 11, 3, 4
2020/2/23, 71, 25, 36, 5, 5, 4
2020/2/23, 84, 35, 33, 12, 7, 4
2020/2/23, 85, 29, 32, 9, 7, 3
2020/2/24, 73, 32, , 12, 7, 4
2020/2/24, 65, 28, 38, 3, 4, 4
2020/2/24, 74, 42, 33, 12, 14, 3
2020/2/24, 74, 39, 35, 9, 7, 4
2020/2/24, 73, 37, 32, 11, 6, 4
2020/2/25, 113, 32, 30, 10, 9, 4
2020/2/25, 89, 34, 32, 14, 9, 4
2020/2/25, 86, 31, 35, 4, 5, 3
2020/2/25, 111, 30, 30, 9, 4, 2
2020/2/25, 101, 38, 32, 14, 9, 5
2020/2/26, 89, 29, 36, 4, 3, 3
2020/2/26, 90, 49, 34, 17, 6, 6
2020/2/26, 88, 47, 33, 12, 2, 6
2020/2/26, 93, 37, 31, 17, 5, 5
2020/2/26, 96, 37, 32, 14, 6, 6
2020/2/27, 93, 33, 28, 11, 7, 7
2020/2/27, 107, 45, 28, 12, 6, 6
2020/2/27, 80, 35, 32, 6, 4, 5
2020/2/27, 96, 33, 27, 12, 5, 5
2020/2/27, 119, 34, 30, 7, 2, 6
2020/2/28, 110, 49, 35, 15, 4, 5
2020/2/28, 102, 42, 37, 6, 4, 4
2020/2/28, 104, 40, 39, 10, 2, 5
2020/2/28, 108, 33, 34, 10, 5, 3
2020/2/28, 106, 36, 34, 11, 7, 6
2020/2/29, 113, 47, 31, 15, 6, 7
2020/2/29, 106, 41, 30, 14, 5, 4
2020/2/29, 106, 46, 33, 9, 6, 4
2020/2/29, 105, 51, 32, 16, 4, 6
2020/2/29, 111, 43, 36, 15, 4, 7
2020/3/1, 124, 50, 37, 15, 6, 5
2020/3/1, 131, 52, 37, 13, 6, 7
2020/3/1, 123, 51, 37, 9, 4, 5
2020/3/1, 124, 49, 39, 15, 3, 6
2020/3/1, 122, 62, 39, 19, 7, 6
2020/3/2, 144, 60, 36, 16, 5, 7
2020/3/2, 137, 56, , 4, 3, 5
2020/3/2, 151, , 38, 11, 6, 6
2020/3/2, 151, 58, 38, 13, 4, 6
2020/3/2, 151, 64, 41, 17, 4, 6
2020/3/3, 159, 39, 36, 9, 4, 5
2020/3/3, 153, 42, 40, 7, 7, 4
2020/3/3, 159, 50, 41, 15, 6, 6
2020/3/3, 159, 46, 38, 12, 5, 4
2020/3/3, 158, 33, 38, 9, 5, 5
2020/3/4, 125, 29, 39, 13, 6, 4
2020/3/4, 116, 38, 42, 12, 4, 5
2020/3/4, 108, 29, 43, 4, 3, 3
2020/3/4, 115, 29, 40, 12, 7, 4
2020/3/4, 113, 31, 41, 13, 2, 5
2020/3/5, 81, 34, 46, 3, 4, 4
2020/3/5, 96, 38, 43, 7, 3, 5
2020/3/5, 85, 37, 42, 8, 4, 5
2020/3/5, 83, 36, 41, 10, 6, 6
2020/3/5, 87, 46, 45, 7, 4, 5
2020/3/6, 108, 51, 36, 11, 6, 6
2020/3/6, 112, 52, 36, 13, 5, 6
2020/3/6, 115, 54, 41, 8, 2, 6
2020/3/6, 115, 63, 40, 14, 3, 6
2020/3/6, 92, 53, 46, 5, 2, 6
2020/3/7, 143, 46, 41, 5, 2, 6
2020/3/7, 150, , 32, 13, 4, 6
2020/3/7, 150, 52, 36, 8, 2, 6
2020/3/7, 153, 57, 33, 15, 3, 7
2020/3/7, 149, 55, 32, 8, 4, 7
2020/3/8, 126, 35, 37, 4, 4, 4
2020/3/8, 144, 42, 33, 8, 5, 5
2020/3/8, 147, 36, 32, 9, 6, 5
2020/3/8, 143, 40, 119, 10, 6, 4
2020/3/8, 151, 45, 36, 11, 3, 5
2020/3/9, 105, 46, 36, 15, 8, 5
2020/3/9, 111, 36, 34, 11, 5, 4
2020/3/9, 111, 36, 34, 11, 5, 4
2020/3/9, 113, 37, 37, 12, 5, 4
2020/3/9, 99, 36, 37, 8, 5, 4
2020/3/10, 98, 42, 35, 13, 4, 4
2020/3/10, 91, 26, 38, 6, 4, 3
2020/3/10, 93, 44, 51, 12, 7, 4
2020/3/10, 97, 31, 34, 10, 2, 4
2020/3/10, 91, 30, 32, 10, 7, 4
2020/3/11, 70, 160, 34, 3, 3, 2
2020/3/11, 84, 195, 32, 5, 1, 3
2020/3/11, 84, 237, 31, 8, 4, 4
2020/3/11, 75, 186, 30, 6, 5, 3
2020/3/11, 91, 177, 26, 7, 4, 5
2020/3/12, 80, 42, 30, 8, 4, 4
2020/3/12, 78, 30, 30, 5, 4, 3
2020/3/12, 63, 29, 33, 2, 3, 2
2020/3/12, 76, 32, 32, 3, 1, 3
2020/3/12, 82, 31, 26, 5, 3, 4
2020/3/13, 51, 45, 33, 7, 2, 5
2020/3/13, 37, 38, , 5, 2, 3
2020/3/13, 49, 54, 29, 11, 5, 6
2020/3/13, 49, 41, 25, 9, 4, 6
2020/3/13, 48, 41, 31, 7, 5, 5
2020/3/14, 59, 30, 31, 3, 3, 2
2020/3/14, 68, 25, , 3, 1, 5
2020/3/14, 72, 29, 28, 5, 3, 4
2020/3/14, 74, 32, 30, 6, 2, 4
2020/3/14, 75, 49, , 7, 2, 4
2020/3/15, 50, 61, 37, 14, 2, 7
2020/3/15, 48, 48, 30, 13, 7, 6
2020/3/15, 44, 47, 36, 12, 5, 5
2020/3/15, 45, 58, 38, 15, 3, 5
2020/3/15, 45, 41, 41, 6, 3, 3
2020/3/16, 75, 43, 29, 14, 5, 5
2020/3/16, 88, 44, 31, 13, 2, 6
2020/3/16, 72, 38, 28, 6, 2, 4
2020/3/16, 73, 40, 21, 17, 6, 5
2020/3/16, 84, 55, 23, 20, 11, 9
2020/3/17, 98, 45, 37, 13, 3, 4
2020/3/17, 93, 43, 55, 4, 5, 4
2020/3/17, 112, 60, 43, 16, 5, 8
2020/3/17, 112, 47, 44, 11, 4, 5
2020/3/17, 106, 47, 48, 10, 3, 5
2020/3/18, 91, 32, 35, 7, 4, 3
2020/3/18, 95, 37, 33, 10, 2, 5
2020/3/18, 77, 31, 37, 5, 3, 3
2020/3/18, 88, 34, 38, 6, 1, 4
2020/3/18, 85, 32, 29, 8, 3, 3
2020/3/19, 65, 45, 37, 14, 6, 5
2020/3/19, 65, 46, 29, 17, 6, 6
2020/3/19, 62, 64, 35, 20, 4, 6
2020/3/19, 59, 43, 41, 7, 2, 4
2020/3/19, 66, 57, 40, 16, 3, 5
2020/3/20, 98, 50, 32, 13, 5, 5
2020/3/20, 113, 64, 41, 10, 2, 4
2020/3/20, 91, 45, 43, 7, 3, 4
2020/3/20, 98, 50, 40, 12, 7, 4
2020/3/20, 107, 65, 37, 16, 4, 5
2020/3/21, 109, 40, 46, 5, 2, 4
2020/3/21, 84, 39, 47, 7, 3, 4
2020/3/21, 108, 51, 41, 12, 4, 4
2020/3/21, 104, 40, 37, 10, 5, 5
2020/3/21, 102, 40, 43, 8, 5, 4
2020/3/22, 93, 50, 40, 19, 4, 5
2020/3/22, 99, 38, 34, 13, 4, 4
2020/3/22, 81, 29, 44, 9, 2, 4
2020/3/22, 95, 49, 38, 20, 4, 5
2020/3/22, 94, 43, 39, 16, 7, 4
2020/3/23, 103, 46, 42, 16, 3, 4
2020/3/23, 101, 60, 45, 15, 3, 5
2020/3/23, 99, 39, 39, 13, 4, 4
2020/3/23, 73, 38, 47, 5, 3, 4
2020/3/23, 100, 51, 44, 15, 7, 5
2020/3/24, 101, 58, 55, 11, 4, 5
2020/3/24, 89, 48, 64, 5, 3, 4
2020/3/24, 90, 58, 44, 12, 3, 4
2020/3/24, 98, 72, 54, 15, 4, 6
2020/3/24, 120, 66, 61, 13, 3, 6
2020/3/25, 117, 38, 41, 7, 3, 3
2020/3/25, 131, 44, 37, 7, 1, 3
2020/3/25, 112, 40, 35, 10, 2, 3
2020/3/25, 103, 72, 45, 5, 2, 3
2020/3/25, 128, 49, 39, 12, 2, 4
2020/3/26, 59, 66, 29, 8, 2, 3
2020/3/26, 70, 60, 32, 5, 1, 2
2020/3/26, 59, 55, 30, 7, 4, 2
2020/3/26, 50, 53, 34, 2, 2, 2
2020/3/26, 62, 54, 24, 8, 3, 2
2020/3/27, 52, 38, 35, 6, 2, 2
2020/3/27, 35, 35, 37, 4, 2, 2
2020/3/27, 47, 36, 32, 7, 3, 3
2020/3/27, 49, 32, 28, 8, 2, 3
2020/3/27, 48, 44, 32, 9, 2, 4
2020/3/28, 59, 57, 36, 13, 4, 4
2020/3/28, 55, 44, 42, 5, 5, 5
2020/3/28, 54, 51, 35, 10, 5, 5
2020/3/28, 55, 59, 33, 13, 5, 7
2020/3/28, 49, 46, 28, 12, 5, 5
2020/3/29, 82, , , , , 
2020/3/29, 90, , , , , 
2020/3/29, 92, , , , , 
2020/3/29, 88, , , , , 
2020/3/29, 86, , , , , 
2020/3/31, , 75, 47, 20, 3, 5
2020/3/31, , 76, 44, 23, 5, 7
2020/3/31, , 71, 49, 18, 7, 6
2020/3/31, , 59, 45, 18, 6, 6
2020/3/31, , 58, 46, 17, 5, 5
2020/4/1, 131, 74, 53, 17, 4, 6
2020/4/1, 145, 64, 61, 13, 4, 4
2020/4/1, 135, 62, 59, 14, 5, 5
2020/4/1, 156, 55, 68, 6, 3, 3
2020/4/1, 148, 65, 59, 13, 5, 5
2020/4/2, 134, 186, 42, 15, 3, 5
2020/4/2, 137, 166, 46, 11, 2, 5
2020/4/2, 136, 150, 45, 13, 4, 5
2020/4/2, 110, 128, 53, 6, 3, 4
2020/4/2, 137, 161, 46, 14, 4, 5
2020/4/3, 129, 105, 42, 14, 5, 6
2020/4/3, 136, 71, 41, 11, 4, 6
2020/4/3, 133, 69, 39, 10, 4, 5
2020/4/3, 117, 61, 42, 5, 4, 3
2020/4/3, 138, 78, 47, 10, 3, 7
2020/4/4, 142, 118, 85, 25, 8, 10
2020/4/4, 161, 116, 90, 22, 8, 10
2020/4/4, 101, 123, 94, 20, 5, 9
2020/4/4, 146, 230, 108, 32, 7, 14
2020/4/4, 165, 157, 97, 31, 8, 11
2020/4/5, 245, 110, 78, 24, 6, 11
2020/4/5, 244, 196, 77, 31, 6, 11
2020/4/5, 274, 97, 96, 14, 7, 7
2020/4/5, 239, 99, 79, 24, 5, 10
2020/4/5, 324, 176, 83, 27, 5, 12
2020/4/6, 269, 73, 76, 17, 6, 7
2020/4/6, 270, 69, 45, 15, 3, 8
2020/4/6, 284, 57, 47, 14, 4, 4
2020/4/6, 237, 60, 96, 14, 2, 4
2020/4/6, 300, 59, 48, 12, 4, 5
2020/4/7, 125, 49, 27, 14, 3, 6
2020/4/7, 132, 56, 32, 11, 2, 7
2020/4/7, 137, 56, 30, 12, 2, 5
2020/4/7, 108, 37, 33, 10, 3, 3
2020/4/7, 122, 55, 29, 9, 2, 4
2020/4/8, 115, 37, 42, 11, 2, 5
2020/4/8, 120, 34, 39, 11, 1, 4
2020/4/8, 114, 49, 39, 14, 2, 7
2020/4/8, 99, 23, 44, 6, 2, 3
2020/4/8, 110, 36, 39, 10, 2, 3
2020/4/9, 80, 58, 54, 27, 4, 9
2020/4/9, 98, 132, 57, 28, 5, 12
2020/4/9, 85, 119, 46, 38, 4, 10
2020/4/9, 86, 70, 54, 25, 4, 9
2020/4/9, 73, 70, 60, 16, 3, 6
2020/4/10, 208, 77, 48, 24, 4, 9
2020/4/10, 209, 123, 48, 28, 4, 9
2020/4/10, 221, 214, 57, 25, 5, 14
2020/4/10, 205, 76, 48, 22, 3, 8
2020/4/10, 176, 77, 66, 19, 4, 8
2020/4/11, 246, 143, 66, 34, 6, 10
2020/4/11, 177, 92, 71, 27, 5, 9
2020/4/11, 201, 57, 107, 7, 4, 5
2020/4/11, 212, 97, 73, 30, 5, 9
2020/4/11, 194, 92, 75, 33, 4, 8
2020/4/12, 134, 116, 96, 20, 6, 10
2020/4/12, 171, 241, 72, 49, 6, 13
2020/4/12, 206, 93, 76, 39, 4, 12
2020/4/12, 157, 175, 82, 35, 6, 14
2020/4/12, 211, 132, 78, 36, 5, 13
2020/4/13, 277, 113, 101, 15, 6, 8
2020/4/13, 295, 110, 89, 20, 6, 8
2020/4/13, 286, 108, 96, 18, 5, 11
2020/4/13, 303, 121, 94, 16, 7, 9
2020/4/13, 282, 137, 85, 28, 6, 10
2020/4/14, 198, 376, 82, 46, 11, 17
2020/4/14, 202, 300, 84, 33, 15, 17
2020/4/14, 212, 170, 74, 45, 11, 17
2020/4/14, 189, 252, 73, 47, 11, 19
2020/4/14, 210, 194, 77, 42, 13, 18
2020/4/15, 462, 162, 103, 25, 10, 12
2020/4/15, 426, 190, 100, 33, 8, 16
2020/4/15, 432, 157, 103, 34, 8, 15
2020/4/15, 373, 268, 102, 41, 7, 15
2020/4/15, 402, 250, 118, 33, 8, 17
2020/4/16, 305, 148, 83, 22, 4, 11
2020/4/16, 326, 179, 78, 26, 6, 16
2020/4/16, 363, 229, 70, 24, 4, 13
2020/4/16, 312, 246, 69, 35, 5, 13
2020/4/16, 342, 127, 76, 29, 5, 14
2020/4/17, 297, 131, 78, 33, 3, 9
2020/4/17, 329, 100, 71, 25, 4, 10
2020/4/17, 324, 124, 72, 27, 5, 14
2020/4/17, 279, 120, 89, 28, 3, 9
2020/4/17, 282, 97, 81, 21, 3, 7
2020/4/18, 197, 101, 75, 14, 3, 8
2020/4/18, 195, 93, 81, 9, 4, 7
2020/4/18, 245, 105, 72, 14, 4, 11
2020/4/18, 252, 94, 68, 15, 3, 7
2020/4/18, 208, 114, 78, 16, 3, 7
2020/4/19, 191, 13, 44, 3, 1, 5
2020/4/19, 200, 13, 46, 5, 1, 3
2020/4/19, 171, 12, 73, 3, 2, 4
2020/4/19, 192, 11, 43, 5, 2, 7
2020/4/19, 186, 18, 43, 8, , 3
2020/4/20, 51, 22, 30, 6, , 2
2020/4/20, 50, 24, 31, 1, 1, 4
2020/4/20, 32, 28, 26, 3, 2, 3
2020/4/20, 39, 38, 32, 7, , 3
2020/4/20, 58, 23, 32, 3, 1, 4
2020/4/21, 36, 11, 24, 3, 1, 4
2020/4/21, 40, 12, 23, 5, , 3
2020/4/21, 36, 17, 21, 8, , 3
2020/4/21, 36, 11, 24, 4, 2, 3
2020/4/21, 26, 12, 21, 4, 2, 3
2020/4/22, 33, 23, 32, 8, 2, 4
2020/4/22, 38, 30, 30, 13, , 5
2020/4/22, 32, 25, 33, 8, 1, 4
2020/4/22, 36, 12, 37, 4, 2, 3
2020/4/22, 39, 17, 33, 8, 1, 3
2020/4/23, 62, 37, 34, 13, 1, 3
2020/4/23, 53, 43, 41, 15, 1, 5
2020/4/23, 54, 32, 39, 10, 2, 4
2020/4/23, 37, 21, 42, 3, 2, 4
2020/4/23, 50, 29, 32, 12, 1, 4
2020/4/24, 66, 26, 37, 6, 1, 2
2020/4/24, 52, 20, 40, 4, 2, 3
2020/4/24, 66, 24, 38, 6, 2, 3
2020/4/24, 68, 29, , 9, 1, 4
2020/4/24, 66, 23, 40, 6, 1, 3
2020/4/25, 56, 28, 37, 11, 1, 4
2020/4/25, 52, 37, 34, 14, 1, 6
2020/4/25, 46, 20, 37, 6, 2, 3
2020/4/25, 50, 33, 36, 11, 2, 5
2020/4/25, 57, 41, 35, 13, 1, 3
2020/4/26, 66, 64, 39, 23, 1, 8
2020/4/26, 68, 51, 41, 16, 2, 4
2020/4/26, 66, 52, 44, 14, 2, 6
2020/4/26, 48, 33, 46, 9, 2, 4
2020/4/26, 63, 47, 39, 18, 1, 6
2020/4/27, 100, 63, 43, 16, 3, 6
2020/4/27, 97, 68, 53, 20, 3, 9
2020/4/27, 89, 59, 48, 14, 3, 7
2020/4/27, 68, 42, 57, 7, 4, 6
2020/4/27, 95, 54, 49, 16, 2, 7
2020/4/28, 120, 52, 47, 15, 1, 8
2020/4/28, 96, 36, 48, 5, 3, 5
2020/4/28, 111, 47, 44, 15, 2, 8
2020/4/28, 119, 58, 39, 16, 2, 6
2020/4/28, 110, 47, 43, 14, 3, 7
2020/4/29, 112, 54, 70, 18, 2, 8
2020/4/29, 116, 61, 102, 21, 2, 5
2020/4/29, 102, 64, 78, 24, 1, 7
2020/4/29, 108, 55, 68, 16, 3, 7
2020/4/29, 96, 46, 75, 6, 3, 5
2020/4/30, 130, 85, 100, 12, 4, 7
2020/4/30, 130, 98, 103, 16, 4, 7
2020/4/30, 105, 66, 111, 5, 4, 6
2020/4/30, 121, 82, 107, 7, 5, 9
2020/4/30, 131, 92, 108, 9, 4, 9
2020/5/1, 143, 87, 103, 16, 4, 7
2020/5/1, 141, 75, 100, 10, 4, 6
2020/5/1, 139, 73, 108, 10, 4, 9
2020/5/1, 112, 62, 111, 6, 5, 6
2020/5/1, 126, 73, 107, 7, 5, 9
2020/5/2, 138, 44, 60, 12, , 4
2020/5/2, 125, 51, 64, 8, 2, 6
2020/5/2, 112, 34, 71, 6, 2, 3
2020/5/2, 132, 50, 62, 11, 1, 4
2020/5/2, 135, 45, 62, 10, 1, 6
2020/5/3, 86, 28, 36, 13, 1, 3
2020/5/3, 80, 22, 39, 4, 2, 4
2020/5/3, 75, 16, 41, 4, 2, 2
2020/5/3, 89, 19, 39, 6, 1, 3
2020/5/3, 87, 22, 39, 8, 1, 2
2020/5/4, 54, 32, 42, 12, 1, 2
2020/5/4, 44, 28, 45, 7, 2, 3
2020/5/4, 46, 37, 42, 10, 2, 4
2020/5/4, 54, 44, 38, 18, 1, 4
2020/5/4, 45, 44, 42, 12, 1, 3
2020/5/5, 81, 47, 50, 21, 1, 5
2020/5/5, 76, 39, 50, 17, 1, 3
2020/5/5, 68, 26, 55, 5, 2, 3
2020/5/5, 77, 95, 48, 21, 2, 4
2020/5/5, 73, 45, 49, 16, 2, 4
2020/5/6, 90, 56, 64, 12, 3, 4
2020/5/6, 87, 54, 64, 16, 3, 4
2020/5/6, 88, 65, 53, 20, 4, 5
2020/5/6, 69, 45, 66, 6, 3, 4
2020/5/6, 102, 71, 60, 15, 3, 4
2020/5/7, 93, 57, 40, 15, 2, 6
2020/5/7, 101, 40, 49, 5, 2, 5
2020/5/7, 105, 47, 46, 6, 3, 5
2020/5/7, 89, 48, 45, 10, 2, 4
2020/5/7, 118, 49, 44, 8, 2, 5
2020/5/8, 104, 47, 66, 18, 1, 6
2020/5/8, 90, 42, 54, 11, 2, 5
2020/5/8, 93, 39, 61, 14, 1, 4
2020/5/8, 104, 62, 56, 13, 1, 5
2020/5/8, 89, 24, 53, 4, 2, 4
2020/5/9, 78, 105, 57, 16, 1, 4
2020/5/9, 93, 135, 52, 12, 1, 3
2020/5/9, 91, 148, 52, 21, , 6
2020/5/9, 76, 116, 55, 10, 2, 4
2020/5/9, 61, 92, 55, 4, 2, 3
2020/5/10, 104, 48, 36, 3, 1, 2
2020/5/10, 74, 55, 37, 4, 2, 2
2020/5/10, 73, 41, 37, 6, 1, 2
2020/5/10, 78, 38, 39, 3, 2, 2
2020/5/10, 84, 53, 34, 10, , 4
2020/5/11, 44, 17, 36, 7, , 2
2020/5/11, 41, 16, 36, 7, 1, 2
2020/5/11, 60, 23, 36, 8, 1, 2
2020/5/11, 52, 11, 39, 3, 2, 2
2020/5/11, 43, 25, 32, 14, , 5
2020/5/12, 41, 34, 35, 15, , 4
2020/5/12, 42, 40, 41, 13, 1, 2
2020/5/12, 30, 21, 44, 8, 2, 2
2020/5/12, 30, 26, 38, 11, 1, 2
2020/5/12, 32, 26, 42, 11, 2, 2
2020/5/13, 42, 109, 83, 9, 3, 5
2020/5/13, 39, 102, 78, 8, 2, 5
2020/5/13, 40, 79, 87, 5, 3, 4
2020/5/13, 44, 122, 76, 13, 2, 6
2020/5/13, 64, 128, 80, 9, 3, 5
2020/5/14, 82, 47, 67, 9, 1, 4
2020/5/14, 102, 58, 65, 15, 1, 4
2020/5/14, 84, 52, 70, 9, 2, 3
2020/5/14, 77, 28, 61, 4, 2, 2
2020/5/14, 132, 65, 68, 10, 2, 4
2020/5/15, 62, 40, 47, 16, 1, 5
2020/5/15, 105, 66, 45, 14, 2, 6
2020/5/15, 75, 35, 48, 9, 2, 4
2020/5/15, 59, 28, 46, 9, 1, 5
2020/5/15, 49, 26, 47, 8, 2, 3
2020/5/16, 52, 27, 47, 4, 2, 4
2020/5/16, 67, 41, 38, 16, 1, 5
2020/5/16, 83, 33, 39, 11, 2, 6
2020/5/16, 60, 30, 38, 10, 1, 6
2020/5/16, 85, 57, 37, 13, 1, 6
2020/5/17, 55, 19, 31, 3, 2, 3
2020/5/17, 62, 43, 31, 9, 2, 4
2020/5/17, 56, 40, 29, 10, 1, 4
2020/5/17, 82, 38, 30, 11, 1, 5
2020/5/17, 55, 32, 29, 8, 1, 4
2020/5/18, 63, 15, 26, 4, 1, 2
2020/5/18, 52, 7, 27, 1, 2, 3
2020/5/18, 66, 15, 26, 5, 1, 4
2020/5/18, 49, 15, 24, 6, 1, 2
2020/5/18, 53, 17, 26, 5, 2, 3
2020/5/19, 16, 13, 22, 9, 1, 2
2020/5/19, 23, 14, 23, 9, 2, 3
2020/5/19, 15, 9, 27, 1, 2, 2
2020/5/19, 11, 15, 22, 9, 1, 4
2020/5/19, 18, 15, 25, 8, 1, 3
2020/5/20, 39, 31, 40, 10, 2, 5
2020/5/20, 49, 34, 36, 9, 1, 5
2020/5/20, 44, 35, 44, 9, 1, 5
2020/5/20, 27, 25, 37, 4, 2, 5
2020/5/20, 36, 29, 40, 11, 1, 4
2020/5/21, 78, 19, 35, 9, 1, 3
2020/5/21, 77, 22, 34, 9, 2, 5
2020/5/21, 77, 24, 41, 8, 1, 5
2020/5/21, 83, 23, 40, 7, 1, 4
2020/5/21, 66, 15, 33, 3, 2, 4
2020/5/22, 54, 11, 32, 9, , 4
2020/5/22, 45, 10, 27, 2, 2, 4
2020/5/22, 53, 15, 35, 9, 1, 5
2020/5/22, 55, 13, 35, 9, , 5
2020/5/22, 63, 13, 34, 8, 1, 4
2020/5/23, 39, 15, 44, 4, 2, 4
2020/5/23, 44, 33, 39, 18, 1, 6
2020/5/23, 49, 32, 43, 9, 1, 3
2020/5/23, 45, 29, 43, 9, , 5
2020/5/23, 42, 24, 41, 11, 1, 3
2020/5/24, 52, 22, 41, 10, 1, 2
2020/5/24, 57, 37, 39, 15, 1, 5
2020/5/24, 54, 34, 43, 11, 1, 2
2020/5/24, 42, 16, 44, 4, 2, 2
2020/5/24, 51, 26, 43, 9, 2, 3
2020/5/25, 41, 27, 33, 16, 1, 5
2020/5/25, 41, 36, 36, 9, 1, 2
2020/5/25, 33, 16, 36, 9, 2, 3
2020/5/25, 31, 11, 39, 6, 2, 2
2020/5/25, 32, 15, 35, 9, 1, 3
2020/5/26, 29, 37, 41, 17, 1, 3
2020/5/26, 35, 40, 39, 17, 2, 4
2020/5/26, 46, 54, 42, 15, 1, 3
2020/5/26, 28, 22, 43, 8, 2, 2
2020/5/26, 38, 54, 37, 23, 1, 6
2020/5/27, 62, 35, 51, 11, 2, 4
2020/5/27, 77, 41, 48, 17, 2, 5
2020/5/27, 43, 16, 56, 3, 2, 3
2020/5/27, 57, 26, 51, 11, 1, 4
2020/5/27, 71, 40, 50, 17, 1, 5
2020/5/28, 42, 19, 63, 4, 2, 3
2020/5/28, 66, 52, 51, 16, 2, 4
2020/5/28, 66, 50, 53, 19, 2, 4
2020/5/28, 53, 36, 56, 13, 1, 4
2020/5/28, 50, 46, 56, 13, 2, 4
2020/5/29, 57, 45, 85, 10, 1, 4
2020/5/29, 68, 49, 88, 8, 2, 4
2020/5/29, 43, 34, 100, 5, 2, 3
2020/5/29, 59, 62, 88, 14, 2, 5
2020/5/29, 61, 58, 89, 8, 2, 4
2020/5/30, 71, 106, 74, 7, 1, 4
2020/5/30, 66, 32, 84, 4, 2, 3
2020/5/30, 93, 39, 74, 6, 2, 4
2020/5/30, 73, 48, 70, 12, 1, 5
2020/5/30, 87, 48, 75, 6, 2, 4
2020/5/31, 73, 10, 58, 4, 2, 2
2020/5/31, 78, 28, 49, 15, 1, 5
2020/5/31, 80, 19, 53, 9, , 4
2020/5/31, 74, 81, 52, 10, 1, 3
2020/5/31, 85, 19, 49, 8, 1, 3
2020/6/1, 39, 60, 50, 14, 2, 4
2020/6/1, 41, 37, 53, 13, 2, 4
2020/6/1, 29, 20, 59, 6, 2, 4
2020/6/1, 38, 33, 53, 14, 2, 4
2020/6/1, 50, 45, 50, 21, 2, 6
2020/6/2, 65, 34, 53, 8, 1, 3
2020/6/2, 59, 37, 50, 7, 2, 4
2020/6/2, 64, 31, 53, 8, 1, 3
2020/6/2, 64, 44, 50, 12, 1, 4
2020/6/2, 58, 19, 59, 4, 2, 3
2020/6/3, 44, 21, 39, 8, 1, 2
2020/6/3, 47, 29, 39, 8, 1, 3
2020/6/3, 40, 24, 40, 8, 1, 3
2020/6/3, 36, 14, 42, 6, 2, 2
2020/6/3, 50, 29, 35, 16, 1, 4
2020/6/4, 28, 22, 37, 11, 1, 2
2020/6/4, 44, 44, 37, 16, 2, 4
2020/6/4, 38, 31, 33, 18, 1, 4
2020/6/4, 30, 18, , 7, 2, 3
2020/6/4, 35, 25, 36, 12, 2, 3
2020/6/5, 59, 55, 51, 21, 2, 4
2020/6/5, 51, 35, 57, 19, 1, 3
2020/6/5, 38, 18, 57, 10, 2, 2
2020/6/5, 49, 39, 59, 19, 2, 4
2020/6/5, 42, 47, 63, 22, 1, 4
2020/6/6, 51, 57, 91, 24, 2, 5
2020/6/6, 64, 54, 88, 17, 2, 4
2020/6/6, 42, 74, 94, 10, 2, 3
2020/6/6, 53, 50, 91, 18, 2, 4
2020/6/6, 49, 44, 90, 17, 1, 3
2020/6/7, 62, 79, 124, 20, 2, 6
2020/6/7, 71, 62, 124, 12, 4, 6
2020/6/7, 63, 66, 122, 12, 7, 5
2020/6/7, 63, 66, 127, 12, 3, 5
2020/6/7, 57, 53, 128, 9, 3, 6
2020/6/8, 107, 54, 89, 13, 4, 5
2020/6/8, 81, 50, 95, 11, 4, 6
2020/6/8, 91, 53, 99, 13, 4, 5
2020/6/8, 92, 56, 95, 14, 4, 5
2020/6/8, 94, 64, 95, 23, 3, 6
2020/6/9, 97, 57, 53, 28, 1, 5
2020/6/9, 90, 37, 74, 10, 2, 4
2020/6/9, 106, 47, 59, 19, 1, 4
2020/6/9, 121, 44, 68, 19, 2, 4
2020/6/9, 95, 47, 62, 22, 1, 4
2020/6/10, 79, 17, 46, 8, 1, 3
2020/6/10, 95, 18, 47, 7, 1, 2
2020/6/10, 78, 27, 42, 15, , 3
2020/6/10, 84, 19, 51, 6, 2, 3
2020/6/10, 69, 25, 52, 6, 2, 2
2020/6/11, 19, 44, 91, 20, 2, 4
2020/6/11, 23, 56, 83, 26, 2, 5
2020/6/11, 20, 36, 102, 15, 3, 4
2020/6/11, 13, 51, 92, 18, 3, 4
2020/6/11, 34, 48, 96, 18, 3, 5
2020/6/12, 75, 54, 119, 14, 3, 5
2020/6/12, 57, 51, 121, 12, 3, 5
2020/6/12, 66, 63, 112, 23, 1, 5
2020/6/12, 61, 52, 112, 17, 2, 4
2020/6/12, 75, 55, 115, 14, 2, 5
2020/6/13, 90, 27, 112, 10, , 3
2020/6/13, 92, 19, 115, 5, 1, 2
2020/6/13, 84, 17, 112, 5, 1, 1
2020/6/13, 87, 18, 72, 4, 1, 3
2020/6/13, 73, 14, 121, 3, 2, 2
2020/6/14, 25, 13, 39, 8, 2, 2
2020/6/14, 29, 22, 40, 8, 1, 2
2020/6/14, 32, 24, 40, 10, 1, 2
2020/6/14, 32, 25, 37, 15, , 3
2020/6/14, 25, 22, 40, 7, 3, 3
2020/6/15, 21, 25, 43, 14, 2, 4
2020/6/15, 27, 23, 46, 12, 1, 3
2020/6/15, 31, 25, 44, 16, 2, 2
2020/6/15, 18, 31, 39, 21, , 4
2020/6/15, 26, 25, 45, 14, 1, 3
2020/6/16, 33, 26, 76, 12, 3, 3
2020/6/16, 36, 41, 68, 20, 2, 4
2020/6/16, 38, 33, 76, 14, 2, 3
2020/6/16, 62, 37, 82, 14, 4, 2
2020/6/16, 34, 34, 76, 12, 3, 3
2020/6/17, 44, 32, 40, 13, 1, 3
2020/6/17, 48, 29, 42, 11, 2, 3
2020/6/17, 61, 30, 82, 12, 2, 2
2020/6/17, 45, 12, 45, 7, 2, 2
2020/6/17, 44, 23, 41, 11, 1, 3
2020/6/18, 28, 18, 45, 9, 2, 2
2020/6/18, 42, 34, 63, 15, 2, 3
2020/6/18, 36, 32, 44, 19, 2, 4
2020/6/18, 33, 35, 43, 16, 2, 3
2020/6/18, 27, 34, 43, 14, 1, 3
2020/6/19, 41, 41, 108, 17, 2, 5
2020/6/19, 31, 57, 107, 11, 2, 4
2020/6/19, 45, 42, 106, 18, 1, 6
2020/6/19, 55, 46, 105, 19, 1, 4
2020/6/19, 46, 52, 98, 22, 1, 6
2020/6/20, 75, 55, 101, 7, 2, 7
2020/6/20, 65, 51, 100, 7, 2, 7
2020/6/20, 62, 52, 92, 7, 2, 8
2020/6/20, 64, 62, 89, 13, 2, 7
2020/6/20, 57, 49, 101, 5, 3, 6
2020/6/21, 117, 45, 75, 14, 1, 6
2020/6/21, 105, 28, 76, 3, 2, 5
2020/6/21, 113, 39, 80, 9, 1, 6
2020/6/21, 124, 41, 81, 9, 1, 5
2020/6/21, 112, 40, 79, 10, , 6
2020/6/22, 80, 39, 55, 13, 2, 5
2020/6/22, 82, 49, 53, 14, 1, 5
2020/6/22, 92, 41, 58, 12, 1, 5
2020/6/22, 84, 52, 53, 21, 2, 6
2020/6/22, 63, 31, 55, 7, 2, 5
2020/6/23, 61, 18, 45, 8, , 4
2020/6/23, 69, 26, 47, 15, 1, 4
2020/6/23, 74, 26, 53, 14, 1, 4
2020/6/23, 79, 37, 50, 19, 2, 5
2020/6/23, 72, 32, 43, 13, 1, 4
2020/6/24, 44, 20, 40, 6, , 3
2020/6/24, 50, 42, 39, 8, , 3
2020/6/24, 52, 24, 39, 9, 1, 3
2020/6/24, 54, 30, 41, 10, 1, 3
2020/6/24, 55, 32, 38, 13, 1, 4
2020/6/25, 40, 17, 25, 10, , 3
2020/6/25, 58, 24, 29, 9, 1, 2
2020/6/25, 43, 18, 26, 11, 1, 3
2020/6/25, 48, 31, 26, 16, 1, 4
2020/6/25, 37, 21, 28, 10, 1, 3
2020/6/26, 37, 18, 37, 8, , 3
2020/6/26, 31, 32, 37, 14, 1, 2
2020/6/26, 37, 22, 38, 11, 1, 3
2020/6/26, 36, 30, 32, 18, , 5
2020/6/26, 33, 20, 37, 10, , 3
2020/6/27, 26, 18, 49, 8, , 3
2020/6/27, 44, 30, 50, 16, 1, 3
2020/6/27, 37, 36, 48, 15, 1, 3
2020/6/27, 37, 44, 42, 23, 2, 6
2020/6/27, 35, 33, 47, 15, 1, 4
2020/6/28, 53, 49, 66, 22, 2, 5
2020/6/28, 49, 41, 63, 15, 1, 4
2020/6/28, 50, 43, 67, 18, 1, 3
2020/6/28, 35, 30, 61, 9, , 4
2020/6/28, 48, 46, 57, 19, 2, 4
2020/6/29, 73, 31, 67, 13, 1, 2
2020/6/29, 67, 32, 52, 12, , 3
2020/6/29, 73, 30, 47, 11, 1, 3
2020/6/29, 55, 16, 42, 6, , 3
2020/6/29, 88, 24, 52, 9, , 3
2020/6/30, 37, 25, 40, 11, 1, 3
2020/6/30, 43, 32, 41, 13, 1, 3
2020/6/30, 43, 30, 39, 14, 2, 3
2020/6/30, 35, 14, 39, 6, , 3
2020/6/30, 24, 35, 42, 14, 1, 2
2020/7/1, 47, 54, 58, 21, 2, 5
2020/7/1, 28, 16, 58, 4, 1, 3
2020/7/1, 37, 42, 56, 16, 1, 6
2020/7/1, 44, 56, 59, 19, 1, 3
2020/7/1, 46, 53, 55, 17, 2, 4
2020/7/2, 63, 49, 78, 13, 1, 5
2020/7/2, 75, 43, 74, 13, 2, 5
2020/7/2, 70, 52, 74, 21, 2, 6
2020/7/2, 38, 27, 68, 8, 1, 5
2020/7/2, 70, 50, 76, 17, 1, 4
2020/7/3, 69, 45, 70, 10, 1, 5
2020/7/3, 55, 30, 48, 6, 1, 5
2020/7/3, 67, 62, 67, 18, 1, 6
2020/7/3, 76, 45, 72, 11, 1, 4
2020/7/3, 71, 49, 68, 11, , 6
2020/7/4, 101, 78, 43, 11, 1, 5
2020/7/4, 77, 25, 48, 3, , 5
2020/7/4, 96, 39, 48, 7, , 5
2020/7/4, 103, 31, 51, 5, , 3
2020/7/4, 88, 29, 46, 6, 1, 5
2020/7/5, 63, 16, 45, 3, , 4
2020/7/5, 74, 50, 39, 15, 2, 5
2020/7/5, 72, 29, 43, 8, , 5
2020/7/5, 64, 25, 43, 6, 1, 4
2020/7/5, 105, 22, , 5, , 2
2020/7/6, 35, 31, 31, 8, 1, 1
2020/7/6, 35, 21, 31, 5, 1, 3
2020/7/6, 47, 27, 31, 8, 1, 3
2020/7/6, 53, 39, 31, 17, 1, 5
2020/7/6, 55, 28, 35, 7, , 5
2020/7/7, 71, 36, 57, 13, 1, 1
2020/7/7, 55, 30, 45, 9, , 3
2020/7/7, 63, 34, 49, 13, 1, 4
2020/7/7, 65, 31, 51, 12, , 6
2020/7/7, 76, 48, 44, 22, 2, 6
2020/7/8, 68, 55, 68, 23, 1, 5
2020/7/8, 65, 47, 61, 18, 1, 4
2020/7/8, 65, 44, 66, 19, 1, 5
2020/7/8, 59, 23, 56, 5, 1, 4
2020/7/8, 68, 43, 69, 17, 1, 7
2020/7/9, 63, 30, 73, 4, 2, 4
2020/7/9, 78, 46, 68, 14, 1, 7
2020/7/9, 83, 54, 70, 18, 1, 5
2020/7/9, 73, 55, 63, 15, 1, 4
2020/7/9, 74, 47, 65, 15, 2, 5
2020/7/10, 76, 44, 60, 20, 2, 5
2020/7/10, 65, 27, 43, 7, 1, 4
2020/7/10, 81, 61, 61, 16, 1, 5
2020/7/10, 78, 42, 66, 14, 1, 7
2020/7/10, 75, 54, 64, 16, 1, 5
2020/7/11, 69, 48, 75, 22, 2, 5
2020/7/11, 68, 57, 66, 21, 1, 5
2020/7/11, 59, 26, 75, 3, 1, 3
2020/7/11, 74, 51, 68, 19, 1, 6
2020/7/11, 71, 57, 74, 15, 1, 7
2020/7/12, 69, 46, 66, 18, 2, 4
2020/7/12, 77, 47, 64, 14, 2, 4
2020/7/12, 51, 20, 69, 4, 1, 3
2020/7/12, 68, 60, 66, 14, 1, 4
2020/7/12, 84, 40, 66, 15, 1, 5
2020/7/13, 51, 38, 46, 11, 2, 3
2020/7/13, 50, 33, 46, 12, 1, 3
2020/7/13, 57, 33, 43, 11, 2, 4
2020/7/13, 58, 24, 47, 10, 1, 3
2020/7/13, 45, 14, 47, 3, 1, 3
2020/7/14, 43, 38, 47, 18, , 5
2020/7/14, 41, 48, 48, 20, 2, 6
2020/7/14, 23, 26, 43, 8, 1, 4
2020/7/14, 38, 55, 38, 30, 1, 7
2020/7/14, 32, 51, 47, 19, 1, 4
2020/7/15, 67, 42, 84, 13, 1, 6
2020/7/15, 51, 36, 80, 5, 1, 5
2020/7/15, 66, 49, 85, 11, 2, 6
2020/7/15, 70, 60, 76, 24, 1, 7
2020/7/15, 72, 45, 90, 12, 1, 5
2020/7/16, 78, 59, 101, 7, 1, 7
2020/7/16, 96, 66, 90, 15, , 8
2020/7/16, 72, 48, 98, 5, 1, 7
2020/7/16, 85, 51, 99, 9, 1, 7
2020/7/16, 96, 55, 104, 6, 1, 7
2020/7/17, 96, 44, 98, 5, 1, 6
2020/7/17, 104, 47, 101, 6, 1, 6
2020/7/17, 111, 41, 104, 6, 1, 5
2020/7/17, 114, 38, 99, 7, 1, 5
2020/7/17, 119, 53, 90, 14, 1, 6
2020/7/18, 70, 42, 39, 14, 1, 5
2020/7/18, 82, 55, 48, 16, 1, 5
2020/7/18, 86, 27, 100, 7, 1, 7
2020/7/18, 78, 41, 57, 11, 1, 5
2020/7/18, 82, 29, 54, 13, 1, 5
2020/7/19, 61, 14, 33, 4, 1, 6
2020/7/19, 63, 24, 35, 7, 1, 4
2020/7/19, 70, 18, 37, 7, , 3
2020/7/19, 68, 25, 30, 15, 1, 4
2020/7/19, 63, 15, 34, 8, , 3
2020/7/20, 35, 23, 42, 11, , 3
2020/7/20, 41, 26, 47, 9, 1, 2
2020/7/20, 40, 37, 37, 19, 1, 4
2020/7/20, 30, 16, 52, 5, 1, 3
2020/7/20, 32, 26, 41, 12, 1, 3
2020/7/21, 42, 56, 98, 15, 1, 5
2020/7/21, 46, 64, 98, 21, 1, 7
2020/7/21, 31, 37, 94, 5, 1, 5
2020/7/21, 42, 51, 102, 15, , 6
2020/7/21, 44, 55, 102, 15, 1, 7
2020/7/22, 89, 50, 96, 15, 1, 7
2020/7/22, 84, 56, 142, 16, 1, 5
2020/7/22, 81, 61, 96, 18, 1, 6
2020/7/22, 92, 46, 100, 13, , 6
2020/7/22, 69, 31, 79, 3, 1, 5
2020/7/23, 82, 46, 73, 12, 2, 5
2020/7/23, 66, 23, 74, 3, 1, 5
2020/7/23, 85, 49, 81, 12, 1, 4
2020/7/23, 95, 51, 71, 14, 1, 5
2020/7/23, 87, 40, 79, 10, 1, 4
2020/7/24, 51, 40, 61, 12, 1, 3
2020/7/24, 73, 58, 54, 13, , 4
2020/7/24, 68, 29, 52, 9, 1, 3
2020/7/24, 69, 25, 56, 8, , 3
2020/7/24, 46, 14, 53, 3, 1, 4
2020/7/25, 41, 25, 72, 7, , 3
2020/7/25, 29, 20, 68, 3, 1, 4
2020/7/25, 52, 48, 74, 8, , 4
2020/7/25, 42, 29, 66, 7, 1, 4
2020/7/25, 43, 48, 69, 12, 2, 4
2020/7/26, 35, 24, 74, 6, 1, 5
2020/7/26, 54, 41, 51, 11, 1, 5
2020/7/26, 40, 33, 63, 10, 1, 4
2020/7/26, 49, 48, 53, 18, 1, 5
2020/7/26, 37, 32, 60, 11, 1, 4
2020/7/27, 60, 22, 35, 6, , 5
2020/7/27, 56, 20, 42, 8, , 5
2020/7/27, 44, 16, 44, 3, 1, 4
2020/7/27, 59, 32, 29, 11, 1, 6
2020/7/27, 54, 19, 34, 6, 1, 4
2020/7/28, 48, 29, 43, 9, 1, 5
2020/7/28, 48, 22, 40, 8, 1, 5
2020/7/28, 43, 23, 39, 6, , 4
2020/7/28, 35, 15, 39, 4, 1, 4
2020/7/28, 52, 19, 43, 8, , 4
2020/7/29, 41, 24, 63, 5, 1, 5
2020/7/29, 44, 34, 48, 10, , 5
2020/7/29, 26, 20, 48, 3, 1, 5
2020/7/29, 45, 31, 63, 4, , 4
2020/7/29, 42, 28, 61, 6, , 5
2020/7/30, 96, 54, 82, 5, 1, 7
2020/7/30, 37, 47, 74, 4, 1, 6
2020/7/30, 56, 53, 81, 6, 1, 6
2020/7/30, 63, 63, 64, 13, 1, 8
2020/7/30, 57, 54, 79, 8, , 7
2020/7/31, 107, 20, 59, 3, 1, 3
2020/7/31, 87, 18, 50, 3, , 3
2020/7/31, 102, 26, 61, 6, 1, 3
2020/7/31, 107, 33, 51, 10, , 4
2020/7/31, 106, 24, 58, 6, , 3
2020/8/1, 42, 32, 37, 7, , 3
2020/8/1, 36, 11, 37, 4, , 3
2020/8/1, 39, 25, 38, 6, 1, 3
2020/8/1, 43, 18, 38, 7, 1, 3
2020/8/1, 48, 20, 38, 6, , 3
2020/8/2, 29, 29, 55, 8, 1, 4
2020/8/2, 26, 28, 59, 6, 1, 4
2020/8/2, 16, 19, 64, 4, , 4
2020/8/2, 20, 41, 48, 12, 1, 5
2020/8/2, 34, 28, 61, 8, , 4
2020/8/3, 51, 22, 53, 4, 1, 3
2020/8/3, 50, 20, 51, 6, 1, 3
2020/8/3, 50, 30, 44, 11, 1, 5
2020/8/3, 43, 17, 64, 3, 1, 3
2020/8/3, 54, 22, 46, 7, 1, 3
2020/8/4, 35, 20, 40, 5, , 3
2020/8/4, 43, 20, 42, 7, 1, 3
2020/8/4, 36, 28, 41, 13, 1, 6
2020/8/4, 39, 19, 44, 6, , 4
2020/8/4, 42, 25, 41, 6, 1, 3
2020/8/5, 42, 35, 35, 16, 1, 5
2020/8/5, 41, 20, 43, 7, 1, 3
2020/8/5, 39, 24, 39, 11, 1, 3
2020/8/5, 36, 35, 38, 12, 1, 4
2020/8/5, 44, 34, 43, 10, 2, 3
2020/8/6, 48, 38, 36, 11, 1, 4
2020/8/6, 44, 22, 35, 8, 1, 3
2020/8/6, 30, 14, 38, 6, 1, 3
2020/8/6, 45, 27, 32, 12, 1, 5
2020/8/6, 42, 18, 32, 7, 1, 2
2020/8/7, 43, 43, 63, 12, 1, 4
2020/8/7, 26, 21, 51, 5, 1, 5
2020/8/7, 33, 45, 57, 15, 1, 7
2020/8/7, 23, 33, 66, 13, 1, 4
2020/8/7, 24, 35, 72, 14, 1, 5
2020/8/8, 37, 18, 57, 4, 1, 4
2020/8/8, 57, 38, 34, 11, 1, 7
2020/8/8, 54, 26, 40, 9, 1, 4
2020/8/8, 57, 27, 33, 6, 1, 5
2020/8/8, 52, 28, 38, 8, 1, 5
2020/8/9, 58, 33, 56, 10, 1, 6
2020/8/9, 44, 18, 58, 4, 1, 6
2020/8/9, 53, 31, 68, 7, 1, 5
2020/8/9, 60, 41, 48, 12, 2, 8
2020/8/9, 56, 30, 64, 5, 1, 5
2020/8/10, 65, 38, 66, 6, 2, 5
2020/8/10, 69, 50, 57, 15, 2, 7
2020/8/10, 50, 21, 69, 5, 1, 5
2020/8/10, 70, 40, 72, 9, 1, 5
2020/8/10, 61, 39, 66, 12, 1, 6
2020/8/11, 70, 32, 59, 5, 1, 4
2020/8/11, 73, 13, 49, 5, 1, 4
2020/8/11, 71, 30, 56, 5, 1, 5
2020/8/11, 74, 34, 59, 5, 1, 5
2020/8/11, 76, 38, 51, 11, 1, 6
2020/8/12, 72, 24, 44, 10, 1, 5
2020/8/12, 75, 43, 40, 11, 1, 4
2020/8/12, 67, 31, 32, 9, 2, 4
2020/8/12, 65, 12, 45, 4, 1, 4
2020/8/12, 63, 26, 39, 9, 1, 5
2020/8/13, 44, 17, 33, 5, 1, 4
2020/8/13, 47, 19, 37, 2, 1, 4
2020/8/13, 38, 24, 28, 9, 1, 5
2020/8/13, 30, 12, 36, 3, , 4
2020/8/13, 41, 17, 35, 3, 1, 4
2020/8/14, 26, 13, 36, 6, 1, 3
2020/8/14, 25, 26, 28, 14, 2, 5
2020/8/14, 31, 14, 35, 7, 1, 3
2020/8/14, 27, 10, 39, 7, 1, 3
2020/8/14, 32, 20, 39, 8, 1, 3
2020/8/15, 30, 55, 55, 18, 1, 5
2020/8/15, 24, 35, 55, 12, 2, 4
2020/8/15, 15, 10, 47, 6, , 3
2020/8/15, 23, 35, 51, 16, 1, 4
2020/8/15, 22, 38, 50, 14, 1, 4
2020/8/16, 27, 16, 28, 6, 1, 4
2020/8/16, 50, 50, 30, 17, 1, 6
2020/8/16, 50, 46, 55, 14, 1, 5
2020/8/16, 48, 41, 33, 15, 1, 6
2020/8/16, 51, 39, 36, 17, 1, 6
2020/8/17, 66, 32, 45, 5, 1, 6
2020/8/17, 63, 37, 32, 12, , 6
2020/8/17, 43, 21, 57, 3, 1, 5
2020/8/17, 60, 30, 46, 5, , 5
2020/8/17, 60, 29, 43, 7, , 6
2020/8/18, 58, 8, 30, 4, , 3
2020/8/18, 67, 13, 33, 5, , 3
2020/8/18, 61, 12, 37, 4, , 3
2020/8/18, 65, 17, 29, 10, 2, 4
2020/8/18, 74, 12, 36, 5, 1, 3
2020/8/19, 23, 24, 27, 7, 1, 3
2020/8/19, 23, 10, 27, 4, 1, 2
2020/8/19, 26, 25, 28, 10, 2, 3
2020/8/19, 32, 25, 26, 12, 2, 3
2020/8/19, 28, 18, 27, 7, 1, 3
2020/8/20, 28, 24, 36, 10, 1, 3
2020/8/20, 32, 35, 39, 13, 2, 3
2020/8/20, 34, 32, 34, 10, 1, 3
2020/8/20, 22, 11, 39, 4, 1, 2
2020/8/20, 45, 31, 38, 14, 2, 4
2020/8/21, 41, 52, 45, 23, 2, 8
2020/8/21, 17, 16, 48, 3, 1, 3
2020/8/21, 39, 42, 50, 12, 1, 5
2020/8/21, 43, 44, 55, 14, 2, 4
2020/8/21, 36, 39, 49, 16, 1, 6
2020/8/22, 62, 65, 45, 24, 2, 9
2020/8/22, 36, 24, 50, 5, 1, 4
2020/8/22, 62, 50, 51, 12, 1, 6
2020/8/22, 59, 50, 52, 12, 2, 5
2020/8/22, 56, 49, 48, 18, 1, 7
2020/8/23, 61, 11, 32, 6, 1, 4
2020/8/23, 78, 22, 46, 10, 1, 5
2020/8/23, 80, 22, 42, 8, 1, 4
2020/8/23, 79, 21, 42, 10, 1, 5
2020/8/23, 86, 29, 44, 11, 1, 6
2020/8/24, 48, 26, 44, 10, 1, 5
2020/8/24, 42, 37, 42, 16, 1, 6
2020/8/24, 38, 14, 40, 2, 1, 4
2020/8/24, 46, 25, 41, 5, 1, 4
2020/8/24, 46, 25, 45, 8, 1, 5
2020/8/25, 59, 46, 42, 17, 1, 6
2020/8/25, 38, 17, 34, 4, 1, 5
2020/8/25, 53, 37, 41, 12, 2, 5
2020/8/25, 56, 34, 44, 14, 1, 5
2020/8/25, 53, 36, 45, 14, 1, 6
2020/8/26, 63, 16, 19, 6, , 4
2020/8/26, 61, 16, 19, 6, 1, 4
2020/8/26, 62, 13, 25, 5, 2, 3
2020/8/26, 50, 9, 31, 3, 1, 4
2020/8/26, 61, 19, 25, 7, 1, 4
2020/8/27, 30, 15, 25, 3, 1, 4
2020/8/27, 39, 15, 21, 6, , 5
2020/8/27, 35, 14, 24, 6, , 5
2020/8/27, 28, 10, 21, 2, , 4
2020/8/27, 32, 23, 17, 12, , 6
2020/8/28, 40, 19, 14, 9, 1, 5
2020/8/28, 40, 15, 20, 4, 1, 3
2020/8/28, 30, 18, 18, 5, 1, 4
2020/8/28, 25, 9, 17, 3, , 3
2020/8/28, 28, 14, 17, 5, 1, 3
2020/8/29, 29, 29, 31, 10, 1, 4
2020/8/29, 22, 29, 33, 10, 1, 4
2020/8/29, 30, 39, 26, 16, 1, 6
2020/8/29, 20, 13, 34, 3, , 3
2020/8/29, 24, 30, 36, 9, 1, 4
2020/8/30, 47, 57, 67, 18, 2, 9
2020/8/30, 43, 46, 79, 12, 1, 7
2020/8/30, 39, 48, 85, 8, 2, 6
2020/8/30, 46, 44, 77, 11, 1, 7
2020/8/30, 17, 27, 59, 4, 1, 6
2020/8/31, 85, 35, 41, 14, 1, 5
2020/8/31, 81, 23, 58, 6, 1, 4
2020/8/31, 59, 33, 45, 3, , 4
2020/8/31, 83, 28, 59, 4, 2, 4
2020/8/31, 82, 25, 48, 8, 1, 4
2020/9/1, 46, 33, 37, 6, 1, 3
2020/9/1, 53, 30, 44, 8, 1, 5
2020/9/1, 61, 29, 40, 8, 1, 5
2020/9/1, 57, 31, 43, 7, 2, 5
2020/9/1, 64, 41, 34, 17, 1, 6
2020/9/2, 62, 20, 33, 7, 1, 4
2020/9/2, 59, 17, 30, 6, 1, 3
2020/9/2, 59, 18, 28, 6, 1, 3
2020/9/2, 69, 20, 27, 9, 1, 4
2020/9/2, 73, 9, 32, 3, 1, 1
2020/9/3, 34, 13, 24, 3, 1, 3
2020/9/3, 35, 14, 24, 4, 1, 3
2020/9/3, 38, 16, 26, 2, 1, 4
2020/9/3, 50, 10, 26, 2, 1, 4
2020/9/3, 34, 19, 20, 7, 1, 4
2020/9/4, 31, 18, 59, 2, 1, 4
2020/9/4, 42, 28, 31, 10, 1, 5
2020/9/4, 35, 24, 57, 5, 1, 4
2020/9/4, 38, 23, 59, 4, 2, 4
2020/9/4, 38, 24, 57, 6, 1, 3
2020/9/5, 54, 39, 60, 10, 2, 5
2020/9/5, 52, 38, 59, 10, 1, 5
2020/9/5, 44, 26, 59, 3, 1, 5
2020/9/5, 56, 34, 57, 12, 1, 5
2020/9/5, 48, 45, 53, 19, 1, 7
2020/9/6, 82, 40, 38, 14, 1, 5
2020/9/6, 70, 46, 40, 15, 2, 5
2020/9/6, 72, 43, 42, 11, 1, 5
2020/9/6, 57, 22, 38, 3, 1, 5
2020/9/6, 68, 48, 37, 20, 1, 7
2020/9/7, 80, 7, 35, 3, 1, 3
2020/9/7, 59, 5, 35, 2, 1, 4
2020/9/7, 88, 7, 37, 2, , 4
2020/9/7, 79, 7, 36, 6, , 5
2020/9/7, 71, 5, 34, 2, 1, 3
2020/9/8, 19, 6, 21, 8, , 5
2020/9/8, 22, 39, 25, 2, 1, 3
2020/9/8, 29, 9, 23, 7, 1, 3
2020/9/8, 16, 4, 23, 5, 1, 3
2020/9/8, 18, 4, 25, 1, , 4
2020/9/9, 16, 13, 16, 8, 1, 5
2020/9/9, 12, 12, 15, 7, , 3
2020/9/9, 10, 9, 17, 2, 1, 4
2020/9/9, 9, 11, 15, 8, 1, 4
2020/9/9, 12, 12, 16, 7, 2, 5
2020/9/10, 17, 10, 33, 2, 1, 4
2020/9/10, 24, 19, 28, 7, 1, 3
2020/9/10, 30, 26, 28, 7, 2, 4
2020/9/10, 38, 21, 27, 7, 1, 4
2020/9/10, 26, 25, 32, 7, 2, 4
2020/9/11, 43, 24, 20, 9, 2, 3
2020/9/11, 49, 29, 17, 10, 2, 4
2020/9/11, 44, 29, 20, 9, 2, 4
2020/9/11, 48, 24, 23, 12, 2, 5
2020/9/11, 27, 10, 24, 3, 1, 4
2020/9/12, 24, 10, 25, 4, 1, 3
2020/9/12, 40, 31, 22, 10, 2, 4
2020/9/12, 43, 33, 18, 14, 2, 5
2020/9/12, 41, 26, 22, 10, 2, 4
2020/9/12, 39, 31, 22, 13, 2, 5
2020/9/13, 40, 46, 36, 14, 2, 5
2020/9/13, 38, 43, 28, 14, 1, 6
2020/9/13, 19, 33, 13, 5, 1, 5
2020/9/13, 41, 40, 31, 12, 2, 5
2020/9/13, 48, 47, 26, 18, 1, 8
2020/9/14, 61, 38, 34, 12, 1, 6
2020/9/14, 73, 38, 35, 14, 1, 6
2020/9/14, 69, 45, 34, 16, 1, 6
2020/9/14, 52, 19, 35, 4, 1, 4
2020/9/14, 66, 46, 35, 16, 2, 4
2020/9/15, 58, 17, 37, 6, 2, 3
2020/9/15, 50, 14, 41, 3, 1, 3
2020/9/15, 58, 25, 34, 9, 1, 4
2020/9/15, 60, 20, 38, 4, 2, 3
2020/9/15, 68, 19, 35, 7, 1, 3
2020/9/16, 40, 22, 26, 7, 1, 2
2020/9/16, 41, 17, 26, 5, 2, 2
2020/9/16, 29, 15, 30, 6, 1, 2
2020/9/16, 38, 27, 26, 11, 1, 3
2020/9/16, 36, 11, 30, 3, 1, 2
2020/9/17, 16, 14, 22, 6, 1, 2
2020/9/17, 19, 17, 22, 6, 2, 3
2020/9/17, 28, 26, 19, 12, 2, 4
2020/9/17, 27, 19, 23, 9, 1, 3
2020/9/17, 19, 11, 25, 5, , 2
2020/9/18, 30, 14, 14, 9, 1, 4
2020/9/18, 45, 25, 15, 13, 1, 6
2020/9/18, 32, 11, 16, 7, , 3
2020/9/18, 32, 16, 18, 9, 1, 3
2020/9/18, 38, 19, 17, 8, 2, 4
2020/9/19, 51, 31, 13, 13, 1, 5
2020/9/19, 31, 16, 17, 8, 1, 3
2020/9/19, 40, 17, 17, 9, 1, 3
2020/9/19, 42, 21, 19, 8, 2, 4
2020/9/19, 28, 13, 17, 6, , 3
2020/9/20, 37, 29, 20, 12, 1, 4
2020/9/20, 48, 34, 28, 10, 2, 4
2020/9/20, 36, 10, 25, 3, 1, 2
2020/9/20, 51, 34, 22, 14, 1, 4
2020/9/20, 41, 26, 19, 13, 2, 4
2020/9/21, 47, 32, 19, 16, 1, 7
2020/9/21, 55, 36, 28, 14, 2, 6
2020/9/21, 26, 17, 25, 5, 1, 4
2020/9/21, 55, 42, 22, 17, , 7
2020/9/21, 48, 30, 20, 15, 1, 7
2020/9/22, 74, 42, 32, 17, 1, 6
2020/9/22, 74, 41, 36, 12, 2, 6
2020/9/22, 74, 31, 30, 14, 1, 6
2020/9/22, 65, 32, 30, 14, 1, 6
2020/9/22, 49, 21, 32, 6, , 4
2020/9/23, 67, 44, 36, 15, 1, 7
2020/9/23, 76, 47, 34, 17, 1, 7
2020/9/23, 74, 62, 35, 16, 3, 7
2020/9/23, 54, 27, 31, 3, 1, 4
2020/9/23, 86, 58, 33, 20, 2, 7
2020/9/24, 95, 53, 33, 17, 2, 8
2020/9/24, 58, 26, 37, 3, 1, 4
2020/9/24, 97, 67, 39, 16, 2, 9
2020/9/24, 82, 52, 36, 16, 2, 9
2020/9/24, 90, 67, 33, 23, 2, 9
2020/9/25, 109, 64, 40, 18, 3, 8
2020/9/25, 63, 20, 42, 2, 1, 3
2020/9/25, 103, 63, 36, 17, 2, 9
2020/9/25, 93, 69, 35, 19, 2, 12
2020/9/25, 107, 70, 41, 26, 2, 9
2020/9/26, 107, 91, 51, 11, 3, 6
2020/9/26, 111, 42, 50, 13, 2, 6
2020/9/26, 51, 30, 53, 5, 1, 4
2020/9/26, 113, 42, 47, 14, 2, 5
2020/9/26, 109, 59, 43, 21, 2, 6
2020/9/27, 82, 47, 45, 9, 2, 8
2020/9/27, 71, 40, 50, 9, 2, 6
2020/9/27, 60, 42, 53, 6, 1, 6
2020/9/27, 76, 42, 47, 10, 2, 6
2020/9/27, 84, 56, 43, 17, 2, 7
2020/9/28, 109, 36, 31, 10, 2, 5
2020/9/28, 87, 28, 32, 8, 1, 3
2020/9/28, 90, 27, 40, 11, 2, 3
2020/9/28, 87, 29, 31, 11, 2, 4
2020/9/28, 101, 44, 32, 17, 2, 5
2020/9/29, 72, 58, 30, 22, 2, 6
2020/9/29, 57, 31, 33, 6, 1, 3
2020/9/29, 75, 76, 32, 16, 3, 8
2020/9/29, 57, 56, 32, 17, 2, 7
2020/9/29, 60, 48, 33, 17, 2, 5
2020/9/30, 102, 47, 28, 14, 2, 5
2020/9/30, 97, 46, 28, 13, 2, 6
2020/9/30, 115, 62, 51, 11, 2, 6
2020/9/30, 71, 30, 30, 5, 1, 4
2020/9/30, 97, 58, 25, 16, 2, 6
2020/10/1, 102, 25, 25, 6, 2, 3
2020/10/1, 110, 28, 28, 5, 2, 3
2020/10/1, 99, 37, 23, 10, 1, 4
2020/10/1, 83, 21, 26, 5, 2, 3
2020/10/1, 71, 24, 26, 4, 1, 3
2020/10/2, 45, 38, 22, 15, 2, 3
2020/10/2, 39, 18, 28, 5, 2, 2
2020/10/2, 36, 20, 27, 8, 2, 3
2020/10/2, 53, 26, 28, 8, 2, 3
2020/10/2, 49, 23, 26, 10, 2, 2
2020/10/3, 45, 15, 26, 5, 1, 2
2020/10/3, 38, 17, 26, 3, 2, 2
2020/10/3, 32, 18, 24, 4, 1, 2
2020/10/3, 38, 19, 23, 7, 2, 2
2020/10/3, 38, 25, , 9, 1, 2
2020/10/4, 35, 12, 18, 5, 1, 2
2020/10/4, 29, 21, 15, 9, 1, 3
2020/10/4, 32, 16, 19, 5, 3, 3
2020/10/4, 25, 10, 19, 4, 1, 2
2020/10/4, 22, 11, 18, 5, 2, 2
2020/10/5, 33, 34, 24, 13, 2, 5
2020/10/5, 23, 23, 25, 7, 1, 2
2020/10/5, 21, 37, 25, 12, 2, 6
2020/10/5, 31, 40, 27, 11, 3, 5
2020/10/5, 32, 61, 20, 18, 2, 7
2020/10/6, 82, 72, 32, 25, 3, 8
2020/10/6, 65, 51, 38, 16, 3, 8
2020/10/6, 71, 63, 43, 16, 4, 7
2020/10/6, 66, 55, 35, 18, 3, 6
2020/10/6, 42, 42, 36, 12, 2, 3
2020/10/7, 108, 88, 64, 19, 3, 9
2020/10/7, 93, 61, 64, 17, 3, 8
2020/10/7, 86, 61, 64, 15, 3, 10
2020/10/7, 109, 66, 59, 14, 4, 9
2020/10/7, 83, 45, 64, 9, 2, 5
2020/10/8, 150, 62, 45, 25, 2, 6
2020/10/8, 149, 43, 45, 9, 3, 5
2020/10/8, 100, 40, 48, 7, 2, 3
2020/10/8, 136, 44, 45, 12, 2, 5
2020/10/8, 118, 44, 44, 13, 2, 6
2020/10/9, 89, 55, 53, 13, 3, 6
2020/10/9, 81, 45, 61, 7, 2, 4
2020/10/9, 91, 67, 45, 23, 3, 7
2020/10/9, 94, 53, 57, 9, 4, 6
2020/10/9, 66, 52, 57, 12, 4, 6
2020/10/10, 92, 33, 61, 8, 1, 3
2020/10/10, 110, 38, 47, 12, 2, 4
2020/10/10, 114, 35, 57, 9, 3, 5
2020/10/10, 118, 47, 47, 18, 2, 6
2020/10/10, 92, 32, 57, 12, 2, 5
2020/10/11, 85, 28, 31, 11, 2, 3
2020/10/11, 86, 34, 21, 17, 2, 4
2020/10/11, 87, 22, 24, 12, 2, 1
2020/10/11, 82, 15, 29, 7, 1, 
2020/10/11, 65, 21, 28, 12, 2, 3
2020/10/12, 43, 54, 20, 13, 2, 3
2020/10/12, 37, 40, 24, 11, 2, 3
2020/10/12, 29, 30, 22, 5, 1, 2
2020/10/12, 25, 40, 19, 11, 2, 3
2020/10/12, 52, 46, 23, 8, 3, 3
2020/10/13, 64, 22, 23, 9, 2, 4
2020/10/13, 44, 20, 22, 8, 2, 3
2020/10/13, 38, 24, 24, 6, 1, 4
2020/10/13, 52, 25, 24, 7, 2, 4
2020/10/13, 50, 29, 20, 11, 2, 4
2020/10/14, 22, 30, 30, 7, 2, 5
2020/10/14, 42, 32, 28, 13, 3, 5
2020/10/14, 31, 34, 28, 13, 3, 4
2020/10/14, 42, 46, 22, 18, 3, 5
2020/10/14, 44, 38, 30, 13, 4, 4
2020/10/15, 62, 29, 30, 7, 1, 5
2020/10/15, 64, 50, 23, 21, 3, 6
2020/10/15, 56, 35, 27, 15, 3, 5
2020/10/15, 71, 40, 28, 13, 4, 4
2020/10/15, 59, 35, 28, 15, 2, 5
2020/10/16, 67, 40, 25, 13, 4, 5
2020/10/16, 79, 53, 22, 18, 3, 6
2020/10/16, 69, 39, 28, 12, 3, 5
2020/10/16, 76, 49, 29, 11, 4, 4
2020/10/16, 60, 35, 28, 8, 3, 6
2020/10/17, 64, 47, 30, 15, 3, 3
2020/10/17, 51, 26, , 11, 1, 5
2020/10/17, 61, 25, 28, 14, 3, 4
2020/10/17, 59, 27, 29, 14, 4, 4
2020/10/17, 62, 41, 23, 20, 4, 5
2020/10/18, 55, 62, 24, 24, 8, 7
2020/10/18, 40, 40, 30, 10, 3, 7
2020/10/18, 46, 62, 29, 19, 9, 10
2020/10/18, 58, 51, 31, 14, 6, 5
2020/10/18, 47, 60, 27, 19, 8, 6
2020/10/19, 94, 66, 56, 13, 4, 11
2020/10/19, 85, 69, 63, 12, 5, 8
2020/10/19, 74, 58, 64, 7, 3, 9
2020/10/19, 91, 80, 50, 22, 4, 10
2020/10/19, 83, 66, 50, 15, 6, 18
2020/10/20, 163, 91, 58, 6, 3, 8
2020/10/20, 154, 77, 56, 6, 2, 4
2020/10/20, 165, 90, 56, 10, 3, 7
2020/10/20, 165, 111, 53, 15, 3, 5
2020/10/20, 139, 79, 32, 9, 3, 2
2020/10/21, 91, 34, 48, 10, 2, 3
2020/10/21, 104, 36, 43, 15, 4, 4
2020/10/21, 74, 23, 27, 9, 3, 2
2020/10/21, 98, 31, 48, 10, 3, 3
2020/10/21, 101, 24, 42, 9, 3, 3
2020/10/22, 39, 43, 20, 18, 5, 5
2020/10/22, 28, 28, 23, 12, 4, 3
2020/10/22, 50, 27, 23, 12, 3, 2
2020/10/22, 35, 42, 25, 13, 1, 5
2020/10/22, 41, 45, 24, 15, 4, 4
2020/10/23, 63, 49, 21, 19, 5, 6
2020/10/23, 54, 41, 26, 16, 2, 6
2020/10/23, 46, 28, 25, 13, 6, 4
2020/10/23, 55, 31, 26, 14, 7, 2
2020/10/23, 72, 55, 27, 15, 4, 5
2020/10/24, 84, 56, 25, 23, 7, 6
2020/10/24, 59, 42, 22, 21, 7, 3
2020/10/24, 65, 40, 23, 17, 4, 6
2020/10/24, 68, 58, 18, 28, 9, 8
2020/10/24, 50, 43, 23, 19, 7, 6
2020/10/25, 79, 67, 23, 28, 5, 9
2020/10/25, 94, 88, 36, 24, 5, 9
2020/10/25, 90, 83, 22, 33, 7, 11
2020/10/25, 69, 51, 38, 12, 2, 7
2020/10/25, 82, 70, 28, 23, 4, 11
2020/10/26, 152, 41, 25, 10, 3, 4
2020/10/26, 108, 36, 32, 11, 2, 5
2020/10/26, 144, 32, 21, 11, 4, 3
2020/10/26, 145, 44, 20, 16, 4, 6
2020/10/26, 138, 31, 23, 9, 4, 3
2020/10/27, 48, 43, 13, 17, 4, 6
2020/10/27, 38, 26, 17, 10, 6, 4
2020/10/27, 60, 26, 16, 12, 5, 3
2020/10/27, 42, 35, 24, 14, 2, 4
2020/10/27, 59, 45, 17, 13, 4, 4
2020/10/28, 45, 52, 16, 16, 5, 6
2020/10/28, 67, 54, 16, 17, 3, 6
2020/10/28, 45, 33, 18, 11, 2, 5
2020/10/28, 52, 42, 15, 18, 7, 5
2020/10/28, 58, 64, 13, 22, 7, 7
2020/10/29, 89, 57, 15, 19, 9, 9
2020/10/29, 58, 47, 23, 8, 2, 6
2020/10/29, 77, 53, 16, 17, 5, 6
2020/10/29, 93, 65, 18, 15, 3, 7
2020/10/29, 92, 68, 16, 20, 4, 7
2020/10/30, 118, 98, 24, 19, 5, 8
2020/10/30, 107, 78, 25, 16, 5, 8
2020/10/30, 87, 66, 29, 9, 2, 8
2020/10/30, 110, 73, 26, 16, 19, 9
2020/10/30, 128, 85, 28, 13, 3, 8
2020/10/31, 152, 33, 18, 9, 4, 4
2020/10/31, 153, 40, 21, 7, 2, 3
2020/10/31, 148, 46, 16, 14, 4, 4
2020/10/31, 137, 31, 19, 8, 4, 4
2020/10/31, 134, 37, 21, 7, 1, 6
2020/11/1, 28, 27, 19, 8, 5, 4
2020/11/1, 40, 43, 17, 13, 4, 5
2020/11/1, 47, 31, 18, 9, 4, 4
2020/11/1, 46, 33, 20, 7, 2, 4
2020/11/1, 40, 31, 18, 6, 1, 5
2020/11/2, 43, 31, 20, 7, 2, 4
2020/11/2, 49, 28, 18, 9, 3, 5
2020/11/2, 36, 24, 19, 9, 5, 3
2020/11/2, 29, 29, 20, 8, 1, 4
2020/11/2, 44, 40, 15, 14, 6, 5
2020/11/3, 52, 45, 20, 14, 4, 6
2020/11/3, 45, 41, 14, 18, 7, 7
2020/11/3, 39, 36, 19, 18, 8, 5
2020/11/3, 48, 57, 13, 22, 8, 8
2020/11/3, 43, 36, 21, 9, 2, 2
2020/11/4, 66, 63, 16, 22, 6, 11
2020/11/4, 55, 61, 23, 13, 3, 6
2020/11/4, 74, 89, 13, 30, 7, 11
2020/11/4, 81, 72, 22, 18, 5, 10
2020/11/4, 63, 61, 20, 21, 7, 10
2020/11/5, 151, 61, 24, 10, 4, 6
2020/11/5, 140, 63, 21, 16, 6, 8
2020/11/5, 129, 55, 25, 10, 2, 5
2020/11/5, 155, 80, 22, 21, 6, 7
2020/11/5, 132, 58, 24, 16, 8, 8
2020/11/6, 101, 60, 18, 12, 2, 2
2020/11/6, 92, 52, 19, 12, 6, 5
2020/11/6, 114, 62, 19, 13, 3, 4
2020/11/6, 110, 87, 14, 20, 4, 4
2020/11/6, 111, 59, 15, 15, 5, 6
2020/11/7, 54, 24, 15, 7, 4, 5
2020/11/7, 68, 25, 15, 7, 3, 5
2020/11/7, 56, 25, 17, 7, 2, 3
2020/11/7, 70, 39, 14, 11, 4, 4
2020/11/7, 89, 35, 16, 6, 3, 5
2020/11/8, 54, 35, 17, 9, 4, 6
2020/11/8, 32, 25, 17, 10, 5, 5
2020/11/8, 38, 24, 16, 10, 4, 4
2020/11/8, 32, 24, 18, 10, 2, 3
2020/11/8, 50, 39, 15, 13, 4, 4
2020/11/9, 43, 44, 14, 19, 5, 6
2020/11/9, 40, 32, 18, 10, 2, 3
2020/11/9, 53, 65, 10, 23, 7, 8
2020/11/9, 50, 45, 10, 20, 6, 5
2020/11/9, 57, 55, 16, 15, 4, 8
2020/11/10, 69, 63, 28, 19, 7, 9
2020/11/10, 65, 62, 34, 10, 5, 7
2020/11/10, 78, 62, 28, 18, 6, 9
2020/11/10, 103, 67, 30, 14, 5, 10
2020/11/10, 91, 80, 21, 26, 6, 10
2020/11/11, 158, 80, 26, 20, 5, 6
2020/11/11, 152, 63, 27, 15, 5, 8
2020/11/11, 141, 58, 35, 9, 3, 5
2020/11/11, 157, 75, 30, 8, 3, 8
2020/11/11, 145, 55, 31, 12, 5, 6
2020/11/12, 123, 34, 12, 17, 6, 8
2020/11/12, 110, 37, 15, 13, 2, 3
2020/11/12, 90, 31, 14, 16, 5, 6
2020/11/12, 117, 58, 9, 20, 5, 6
2020/11/12, 117, 46, 15, 15, 3, 9
2020/11/13, 54, 66, 20, 20, 4, 9
2020/11/13, 69, 89, 13, 26, 6, 8
2020/11/13, 67, 63, 18, 20, 5, 9
2020/11/13, 73, 66, 23, 18, 4, 10
2020/11/13, 46, 53, 27, 10, 2, 6
2020/11/14, 142, 82, 17, 20, 7, 8
2020/11/14, 115, 66, 23, 13, 4, 7
2020/11/14, 134, 68, 22, 15, 5, 13
2020/11/14, 138, 69, 18, 18, 6, 10
2020/11/14, 137, 65, 21, 16, 6, 8
2020/11/15, 145, 53, 16, 18, 5, 7
2020/11/15, 148, 67, 17, 19, 5, 12
2020/11/15, 150, 67, 17, 19, 8, 6
2020/11/15, 152, 54, 13, 20, 6, 8
2020/11/15, 144, 52, 27, 10, 2, 5
2020/11/16, 111, 82, 28, 22, 6, 10
2020/11/16, 121, 90, 29, 16, 3, 9
2020/11/16, 121, 110, 21, 27, 5, 10
2020/11/16, 129, 107, 32, 21, 5, 17
2020/11/16, 128, 84, 25, 24, 6, 9
2020/11/17, 184, 64, 11, 10, 3, 7
2020/11/17, 217, 35, 11, 13, 2, 10
2020/11/17, 189, 29, 13, 9, 3, 8
2020/11/17, 196, 58, 13, 12, 2, 7
2020/11/17, 193, 53, 11, 11, 2, 7
2020/11/18, 139, 15, 17, 6, 2, 3
2020/11/18, 130, 16, 18, 4, 2, 2
2020/11/18, 134, 32, 18, 8, 4, 2
2020/11/18, 137, 6, 15, 4, , 
2020/11/18, 135, 16, 18, 6, 3, 4
2020/11/19, 42, 21, 16, 14, 4, 4
2020/11/19, 33, 32, 13, 17, 8, 4
2020/11/19, 15, , , , , 
2020/11/19, 40, 20, 15, 13, 5, 4
2020/11/19, 17, 25, 19, 11, 4, 5
2020/11/20, 67, 57, 8, 25, 7, 7
2020/11/20, 64, 41, 10, 21, 6, 6
2020/11/20, , 59, 19, 29, 5, 6
2020/11/20, 78, 34, 16, 18, 4, 7
2020/11/20, 60, 39, 12, 21, 8, 6
2020/11/21, 119, 32, 15, 16, 5, 5
2020/11/21, 129, 32, 16, 14, 6, 3
2020/11/21, 110, 29, 16, 16, 7, 5
2020/11/21, 130, 45, 11, 19, 9, 6
2020/11/21, 134, 37, 17, 17, 4, 6
2020/11/22, 94, 39, 14, 20, 7, 6
2020/11/22, 90, 29, 18, 19, 7, 5
2020/11/22, 81, 29, 19, 19, 8, 4
2020/11/22, 83, 24, 22, 8, 5, 3
2020/11/22, 104, 27, 22, 15, 5, 5
2020/11/23, 79, 43, 12, 24, 8, 5
2020/11/23, 65, 36, 22, 10, 5, 5
2020/11/23, 78, 45, 16, 23, 5, 8
2020/11/23, 82, 54, 8, 27, 7, 9
2020/11/23, 71, 40, 13, 25, 8, 4
2020/11/24, 109, 51, 17, 17, 5, 7
2020/11/24, 106, 51, 13, 24, 6, 6
2020/11/24, 123, 52, 20, 20, 6, 9
2020/11/24, 119, 62, 10, 25, 8, 9
2020/11/24, 108, 48, 14, 23, 8, 8
2020/11/25, 150, 54, 10, 23, 7, 7
2020/11/25, 129, 45, 10, 23, 9, 9
2020/11/25, 144, 66, 6, 24, 10, 9
2020/11/25, 140, 48, 7, 21, 7, 6
2020/11/25, 138, 51, 11, 19, 5, 6
2020/11/26, 131, 40, 14, 19, 7, 4
2020/11/26, 144, 58, 12, 21, 9, 8
2020/11/26, 148, 55, 18, 21, 6, 6
2020/11/26, 123, 35, 15, 21, 7, 8
2020/11/26, 135, 41, 15, 17, 6, 6
2020/11/27, 107, 41, 10, 21, 7, 5
2020/11/27, 121, 58, 7, 21, 10, 8
2020/11/27, 97, 39, 11, 23, 13, 9
2020/11/27, 141, 45, 15, 19, 5, 5
2020/11/27, 99, 41, 12, 18, 5, 6
2020/11/28, 100, 53, 11, 23, 8, 9
2020/11/28, 112, 67, 8, 24, 9, 10
2020/11/28, 101, 49, 15, 15, 4, 6
2020/11/28, 121, 60, 15, 20, 6, 7
2020/11/28, 102, 53, 12, 21, 6, 6
2020/11/29, 153, 32, 20, 14, 5, 3
2020/11/29, 125, 31, 20, 13, 4, 5
2020/11/29, 138, 32, 16, 18, 8, 4
2020/11/29, 145, 33, 14, 18, 8, 3
2020/11/29, 146, 49, 11, 22, 11, 7
2020/11/30, 82, 31, 17, 14, 6, 5
2020/11/30, 79, 32, 14, 20, 12, 4
2020/11/30, 91, 54, 11, 22, 8, 8
2020/11/30, 89, 36, 18, 19, 6, 5
2020/11/30, 87, 35, 11, 22, 12, 3
2020/12/1, 101, 58, 13, 23, 9, 6
2020/12/1, 81, 38, 23, 12, 5, 4
2020/12/1, 98, 43, 21, 16, 5, 6
2020/12/1, 81, 35, 16, 17, 12, 4
2020/12/1, 89, 44, 14, 21, 10, 3
2020/12/2, 113, 31, 16, 18, 8, 2
2020/12/2, 115, 46, 15, 21, 8, 4
2020/12/2, 100, 28, 25, 11, 6, 4
2020/12/2, 116, 27, 23, 12, 4, 3
2020/12/2, 93, 29, 20, 16, 10, 3
2020/12/3, 69, 25, 24, 8, 6, 3
2020/12/3, 73, 31, 18, 15, 11, 4
2020/12/3, 78, 32, 21, 14, 4, 3
2020/12/3, 77, 55, 15, 21, 7, 5
2020/12/3, 78, 36, 15, 20, 10, 3
2020/12/4, 79, 45, 13, 23, 13, 4
2020/12/4, 87, 65, 14, 24, 8, 7
2020/12/4, 64, 40, 20, 12, 5, 6
2020/12/4, 70, 41, 18, 18, 15, 5
2020/12/4, 86, 47, 19, 19, 6, 6
2020/12/5, 103, 50, 16, 21, 10, 5
2020/12/5, 113, 69, 12, 25, 10, 7
2020/12/5, 103, 47, 22, 16, 6, 7
2020/12/5, 97, 42, 25, 11, 6, 6
2020/12/5, 97, 45, 19, 16, 8, 6
2020/12/6, 110, 29, 16, 13, 8, 3
2020/12/6, 132, 49, 13, 18, 9, 5
2020/12/6, 108, 28, 23, 10, 4, 4
2020/12/6, 118, 26, 21, 9, 4, 3
2020/12/6, 125, 34, 12, 17, 9, 4
2020/12/7, 77, 55, 16, 18, 7, 6
2020/12/7, 68, 36, 20, 18, 6, 5
2020/12/7, 80, 38, 15, 19, 11, 2
2020/12/7, 68, 33, 18, 15, 13, 4
2020/12/7, 70, 29, 24, 7, 4, 4
2020/12/8, 84, 72, 11, 23, 10, 8
2020/12/8, 95, 50, 16, 20, 6, 7
2020/12/8, 80, 52, 11, 23, 11, 7
2020/12/8, 75, 47, 15, 17, 9, 7
2020/12/8, 67, 45, 23, 11, 6, 7
2020/12/9, 114, 45, 23, 14, 6, 4
2020/12/9, 119, 63, 15, 22, 9, 6
2020/12/9, 113, 49, 13, 21, 12, 5
2020/12/9, 103, 41, 19, 15, 11, 4
2020/12/9, 103, 41, 26, 12, 5, 5
2020/12/10, 87, 40, 12, 18, 10, 4
2020/12/10, 108, 69, 8, 23, 10, 7
2020/12/10, 104, 55, 16, 20, 5, 7
2020/12/10, 93, 52, 17, 19, 6, 6
2020/12/10, 105, 45, 12, 21, 11, 4
2020/12/11, 101, 51, 12, 20, 11, 5
2020/12/11, 127, 53, 18, 20, 7, 8
2020/12/11, 109, 72, 10, 22, 10, 8
2020/12/11, 85, 45, 12, 20, 11, 5
2020/12/11, 116, 50, 19, 18, 6, 6
2020/12/12, 126, 47, 13, 16, 9, 5
2020/12/12, 137, 51, 16, 15, 5, 8
2020/12/12, 120, 43, 19, 13, 5, 5
2020/12/12, 137, 63, 12, 17, 8, 7
2020/12/12, 112, 42, 14, 15, 10, 5
2020/12/13, 121, 31, 17, 11, 4, 6
2020/12/13, 103, 30, 15, 10, 8, 4
2020/12/13, 105, 31, 19, 9, 4, 5
2020/12/13, 118, 36, 13, 12, 9, 4
2020/12/13, 118, 53, 12, 14, 8, 7
2020/12/14, 79, 35, 10, 15, 11, 4
2020/12/14, 82, 29, 16, 12, 5, 7
2020/12/14, 85, 51, 9, 16, 10, 7
2020/12/14, 71, 29, 12, 13, 12, 5
2020/12/14, 73, 29, 20, 11, 6, 4
2020/12/15, 72, 47, 9, 20, 12, 6
2020/12/15, 89, 50, 15, 18, 5, 9
2020/12/15, 86, 67, 7, 19, 10, 9
2020/12/15, 70, 43, 20, 11, 5, 5
2020/12/15, 69, 46, 10, 18, 16, 6
2020/12/16, 105, 47, 13, 19, 11, 6
2020/12/16, 126, 45, 19, 16, 8, 8
2020/12/16, 111, 45, 18, 12, 6, 6
2020/12/16, 111, 46, 13, 18, 15, 6
2020/12/16, 127, 62, 11, 19, 13, 8
2020/12/17, 105, 41, 16, 10, 7, 2
2020/12/17, 114, 40, 18, 6, 3, 3
2020/12/17, 102, 37, 21, 9, 5, 3
2020/12/17, 102, 43, 16, 11, 6, 2
2020/12/17, 115, 54, 14, 13, 7, 5
2020/12/18, 67, 34, 11, 16, 8, 2
2020/12/18, 57, 30, 12, 15, 10, 3
2020/12/18, 68, 50, 10, 18, 12, 6
2020/12/18, 52, 33, 22, 11, 4, 5
2020/12/18, 61, 39, 18, 20, 5, 4
2020/12/19, 89, 63, 13, 19, 8, 8
2020/12/19, 74, 47, 12, 21, 12, 4
2020/12/19, 101, 48, 20, 24, 6, 5
2020/12/19, 68, 46, 15, 19, 12, 5
2020/12/19, 80, 41, 22, 10, 7, 6
2020/12/20, 99, 51, 24, 13, 7, 8
2020/12/20, 113, 48, 18, 19, 16, 6
2020/12/20, 120, 67, 15, 21, 11, 9
2020/12/20, 117, 52, 20, 26, 8, 6
2020/12/20, 107, 53, 13, 22, 14, 6
2020/12/21, 111, 53, 25, 12, 7, 9
2020/12/21, 106, 56, 15, 18, 10, 9
2020/12/21, 122, 56, 17, 24, 6, 8
2020/12/21, 115, 60, 11, 24, 13, 10
2020/12/21, 80, 70, 10, 23, 13, 12
2020/12/22, 113, 129, 16, 21, 8, 10
2020/12/22, 145, 111, 23, 18, 5, 6
2020/12/22, 142, 112, 19, 13, 8, 7
2020/12/22, 129, 110, 28, 8, 6, 7
2020/12/22, 145, 117, 17, 19, 9, 9
2020/12/23, 133, 48, 22, 10, 5, 4
2020/12/23, 144, 51, 18, 14, 4, 4
2020/12/23, 149, 62, 10, 19, 8, 7
2020/12/23, 140, 51, 13, 16, 9, 5
2020/12/23, 134, 50, 14, 14, 9, 5
2020/12/24, 123, 56, 11, 18, 10, 6
2020/12/24, 114, 37, 14, 13, 9, 4
2020/12/24, 104, 34, 22, 11, 5, 4
2020/12/24, 114, 41, 11, 15, 8, 4
2020/12/24, 116, 38, 18, 11, 5, 3
2020/12/25, 78, 41, 13, 16, 9, 6
2020/12/25, 76, 33, 26, 8, 4, 5
2020/12/25, 85, 40, 12, 18, 8, 5
2020/12/25, 90, 45, 16, 16, 4, 6
2020/12/25, 94, 62, 11, 24, 10, 8
2020/12/26, 101, 87, 6, 27, 13, 10
2020/12/26, 82, 55, 21, 13, 7, 7
2020/12/26, 84, 63, 10, 20, 8, 10
2020/12/26, 110, 72, 7, 25, 11, 10
2020/12/26, 81, 68, 9, 21, 14, 11
2020/12/27, 123, 52, 13, 17, 13, 6
2020/12/27, 129, 44, 26, 11, 7, 5
2020/12/27, 147, 44, 10, 23, 17, 6
2020/12/27, 151, 55, 11, 18, 18, 8
2020/12/27, 152, 64, 11, 20, 17, 8
2020/12/28, 136, 61, 12, 17, 9, 8
2020/12/28, 129, 43, 16, 13, 10, 4
2020/12/28, 111, 49, 17, 13, 5, 6
2020/12/28, 140, 40, 15, 12, 9, 5
2020/12/28, 115, 47, 22, 11, 4, 4
2020/12/29, 93, 35, 25, 7, 4, 3
2020/12/29, 79, 39, 14, 12, 9, 3
2020/12/29, 115, 56, 12, 14, 8, 7
2020/12/29, 103, 37, 19, 7, 4, 4
2020/12/29, 91, 39, 15, 10, 9, 2
2020/12/30, 56, 26, 28, 6, 2, 3
2020/12/30, 62, 31, 19, 11, 8, 2
2020/12/30, 77, 48, 15, 16, 8, 6
2020/12/30, 63, 29, 19, 12, 8, 3
2020/12/30, 67, 36, 22, 8, 3, 3
2020/12/31, 81, 38, 22, 13, 4, 5
2020/12/31, 75, 51, 18, 16, 9, 6
2020/12/31, 54, 42, 8, 15, 9, 3
2020/12/31, 61, 36, 22, 13, 8, 4
2020/12/31, 51, 29, 27, 10, 4, 4
2021/1/1, 67, 35, 27, 6, 5, 5
2021/1/1, 90, 59, 12, 18, 8, 8
2021/1/1, 91, 45, 15, 17, 9, 6
2021/1/1, 87, 59, 18, 15, 4, 7
2021/1/1, 93, , , , , 
2021/1/2, 105, 28, 18, 13, 8, 4
2021/1/2, 136, 30, 20, 12, 4, 4
2021/1/2, 90, 28, 28, 8, 3, 5
2021/1/2, 119, 47, 15, 15, 9, 5
2021/1/3, 62, 30, 18, 14, 10, 5
2021/1/3, 79, 34, 20, 12, 5, 4
2021/1/3, , 29, 20, 13, 11, 3
2021/1/3, 74, 30, 28, 9, 3, 6
2021/1/3, 77, 45, 16, 17, 10, 6
2021/1/4, 83, 36, 14, 18, 10, 5
2021/1/4, 78, 29, 28, 8, 3, 5
2021/1/4, 71, 34, 16, 18, 13, 5
2021/1/4, 91, 37, 20, 13, 4, 5
2021/1/4, 87, 51, 14, 18, 11, 7
2021/1/5, 92, 54, 14, 15, 10, 7
2021/1/5, 85, 43, 17, 12, 5, 5
2021/1/5, 71, 40, 23, 7, 5, 5
2021/1/5, 81, 45, 15, 13, 10, 6
2021/1/5, 86, 42, 15, 15, 8, 4
2021/1/6, 84, , 18, 10, 6, 4
2021/1/6, 93, 24, 16, 9, 11, 5
2021/1/6, 94, 25, 16, 10, 7, 4
2021/1/6, 93, 28, 26, 7, 5, 3
2021/1/6, 99, 31, 13, 14, 7, 5
2021/1/7, 68, 44, 13, 17, 8, 6
2021/1/7, 56, 30, 14, 17, 13, 4
2021/1/7, 66, 31, 26, 7, 4, 4
2021/1/7, 56, 35, 15, 17, 15, 7
2021/1/7, 86, 33, 19, 14, 5, 4
2021/1/8, 79, 34, 15, 18, 11, 5
2021/1/8, 95, 50, 11, 20, 10, 7
2021/1/8, 99, 41, 19, 14, 6, 5
2021/1/8, 75, 35, 25, 8, 4, 5
2021/1/8, 83, 39, 15, 17, 12, 7
2021/1/9, 91, 53, 12, 19, 13, 8
2021/1/9, 90, 51, 17, 19, 12, 6
2021/1/9, 108, 78, 17, 16, 7, 8
2021/1/9, 86, 46, 23, 9, 4, 6
2021/1/9, 101, 65, 10, 24, 11, 10
2021/1/10, 152, 65, 18, 17, 7, 7
2021/1/10, 129, 51, 17, 18, 12, 8
2021/1/10, 140, 56, 12, 21, 13, 10
2021/1/10, 107, 39, 27, 9, 5, 6
2021/1/10, 133, 38, 16, 19, 12, 6
2021/1/11, 103, 66, 12, 21, 10, 11
2021/1/11, 103, 55, 18, 16, 9, 8
2021/1/11, 122, 61, 19, 14, 6, 8
2021/1/11, 103, 56, 19, 17, 7, 7
2021/1/11, 88, 49, 26, 10, 4, 7
2021/1/12, 130, 70, 16, 21, 10, 8
2021/1/12, 118, 56, 21, 16, 10, 6
2021/1/12, 108, 60, 23, 15, 5, 5
2021/1/12, 120, 57, 22, 16, 9, 5
2021/1/12, 133, 61, 21, 15, 6, 6
2021/1/13, 140, 34, 23, 10, 6, 4
2021/1/13, 121, 34, 21, 14, 11, 3
2021/1/13, 126, 28, 31, 6, 3, 3
2021/1/13, 120, 33, 21, 11, 11, 4
2021/1/13, 137, 44, 20, 16, 10, 5
2021/1/14, 73, 42, 21, 18, 13, 6
2021/1/14, 66, 49, 23, 14, 14, 6
2021/1/14, 61, 47, 27, 10, 7, 5
2021/1/14, 63, 49, 24, 16, 9, 5
2021/1/14, 73, 55, 16, 19, 15, 6
2021/1/15, 122, 53, 20, 17, 7, 7
2021/1/15, 105, 54, 23, 12, 4, 6
2021/1/15, 126, 64, 15, 22, 10, 9
2021/1/15, 117, 55, 17, 21, 15, 8
2021/1/15, 117, 56, 17, 23, 14, 6
2021/1/16, 148, 42, 21, 17, 8, 5
2021/1/16, 137, 42, 21, 19, 13, 4
2021/1/16, 147, 50, 18, 20, 9, 7
2021/1/16, 133, 42, 26, 9, 4, 5
2021/1/16, 139, 41, 21, 18, 14, 6
2021/1/17, 95, 24, 20, 9, 7, 3
2021/1/17, 107, 34, 19, 13, 8, 5
2021/1/17, 97, 24, 25, 8, 6, 4
2021/1/17, 105, 24, 22, 10, 6, 5
2021/1/17, 93, 24, 23, 9, 6, 2
2021/1/18, 66, 36, 25, 13, 8, 4
2021/1/18, 60, 39, 23, 12, 7, 6
2021/1/18, 76, 49, 21, 18, 11, 7
2021/1/18, 64, 29, 30, 4, 3, 4
2021/1/18, 78, 51, 23, 13, 6, 7
2021/1/19, 124, 49, 24, 8, 7, 5
2021/1/19, 98, 54, 17, 15, 10, 6
2021/1/19, 91, 46, 20, 11, 9, 5
2021/1/19, 99, 47, 22, 10, 10, 5
2021/1/19, 80, 42, 32, 5, 5, 4
2021/1/20, 91, 77, 14, 22, 7, 12
2021/1/20, 98, 74, 13, 21, 8, 11
2021/1/20, 103, 86, 7, 24, 7, 11
2021/1/20, 84, 61, 25, 12, 4, 7
2021/1/20, 103, 73, 12, 18, 6, 10
2021/1/21, 187, 60, 18, 24, 14, 7
2021/1/21, 173, 55, 19, 23, 20, 7
2021/1/21, 178, 64, 19, 24, 18, 7
2021/1/21, 159, 49, 36, 11, 5, 5
2021/1/21, 174, 66, 19, 22, 15, 7
2021/1/22, 137, 71, 28, 25, 7, 9
2021/1/22, 138, 72, 25, 31, 9, 11
2021/1/22, 116, 57, 41, 8, 6, 7
2021/1/22, 150, 63, 30, 27, 9, 10
2021/1/22, 130, 61, 27, 25, 12, 8
2021/1/23, 140, 62, 45, 8, 5, 8
2021/1/23, 163, 72, 28, 27, 8, 16
2021/1/23, 148, 77, 26, 27, 8, 13
2021/1/23, 184, 89, 25, 27, 7, 14
2021/1/23, 159, 91, 19, 37, 8, 18
2021/1/24, 185, 146, 13, 39, 9, 26
2021/1/24, 181, 135, 8, 46, 9, 24
2021/1/24, 172, 131, 13, 40, 10, 25
2021/1/24, 208, 135, 16, 31, 7, 22
2021/1/24, 156, 79, 34, 17, 6, 13
2021/1/25, 245, 78, 27, 19, 11, 9
2021/1/25, 248, 92, 19, 25, 10, 10
2021/1/25, 256, 74, 27, 17, 10, 8
2021/1/25, 284, 78, 30, 13, 7, 8
2021/1/25, 187, 81, 35, 13, 5, 8
2021/1/26, 164, 23, 32, 6, 4, 2
2021/1/26, 157, 25, 26, 11, 8, 3
2021/1/26, 166, 46, 19, 19, 8, 5
2021/1/26, 165, 28, 27, 11, 5, 4
2021/1/26, 153, 28, 26, 13, 9, 4
2021/1/27, 57, 33, 25, 11, 6, 4
2021/1/27, 57, 33, 27, 11, 7, 4
2021/1/27, 72, 44, 21, 15, 7, 5
2021/1/27, 52, 34, 28, 8, 7, 3
2021/1/27, 73, 31, 23, 10, 7, 4
2021/1/28, 97, 46, 21, 14, 11, 5
2021/1/28, 86, 35, 24, 10, 10, 4
2021/1/28, 84, 34, 24, 7, 5, 3
2021/1/28, 84, 33, 31, 4, 4, 3
2021/1/28, 82, 37, 26, 11, 9, 5
2021/1/29, 73, 58, 25, 18, 8, 9
2021/1/29, 71, 58, 24, 15, 7, 8
2021/1/29, 76, 70, 21, 22, 10, 9
2021/1/29, 70, 50, 27, 10, 7, 5
2021/1/29, 72, 58, 22, 17, 9, 7
2021/1/30, 157, 69, 25, 14, 7, 9
2021/1/30, 123, 63, 35, 6, 5, 7
2021/1/30, 141, 64, 20, 23, 15, 10
2021/1/30, 146, 72, 20, 22, 11, 9
2021/1/30, 138, 62, 20, 19, 9, 10
2021/1/31, 155, 53, 30, 11, 8, 6
2021/1/31, 168, 62, 29, 10, 7, 7
2021/1/31, 150, 55, 29, 12, 7, 6
2021/1/31, 161, 64, 25, 17, 9, 8
2021/1/31, 161, 52, 27, 12, 8, 7
2021/2/1, 147, 38, 20, 16, 9, 6
2021/2/1, 148, 33, 25, 6, 6, 4
2021/2/1, 133, 34, 27, 9, 9, 2
2021/2/1, 132, 29, 24, 8, 10, 4
2021/2/1, 127, 31, 29, 6, 4, 4
2021/2/2, 74, 27, 27, 10, 9, 2
2021/2/2, 84, 34, 22, 17, 9, 5
2021/2/2, 80, 27, 34, 4, 4, 5
2021/2/2, 72, 26, 27, 10, 9, 4
2021/2/2, 82, 30, 28, 10, 5, 5
2021/2/3, 87, 31, 30, 8, 6, 4
2021/2/3, 68, 29, 39, 3, 5, 5
2021/2/3, 62, 32, 25, 12, 10, 5
2021/2/3, 74, 42, 24, 16, 11, 4
2021/2/3, 66, 32, 26, 14, 11, 3
2021/2/4, 84, 76, 16, 25, 13, 10
2021/2/4, 87, 69, 25, 17, 8, 10
2021/2/4, 74, 63, 23, 18, 12, 7
2021/2/4, 78, 64, 22, 18, 12, 10
2021/2/4, 69, 63, 33, 11, 8, 9
2021/2/5, 137, 87, 40, 24, 13, 8
2021/2/5, 134, 74, 47, 9, 6, 9
2021/2/5, 149, 84, 30, 27, 11, 10
2021/2/5, 146, 84, 38, 22, 9, 11
2021/2/5, 147, 95, 31, 28, 14, 10
2021/2/6, 187, 50, 25, 18, 9, 7
2021/2/6, 181, 57, 29, 20, 10, 5
2021/2/6, 168, 55, 38, 7, 4, 7
2021/2/6, 185, 72, 23, 27, 8, 8
2021/2/6, 177, 52, 28, 22, 6, 10
2021/2/7, 165, 68, 26, 17, 6, 11
2021/2/7, 139, 65, 21, 20, 9, 9
2021/2/7, 133, 53, 31, 8, 4, 7
2021/2/7, 136, 64, 24, 21, 11, 8
2021/2/7, 144, 75, 17, 25, 7, 10
2021/2/8, 133, 41, 34, 6, 6, 8
2021/2/8, 171, 58, 25, 15, 10, 9
2021/2/8, 158, 67, 22, 22, 9, 10
2021/2/8, 170, 60, 28, 15, 7, 10
2021/2/8, 155, 50, 26, 17, 13, 7
2021/2/9, 137, 104, 17, 28, 7, 14
2021/2/9, 134, 103, 21, 24, 8, 15
2021/2/9, 150, 96, 26, 18, 6, 14
2021/2/9, 114, 68, 36, 9, 5, 11
2021/2/9, 123, 82, 22, 23, 11, 9
2021/2/10, 204, 72, 47, 10, 9, 9
2021/2/10, 176, 45, 48, 4, 5, 5
2021/2/10, 185, 58, 49, 10, 10, 3
2021/2/10, 210, 67, 47, 8, 7, 7
2021/2/10, 195, 67, 48, 14, 10, 7
2021/2/11, 124, 78, 37, 12, 13, 5
2021/2/11, 137, 97, 41, 15, 9, 9
2021/2/11, 148, 83, 40, 11, 12, 8
2021/2/11, 146, 95, 40, 9, 8, 7
2021/2/11, 111, 75, 44, 5, 6, 6
2021/2/12, 165, 65, 25, 5, 5, 7
2021/2/12, 174, 87, 21, 14, 6, 9
2021/2/12, 175, 93, 20, 19, 7, 9
2021/2/12, 164, 80, 23, 14, 6, 7
2021/2/12, 194, 71, 20, 9, 6, 9
2021/2/13, 163, 29, 32, 2, 5, 3
2021/2/13, 191, 34, 26, 7, 9, 3
2021/2/13, 171, 33, 28, 7, 6, 2
2021/2/13, 193, 33, 24, 10, 11, 3
2021/2/13, 179, 38, 26, 10, 9, 4
2021/2/14, 84, 31, 28, 9, 11, 5
2021/2/14, 72, 24, 31, 3, 5, 3
2021/2/14, 81, 25, 27, 5, 6, 1
2021/2/14, 71, 23, 28, 6, 5, 2
2021/2/14, 84, 26, 29, 7, 8, 3
2021/2/15, 64, 33, 26, 7, 7, 4
2021/2/15, 63, 29, 26, 7, 9, 3
2021/2/15, 68, 34, 27, 7, 6, 4
2021/2/15, 71, 39, 26, 9, 7, 5
2021/2/15, 62, 29, 30, 4, 6, 4
2021/2/16, 85, 33, 25, 5, 5, 4
2021/2/16, 69, 31, 23, 4, 6, 3
2021/2/16, 73, 30, 27, 4, 5, 3
2021/2/16, 71, 32, 23, 4, 4, 3
2021/2/16, 75, 42, 22, 8, 6, 4
2021/2/17, 54, 33, 32, 6, 5, 3
2021/2/17, 50, 36, 23, 9, 10, 3
2021/2/17, 57, 35, 25, 9, 9, 3
2021/2/17, 61, 36, 27, 6, 5, 4
2021/2/17, 60, 51, 22, 10, 9, 4
2021/2/18, 67, 74, 36, 4, 5, 5
2021/2/18, 62, 74, 30, 10, 9, 6
2021/2/18, 71, 108, 27, 16, 9, 7
2021/2/18, 65, 77, 33, 7, 7, 6
2021/2/18, 75, 92, 33, 7, 6, 6
2021/2/19, 94, 47, 23, 15, 8, 5
2021/2/19, 84, 37, 27, 9, 6, 5
2021/2/19, 78, 32, 33, 4, 3, 2
2021/2/19, 76, 35, 25, 10, 5, 3
2021/2/19, 97, 34, 27, 7, 5, 3
2021/2/20, 68, 46, 27, 14, 12, 6
2021/2/20, 47, 36, 29, 12, 8, 5
2021/2/20, 56, 39, 30, 11, 8, 7
2021/2/20, 45, 30, 37, 6, 6, 4
2021/2/20, 52, 34, 25, 13, 9, 4
2021/2/21, 98, 41, 25, 11, 7, 5
2021/2/21, 92, 28, 28, 8, 7, 5
2021/2/21, 88, 31, 27, 8, 8, 3
2021/2/21, 91, 28, 28, 6, 4, 3
2021/2/21, 79, 26, 32, 5, 4, 3
2021/2/22, 63, 29, 28, 7, 4, 4
2021/2/22, 66, 24, 28, 7, 6, 2
2021/2/22, 56, 23, 30, 5, 4, 3
2021/2/22, 71, 37, 25, 13, 6, 5
2021/2/22, 59, 23, 27, 9, 7, 4
2021/2/23, 55, 46, 31, 13, 7, 6
2021/2/23, 68, 49, 33, 12, 5, 5
2021/2/23, 69, 63, 28, 22, 8, 7
2021/2/23, 56, 46, 30, 14, 7, 2
2021/2/23, 54, 38, 38, 5, 4, 6
2021/2/24, 98, 40, 28, 11, 6, 6
2021/2/24, 89, 36, 32, 7, 5, 5
2021/2/24, 104, 53, 27, 18, 8, 6
2021/2/24, 105, 44, 28, 12, 7, 5
2021/2/24, 94, 38, 29, 11, 6, 2
2021/2/25, 87, 41, 40, 6, 4, 6
2021/2/25, 105, 81, 27, 24, 10, 6
2021/2/25, 90, 61, 29, 15, 11, 4
2021/2/25, 122, 127, 31, 14, 10, 7
2021/2/25, 96, 66, 29, 15, 9, 7
2021/2/26, 173, 125, 43, 8, 7, 8
2021/2/26, 120, 100, 41, 13, 9, 6
2021/2/26, 104, 69, 45, 6, 5, 8
2021/2/26, 129, 105, 42, 12, 9, 8
2021/2/26, 127, 129, 41, 17, 9, 7
2021/2/27, 128, 36, 33, 5, 5, 6
2021/2/27, 160, 56, 23, 17, 7, 5
2021/2/27, 149, 38, 27, 10, 6, 5
2021/2/27, 154, 41, 28, 9, 6, 5
2021/2/27, 169, 38, 27, 10, 6, 7
2021/2/28, 91, 27, 28, 15, 8, 6
2021/2/28, 98, 34, 30, 14, 9, 3
2021/2/28, 78, 28, 32, 11, 8, 6
2021/2/28, 78, 23, 38, 3, 4, 5
2021/2/28, 89, 31, 31, 11, 8, 5
2021/3/1, 77, 36, 29, 17, 8, 8
2021/3/1, 66, 37, 33, 18, 6, 8
2021/3/1, 61, 28, 36, 4, 4, 4
2021/3/1, 69, 49, 26, 24, 10, 5
2021/3/1, 74, 39, 31, 17, 7, 7
2021/3/2, 112, 60, 33, 8, 6, 9
2021/3/2, 78, 49, 37, 4, 4, 5
2021/3/2, 96, 60, 30, 12, 9, 8
2021/3/2, 84, 60, 30, 12, 8, 9
2021/3/2, 95, 75, 31, 17, 10, 7
2021/3/3, 138, 73, 36, 8, 6, 5
2021/3/3, 131, 67, 33, 12, 7, 4
2021/3/3, 120, 59, 41, 4, 3, 4
2021/3/3, 136, 71, 36, 8, 5, 5
2021/3/3, 138, 86, 29, 17, 6, 6
2021/3/4, 104, 34, 29, 7, 5, 3
2021/3/4, 97, 24, 31, 6, 3, 3
2021/3/4, 90, 38, 34, 4, 3, 4
2021/3/4, 121, 42, 29, 12, 5, 5
2021/3/4, 106, 25, 31, 8, 6, 4
2021/3/5, 75, 53, 23, 24, 8, 7
2021/3/5, 58, 34, 26, 14, 8, 4
2021/3/5, 59, 28, 28, 8, 5, 4
2021/3/5, 65, 38, 23, 16, 10, 2
2021/3/5, 56, 34, 27, 18, 5, 5
2021/3/6, 93, 41, 33, 16, 5, 6
2021/3/6, 87, 43, 30, 17, 7, 3
2021/3/6, 79, 42, 28, 17, 10, 4
2021/3/6, 65, 34, 36, 6, 4, 6
2021/3/6, 92, 66, 24, 26, 9, 8
2021/3/7, 94, 70, 39, 22, 9, 8
2021/3/7, 83, 55, 47, 8, 6, 9
2021/3/7, 112, 94, 34, 31, 10, 11
2021/3/7, 100, 71, 40, 19, 8, 8
2021/3/7, 104, 69, 43, 18, 7, 9
2021/3/8, 160, 66, 31, 13, 6, 7
2021/3/8, 144, 55, 33, 10, 4, 7
2021/3/8, 159, 59, 30, 17, 7, 8
2021/3/8, 167, 82, 25, 24, 7, 10
2021/3/8, 159, 65, 29, 14, 7, 6
2021/3/9, 123, 98, 32, 25, 6, 10
2021/3/9, 103, 68, 29, 19, 5, 9
2021/3/9, 109, 68, 40, 14, 5, 6
2021/3/9, 108, 73, 38, 19, 5, 6
2021/3/9, 108, 52, 38, 9, 2, 3
2021/3/10, 115, 78, 34, 17, 7, 8
2021/3/10, 108, 86, 33, 20, 8, 8
2021/3/10, 106, 76, 34, 20, 7, 11
2021/3/10, 118, 114, 26, 30, 7, 9
2021/3/10, 54, 30, 37, 11, 5, 7
2021/3/11, 178, 75, 39, 25, 8, 7
2021/3/11, 178, 76, 38, 20, 10, 9
2021/3/11, 153, 61, 47, 9, 3, 5
2021/3/11, 167, 70, 40, 21, 9, 7
2021/3/11, 182, 88, 37, 32, 8, 8
2021/3/12, 169, 64, 38, 25, 5, 10
2021/3/12, 165, 99, 26, 40, 5, 10
2021/3/12, 162, 60, 40, 22, 5, 6
2021/3/12, 159, 55, 38, 24, 6, 6
2021/3/12, 144, 39, 42, 11, 3, 3
2021/3/13, 124, 73, 52, 17, 5, 7
2021/3/13, 125, 70, 48, 18, 6, 7
2021/3/13, 128, 74, 49, 20, 6, 10
2021/3/13, 92, 62, 60, 8, 4, 6
2021/3/13, 149, 106, 44, 28, 6, 9
2021/3/14, 166, 151, 37, 7, 3, 4
2021/3/14, 167, 171, 39, 6, 3, 5
2021/3/14, 168, 170, 37, 6, 4, 6
2021/3/14, 156, 180, 44, 3, 2, 3
2021/3/14, 176, 207, 35, 20, 4, 6
2021/3/15, 120, 184, 23, 27, 5, 5
2021/3/15, 99, 147, 31, 8, 4, 5
2021/3/15, 103, 155, 34, 8, 3, 5
2021/3/15, 88, 135, 32, 8, 3, 1
2021/3/15, 97, 150, 35, 2, 2, 2
2021/3/16, 72, 65, 31, 20, 4, 5
2021/3/16, 89, 65, 28, 30, 5, 7
2021/3/16, 57, 56, 29, 22, 5, 9
2021/3/16, 45, 50, 29, 21, 4, 4
2021/3/16, 54, 25, 37, 2, 2, 2
2021/3/17, 86, 64, 36, 17, 4, 6
2021/3/17, 87, 59, 33, 21, 4, 9
2021/3/17, 88, 51, 34, 21, 4, 4
2021/3/17, 53, 40, 38, 8, 3, 3
2021/3/17, 104, 88, 28, 30, 7, 7
2021/3/18, 119, 67, 34, 20, 6, 6
2021/3/18, 96, 58, 36, 20, 6, 4
2021/3/18, 131, 68, 36, 22, 6, 6
2021/3/18, 101, 68, 35, 21, 6, 8
2021/3/18, 83, 38, 44, 5, 2, 3
2021/3/19, 116, 44, 17, 18, 4, 4
2021/3/19, 86, 43, 21, 14, 3, 5
2021/3/19, 120, 47, 21, 19, 6, 5
2021/3/19, 125, 46, 18, 19, 3, 5
2021/3/19, 127, 59, 14, 24, 5, 8
2021/3/20, 121, 23, 33, 5, 3, 4
2021/3/20, 116, 25, 29, 6, 3, 3
2021/3/20, 112, 23, 29, 6, 3, 2
2021/3/20, 129, 40, 22, 18, 3, 6
2021/3/20, 108, 23, 32, 5, 2, 3
2021/3/21, 83, 54, 23, 21, 5, 6
2021/3/21, 61, 27, 31, 8, 4, 4
2021/3/21, 65, 28, 28, 10, , 3
2021/3/21, 58, 27, 25, 11, 6, 2
2021/3/21, 60, 22, 32, 4, 2, 3
2021/3/22, 56, 119, 19, 18, 3, 7
2021/3/22, 46, 107, 17, 19, 8, 5
2021/3/22, 50, 102, 22, 10, 4, 7
2021/3/22, 80, 156, 12, 28, 8, 10
2021/3/22, 53, 124, 21, 17, 6, 8
2021/3/23, 105, 52, 38, 11, 3, 6
2021/3/23, 101, 52, 36, 16, 5, 3
2021/3/23, 108, 63, 36, 17, 3, 6
2021/3/23, 143, 60, 39, 15, 4, 7
2021/3/23, 147, 93, 23, 33, 6, 9
2021/3/24, 126, 83, 29, 25, 6, 6
2021/3/24, 89, 51, 40, 6, 4, 3
2021/3/24, 88, 53, 35, 12, 5, 4
2021/3/24, 102, 59, 37, 13, 3, 4
2021/3/24, 102, 59, 37, 12, 4, 4
2021/3/25, 82, 49, 59, 6, 3, 4
2021/3/25, 100, 65, 52, 15, 5, 4
2021/3/25, 125, 78, 51, 20, 4, 5
2021/3/25, 83, 54, 50, 15, 5, 5
2021/3/25, 91, 60, 60, 17, , 5
2021/3/26, 115, 63, 53, 16, 7, 7
2021/3/26, 142, 67, 61, 15, 5, 6
2021/3/26, 112, 58, 60, 6, 3, 5
2021/3/26, 121, 70, 56, 15, 3, 7
2021/3/26, 141, 93, 45, 26, 5, 8
2021/3/27, 134, 225, 39, 7, 2, 6
2021/3/27, 154, 269, 32, 13, 4, 5
2021/3/27, 161, 286, 25, 25, 3, 7
2021/3/27, 143, 240, 32, 15, 3, 6
2021/3/27, 137, 200, 28, 17, 4, 6
2021/3/28, 153, 107, 22, 16, 4, 3
2021/3/28, 122, 80, 26, 10, 2, 2
2021/3/28, 147, 83, 29, 6, 3, 2
2021/3/28, 133, 86, 27, 7, , 3
2021/3/28, 121, 81, 29, 5, 2, 4
2021/3/29, 26, 35, 40, 17, 4, 4
2021/3/29, 44, 36, 39, 10, 2, 6
2021/3/29, 40, 39, 42, 15, 3, 5
2021/3/29, 38, 58, 38, 18, 3, 5
2021/3/29, 65, 70, 29, 29, 3, 6
2021/3/30, 73, 65, 41, 19, 3, 7
2021/3/30, 73, 61, 41, 22, 5, 6
2021/3/30, 105, 85, 46, 22, 4, 6
2021/3/30, 89, 79, 44, 18, 4, 5
2021/3/30, 64, 54, 52, 8, 3, 7
2021/3/31, 113, 28, 44, 5, 4, 5
2021/3/31, 118, 69, 32, 21, 3, 6
2021/3/31, 130, 67, 34, 23, 4, 5
2021/3/31, 127, 61, 33, 22, 4, 3
2021/3/31, 116, 57, 31, 25, 14, 5
2021/4/1, 92, 73, 40, 19, 7, 6
2021/4/1, 95, 103, 37, 25, 7, 7
2021/4/1, 78, 71, 45, 13, 5, 5
2021/4/1, 54, 63, 46, 8, 5, 7
2021/4/1, 95, 75, 44, 16, 3, 6
2021/4/2, 119, 43, 35, 8, 3, 3
2021/4/2, 145, 57, 31, 16, 4, 3
2021/4/2, 110, 34, 36, 7, 3, 3
2021/4/2, 113, 35, 39, 4, 2, 4
2021/4/2, 133, 41, 38, 9, 4, 3
2021/4/3, 50, 51, 42, 17, 3, 4
2021/4/3, 38, 44, 40, 15, 4, 3
2021/4/3, 41, 35, 43, 6, 2, 5
2021/4/3, 37, 58, 45, 15, 4, 4
2021/4/3, 67, 71, 36, 26, 4, 5
2021/4/4, 85, 65, 35, 13, 4, 4
2021/4/4, 70, 63, 42, 7, 3, 5
2021/4/4, 110, 77, 40, 13, 4, 3
2021/4/4, 119, 87, 30, 21, 5, 5
2021/4/4, 92, 72, 38, 12, 3, 4
2021/4/5, 106, 51, 38, 14, 3, 4
2021/4/5, 85, 45, 38, 13, 3, 3
2021/4/5, 97, 48, 43, 9, 2, 3
2021/4/5, 104, 76, 40, 18, 4, 3
2021/4/5, 117, 67, 32, 22, 4, 6
2021/4/6, 105, 56, 43, 15, 6, 5
2021/4/6, 79, 43, 40, 14, 3, 5
2021/4/6, 68, 48, 23, 13, 3, 3
2021/4/6, 98, 89, 32, 26, 7, 7
2021/4/6, 70, 50, 45, 8, 3, 4
2021/4/7, 115, 76, 50, 18, 3, 8
2021/4/7, 97, 62, 54, 10, 3, 5
2021/4/7, 139, 114, 36, 29, 9, 8
2021/4/7, 163, 82, 48, 21, 6, 6
2021/4/7, 83, 83, 37, 20, 6, 8
2021/4/8, 179, 103, 71, 32, 3, 10
2021/4/8, 155, 86, 80, 11, 4, 7
2021/4/8, 199, 137, 63, 26, 5, 8
2021/4/8, 188, 144, 62, 37, 5, 9
2021/4/8, 174, 99, 72, 31, 5, 9
2021/4/9, 202, 90, 68, 23, 3, 8
2021/4/9, 209, 77, 70, 12, 5, 7
2021/4/9, 187, 80, 61, 21, 5, 7
2021/4/9, 202, 134, 55, 26, 5, 8
2021/4/9, 203, 86, 66, 14, 6, 6
2021/4/10, 169, 104, 57, 8, 3, 5
2021/4/10, 159, 92, 51, 13, 3, 5
2021/4/10, 182, 132, 42, 18, 4, 5
2021/4/10, 172, 93, 56, 8, 4, 4
2021/4/10, 168, 77, 63, 6, 3, 5
2021/4/11, 134, 69, 42, 10, 2, 3
2021/4/11, 135, 52, 48, 5, 3, 3
2021/4/11, 102, 46, 51, 4, 2, 4
2021/4/11, 117, 56, 48, 6, 3, 3
2021/4/11, 101, 46, 48, 8, 2, 2
2021/4/12, 77, 25, 29, 9, 2, 3
2021/4/12, 67, 15, 32, 6, 3, 2
2021/4/12, 46, 13, 35, 5, 2, 1
2021/4/12, 60, 12, 34, 3, 2, 3
2021/4/12, 72, 16, 33, 5, 3, 3
2021/4/13, 44, 49, 28, 16, 3, 5
2021/4/13, 26, 29, 37, 14, 2, 3
2021/4/13, 36, 33, 37, 10, 4, 4
2021/4/13, 34, 29, 36, 10, , 3
2021/4/13, 27, 30, 39, 6, 2, 3
2021/4/14, 73, 71, 55, 12, 5, 5
2021/4/14, 58, 73, 56, 13, 3, 5
2021/4/14, 63, 66, 56, 13, 4, 5
2021/4/14, 57, 58, 58, 6, 4, 4
2021/4/14, 74, 83, 47, 17, 3, 6
2021/4/15, 125, 58, 36, 4, 3, 2
2021/4/15, 107, 78, 39, 7, 2, 3
2021/4/15, 127, 129, 35, 8, 2, 3
2021/4/15, 110, 81, 42, 2, 2, 2
2021/4/15, 117, 95, 39, 5, 3, 3
2021/4/16, 45, 68, 27, 6, 2, 3
2021/4/16, 51, 77, 25, 9, 3, 4
2021/4/16, 50, 68, 23, 10, 3, 4
2021/4/16, 71, 85, 22, 12, 2, 5
2021/4/16, 29, 69, 22, 11, 2, 3
2021/4/17, 83, 37, 38, 15, 3, 2
2021/4/17, 85, 33, 42, 8, 2, 4
2021/4/17, 115, 53, 35, 18, 2, 5
2021/4/17, 92, 47, 37, 12, 3, 4
2021/4/17, 114, 44, 40, 13, 4, 5
2021/4/18, 90, 106, 61, 21, 4, 8
2021/4/18, 79, 76, 68, 15, 4, 4
2021/4/18, 74, 79, 78, 10, 4, 6
2021/4/18, 101, 79, 65, 13, 5, 6
2021/4/18, 108, 84, 67, 15, 5, 6
2021/4/19, 130, 78, 44, 21, 5, 5
2021/4/19, 116, 65, 51, 20, 5, 4
2021/4/19, 133, 86, 51, 23, 4, 6
2021/4/19, 125, 45, 64, 8, 4, 5
2021/4/19, 123, 78, 48, 22, 6, 5
2021/4/20, 147, 88, 89, 16, 6, 7
2021/4/20, 150, 117, 76, 27, 5, 8
2021/4/20, 159, 83, 88, 22, 5, 7
2021/4/20, 130, 74, 85, 9, 4, 6
2021/4/20, 149, 80, 86, 20, 5, 4
2021/4/21, 138, 50, 50, 16, 3, 2
2021/4/21, 166, 53, 47, 12, 5, 3
2021/4/21, 140, 48, 58, 7, 3, 4
2021/4/21, 160, 64, 45, 18, 3, 5
2021/4/21, 151, 52, 51, 14, 4, 5
2021/4/22, 97, 45, 26, 19, 6, 4
2021/4/22, 98, 52, 27, 21, 2, 5
2021/4/22, 92, 44, 28, 20, 5, 6
2021/4/22, 90, 35, 34, 8, 2, 3
2021/4/22, 79, 41, 31, 19, 3, 4
2021/4/23, 104, 35, 33, 15, 2, 3
2021/4/23, 120, 50, 31, 19, 3, 5
2021/4/23, 104, 41, 31, 16, 3, 5
2021/4/23, 100, 39, 29, 17, 4, 4
2021/4/23, 99, 35, 36, 7, 2, 3
2021/4/24, 87, 56, 44, 19, 5, 5
2021/4/24, 85, 49, 50, 13, 2, 4
2021/4/24, 76, 48, 46, 16, 3, 5
2021/4/24, 92, 66, 46, 19, 4, 4
2021/4/24, 98, 75, 44, 25, 3, 6
2021/4/25, 116, 60, 51, 14, 5, 4
2021/4/25, 104, 56, 49, 15, 4, 4
2021/4/25, 120, 84, 48, 24, 4, 5
2021/4/25, 124, 66, 50, 15, 5, 4
2021/4/25, 104, 52, 58, 6, 3, 4
2021/4/26, 131, 97, 31, 15, 3, 5
2021/4/26, 120, 79, 35, 8, 4, 5
2021/4/26, 114, 71, 38, 5, 2, 4
2021/4/26, 130, 82, 35, 8, 4, 5
2021/4/26, 114, 73, 32, 10, 3, 5
2021/4/27, 105, 60, 34, 12, 2, 3
2021/4/27, 103, 59, 40, 5, 2, 3
2021/4/27, 130, 79, 31, 17, 2, 3
2021/4/27, 116, 64, 35, 10, 3, 3
2021/4/27, 128, 63, 36, 8, 3, 3
2021/4/28, 49, 51, 34, 13, 3, 4
2021/4/28, 58, 52, 38, 11, 4, 4
2021/4/28, 74, 55, 38, 9, 4, 3
2021/4/28, 70, 64, 30, 17, 3, 4
2021/4/28, 56, 50, 42, 6, 2, 3
2021/4/29, 71, 23, 27, 10, 3, 4
2021/4/29, 66, 20, 28, 11, 2, 3
2021/4/29, 70, 19, 32, 6, 2, 3
2021/4/29, 83, 25, 29, 10, 3, 2
2021/4/29, 85, 31, 27, 12, 2, 3
2021/4/30, 55, 24, 42, 4, 2, 3
2021/4/30, 50, 42, 36, 13, 3, 4
2021/4/30, 52, 35, 36, 14, 2, 4
2021/4/30, 59, 37, 36, 14, 3, 3
2021/4/30, 62, 54, 37, 16, 2, 4
2021/5/1, 78, 37, 42, 14, 2, 3
2021/5/1, 78, 61, 47, 16, 4, 4
2021/5/1, 62, 43, 52, 11, 2, 4
2021/5/1, 91, 59, 43, 22, 2, 5
2021/5/1, 110, 44, 47, 14, 3, 4
2021/5/2, 95, 61, 50, 12, 5, 5
2021/5/2, 110, 70, 47, 15, 3, 5
2021/5/2, 89, 56, 43, 14, 3, 4
2021/5/2, 117, 58, 49, 11, 5, 3
2021/5/2, 87, 48, 55, 6, 3, 4
2021/5/3, 93, 37, 36, 7, 4, 2
2021/5/3, 78, 30, 41, 4, 2, 4
2021/5/3, 79, 37, 28, 11, 2, 3
2021/5/3, 92, 52, 33, 11, 2, 4
2021/5/3, 89, 39, 35, 7, 3, 4
2021/5/4, 57, 50, 26, 11, 2, 3
2021/5/4, 56, 49, 34, 5, 2, 2
2021/5/4, 71, 53, 31, 7, 3, 1
2021/5/4, 72, 79, 24, 15, 2, 6
2021/5/4, 65, 54, 31, 8, 3, 4
2021/5/5, 52, 78, 57, 12, 4, 5
2021/5/5, 46, 64, 65, 4, 3, 4
2021/5/5, 51, 71, 47, 16, 3, 4
2021/5/5, 63, 103, 52, 18, 3, 6
2021/5/5, 67, 78, 54, 11, 5, 3
2021/5/6, 70, 89, 31, 10, 2, 3
2021/5/6, 98, 141, 35, 13, 2, 4
2021/5/6, 71, 101, 34, 4, 2, 3
2021/5/6, 81, 94, 38, 6, 3, 3
2021/5/6, 106, 107, 32, 5, 4, 2
2021/5/7, 126, 23, 24, 8, 2, 3
2021/5/7, 95, 15, 23, 8, , 2
2021/5/7, 129, 17, 27, 4, 4, 2
2021/5/7, 116, 14, 30, 3, 2, 3
2021/5/7, 108, 20, 27, 5, 3, 3
2021/5/8, 36, 17, 34, 7, 4, 2
2021/5/8, 30, 17, 33, 6, 3, 2
2021/5/8, 28, 12, 38, 4, 2, 2
2021/5/8, 19, 12, 31, 8, 2, 3
2021/5/8, 32, 29, 31, 13, 2, 5
2021/5/9, 26, 21, 44, 6, 2, 3
2021/5/9, 26, 38, 32, 21, 3, 5
2021/5/9, 44, 42, 40, 13, 5, 3
2021/5/9, 35, 38, 40, 15, 3, 5
2021/5/9, 40, 65, 36, 23, 2, 6
2021/5/10, 61, 40, 43, 17, 2, 5
2021/5/10, 71, 43, 44, 12, 4, 3
2021/5/10, 46, 28, 52, 5, 2, 4
2021/5/10, 61, 42, 46, 16, 4, 5
2021/5/10, 81, 63, 50, 16, 2, 5
2021/5/11, 76, 40, 41, 7, 4, 3
2021/5/11, 66, 42, 45, 5, 2, 4
2021/5/11, 72, 38, 36, 12, 3, 4
2021/5/11, 88, 58, 36, 14, 2, 4
2021/5/11, 81, 39, 39, 7, 1, 3
2021/5/12, 51, 46, 53, 10, 5, 5
2021/5/12, 53, 37, 57, 7, 3, 6
2021/5/12, 68, 62, 45, 19, 3, 7
2021/5/12, 52, 44, 44, 15, 3, 7
2021/5/12, 70, 47, 50, 9, 2, 6
2021/5/13, 97, 50, 53, 9, 2, 5
2021/5/13, 111, 63, 53, 18, 3, 6
2021/5/13, 85, 39, 63, 6, 3, 6
2021/5/13, 92, 50, 55, 14, 4, 5
2021/5/13, 92, 48, 46, 15, 3, 7
2021/5/14, 73, 28, 26, 9, 2, 4
2021/5/14, 71, 22, 29, 6, 2, 4
2021/5/14, 90, 38, 26, 17, 2, 5
2021/5/14, 70, 21, 23, 13, 2, 5
2021/5/14, 75, 24, 28, 10, 3, 2
2021/5/15, 48, 20, 42, 6, 2, 3
2021/5/15, 63, 35, 38, 12, 2, 4
2021/5/15, 59, 59, 36, 24, 2, 7
2021/5/15, 40, 47, 37, 17, 4, 4
2021/5/15, 40, 39, 36, 19, 2, 5
2021/5/16, 57, 40, 43, 12, 3, 5
2021/5/16, 66, 46, 46, 14, 4, 3
2021/5/16, 54, 44, 40, 17, 3, 5
2021/5/16, 41, 35, 49, 7, 2, 4
2021/5/16, 79, 64, 38, 23, 3, 5
2021/5/17, 51, 38, 68, 5, 3, 5
2021/5/17, 67, 44, 55, 10, 4, 6
2021/5/17, 65, 53, 64, 9, 3, 5
2021/5/17, 61, 55, 66, 10, 5, 4
2021/5/17, 79, 65, 57, 17, 3, 5
2021/5/18, 71, 83, 69, 27, 5, 9
2021/5/18, 68, 64, 90, 7, 4, 7
2021/5/18, 55, 56, 99, 5, 4, 5
2021/5/18, 60, 60, 97, 7, 6, 6
2021/5/18, 55, 54, 76, 10, 5, 8
2021/5/19, 83, 57, 98, 7, 5, 6
2021/5/19, 102, 54, 92, 6, 3, 6
2021/5/19, 75, 48, 73, 11, 4, 8
2021/5/19, 71, 48, 99, 5, 3, 5
2021/5/19, 125, 74, 71, 24, 4, 8
2021/5/20, 134, 72, 59, 28, 4, 8
2021/5/20, 124, 52, 83, 9, 4, 5
2021/5/20, 96, 53, 86, 9, 5, 7
2021/5/20, 85, 46, 67, 8, 3, 6
2021/5/20, 85, 46, 66, 14, 4, 8
2021/5/21, 83, 58, 78, 9, 4, 6
2021/5/21, 93, 64, 100, 7, 5, 7
2021/5/21, 122, 51, 98, 6, 3, 6
2021/5/21, 104, 62, 96, 7, 3, 6
2021/5/21, 126, 84, 88, 18, 3, 8
2021/5/22, 100, 75, 47, 8, 2, 3
2021/5/22, 108, 84, 55, 6, 4, 3
2021/5/22, 118, 73, 57, 6, 2, 3
2021/5/22, 135, 103, 52, 14, 2, 5
2021/5/22, 117, 85, 55, 5, 2, 3
2021/5/23, 131, 97, 23, 19, 2, 4
2021/5/23, 116, 69, 31, 7, 2, 2
2021/5/23, 89, 58, 25, 13, 2, 3
2021/5/23, 97, 65, 30, 8, 3, 2
2021/5/23, 96, 53, 32, 4, 2, 2
2021/5/24, 79, 34, 34, 13, 3, 2
2021/5/24, 66, 27, 36, 6, 2, 1
2021/5/24, 117, 62, 27, 24, 2, 4
2021/5/24, 85, 38, 35, 11, 2, 1
2021/5/24, 68, 32, 31, 14, 2, 2
2021/5/25, 24, 29, 37, 5, 2, 3
2021/5/25, 55, 36, 37, 7, 2, 2
2021/5/25, 39, 42, 31, 10, 3, 3
2021/5/25, 51, 39, 35, 8, 3, 3
2021/5/25, 94, 61, 28, 16, 3, 5
2021/5/26, 77, 48, 43, 13, 2, 4
2021/5/26, 58, 34, 45, 11, 3, 3
2021/5/26, 42, 31, 38, 12, 2, 3
2021/5/26, 42, 19, 46, 4, 2, 2
2021/5/26, 65, 31, 43, 8, 2, 2
2021/5/27, 58, 34, 34, 10, 2, 2
2021/5/27, 46, 30, 37, 9, 2, 3
2021/5/27, 54, 35, 34, 11, 3, 2
2021/5/27, 53, 30, 29, 12, 2, 3
2021/5/27, 70, 50, 30, 18, , 4
2021/5/28, 57, 32, 33, 16, 2, 3
2021/5/28, 58, 43, 37, 15, 3, 3
2021/5/28, 63, 34, 40, 13, 2, 2
2021/5/28, 57, 23, 41, 7, 2, 3
2021/5/28, 75, 54, 34, 22, 2, 5
2021/5/29, 43, 28, 38, 8, 2, 3
2021/5/29, 57, 49, 37, 18, 3, 3
2021/5/29, 72, 78, 29, 28, 3, 6
2021/5/29, 65, 50, 29, 22, 3, 5
2021/5/29, 60, 55, 35, 19, 3, 5
2021/5/30, 53, 28, 61, 6, 2, 5
2021/5/30, 75, 39, 55, 13, 2, 3
2021/5/30, 81, 42, 48, 14, 2, 4
2021/5/30, 112, 65, 58, 19, 2, 5
2021/5/30, 84, 41, 54, 14, 3, 5
2021/5/31, 88, 27, 41, 8, 2, 2
2021/5/31, 67, 27, 32, 12, 2, 2
2021/5/31, 72, 29, 38, 8, 3, 3
2021/5/31, 101, 44, 33, 15, 2, 4
2021/5/31, 56, 22, 39, 6, , 3
2021/6/1, 58, 23, 31, 14, 3, 5
2021/6/1, 57, 14, 36, 5, 2, 3
2021/6/1, 67, 32, 27, 17, 2, 5
2021/6/1, 53, 22, 27, 16, 2, 4
2021/6/1, 56, 21, 33, 12, 2, 3
2021/6/2, 49, 17, 28, 7, 2, 2
2021/6/2, 56, 29, 28, 12, 2, 4
2021/6/2, 37, 23, 32, 5, 2, 2
2021/6/2, 35, 13, 33, 2, 2, 2
2021/6/2, 51, 19, 32, 5, 2, 3
2021/6/3, 38, 17, 28, 11, 2, 2
2021/6/3, 52, 16, 37, 7, 2, 1
2021/6/3, 31, 16, 35, 5, 2, 2
2021/6/3, 36, 18, 34, 9, 3, 3
2021/6/3, 54, 28, 29, 16, 2, 4
2021/6/4, 31, 11, 31, 4, 2, 4
2021/6/4, 41, 23, 27, 14, 2, 4
2021/6/4, 31, 13, 30, 6, 2, 4
2021/6/4, 32, 11, 26, 9, 2, 4
2021/6/4, 38, 11, 33, 6, 2, 1
2021/6/5, 29, 14, 28, 7, 2, 3
2021/6/5, 41, 29, 27, 16, 2, 4
2021/6/5, 30, 19, 34, 10, 2, 3
2021/6/5, 25, 15, 25, 11, 2, 5
2021/6/5, 28, 21, 31, 8, 2, 3
2021/6/6, 28, 13, 47, 2, 2, 3
2021/6/6, 45, 33, 49, 19, 2, 4
2021/6/6, 26, 22, 41, 15, 2, 6
2021/6/6, 38, 24, 47, 13, 2, 5
2021/6/6, 38, 24, 54, 11, 2, 2
2021/6/7, 47, 35, 53, 18, 2, 7
2021/6/7, 22, 16, 60, 4, 2, 6
2021/6/7, 56, 45, 68, 18, 2, 4
2021/6/7, 51, 36, 65, 17, , 6
2021/6/7, 33, 32, 70, 13, 2, 3
2021/6/8, 39, 31, 60, 8, 2, 4
2021/6/8, 59, 39, 45, 15, 3, 7
2021/6/8, 51, 44, 57, 9, 1, 3
2021/6/8, 62, 39, 60, 12, 3, 6
2021/6/8, 65, 55, 51, 20, 2, 5
2021/6/9, 67, 34, 31, 10, 4, 7
2021/6/9, 64, 31, 24, 13, 3, 8
2021/6/9, 66, 23, 31, 10, 2, 3
2021/6/9, 72, 45, 27, 17, 2, 7
2021/6/9, 63, 27, 28, 6, 2, 4
2021/6/10, 64, 22, 47, 3, 2, 4
2021/6/10, 69, 24, 45, 7, 2, 5
2021/6/10, 61, 26, 34, 14, 2, 6
2021/6/10, 102, 25, 50, 7, 2, 3
2021/6/10, 74, 38, 39, 16, 2, 7
2021/6/11, 62, 44, 108, 8, 3, 7
2021/6/11, 52, 39, 102, 7, 2, 6
2021/6/11, 68, 60, 104, 18, 2, 9
2021/6/11, 82, 43, 106, 9, 3, 6
2021/6/11, 55, 46, 82, 19, 3, 9
2021/6/12, 72, 31, 50, 7, 2, 5
2021/6/12, 71, 42, 48, 15, 3, 8
2021/6/12, 78, 56, 52, 23, 2, 8
2021/6/12, 72, 46, 44, 18, 2, 9
2021/6/12, 77, 42, 47, 17, 3, 5
2021/6/13, 73, 33, 42, 11, 2, 7
2021/6/13, 78, 30, 49, 10, 2, 5
2021/6/13, 85, 39, 49, 12, 2, 5
2021/6/13, 67, 23, 48, 5, 2, 4
2021/6/13, 80, 28, 47, 11, 2, 3
2021/6/14, 53, 25, 33, 12, 2, 7
2021/6/14, 60, 40, 36, 18, 2, 6
2021/6/14, 50, 20, 38, 7, 2, 3
2021/6/14, 58, 24, 41, 9, 2, 5
2021/6/14, 59, 22, 41, 11, 2, 3
2021/6/15, 56, 50, 57, 21, 2, 6
2021/6/15, 49, 33, 52, 15, 2, 7
2021/6/15, 49, 29, 54, 11, 2, 6
2021/6/15, 53, 33, 66, 13, 2, 5
2021/6/15, 51, 26, 65, 12, 2, 3
2021/6/16, 67, 17, 33, 5, 2, 4
2021/6/16, 61, 16, 34, 5, 1, 2
2021/6/16, 61, 26, 29, 7, 2, 6
2021/6/16, 72, 27, 31, 11, 2, 4
2021/6/16, 71, 10, 30, 5, 2, 7
2021/6/17, 39, 30, 25, 10, 2, 3
2021/6/17, 29, 22, 23, 8, 2, 5
2021/6/17, 38, 18, 30, 5, 1, 1
2021/6/17, 33, 17, 28, 6, 2, 3
2021/6/17, 29, 13, 29, 4, 2, 2
2021/6/18, 32, 18, 34, 6, 2, 1
2021/6/18, 22, 19, 28, 9, 2, 2
2021/6/18, 21, 15, 32, 7, 2, 3
2021/6/18, 34, 29, 27, 11, 2, 3
2021/6/18, 11, 13, 32, 5, 2, 2
2021/6/19, 26, 15, 34, 9, 2, 3
2021/6/19, 35, 23, 33, 12, 2, 3
2021/6/19, 34, 17, 37, 9, 2, 2
2021/6/19, 33, 18, 34, 8, 2, 4
2021/6/19, 19, 10, 37, 5, 2, 3
2021/6/20, 34, 26, 27, 16, 2, 2
2021/6/20, 26, 19, 26, 10, 3, 4
2021/6/20, 21, 15, 29, 7, 2, 3
2021/6/20, 36, 36, 28, 17, 2, 4
2021/6/20, 44, 26, 27, 11, 3, 3
2021/6/21, 50, 27, 36, 13, 2, 2
2021/6/21, 45, 33, 38, 13, 6, 4
2021/6/21, 35, 10, 36, 5, 2, 3
2021/6/21, 55, 34, 37, 15, 2, 3
2021/6/21, 37, 21, 36, 13, 3, 4
2021/6/22, 42, 57, 46, 17, 2, 4
2021/6/22, 41, 48, 44, 17, 3, 4
2021/6/22, 46, 71, 43, 22, 2, 5
2021/6/22, 17, 13, 47, 5, 2, 
2021/6/22, 30, 43, 42, 18, 3, 5
2021/6/23, 79, 75, 44, 33, 2, 5
2021/6/23, 49, 42, 45, 24, 3, 6
2021/6/23, 64, 43, 55, 18, 3, 5
2021/6/23, 27, 14, 52, 7, 2, 2
2021/6/23, 61, 43, 56, 22, 2, 3
2021/6/24, 51, 46, 67, 23, 3, 6
2021/6/24, 58, 51, 84, 20, 3, 4
2021/6/24, 55, 51, 83, 21, 3, 4
2021/6/24, 27, 33, 80, 14, 2, 3
2021/6/24, 81, 73, 76, 34, 2, 5
2021/6/25, 100, 48, 38, 22, 2, 3
2021/6/25, 70, 32, 33, 15, 2, 5
2021/6/25, 76, 34, 37, 18, 2, 4
2021/6/25, 60, 21, 35, 11, 2, 3
2021/6/25, 75, 33, 38, 14, 3, 4
2021/6/26, 57, 21, 37, 8, 2, 3
2021/6/26, 48, 20, 32, 9, 2, 5
2021/6/26, 50, 17, 29, 5, 2, 3
2021/6/26, 62, 20, 32, 7, 2, 4
2021/6/26, 63, 28, 39, 10, , 2
2021/6/27, 43, 35, 41, 15, 2, 5
2021/6/27, 51, 37, 42, 13, 2, 5
2021/6/27, 51, 32, 41, 14, 2, 4
2021/6/27, 43, 21, 36, 4, 2, 4
2021/6/27, 56, 45, 46, 16, 2, 2
2021/6/28, 68, 20, 47, 9, 2, 4
2021/6/28, 61, 27, 43, 9, 2, 5
2021/6/28, 74, 32, 48, 15, 2, 2
2021/6/28, 54, 13, 43, 4, 2, 3
2021/6/28, 62, 21, 45, 10, 2, 3
2021/6/29, 38, 18, 42, 6, 2, 4
2021/6/29, 39, 22, 42, 10, 2, 4
2021/6/29, 45, 24, 41, 10, 2, 5
2021/6/29, 35, 26, 39, 12, 2, 5
2021/6/29, 51, 41, 41, 18, 2, 3
2021/6/30, 51, 27, 51, 9, 2, 6
2021/6/30, 54, 25, 58, 6, 2, 5
2021/6/30, 55, 25, 57, 8, 2, 4
2021/6/30, 66, 46, 53, 15, 2, 5
2021/6/30, 46, 20, 53, 6, 2, 4
2021/7/1, 60, 32, 59, 9, 2, 5
2021/7/1, 52, 31, 59, 10, 2, 4
2021/7/1, 51, 39, 49, 12, 2, 5
2021/7/1, 42, 22, 58, 8, 2, 3
2021/7/1, 68, 50, 54, 17, 2, 6
2021/7/2, 71, 51, 46, 17, 2, 5
2021/7/2, 60, 41, 42, 14, 2, 3
2021/7/2, 56, 35, 43, 12, 2, 5
2021/7/2, 59, 37, 41, 12, , 4
2021/7/2, 49, 26, 37, 10, 2, 4
2021/7/3, 74, 29, 23, 16, 2, 5
2021/7/3, 64, 17, 28, 6, 2, 2
2021/7/3, 60, 12, 23, 8, 2, 4
2021/7/3, 65, 15, 23, 8, , 4
2021/7/3, 55, 10, 21, 4, 2, 2
2021/7/4, 46, 40, 29, 24, 2, 6
2021/7/4, 26, 14, 38, 7, 2, 2
2021/7/4, 26, 15, 37, 7, 2, 3
2021/7/4, 44, 20, 41, 8, 2, 2
2021/7/4, 33, 18, 38, 7, , 3
2021/7/5, 55, 54, 36, 19, 2, 7
2021/7/5, 36, 29, 40, 11, 2, 3
2021/7/5, 37, 33, 38, 14, , 5
2021/7/5, 26, 31, 36, 15, 2, 5
2021/7/5, 25, 19, 39, 7, 2, 4
2021/7/6, 60, 22, 33, 12, 2, 6
2021/7/6, 48, 21, 36, 8, 2, 5
2021/7/6, 45, 20, 30, 5, 1, 5
2021/7/6, 74, 31, 32, 16, 2, 7
2021/7/6, 54, 24, 31, 12, 2, 7
2021/7/7, 58, 22, 37, 9, 2, 4
2021/7/7, 57, 24, 35, 9, 2, 6
2021/7/7, 50, 23, 31, 3, 1, 6
2021/7/7, 56, 20, 33, 6, , 4
2021/7/7, 66, 35, 31, 19, 2, 6
2021/7/8, 61, 16, 35, 3, 1, 5
2021/7/8, 45, 23, 37, 6, , 4
2021/7/8, 58, 43, 35, 14, , 6
2021/7/8, 53, 25, 36, 8, 2, 5
2021/7/8, 51, 24, 33, 11, 2, 6
2021/7/9, 50, 25, 40, 8, 2, 6
2021/7/9, 38, 18, 34, 3, 1, 5
2021/7/9, 51, 24, 44, 4, 1, 4
2021/7/9, 59, 23, 40, 5, 2, 4
2021/7/9, 71, 43, 34, 17, 2, 6
2021/7/10, 76, 60, 49, 22, 2, 8
2021/7/10, 61, 43, 62, 6, 2, 6
2021/7/10, 39, 32, 57, 3, 1, 7
2021/7/10, 55, 42, 61, 10, , 8
2021/7/10, 57, 41, 63, 7, 2, 6
2021/7/11, 68, 33, 50, 4, 1, 6
2021/7/11, 84, 41, 56, 9, 1, 7
2021/7/11, 84, 40, 44, 8, 2, 5
2021/7/11, 90, 39, 39, 6, , 5
2021/7/11, 108, 52, 47, 14, 2, 7
2021/7/12, 75, 36, 36, 5, 1, 3
2021/7/12, 70, 26, 51, 4, 1, 3
2021/7/12, 78, 43, 44, 8, 2, 5
2021/7/12, 78, 32, 39, 5, 2, 4
2021/7/12, 75, 31, 47, 6, 1, 5
2021/7/13, 63, 27, 25, 4, 2, 2
2021/7/13, 58, 17, 30, 3, 1, 2
2021/7/13, 60, 28, 28, 5, 1, 5
2021/7/13, 61, 41, 23, 8, 1, 4
2021/7/13, 62, 26, 22, 5, 1, 2
2021/7/14, 53, 34, 26, 9, 1, 3
2021/7/14, 42, 19, 22, 6, 1, 2
2021/7/14, 42, 14, 33, 4, 1, 2
2021/7/14, 50, 21, 24, 5, 2, 2
2021/7/14, 48, 18, 31, 7, 1, 4
2021/7/15, 30, 20, 23, 7, 1, 2
2021/7/15, 41, 20, 23, 6, , 2
2021/7/15, 31, 15, 29, 6, 1, 3
2021/7/15, 33, 16, 29, 8, 1, 4
2021/7/15, 32, 33, 18, 13, 2, 4
2021/7/16, 30, 35, 37, 10, 2, 4
2021/7/16, 25, 30, 38, 12, 1, 4
2021/7/16, 26, 18, 42, 5, 1, 2
2021/7/16, 34, 50, 32, 17, 1, 5
2021/7/16, 30, 23, 35, 8, 1, 2
2021/7/17, 59, 52, 36, 16, 2, 5
2021/7/17, 47, 36, 40, 7, , 3
2021/7/17, 43, 26, 38, 7, 1, 3
2021/7/17, 42, 31, 42, 10, 1, 4
2021/7/17, 33, 21, 43, 6, 1, 2
2021/7/18, 53, 30, 40, 7, , 4
2021/7/18, 46, 17, 42, 5, 1, 2
2021/7/18, 68, 48, 36, 15, 2, 6
2021/7/18, 53, 28, 38, 9, 1, 3
2021/7/18, 51, 28, 35, 8, 1, 4
2021/7/19, 68, 47, 29, 15, , 5
2021/7/19, 52, 26, 34, 6, , 3
2021/7/19, 53, 20, 31, 6, 1, 2
2021/7/19, 41, 14, 34, 5, 1, 2
2021/7/19, 48, 23, 31, 8, 1, 3
2021/7/20, 34, 24, 36, 7, 2, 2
2021/7/20, 60, 51, 32, 16, 2, 5
2021/7/20, 39, 28, 39, 7, , 3
2021/7/20, 34, 18, 40, 4, 1, 3
2021/7/20, 41, 27, 35, 13, 1, 4
2021/7/21, 45, 34, 37, 12, 1, 4
2021/7/21, 31, 24, 44, 7, 1, 3
2021/7/21, 47, 35, 37, 8, 1, 3
2021/7/21, 68, 57, 34, 17, 2, 5
2021/7/21, 46, 41, 40, 10, 1, 3
2021/7/22, 47, 31, 46, 5, 2, 5
2021/7/22, 64, 36, 38, 6, 1, 5
2021/7/22, 78, 55, 36, 12, 2, 6
2021/7/22, 60, 45, 41, 6, 2, 3
2021/7/22, 51, 36, 38, 6, 1, 5
2021/7/23, 64, 30, 48, 5, 2, 4
2021/7/23, 71, 44, 55, 6, 2, 3
2021/7/23, 85, 55, 42, 15, , 7
2021/7/23, 66, 37, 44, 7, 1, 5
2021/7/23, 76, 39, 43, 7, 2, 5
2021/7/24, 70, 54, 42, 12, , 6
2021/7/24, 60, 32, 43, 7, 1, 4
2021/7/24, 53, 27, 45, 5, 1, 4
2021/7/24, 65, 36, 43, 6, 2, 4
2021/7/24, 64, 40, 49, 6, 2, 2
2021/7/25, 73, 57, 33, 16, 2, 5
2021/7/25, 66, 40, 42, 7, 2, 4
2021/7/25, 57, 23, 42, 5, 1, 3
2021/7/25, 64, 36, 48, 6, 2, 2
2021/7/25, 61, 32, 40, 7, 1, 4
2021/7/26, 70, 51, 30, 19, , 5
2021/7/26, 62, 38, 42, 6, 2, 4
2021/7/26, 56, 35, 46, 6, 2, 3
2021/7/26, 51, 32, 45, 6, 1, 5
2021/7/26, 46, 22, 40, 3, 1, 3
2021/7/27, 61, 38, 41, 7, 2, 4
2021/7/27, 46, 29, 64, 6, 1, 
2021/7/27, 60, 39, 43, 8, 1, 4
2021/7/27, 65, 53, 30, 22, 2, 5
2021/7/27, 53, 31, 40, 8, 1, 5
2021/7/28, 58, 34, 42, 11, 1, 6
2021/7/28, 74, 51, 33, 20, 2, 5
2021/7/28, 56, 23, 50, 5, 1, 
2021/7/28, 67, 56, 37, 16, 2, 6
2021/7/28, 63, 44, 34, 13, 1, 4
2021/7/29, 66, 54, 22, 19, 1, 5
2021/7/29, 90, 38, 21, 13, 1, 6
2021/7/29, 51, 36, 28, 14, 1, 6
2021/7/29, 71, 36, 21, 17, 1, 5
2021/7/29, 48, 19, 26, 5, 1, 
2021/7/30, 69, 18, 28, 5, 1, 4
2021/7/30, 68, 20, 28, 6, 1, 5
2021/7/30, 71, 28, 25, 10, 1, 5
2021/7/30, 44, 10, 36, 3, , 3
2021/7/30, 59, 18, 28, 8, , 6
2021/7/31, 44, 21, 24, 8, 1, 4
2021/7/31, 37, 11, 28, 2, 1, 4
2021/7/31, 23, 11, 37, 3, , 4
2021/7/31, 35, 12, 25, 4, 1, 5
2021/7/31, 45, 14, 27, 3, , 4
2021/8/1, 30, 8, 8, 4, 1, 4
2021/8/1, 33, 11, 9, 6, 1, 4
2021/8/1, 30, 8, 8, 5, 1, 3
2021/8/1, 18, 6, 11, 3, 1, 2
2021/8/1, 25, 10, 13, 4, 1, 3
2021/8/2, 29, 26, 19, 12, 2, 4
2021/8/2, 16, 9, 29, 2, 1, 3
2021/8/2, 22, 14, 23, 6, 1, 4
2021/8/2, 23, 12, 29, 4, 1, 3
2021/8/2, 30, 12, 26, 3, 1, 3
2021/8/3, 16, 20, 39, 3, 1, 5
2021/8/3, 29, 43, 38, 13, , 6
2021/8/3, 19, 31, 41, 7, 1, 6
2021/8/3, 25, 29, 44, 5, , 5
2021/8/3, 18, 26, 39, 4, 1, 6
2021/8/4, 54, 32, 45, 4, 1, 5
2021/8/4, 60, 49, 42, 12, 1, 6
2021/8/4, 55, 33, 48, 3, 1, 5
2021/8/4, 43, 23, 45, 3, 2, 4
2021/8/4, 56, 35, 43, 6, 1, 6
2021/8/5, 66, 38, 31, 12, 1, 7
2021/8/5, 67, 39, 40, 6, 2, 6
2021/8/5, 76, 63, 26, 20, 1, 7
2021/8/5, 70, 37, 37, 7, 2, 5
2021/8/5, 54, 29, 41, 5, 1, 6
2021/8/6, 81, 34, 45, 9, 2, 5
2021/8/6, 65, 24, 41, 5, 1, 4
2021/8/6, 98, 37, 53, 9, 2, 5
2021/8/6, 71, 34, 42, 13, 1, 7
2021/8/6, 93, 64, 35, 22, , 6
2021/8/7, 83, 79, 54, 23, 2, 8
2021/8/7, 74, 58, 57, 13, 2, 6
2021/8/7, 51, 33, 50, 5, 1, 5
2021/8/7, 67, 56, 50, 13, 1, 6
2021/8/7, 62, 53, 58, 15, 1, 8
2021/8/8, 77, 35, 47, 3, 2, 6
2021/8/8, 132, 55, 46, 12, 2, 6
2021/8/8, 96, 57, 42, 12, 1, 6
2021/8/8, 93, 60, 45, 13, 2, 8
2021/8/8, 129, 68, 47, 15, , 7
2021/8/9, 138, , , , , 
2021/8/9, 104, , , , , 
2021/8/9, 114, , , , , 
2021/8/9, 81, , , , , 
2021/8/9, 104, , , , , 
2021/8/19, , 25, 26, 4, 2, 3
2021/8/19, , 27, 29, 8, 2, 5
2021/8/19, , 46, 27, 11, 2, 4
2021/8/19, , 17, 29, 3, 2, 3
2021/8/19, , 30, 31, 7, 2, 4
2021/8/20, 58, 17, 29, 11, 2, 5
2021/8/20, 51, 16, 31, 7, , 4
2021/8/20, 49, 17, 27, 10, 1, 6
2021/8/20, 34, 11, 23, 3, , 3
2021/8/20, 57, 27, 26, 15, 2, 6
2021/8/21, 38, 19, 35, 3, 2, 3
2021/8/21, 54, 36, 37, 14, 2, 5
2021/8/21, 28, 13, 39, 4, , 3
2021/8/21, 47, 19, 37, 5, 2, 3
2021/8/21, 40, 19, 41, 8, 1, 5
2021/8/22, 31, 44, 47, 7, 1, 8
2021/8/22, 35, 46, 49, 2, 2, 6
2021/8/22, 39, 42, 57, 4, 2, 7
2021/8/22, 48, 57, 48, 15, 2, 8
2021/8/22, 26, 33, 51, 3, 2, 6
2021/8/23, 120, 44, 44, 13, 2, 7
2021/8/23, 67, 20, 47, 2, 2, 3
2021/8/23, 89, 33, 41, 5, 2, 4
2021/8/23, 77, 31, 41, 11, 1, 6
2021/8/23, 83, 29, 42, 9, 2, 5
2021/8/24, 59, 20, 33, 7, 1, 5
2021/8/24, 42, 12, 33, 3, 2, 3
2021/8/24, 57, 21, 31, 4, 2, 3
2021/8/24, 57, 26, 34, 9, 2, 5
2021/8/24, 58, 21, 35, 6, 2, 4
2021/8/25, 21, 15, 42, 2, 2, 4
2021/8/25, 32, 26, 41, 7, 2, 4
2021/8/25, 41, 24, 43, 6, 2, 4
2021/8/25, 44, 38, 35, 12, , 5
2021/8/25, 39, 26, 39, 3, 2, 4
2021/8/26, 27, 15, 30, 3, 2, 4
2021/8/26, 51, 21, 28, 4, 2, 3
2021/8/26, 44, 23, 28, 6, 2, 4
2021/8/26, 51, 21, 27, 3, 2, 3
2021/8/26, 59, 43, 26, 10, , 5
2021/8/27, 33, 14, 22, 4, 2, 2
2021/8/27, 27, 20, 23, 5, 2, 2
2021/8/27, 37, 17, 18, 6, 2, 3
2021/8/27, 48, 16, 21, 3, 2, 2
2021/8/27, 46, 37, 17, 9, 2, 4
2021/8/28, 16, 18, 16, 9, 2, 3
2021/8/28, 41, 21, 20, 5, 2, 2
2021/8/28, 31, 35, 16, 13, 3, 5
2021/8/28, 19, 23, 20, 7, 2, 2
2021/8/28, 17, 16, 19, 7, 2, 2
2021/8/29, 40, 23, 23, 8, 2, 2
2021/8/29, 47, 34, 21, 12, 2, 4
2021/8/29, 17, 17, 25, 6, 2, 2
2021/8/29, 22, 21, 21, 10, 2, 3
2021/8/29, 44, 29, 26, 6, 2, 3
2021/8/30, 49, 54, 27, 18, 2, 4
2021/8/30, 18, 13, 29, 3, 2, 3
2021/8/30, 42, 30, 32, 13, 2, 4
2021/8/30, 40, 30, 29, 15, 2, 4
2021/8/30, 59, 33, 35, 8, 2, 3
2021/8/31, 30, 22, 38, 5, 2, 3
2021/8/31, 34, 45, 39, 10, 2, 3
2021/8/31, 39, 42, 38, 18, 2, 5
2021/8/31, 47, 44, 39, 17, 2, 6
2021/8/31, 60, 67, 38, 21, 2, 7
2021/9/1, 60, 41, 38, 16, 2, 6
2021/9/1, 61, 43, 39, 12, 2, 3
2021/9/1, 55, 21, 38, 6, 2, 3
2021/9/1, 78, 61, 39, 19, 2, 6
2021/9/1, 72, 42, 41, 15, 2, 6
2021/9/2, 44, 19, 41, 5, 2, 3
2021/9/2, 61, 39, 42, 16, 2, 5
2021/9/2, 63, 43, 42, 12, 2, 4
2021/9/2, 73, 62, 41, 22, 2, 6
2021/9/2, 58, 37, 42, 15, 2, 5
2021/9/3, 43, 26, 37, 4, 2, 3
2021/9/3, 62, 45, 41, 16, 2, 6
2021/9/3, 74, 67, 43, 25, 2, 8
2021/9/3, 58, 43, 41, 17, 2, 6
2021/9/3, 63, 45, 45, 14, 2, 4
2021/9/4, 83, 56, 36, 21, 2, 5
2021/9/4, 69, 39, 36, 12, 2, 3
2021/9/4, 47, 13, 33, 3, 2, 3
2021/9/4, 72, 29, 35, 13, 2, 4
2021/9/4, 66, 27, 35, 11, 2, 4
2021/9/5, 33, 32, 21, 14, 2, 4
2021/9/5, 40, 35, 21, 14, 2, 4
2021/9/5, 22, 17, 19, 4, 2, 3
2021/9/5, 53, 55, 18, 19, 2, 7
2021/9/5, 45, 41, 25, 10, 2, 3
2021/9/6, 55, 16, 30, 7, 2, 3
2021/9/6, 59, 24, 24, 15, , 5
2021/9/6, 48, 17, 27, 11, , 3
2021/9/6, 38, 12, 25, 7, , 4
2021/9/6, 37, 12, 26, 4, 2, 2
2021/9/7, 31, 20, 28, 11, 2, 4
2021/9/7, 31, 10, 27, 4, 2, 3
2021/9/7, 46, 29, 30, 12, 2, 4
2021/9/7, 35, 21, 31, 11, 2, 3
2021/9/7, 41, 22, 27, 8, 2, 3
2021/9/8, 37, 17, 41, 8, 2, 3
2021/9/8, 19, 12, 39, 3, 2, 3
2021/9/8, 32, 16, 31, 8, , 4
2021/9/8, 41, 27, 32, 15, 2, 5
2021/9/8, 41, 17, 36, 6, 2, 3
2021/9/9, 45, 25, 37, 6, 2, 3
2021/9/9, 29, 14, 38, 4, 2, 3
2021/9/9, 43, 32, 32, 15, 2, 6
2021/9/9, 33, 22, 33, 8, 2, 4
2021/9/9, 45, 22, 39, 7, , 3
2021/9/10, 30, 14, 25, 5, 2, 3
2021/9/10, 54, 23, 25, 10, 2, 3
2021/9/10, 51, 22, 24, 7, 2, 3
2021/9/10, 63, 34, 21, 15, 3, 4
2021/9/10, 45, 23, 23, 10, 2, 4
2021/9/11, 48, 46, 23, 19, 2, 4
2021/9/11, 50, 37, 23, 11, 2, 3
2021/9/11, 39, 23, 24, 12, 2, 2
2021/9/11, 40, 21, 23, 13, 2, 4
2021/9/11, 35, 10, 24, 6, 2, 2
2021/9/12, 17, 14, 26, 6, , 4
2021/9/12, 37, 21, 25, 12, 2, 3
2021/9/12, 46, 25, 26, 9, 2, 3
2021/9/12, 53, 36, 20, 16, 2, 4
2021/9/12, 30, 20, 21, 12, 2, 5
2021/9/13, 29, 14, 23, 6, 2, 3
2021/9/13, 42, 30, 25, 10, 2, 3
2021/9/13, 46, 36, 21, 15, 2, 5
2021/9/13, 33, 31, 20, 16, 2, 6
2021/9/13, 47, 45, 19, 19, 2, 5
2021/9/14, 74, 47, 25, 20, 2, 5
2021/9/14, 64, 30, 29, 12, 3, 4
2021/9/14, 42, 11, 29, 4, 2, 3
2021/9/14, 59, 31, 26, 11, 2, 3
2021/9/14, 53, 28, 28, 14, 2, 5
2021/9/15, 59, 35, 14, 18, , 5
2021/9/15, 48, 24, 19, 10, , 3
2021/9/15, 42, 20, 21, 11, 2, 3
2021/9/15, 24, 16, 20, 7, 2, 3
2021/9/15, 43, 19, 19, 11, 2, 5
2021/9/16, 45, 30, 22, 13, 2, 4
2021/9/16, 60, 54, 26, 20, 2, 8
2021/9/16, 39, 32, 26, 16, 2, 8
2021/9/16, 37, 10, 28, 5, , 3
2021/9/16, 51, 40, 27, 15, 3, 8
2021/9/17, 26, 19, 35, 6, 2, 3
2021/9/17, 54, 43, 19, 18, 2, 9
2021/9/17, 73, 41, 37, 14, 3, 5
2021/9/17, 54, 33, 31, 13, 2, 4
2021/9/17, 82, 78, 25, 28, 2, 6
2021/9/18, 32, 22, 41, 5, 2, 3
2021/9/18, 83, 30, 44, 11, 2, 3
2021/9/18, 60, 37, 48, 13, 3, 3
2021/9/18, 63, 35, 39, 10, 3, 4
2021/9/18, 83, 74, 35, 22, 2, 5
2021/9/19, 80, 55, 19, 14, 2, 3
2021/9/19, 41, 21, 23, 5, 2, 3
2021/9/19, 57, 41, 18, 12, 3, 4
2021/9/19, 57, 39, 17, 11, 2, 6
2021/9/19, 58, 41, 16, 13, 3, 4
2021/9/20, 61, 11, 21, 4, 2, 3
2021/9/20, 59, 10, 19, 3, 2, 3
2021/9/20, 47, 7, 24, 2, 2, 3
2021/9/20, 54, 11, 19, 5, 2, 4
2021/9/20, 64, 14, 22, 8, 2, 3
2021/9/21, 27, 6, 10, 6, 2, 3
2021/9/21, 31, 5, 14, 5, , 2
2021/9/21, 28, 8, 11, 8, 2, 3
2021/9/21, 26, 6, 15, 3, 2, 2
2021/9/21, 16, 5, 14, 4, 2, 3
2021/9/22, 19, 19, 24, 9, 2, 3
2021/9/22, 16, 16, 21, 9, 2, 4
2021/9/22, 21, 25, 20, 12, 2, 3
2021/9/22, 12, 8, 23, 3, 1, 2
2021/9/22, 19, 19, 19, 9, 2, 3
2021/9/23, 43, 51, 24, 17, 2, 7
2021/9/23, 14, 11, 27, 3, 2, 2
2021/9/23, 33, 38, 27, 13, 3, 5
2021/9/23, 39, 33, 23, 11, 2, 4
2021/9/23, 27, 34, 23, 15, 2, 5
2021/9/24, 45, 18, 20, 8, 2, 4
2021/9/24, 57, 21, 20, 13, 2, 5
2021/9/24, 67, 28, 16, 17, 2, 7
2021/9/24, 43, 21, 14, 15, 2, 6
2021/9/24, 16, 12, 27, 4, , 4
2021/9/25, 40, 32, 18, 15, 2, 7
2021/9/25, 44, 26, 25, 7, 2, 5
2021/9/25, 49, 34, 22, 13, 2, 7
2021/9/25, 51, 23, 18, 19, 2, 8
2021/9/25, 33, 19, 24, 3, 2, 5
2021/9/26, 45, 19, 23, 4, 2, 5
2021/9/26, 73, 27, 25, 11, 2, 5
2021/9/26, 48, 26, 23, 7, 2, 5
2021/9/26, 76, 38, 19, 19, 2, 7
2021/9/26, 58, 26, 21, 9, , 6
2021/9/27, 72, 41, 22, 16, 2, 6
2021/9/27, 59, 20, 26, 6, , 4
2021/9/27, 51, 23, 27, 8, , 5
2021/9/27, 54, 24, 30, 9, 2, 5
2021/9/27, 51, 14, 29, 3, 2, 5
2021/9/28, 50, 23, 23, 9, 2, 3
2021/9/28, 53, 23, 22, 9, 2, 3
2021/9/28, 62, 55, 21, 17, 2, 5
2021/9/28, 34, 17, 21, 7, 2, 4
2021/9/28, 50, 22, 25, 10, 3, 3
2021/9/29, 35, 27, 30, 17, 2, 4
2021/9/29, 58, 67, 16, 21, 2, 6
2021/9/29, 25, 38, 18, 18, 3, 3
2021/9/29, 50, 38, 15, 16, 2, 4
2021/9/29, 27, 20, 21, 7, 2, 4
2021/9/30, 63, 35, 21, 10, 2, 4
2021/9/30, 51, 29, 22, 11, 2, 9
2021/9/30, 68, 81, 18, 20, 2, 7
2021/9/30, 41, 33, 24, 11, 2, 4
2021/9/30, 26, 16, 23, 7, 2, 4
2021/10/1, 50, 39, 23, 12, 2, 4
2021/10/1, 37, 18, 23, 6, 2, 3
2021/10/1, 78, 75, 22, 13, 2, 6
2021/10/1, 56, 35, 20, 8, 2, 4
2021/10/1, 51, 30, 20, 12, 2, 10
2021/10/2, 52, 42, 36, 7, 3, 2
2021/10/2, 67, 50, 19, 12, , 4
2021/10/2, 33, 31, 37, 5, 2, 5
2021/10/2, 50, 41, 33, 6, 2, 4
2021/10/2, 44, 35, 33, 6, 2, 9
2021/10/3, 60, 48, 20, 12, , 2
2021/10/3, 57, 34, 19, 11, 2, 4
2021/10/3, 41, 11, 24, 3, , 3
2021/10/3, 51, 20, 23, 9, 3, 3
2021/10/3, 48, 31, 23, 12, 3, 2
2021/10/4, 45, 42, 20, 16, 3, 5
2021/10/4, 45, 40, 24, 16, 3, 3
2021/10/4, 27, 21, 27, 8, 3, 3
2021/10/4, 54, 48, 18, 19, 3, 3
2021/10/4, 38, 28, 23, 13, 3, 3
2021/10/5, 61, 52, 17, 20, 2, 3
2021/10/5, 57, 44, 18, 16, 3, 5
2021/10/5, 40, 18, 25, 7, 2, 1
2021/10/5, 47, 32, 20, 15, 3, 3
2021/10/5, 53, 47, 19, 17, 4, 2
2021/10/6, 37, 34, 26, 13, 2, 2
2021/10/6, 61, 49, 27, 17, 3, 4
2021/10/6, 61, 48, 31, 13, 3, 4
2021/10/6, 53, 34, 26, 16, 3, 4
2021/10/6, 63, 68, 16, 26, 3, 6
2021/10/7, 72, 64, 24, 16, 2, 2
2021/10/7, 62, 42, 23, 20, 3, 4
2021/10/7, 56, 21, 31, 7, 2, 1
2021/10/7, 93, 77, 19, 27, 2, 8
2021/10/7, 74, 52, 26, 18, 3, 4
2021/10/8, 70, 23, 13, 12, 2, 4
2021/10/8, 88, 41, 12, 18, 2, 6
2021/10/8, 77, 33, 17, 12, 3, 4
2021/10/8, 43, 19, 19, 7, 2, 3
2021/10/8, 54, 28, 17, 8, 2, 1
2021/10/9, 51, 61, 18, 12, 2, 3
2021/10/9, 45, 42, 25, 4, , 2
2021/10/9, 52, 41, 24, 2, 2, 1
2021/10/9, 39, 35, 25, 4, 2, 3
2021/10/9, 41, 37, 22, 5, 2, 2
2021/10/10, 25, 36, 23, 12, 3, 7
2021/10/10, 49, 33, 22, 9, 2, 4
2021/10/10, 53, 57, 14, 25, 3, 6
2021/10/10, 33, 18, 21, 9, 2, 3
2021/10/10, 31, 27, 18, 11, 2, 4
2021/10/11, 47, 61, 19, 18, 3, 11
2021/10/11, 56, 59, 22, 13, 3, 6
2021/10/11, 38, 50, 16, 18, 2, 9
2021/10/11, 70, 124, 16, 35, 3, 17
2021/10/11, 28, 15, 28, 5, 2, 3
2021/10/12, 85, 41, 25, 14, 2, 5
2021/10/12, 111, 98, 20, 27, 2, 7
2021/10/12, 78, 46, 30, 9, 2, 4
2021/10/12, 88, 54, 30, 13, 3, 7
2021/10/12, 37, 25, 30, 7, 2, 4
2021/10/13, 69, 25, 17, 11, 2, 3
2021/10/13, 69, 31, 21, 10, 3, 3
2021/10/13, 95, 74, 11, 31, 3, 4
2021/10/13, 45, 25, 20, 10, 2, 3
2021/10/13, 77, 31, 21, 11, 2, 3
2021/10/14, 56, 43, 23, 11, 3, 3
2021/10/14, 55, 38, 20, 11, 3, 2
2021/10/14, 51, 27, 24, 5, 2, 2
2021/10/14, 64, 43, 23, 9, 2, 3
2021/10/14, 91, 92, 14, 25, 4, 4
2021/10/15, 32, 20, 20, 5, 2, 3
2021/10/15, 70, 68, 13, 18, 4, 4
2021/10/15, 43, 26, 17, 7, 4, 1
2021/10/15, 42, 30, 20, 6, 4, 1
2021/10/15, 50, 30, 20, 4, 2, 5
2021/10/16, 54, 64, 13, 17, 6, 4
2021/10/16, 22, 27, 19, 8, 3, 4
2021/10/16, 31, 28, 14, 9, 5, 1
2021/10/16, 30, 32, 19, 9, 5, 1
2021/10/16, 39, 35, 19, 7, 2, 5
2021/10/17, 36, 26, 15, 8, 3, 5
2021/10/17, 37, 30, 13, 11, 4, 3
2021/10/17, 60, 56, 11, 15, 4, 5
2021/10/17, 38, 32, 14, 12, 5, 3
2021/10/17, 46, 35, 13, 11, 5, 7
2021/10/18, 64, 36, 20, 17, 6, 4
2021/10/18, 61, 35, 17, 16, 5, 5
2021/10/18, 75, 65, 14, 20, 5, 7
2021/10/18, 70, 45, 20, 14, 3, 8
2021/10/18, 56, 28, 20, 13, 3, 5
2021/10/19, 79, 44, 19, 16, 3, 6
2021/10/19, 64, 44, 18, 18, 8, 5
2021/10/19, 61, 31, 22, 14, 2, 4
2021/10/19, 65, 47, 20, 18, 5, 5
2021/10/19, 94, 65, 14, 23, 4, 6
2021/10/20, 83, 70, 16, 23, 5, 8
2021/10/20, 95, 84, 14, 28, 5, 10
2021/10/20, 72, 66, 15, 25, 6, 9
2021/10/20, 78, 71, 12, 21, 5, 6
2021/10/20, 66, 26, 21, 10, 2, 3
2021/10/21, 123, 85, 17, 32, 5, 11
2021/10/21, 110, 43, 22, 21, 4, 6
2021/10/21, 126, 52, 23, 22, 5, 6
2021/10/21, 62, 28, 25, 12, 2, 3
2021/10/21, 125, 62, 22, 18, 3, 5
2021/10/22, 112, 82, 15, 32, 4, 5
2021/10/22, 80, 53, 20, 22, 8, 7
2021/10/22, 93, 55, 24, 20, 5, 5
2021/10/22, 59, 35, 27, 12, 2, 3
2021/10/22, 98, 57, 25, 16, 3, 4
2021/10/23, 106, 83, 19, 37, 6, 5
2021/10/23, 91, 54, 32, 18, 6, 5
2021/10/23, 90, 52, 26, 20, 10, 8
2021/10/23, 100, 66, 26, 21, 4, 6
2021/10/23, 67, 41, 34, 9, 3, 6
2021/10/24, 116, 58, 43, 14, 6, 5
2021/10/24, 125, 59, 39, 13, 3, 6
2021/10/24, 105, 56, 38, 13, 5, 8
2021/10/24, 91, 46, 44, 7, 3, 6
2021/10/24, 136, 75, 29, 31, 3, 5
2021/10/25, 152, 46, 28, 18, 6, 4
2021/10/25, 130, 46, 32, 11, 2, 5
2021/10/25, 153, 59, 25, 14, 3, 5
2021/10/25, 146, 53, 28, 19, 6, 6
2021/10/25, 158, 87, 14, 34, 3, 5
2021/10/26, 121, 39, 23, 12, 3, 2
2021/10/26, 139, 52, 21, 14, 3, 2
2021/10/26, 127, 42, 18, 15, 5, 3
2021/10/26, 142, 75, 13, 28, 4, 3
2021/10/26, 127, 47, 21, 14, 5, 2
2021/10/27, 47, 45, 17, 21, 4, 7
2021/10/27, 46, 21, 23, 8, 2, 2
2021/10/27, 64, 83, 16, 27, 4, 8
2021/10/27, 41, 56, 19, 20, 3, 6
2021/10/27, 61, 55, 20, 16, 3, 4
2021/10/28, 42, 30, 26, 9, 2, 3
2021/10/28, 62, 45, 16, 23, 4, 6
2021/10/28, 76, 50, 20, 18, 4, 5
2021/10/28, 94, 85, 14, 27, 5, 7
2021/10/28, 81, 55, 18, 23, 3, 6
2021/10/29, 83, 63, 35, 16, 4, 6
2021/10/29, 80, 66, 37, 20, 5, 6
2021/10/29, 89, 96, 23, 29, 4, 9
2021/10/29, 64, 60, 32, 18, 4, 7
2021/10/29, 56, 52, 40, 13, 3, 5
2021/10/30, 117, 40, 10, 12, 5, 3
2021/10/30, 124, 36, 9, 10, 3, 3
2021/10/30, 136, 39, 9, 9, 3, 4
2021/10/30, 154, 51, 7, 22, 2, 5
2021/10/30, 135, 42, 10, 10, 2, 2
2021/10/31, 66, 47, 7, 16, 4, 4
2021/10/31, 74, 53, 8, 16, 6, 6
2021/10/31, 72, 40, 7, 12, 4, 3
2021/10/31, 81, 72, 6, 22, 4, 6
2021/10/31, 66, 47, 6, 16, 4, 5
2021/11/1, 84, 46, 22, 10, 2, 5
2021/11/1, 100, 62, 18, 17, 3, 7
2021/11/1, 93, 60, 15, 21, 4, 6
2021/11/1, 116, 78, 14, 24, 3, 9
2021/11/1, 98, 61, 16, 19, 4, 6
2021/11/2, 147, 82, 15, 25, 3, 8
2021/11/2, 122, 59, 18, 18, 5, 7
2021/11/2, 130, 68, 23, 15, 3, 7
2021/11/2, 132, 65, 22, 18, 4, 6
2021/11/2, 113, 49, 26, 9, 2, 5
2021/11/3, 119, 54, 32, 8, 2, 6
2021/11/3, 140, 75, 22, 24, 4, 11
2021/11/3, 144, 83, 25, 23, 3, 13
2021/11/3, 154, 120, 16, 31, 3, 12
2021/11/3, 152, 84, 23, 18, 3, 9
2021/11/4, 172, 113, 27, 34, 3, 10
2021/11/4, 161, 79, 35, 26, 4, 10
2021/11/4, 170, 84, 39, 24, 3, 11
2021/11/4, 146, 60, 46, 8, 3, 6
2021/11/4, 172, 85, 38, 20, 3, 8
2021/11/5, 179, 64, 10, 19, 2, 3
2021/11/5, 151, 23, 15, 5, 2, 3
2021/11/5, 167, 32, 14, 7, 2, 4
2021/11/5, 167, 26, 14, 8, 2, 3
2021/11/5, 175, 33, 13, 9, 3, 4
2021/11/6, 43, 25, 17, 5, 3, 3
2021/11/6, 38, 35, 12, 9, 5, 4
2021/11/6, 57, 83, 10, 16, 3, 3
2021/11/6, 60, 26, 11, 11, 5, 5
2021/11/6, 50, 31, 11, 10, 4, 3
2021/11/7, 55, 19, 19, 8, 3, 5
2021/11/7, 68, 27, 13, 12, 2, 4
2021/11/7, 61, 20, 19, 8, 4, 5
2021/11/7, 48, 18, 16, 4, 2, 3
2021/11/7, 54, 18, 16, 10, 3, 4
2021/11/8, 67, 21, 21, 4, 3, 4
2021/11/8, 64, 40, 10, 17, 3, 4
2021/11/8, 59, 33, 16, 8, 4, 3
2021/11/8, 52, 16, 19, 5, 3, 4
2021/11/8, 56, 19, 15, 9, 3, 4
2021/11/9, 57, 16, 18, 10, 4, 4
2021/11/9, 49, 14, 19, 7, 3, 4
2021/11/9, 63, 18, 18, 11, 4, 4
2021/11/9, 63, 31, 19, 5, 3, 3
2021/11/9, 69, 30, 13, 16, 3, 4
2021/11/10, 56, 26, 15, 18, 4, 5
2021/11/10, 58, 30, 24, 11, 4, 5
2021/11/10, 50, 21, 21, 12, 4, 5
2021/11/10, 53, 17, 21, 13, 5, 4
2021/11/10, 50, 12, 22, 9, 4, 5
2021/11/11, 54, 37, 16, 18, 7, 6
2021/11/11, 56, 32, 17, 19, 8, 5
2021/11/11, 98, 36, 14, 16, 5, 5
2021/11/11, 63, 26, 20, 10, 3, 6
2021/11/11, 72, 41, 13, 21, 4, 6
2021/11/12, 76, 36, 20, 17, 7, 7
2021/11/12, 88, 46, 12, 25, 6, 8
2021/11/12, 76, 29, 24, 10, 4, 8
2021/11/12, 82, 34, 21, 15, 5, 7
2021/11/12, 89, 35, 17, 17, 8, 8
2021/11/13, 101, 45, 19, 20, 5, 7
2021/11/13, 103, 59, 10, 29, 5, 7
2021/11/13, 85, 35, 17, 16, 3, 7
2021/11/13, 86, 47, 15, 19, 6, 8
2021/11/13, 98, 44, 17, 21, 8, 6
2021/11/14, 127, 69, 17, 28, 4, 8
2021/11/14, 137, 77, 9, 32, 4, 8
2021/11/14, 115, 56, 8, 27, 6, 8
2021/11/14, 106, 47, 20, 18, 2, 8
2021/11/14, 116, 53, 12, 29, 6, 8
2021/11/15, 143, 43, 19, 24, 7, 6
2021/11/15, 169, 46, 20, 21, 5, 6
2021/11/15, 165, 53, 14, 27, 7, 6
2021/11/15, 147, 39, 22, 11, 3, 6
2021/11/15, 148, 40, 15, 24, 10, 6
2021/11/16, 121, 50, 26, 12, 5, 6
2021/11/16, 101, 41, 29, 7, 3, 4
2021/11/16, 103, 61, 20, 18, 5, 6
2021/11/16, 82, 49, 25, 14, 6, 8
2021/11/16, 103, 50, 26, 14, 6, 6
2021/11/17, 128, 60, 14, 20, 4, 6
2021/11/17, 127, 48, 17, 14, 4, 6
2021/11/17, 98, 38, 17, 11, 4, 4
2021/11/17, 108, 47, 16, 17, 7, 7
2021/11/17, 116, 47, 13, 15, 6, 6
2021/11/18, 111, 28, 14, 12, 5, 5
2021/11/18, 126, 34, 15, 13, 4, 3
2021/11/18, 112, 30, 12, 13, 7, 3
2021/11/18, 128, 39, 11, 17, 5, 4
2021/11/18, 102, 21, 13, 9, 4, 1
2021/11/19, 55, 59, 12, 19, 8, 6
2021/11/19, 63, 60, 11, 23, 7, 6
2021/11/19, 62, 53, 12, 21, 6, 6
2021/11/19, 58, 53, 16, 18, 10, 8
2021/11/19, 50, 36, 15, 11, 5, 3
2021/11/20, 116, 60, 12, 19, 10, 8
2021/11/20, 111, 53, 15, 22, 9, 6
2021/11/20, 132, 60, 10, 19, 6, 6
2021/11/20, 93, 47, 15, 10, 3, 3
2021/11/20, 125, 72, 10, 21, 7, 6
2021/11/21, 155, 47, 17, 8, 5, 4
2021/11/21, 158, 81, 15, 14, 4, 4
2021/11/21, 150, 32, 17, 9, 5, 4
2021/11/21, 130, 40, 19, 7, 4, 1
2021/11/21, 141, 59, 20, 6, 4, 4
2021/11/22, 61, 21, 19, 9, 7, 4
2021/11/22, 63, 28, 15, 16, 4, 4
2021/11/22, 53, 24, 19, 9, 5, 2
2021/11/22, 52, 17, 22, 5, 3, 1
2021/11/22, 60, 20, 21, 6, 5, 4
2021/11/23, 54, 24, 21, 12, 7, 6
2021/11/23, 41, 38, 12, 21, 7, 5
2021/11/23, 41, 25, 18, 14, 7, 4
2021/11/23, 36, 22, 20, 9, 3, 2
2021/11/23, 49, 24, 18, 14, 7, 3
2021/11/24, 54, 29, 21, 12, 3, 3
2021/11/24, 67, 52, 11, 24, 6, 6
2021/11/24, 70, 35, 19, 18, 12, 7
2021/11/24, 55, 34, 16, 20, 9, 4
2021/11/24, 47, 34, 15, 19, 8, 6
2021/11/25, 74, 39, 16, 16, 4, 5
2021/11/25, 76, 52, 8, 27, 10, 8
2021/11/25, 99, 71, 10, 30, 7, 8
2021/11/25, 82, 45, 12, 27, 11, 7
2021/11/25, 101, 44, 17, 22, 6, 9
2021/11/26, 130, 54, 20, 14, 5, 8
2021/11/26, 112, 34, 27, 8, 3, 4
2021/11/26, 130, 57, 18, 20, 5, 8
2021/11/26, 115, 49, 18, 16, 6, 8
2021/11/26, 117, 43, 18, 19, 7, 6
2021/11/27, 116, 44, 19, 14, 8, 8
2021/11/27, 127, 47, 22, 11, 6, 8
2021/11/27, 110, 38, 21, 14, 7, 7
2021/11/27, 91, 34, 31, 6, 4, 5
2021/11/27, 119, 54, 18, 19, 6, 7
2021/11/28, 125, 49, 14, 14, 7, 8
2021/11/28, 123, 51, 15, 13, 6, 6
2021/11/28, 119, 48, 14, 12, 5, 6
2021/11/28, 105, 45, 20, 8, 4, 5
2021/11/28, 127, 62, 12, 18, 5, 7
2021/11/29, 142, 45, 12, 15, 4, 5
2021/11/29, 141, 32, 15, 13, 6, 6
2021/11/29, 125, 32, 20, 7, 4, 3
2021/11/29, 132, 36, 15, 11, 4, 4
2021/11/29, 136, 37, 15, 13, 5, 4
2021/11/30, 101, 29, 17, 12, 5, 4
2021/11/30, 97, 29, 17, 11, 5, 4
2021/11/30, 107, 46, 14, 16, 5, 5
2021/11/30, 88, 25, 20, 8, 4, 3
2021/11/30, 103, 30, 18, 11, 5, 6
2021/12/1, 70, 30, 18, 10, 6, 4
2021/12/1, 72, 31, 17, 9, 6, 4
2021/12/1, 86, 28, 13, 10, 5, 4
2021/12/1, 81, 26, 19, 6, 6, 2
2021/12/1, 67, 24, 22, 5, 4, 3
2021/12/2, 44, 25, 15, 13, 7, 4
2021/12/2, 48, 28, 15, 13, 7, 5
2021/12/2, 41, 19, 20, 9, 3, 3
2021/12/2, 52, 25, 17, 11, 5, 3
2021/12/2, 47, , , , , 
2021/12/3, 48, 28, 22, 7, 4, 3
2021/12/3, 62, 37, 12, 14, 10, 5
2021/12/3, 67, 42, 16, 12, 8, 4
2021/12/3, 56, 38, 15, 16, 8, 5
2021/12/4, 72, 29, 27, 5, 4, 4
2021/12/4, 98, 36, 20, 8, 5, 4
2021/12/4, , 71, 16, 13, 7, 5
2021/12/4, 84, 39, 21, 12, 6, 6
2021/12/4, 79, 41, 19, 12, 7, 7
2021/12/5, 110, 36, 19, 11, 5, 4
2021/12/5, 106, 36, 18, 15, 7, 6
2021/12/5, 99, 39, 16, 14, 6, 6
2021/12/5, 82, 29, 20, 11, 4, 5
2021/12/5, 161, 47, 18, 14, 4, 3
2021/12/6, 82, 24, 21, 6, 3, 3
2021/12/6, 90, 35, 13, 16, 7, 5
2021/12/6, 101, 47, 6, 21, 4, 6
2021/12/6, 90, 37, 13, 16, 4, 6
2021/12/6, 106, 35, 15, 13, 4, 5
2021/12/7, 73, 48, 13, 17, 7, 7
2021/12/7, 84, 57, 13, 22, 5, 10
2021/12/7, 66, 34, 24, 6, 4, 5
2021/12/7, 93, 47, 16, 14, 5, 7
2021/12/7, 80, 49, 16, 19, 6, 7
2021/12/8, 108, 42, 16, 13, 7, 6
2021/12/8, 113, 42, 17, 14, 6, 6
2021/12/8, 86, 31, 25, 5, 4, 4
2021/12/8, 126, 42, 17, 11, 5, 5
2021/12/8, 121, 51, 12, 19, 7, 7
2021/12/9, 84, 41, 19, 8, 3, 6
2021/12/9, 107, 49, 13, 12, 4, 6
2021/12/9, 125, 58, 15, 10, 4, 6
2021/12/9, 104, 54, 14, 12, 4, 6
2021/12/9, 124, 59, 11, 14, 4, 7
2021/12/10, 139, 52, 18, 16, 5, 7
2021/12/10, 125, 47, 19, 8, 3, 4
2021/12/10, 139, 50, 19, 11, 4, 6
2021/12/10, 148, 62, 17, 15, 3, 7
2021/12/10, 139, 53, 9, 15, 4, 6
2021/12/11, 131, 21, 10, 7, 5, 3
2021/12/11, 122, 16, 23, 4, 3, 2
2021/12/11, 137, 25, 20, 7, 4, 2
2021/12/11, 134, 19, 21, 4, 4, 3
2021/12/11, 132, 22, 20, 8, 5, 2
2021/12/12, 38, 31, 17, 11, 7, 5
2021/12/12, 41, 41, 17, 14, 9, 5
2021/12/12, 43, 29, 20, 8, 5, 5
2021/12/12, 33, 32, 19, 12, 7, 4
2021/12/12, 26, 24, 23, 5, 3, 3
2021/12/13, 65, 57, 12, 19, 6, 8
2021/12/13, 52, 49, 9, 17, 6, 7
2021/12/13, 63, 46, 13, 14, 6, 6
2021/12/13, 58, 47, 12, 17, 6, 7
2021/12/13, 51, 42, 17, 11, 4, 7
2021/12/14, 100, 53, 20, 13, 3, 6
2021/12/14, 125, 62, 14, 19, 5, 7
2021/12/14, 124, 71, 9, 24, 8, 8
2021/12/14, 116, 63, 6, 24, 10, 7
2021/12/14, 116, 63, 6, 26, 13, 8
2021/12/15, 150, 44, 15, 16, 8, 6
2021/12/15, 152, 48, 17, 14, 7, 4
2021/12/15, 152, 45, 17, 14, 6, 6
2021/12/15, 154, 69, 14, 16, 9, 6
2021/12/15, 130, 49, 20, 8, 4, 6
2021/12/16, 106, 31, 21, 8, 4, 5
2021/12/16, 124, 41, 15, 13, 8, 4
2021/12/16, 120, 34, 19, 10, 5, 5
2021/12/16, 115, 31, 18, 15, 6, 5
2021/12/16, 113, 33, 16, 14, 7, 3
2021/12/17, 86, 46, 14, 15, 7, 8
2021/12/17, 81, 47, 11, 18, 10, 7
2021/12/17, 90, 56, 11, 18, 11, 7
2021/12/17, 84, 45, 12, 18, 10, 9
2021/12/17, 73, 38, 21, 9, 6, 7
2021/12/18, 95, 43, 13, 19, 9, 6
2021/12/18, 89, 37, 22, 8, 4, 6
2021/12/18, 109, 40, 16, 14, 6, 6
2021/12/18, 101, 41, 15, 19, 10, 7
2021/12/18, 108, 51, 13, 17, 8, 5
2021/12/19, 89, 42, 20, 12, 5, 6
2021/12/19, 75, 38, 21, 9, 5, 6
2021/12/19, 89, 53, 18, 15, 8, 6
2021/12/19, 81, 43, 18, 16, 9, 7
2021/12/19, 77, 46, 17, 17, 10, 8
2021/12/20, 73, 23, 20, 7, 6, 3
2021/12/20, 82, 26, 17, 10, 6, 5
2021/12/20, 91, 29, 18, 8, 7, 2
2021/12/20, 90, 25, 18, 10, 5, 5
2021/12/20, 85, 25, 17, 9, 6, 5
2021/12/21, 61, 51, 11, 19, 21, 5
2021/12/21, 51, 28, 20, 6, 3, 3
2021/12/21, 52, 35, 13, 16, 11, 9
2021/12/21, 50, 42, 8, 20, 13, 7
2021/12/21, 52, 49, 8, 21, 29, 7
2021/12/22, 88, 57, 14, 18, 7, 7
2021/12/22, 101, 52, 12, 19, 13, 8
2021/12/22, 74, 45, 18, 9, 6, 4
2021/12/22, 98, 57, 14, 20, 9, 6
2021/12/22, 106, 50, 14, 19, 9, 11
2021/12/23, 132, 32, 19, 9, 7, 4
2021/12/23, 126, 29, 20, 10, 7, 9
2021/12/23, 105, 29, 21, 8, 6, 4
2021/12/23, 134, 29, 19, 13, 8, 4
2021/12/23, 121, 24, 20, 8, 5, 6
2021/12/24, 69, 36, 19, 12, 5, 5
2021/12/24, 71, 27, 20, 8, 5, 4
2021/12/24, 66, 32, 18, 11, 8, 7
2021/12/24, 69, 28, 21, 12, 9, 1
2021/12/24, 78, 35, 19, 11, 8, 4
2021/12/25, 76, 43, 13, 16, 11, 7
2021/12/25, 66, 39, 15, 17, 11, 2
2021/12/25, 71, 38, 18, 8, 4, 5
2021/12/25, 83, 45, 14, 14, 7, 5
2021/12/25, 100, 43, 19, 14, 5, 5
2021/12/26, 91, 41, 22, 12, 6, 6
2021/12/26, 86, 48, 16, 21, 12, 3
2021/12/26, 92, 52, 17, 18, 8, 6
2021/12/26, 87, 52, 17, 21, 13, 6
2021/12/26, 101, 61, 20, 17, 5, 7
2021/12/27, 104, 59, 15, 23, 14, 5
2021/12/27, 106, 67, 14, 21, 9, 10
2021/12/27, 104, 58, 15, 20, 12, 8
2021/12/27, 103, 60, 20, 17, 7, 9
2021/12/27, 90, 53, 25, 14, 6, 8
2021/12/28, 128, 54, 16, 18, 8, 2
2021/12/28, 127, 60, 16, 20, 9, 8
2021/12/28, 118, 54, 20, 15, 9, 6
2021/12/28, 123, 51, 17, 17, 9, 5
2021/12/28, 132, 59, 14, 20, 12, 6
2021/12/29, 148, 35, 27, 11, 6, 7
2021/12/29, 134, 27, 29, 7, 5, 4
2021/12/29, 143, 42, 23, 11, 6, 4
2021/12/29, 131, 34, 25, 11, 7, 4
2021/12/29, 137, 36, 24, 12, 7, 3
2021/12/30, 82, 43, 22, 17, 7, 6
2021/12/30, 69, 38, 24, 19, 11, 5
2021/12/30, 74, 37, 23, 19, 10, 4
2021/12/30, 60, 31, 26, 8, 4, 6
2021/12/30, 81, 47, 23, 18, 6, 7
2021/12/31, 76, 46, 25, 6, 5, 8
2021/12/31, 80, 50, 14, 18, 13, 7
2021/12/31, 88, 53, 14, 16, 9, 6
2021/12/31, 90, 59, 12, 16, 10, 7
2021/12/31, 99, 55, 19, 11, 6, 6
2022/1/1, 136, 41, 22, 9, 6, 4
2022/1/1, 116, 38, 18, 13, 9, 3
2022/1/1, 116, 47, 17, 12, 8, 5
2022/1/1, 107, 38, 18, 13, 10, 4
2022/1/1, 102, 34, 24, 7, 4, 5
2022/1/2, 76, 47, 18, 18, 8, 5
2022/1/2, 89, 59, 17, 17, 6, 8
2022/1/2, 90, 52, 20, 14, 6, 7
2022/1/2, 71, 39, 23, 9, 5, 6
2022/1/2, 75, 49, 17, 18, 9, 6
2022/1/3, 116, 51, 16, 16, 8, 6
2022/1/3, 104, 41, 17, 18, 10, 5
2022/1/3, 101, 40, 16, 17, 12, 4
2022/1/3, 85, 44, 20, 13, 3, 5
2022/1/3, 122, 52, 18, 16, 6, 8
2022/1/4, 97, 62, 12, 16, 11, 11
2022/1/4, 83, 55, 14, 21, 12, 5
2022/1/4, 87, 57, 17, 22, 9, 7
2022/1/4, 90, 51, 27, 10, 1, 5
2022/1/4, 109, 61, 18, 17, 7, 8
2022/1/5, 120, 62, 12, 17, 7, 5
2022/1/5, 116, 60, 8, 22, 11, 5
2022/1/5, 128, 62, 11, 21, 9, 7
2022/1/5, 134, 72, 9, 18, 12, 11
2022/1/5, 137, 60, 13, 19, 9, 9
2022/1/6, 152, 65, 15, 24, 11, 9
2022/1/6, 152, 57, 26, 11, 2, 7
2022/1/6, 161, 64, 15, 19, 7, 9
2022/1/6, 154, 73, 10, 24, 10, 12
2022/1/6, 142, 62, 11, 23, 11, 8
2022/1/7, 150, 63, 23, 20, 7, 8
2022/1/7, 151, 88, 12, 27, 8, 10
2022/1/7, 136, 64, 24, 15, 3, 8
2022/1/7, 140, 67, 20, 20, 6, 9
2022/1/7, 156, 66, 18, 19, 6, 10
2022/1/8, 181, 65, 20, 18, 3, 8
2022/1/8, 168, 58, 16, 23, 10, 6
2022/1/8, 180, 68, 14, 24, 8, 9
2022/1/8, 165, 55, 25, 11, , 5
2022/1/8, 177, 57, 11, 23, 10, 6
2022/1/9, 140, 59, 21, 14, 8, 6
2022/1/9, 138, 57, 20, 18, 8, 6
2022/1/9, 130, 60, 22, 12, 2, 5
2022/1/9, 157, 61, 20, 14, 4, 7
2022/1/9, 149, 75, 16, 20, 5, 8
2022/1/10, 138, 32, 16, 13, 7, 4
2022/1/10, 133, 31, 18, 14, 7, 5
2022/1/10, 149, 45, 13, 15, 11, 6
2022/1/10, 151, 39, 16, 15, 4, 6
2022/1/10, 138, 31, 18, 11, 3, 3
2022/1/11, 98, 58, 9, 21, 9, 8
2022/1/11, 102, 58, 15, 16, 11, 8
2022/1/11, 79, 49, 16, 19, 8, 7
2022/1/11, 80, 46, 21, 10, 1, 4
2022/1/11, 82, 47, 12, 19, 11, 6
2022/1/12, 129, 61, 18, 18, 11, 7
2022/1/12, 137, 45, 20, 13, 5, 6
2022/1/12, 118, 43, 21, 13, 4, 5
2022/1/12, 120, 46, 20, 16, 9, 7
2022/1/12, 103, 47, 19, 15, 10, 5
2022/1/13, 124, 50, 19, 12, 5, 8
2022/1/13, 115, 48, 22, 11, 4, 5
2022/1/13, 109, 43, 18, 16, 11, 5
2022/1/13, 116, 51, 20, 18, 8, 8
2022/1/13, 104, 41, 27, 6, 1, 4
2022/1/14, 110, 56, 25, 14, 9, 7
2022/1/14, 97, 51, 27, 10, 2, 5
2022/1/14, 103, 68, 21, 16, 7, 7
2022/1/14, 90, 53, 21, 14, 8, 6
2022/1/14, 123, 56, 24, 11, 5, 6
2022/1/15, 126, 47, 18, 17, 11, 5
2022/1/15, 130, 46, 22, 16, 10, 6
2022/1/15, 139, 57, 20, 16, 4, 6
2022/1/15, 122, 51, 22, 12, 1, 5
2022/1/15, 136, 60, 18, 15, 6, 5
2022/1/16, 107, 47, 23, 16, 7, 7
2022/1/16, 122, 54, 20, 16, 6, 6
2022/1/16, 106, 42, 21, 17, 8, 5
2022/1/16, 124, 51, 20, 15, 5, 6
2022/1/16, 107, 40, 24, 9, 3, 4
2022/1/17, 111, 59, 17, 19, 10, 6
2022/1/17, 116, 55, 20, 19, 11, 9
2022/1/17, 104, 49, 27, 9, 1, 5
2022/1/17, 126, 54, 16, 18, 8, 7
2022/1/17, 97, 53, 19, 21, 18, 6
2022/1/18, 136, 57, 19, 17, 20, 9
2022/1/18, 134, 60, 17, 16, 9, 5
2022/1/18, 137, 52, 18, 18, 14, 6
2022/1/18, 127, 54, 19, 16, 10, 5
2022/1/18, 128, 59, 23, 14, 7, 5
2022/1/19, 136, 65, 20, 19, 8, 9
2022/1/19, 143, 69, 14, 25, 7, 8
2022/1/19, 135, 55, 9, 25, 14, 7
2022/1/19, 145, 62, 12, 24, 14, 9
2022/1/19, 146, 45, 24, 12, 2, 3
2022/1/20, 110, 49, 31, 7, , 5
2022/1/20, 142, 64, 20, 22, 8, 11
2022/1/20, 151, 71, 17, 20, 5, 10
2022/1/20, 141, 70, 17, 22, 7, 9
2022/1/20, 126, 64, 15, 26, 15, 10
2022/1/21, 123, 67, 29, 11, 1, 7
2022/1/21, 144, 89, 15, 27, 19, 12
2022/1/21, 139, 97, 16, 29, 27, 12
2022/1/21, 148, 77, 9, 30, 11, 9
2022/1/21, 143, 102, 13, 27, 12, 11
2022/1/22, 184, 65, 24, 22, 16, 9
2022/1/22, 162, 56, 32, 11, 1, 5
2022/1/22, 167, 66, 17, 28, 12, 8
2022/1/22, 179, 78, 20, 22, 9, 8
2022/1/22, 184, 63, 23, 20, 12, 7
2022/1/23, 122, 104, 20, 28, 19, 12
2022/1/23, 152, 86, 20, 28, 10, 10
2022/1/23, 130, 57, 36, 10, 1, 6
2022/1/23, 150, 87, 17, 29, 28, 11
2022/1/23, 146, 98, 19, 27, 18, 13
2022/1/24, 144, 75, 23, 16, 3, 6
2022/1/24, 170, 92, 25, 20, 6, 10
2022/1/24, 197, 90, 23, 27, 15, 12
2022/1/24, 166, 108, 23, 28, 15, 12
2022/1/24, 186, 86, 21, 28, 18, 10
2022/1/25, 183, 65, 24, 19, 12, 8
2022/1/25, 187, 61, 25, 12, 4, 7
2022/1/25, 187, 80, 23, 17, 5, 9
2022/1/25, 166, 63, 26, 13, 3, 5
2022/1/25, 179, 64, 22, 17, 12, 6
2022/1/26, 144, 48, 21, 17, 8, 6
2022/1/26, 133, 47, 22, 11, 4, 4
2022/1/26, 141, 52, 24, 15, 3, 7
2022/1/26, 146, 57, 22, 16, 3, 8
2022/1/26, 142, 48, 22, 16, 8, 9
2022/1/27, 135, 46, 21, 15, 2, 5
2022/1/27, 103, 46, 23, 14, 7, 7
2022/1/27, 122, 54, 22, 15, 3, 8
2022/1/27, 100, 45, 22, 14, 8, 4
2022/1/27, 101, 42, 24, 8, 3, 4
2022/1/28, 114, 48, 25, 12, 4, 7
2022/1/28, 96, 36, 26, 7, 3, 2
2022/1/28, 100, 41, 26, 11, 8, 6
2022/1/28, 95, 41, 25, 11, 10, 3
2022/1/28, 115, 41, 27, 7, 3, 4
2022/1/29, 88, 41, 29, 8, 3, 5
2022/1/29, 78, 40, 27, 13, 8, 7
2022/1/29, 81, 48, 26, 13, 5, 7
2022/1/29, 75, 36, 27, 10, 8, 4
2022/1/29, 70, 34, 27, 8, 4, 3
2022/1/30, 86, 66, 28, 15, 7, 11
2022/1/30, 77, 51, 27, 15, 11, 6
2022/1/30, 100, 83, 28, 11, 8, 8
2022/1/30, 74, 34, 31, 7, 3, 4
2022/1/30, 96, 54, 27, 16, 6, 9
2022/1/31, 90, 105, 28, 9, 8, 5
2022/1/31, 137, 147, 28, 13, 14, 12
2022/1/31, 118, 156, 28, 12, 15, 7
2022/1/31, 120, 234, 27, 14, 13, 10
2022/1/31, 168, 236, 28, 8, 9, 8
2022/2/1, 293, 35, 28, 4, 3, 5
2022/2/1, 268, 38, 26, 6, 5, 6
2022/2/1, 234, 28, 28, 6, 9, 2
2022/2/1, 225, 28, 28, 4, 2, 3
2022/2/1, 271, 34, 28, 8, 8, 7
2022/2/2, 110, 43, 29, 6, 3, 7
2022/2/2, 75, 35, 29, 8, 9, 4
2022/2/2, 89, 32, 30, 5, 1, 3
2022/2/2, 90, 38, 29, 11, 8, 4
2022/2/2, 88, 52, 27, 8, 5, 6
2022/2/3, 121, 41, 28, 4, 4, 5
2022/2/3, 101, 36, 28, 10, 8, 4
2022/2/3, 95, 31, 29, 5, 1, 3
2022/2/3, 106, 44, 24, 7, 4, 3
2022/2/3, 85, 34, 28, 8, 10, 3
2022/2/4, 82, 40, 30, 10, 7, 4
2022/2/4, 87, 46, 26, 7, 4, 3
2022/2/4, 99, 40, 31, 5, 5, 3
2022/2/4, 79, 35, 30, 8, 10, 3
2022/2/4, 73, 35, 31, 4, 1, 3
2022/2/5, 70, 48, 29, 15, 8, 6
2022/2/5, 79, 51, 26, 11, 6, 5
2022/2/5, 64, 32, 31, 5, 1, 4
2022/2/5, 93, 59, 30, 12, 4, 7
2022/2/5, 70, 42, 28, 14, 9, 6
2022/2/6, 97, 35, 26, 13, 11, 6
2022/2/6, 79, 32, 30, 5, 1, 4
2022/2/6, 114, 42, 27, 15, 11, 4
2022/2/6, 115, 48, 24, 11, 7, 5
2022/2/6, 146, 40, 29, 8, 4, 5
2022/2/7, 92, 49, 29, 16, 8, 5
2022/2/7, 77, 39, 29, 7, 4, 4
2022/2/7, 79, 42, 28, 15, 11, 6
2022/2/7, 96, 53, 26, 13, 8, 6
2022/2/7, 98, 54, 30, 15, 4, 8
2022/2/8, 107, 72, 26, 17, 6, 9
2022/2/8, 113, 65, 31, 20, 5, 7
2022/2/8, 86, 51, 34, 9, 5, 6
2022/2/8, 95, 61, 28, 15, 7, 8
2022/2/8, 126, 64, 32, 17, 5, 10
2022/2/9, 134, 89, 29, 29, 8, 14
2022/2/9, 137, 93, 29, 26, 9, 14
2022/2/9, 138, 79, 33, 19, 6, 14
2022/2/9, 128, 89, 28, 29, 14, 14
2022/2/9, 111, 65, 43, 10, 6, 9
2022/2/10, 176, 62, 29, 15, 5, 8
2022/2/10, 174, 55, 30, 14, 5, 8
2022/2/10, 163, 65, 29, 10, 5, 6
2022/2/10, 178, 60, 30, 15, 4, 9
2022/2/10, 177, 91, 27, 14, 5, 11
2022/2/11, 152, 39, 21, 17, 10, 8
2022/2/11, 152, 43, 18, 17, 11, 3
2022/2/11, 157, 50, 16, 19, 9, 7
2022/2/11, 142, 24, 27, 8, 5, 2
2022/2/11, 152, 36, 17, 16, 7, 4
2022/2/12, 96, 50, 29, 15, 5, 10
2022/2/12, 110, 51, 26, 11, 8, 6
2022/2/12, 99, 40, 26, 14, 10, 5
2022/2/12, 99, 48, 28, 14, 12, 3
2022/2/12, 68, 33, 31, 7, 3, 4
2022/2/13, 106, 42, 24, 11, 10, 6
2022/2/13, 124, 52, 22, 11, 6, 6
2022/2/13, 91, 41, 28, 8, 6, 4
2022/2/13, 125, 44, 27, 10, 6, 2
2022/2/13, 130, 43, 28, 11, 4, 8
2022/2/14, 109, 56, 27, 12, 7, 5
2022/2/14, 124, 61, 25, 12, 7, 7
2022/2/14, 117, 46, 28, 13, 6, 5
2022/2/14, 101, 44, 27, 11, 6, 4
2022/2/14, 111, 45, 25, 12, 7, 2
2022/2/15, 104, 53, 24, 14, 9, 4
2022/2/15, 122, 55, 24, 15, 5, 7
2022/2/15, 119, 72, 23, 14, 8, 7
2022/2/15, 107, 48, 25, 17, 8, 6
2022/2/15, 97, 59, 26, 11, 5, 4
2022/2/16, 139, 42, 18, 18, 7, 6
2022/2/16, 158, 43, 25, 13, 6, 6
2022/2/16, 147, 48, 20, 15, 8, 7
2022/2/16, 133, 37, 18, 19, 11, 4
2022/2/16, 137, 36, 26, 11, 6, 4
2022/2/17, 132, 48, 27, 8, 6, 5
2022/2/17, 114, 51, 25, 13, 6, 6
2022/2/17, 97, 44, 28, 8, 5, 5
2022/2/17, 97, 47, 23, 15, 9, 5
2022/2/17, 113, 58, 21, 11, 6, 7
2022/2/18, 105, 36, 29, 9, 4, 4
2022/2/18, 102, 55, 26, 11, 7, 5
2022/2/18, 98, 42, 30, 12, 7, 4
2022/2/18, 111, 37, 31, 9, 4, 5
2022/2/18, 93, 41, 29, 11, 7, 3
2022/2/19, 101, 41, 28, 18, 9, 5
2022/2/19, 86, 38, 29, 10, 5, 4
2022/2/19, 112, 41, 29, 13, 5, 6
2022/2/19, 109, 50, 25, 13, 4, 6
2022/2/19, 100, 43, 26, 17, 10, 4
2022/2/20, 104, 39, 28, 12, 3, 5
2022/2/20, 87, 27, 32, 8, 3, 4
2022/2/20, 104, 32, 29, 14, 7, 4
2022/2/20, 98, 33, 30, 14, 4, 5
2022/2/20, 105, 36, 31, 15, 3, 6
2022/2/21, 83, 45, 28, 19, 6, 8
2022/2/21, 74, 32, 29, 14, 7, 6
2022/2/21, 71, 31, 28, 12, 5, 3
2022/2/21, 65, 36, 29, 12, 5, 4
2022/2/21, 76, 39, 26, 11, 6, 5
2022/2/22, 108, 53, 30, 15, 4, 5
2022/2/22, 89, 60, 25, 18, 4, 7
2022/2/22, 74, 49, 26, 22, 8, 4
2022/2/22, 84, 56, 28, 21, 6, 9
2022/2/22, 86, 47, 29, 9, 3, 4
2022/2/23, 112, 57, 33, 15, 6, 3
2022/2/23, 95, 53, 27, 16, 8, 4
2022/2/23, 97, 52, 32, 8, 4, 4
2022/2/23, 109, 64, 25, 14, 5, 6
2022/2/23, 116, 56, 32, 11, 5, 3
2022/2/24, 91, 72, 31, 18, 8, 6
2022/2/24, 93, 64, 36, 9, 5, 6
2022/2/24, 108, 63, 38, 12, 5, 5
2022/2/24, 105, 90, 29, 15, 6, 8
2022/2/24, 97, 79, 38, 16, 8, 4
2022/2/25, 125, 32, 36, 9, 4, 2
2022/2/25, 127, 37, 29, 9, 4, 5
2022/2/25, 121, 29, 32, 9, 6, 3
2022/2/25, 122, 31, 36, 7, 3, 4
2022/2/25, 115, 29, 27, 7, 3, 2
2022/2/26, 73, 42, 34, 9, 3, 5
2022/2/26, 61, 50, 27, 10, 6, 6
2022/2/26, 59, 41, 34, 11, 6, 3
2022/2/26, 52, 36, 33, 8, 3, 3
2022/2/26, 62, 37, 31, 10, 6, 4
2022/2/27, 71, 29, 30, 11, 3, 5
2022/2/27, 64, 40, 21, 13, 6, 4
2022/2/27, 62, 33, 21, 15, 12, 4
2022/2/27, 59, 24, 29, 8, 4, 3
2022/2/27, 61, 32, 27, 15, 8, 4
2022/2/28, 70, 26, 27, 11, 7, 4
2022/2/28, 71, 28, 25, 8, 5, 3
2022/2/28, 68, 22, 31, 10, 4, 3
2022/2/28, 56, 19, 32, 8, 4, 3
2022/2/28, 73, 19, 29, 9, 2, 4
2022/3/1, 57, 31, 31, 8, 4, 3
2022/3/1, 61, 46, 24, 10, 8, 4
2022/3/1, 63, 36, 31, 11, 3, 5
2022/3/1, 62, 39, 27, 12, 6, 7
2022/3/1, 57, 40, 28, 10, 4, 5
2022/3/2, 71, 37, 28, 14, 3, 5
2022/3/2, 61, 29, 34, 7, 2, 2
2022/3/2, 71, 39, 31, 12, 2, 4
2022/3/2, 75, 44, 24, 15, 5, 4
2022/3/2, 69, 37, 28, 13, 5, 4
2022/3/3, 82, 84, 35, 5, 2, 3
2022/3/3, 70, 88, 31, 7, 3, 4
2022/3/3, 78, 108, 27, 8, 4, 5
2022/3/3, 58, 76, 36, 5, 3, 3
2022/3/3, 68, 80, 29, 7, 4, 3
2022/3/4, 77, 50, 31, 3, 2, 2
2022/3/4, 73, 55, 30, 6, 3, 3
2022/3/4, 79, 58, 27, 4, 2, 3
2022/3/4, 72, 51, 30, 5, 4, 2
2022/3/4, 62, 47, 32, 4, 3, 2
2022/3/5, 51, 34, 28, 8, 2, 5
2022/3/5, 54, 29, 33, 9, 2, 4
2022/3/5, 39, 22, 32, 7, 3, 2
2022/3/5, 55, 33, 26, 11, 5, 3
2022/3/5, 52, 32, 32, 10, 4, 4
2022/3/6, 44, 36, 37, 9, 4, 6
2022/3/6, 68, 53, 36, 17, 3, 6
2022/3/6, 67, 50, 35, 21, 5, 8
2022/3/6, 61, 53, 30, 22, 8, 6
2022/3/6, 57, 59, 30, 21, 5, 9
2022/3/7, 102, 78, 41, 21, 4, 8
2022/3/7, 93, 79, 36, 22, 7, 9
2022/3/7, 74, 66, 42, 13, 5, 8
2022/3/7, 96, 81, 42, 21, 6, 10
2022/3/7, 100, 93, 34, 25, 7, 11
2022/3/8, 152, 75, 38, 19, 5, 8
2022/3/8, 151, 70, 44, 18, 3, 6
2022/3/8, 142, 63, 46, 14, 3, 6
2022/3/8, 153, 86, 42, 24, 4, 9
2022/3/8, 154, 90, 35, 23, 4, 9
2022/3/9, 159, 79, 48, 10, 4, 5
2022/3/9, 150, 76, 46, 11, 3, 5
2022/3/9, 147, 77, 42, 11, 6, 5
2022/3/9, 144, 92, 39, 16, 6, 7
2022/3/9, 133, 70, 49, 8, 4, 6
2022/3/10, 145, 49, 30, 9, 2, 3
2022/3/10, 139, 43, 33, 9, 3, 3
2022/3/10, 138, 42, 31, 10, 6, 2
2022/3/10, 130, 38, 35, 6, 3, 2
2022/3/10, 146, 42, 34, 9, 2, 4
2022/3/11, 62, 44, 27, 8, 2, 4
2022/3/11, 44, 40, 26, 11, 2, 4
2022/3/11, 46, 36, 24, 11, 4, 4
2022/3/11, 53, 44, 23, 9, 1, 6
2022/3/11, 33, 35, 27, 5, 3, 4
2022/3/12, 68, 37, 23, 7, 3, 4
2022/3/12, 79, 42, 23, 7, 4, 5
2022/3/12, 74, 49, 21, 6, 3, 6
2022/3/12, 66, 40, 20, 8, 6, 5
2022/3/12, 81, 51, 23, 8, 3, 4
2022/3/13, 115, 42, 25, 7, 5, 5
2022/3/13, 104, 31, 30, 7, 6, 4
2022/3/13, 101, 27, 31, 6, 3, 3
2022/3/13, 111, 33, 33, 6, 2, 5
2022/3/13, 119, 31, 31, 7, 5, 4
2022/3/14, 81, 25, 35, 6, 2, 3
2022/3/14, 88, 31, 32, 9, 3, 4
2022/3/14, 94, 34, 33, 9, 3, 5
2022/3/14, 95, 33, 34, 9, 2, 4
2022/3/14, 97, 42, 30, 7, 1, 6
2022/3/15, 74, 20, 38, 5, 3, 2
2022/3/15, 91, 22, 37, 6, 4, 4
2022/3/15, 95, 21, 40, 5, 2, 4
2022/3/15, 82, 22, 36, 6, 4, 3
2022/3/15, 93, 28, 35, 3, 1, 4
2022/3/16, 66, 25, 40, 11, 4, 3
2022/3/16, 67, 27, 34, 6, 5, 4
2022/3/16, 57, 22, 38, 6, 5, 2
2022/3/16, 60, 20, 35, 5, 4, 3
2022/3/16, 62, 18, 37, 5, 3, 5
2022/3/17, 48, 27, 37, 6, 8, 3
2022/3/17, 59, 20, 40, 4, 3, 2
2022/3/17, 54, 30, 39, 5, 6, 5
2022/3/17, 55, 31, 37, 4, 6, 3
2022/3/17, 65, 22, 39, 5, 6, 2
2022/3/18, 70, 33, 39, 6, 7, 3
2022/3/18, 58, 25, 43, 6, 4, 2
2022/3/18, 74, 26, 42, 5, 2, 2
2022/3/18, 65, 25, 41, 5, 3, 4
2022/3/18, 64, 26, 41, 8, 7, 3
2022/3/19, 70, 30, 39, 8, 8, 4
2022/3/19, 71, 31, 41, 8, 5, 2
2022/3/19, 78, 37, 42, 16, 2, 4
2022/3/19, 62, 28, 43, 6, 4, 3
2022/3/19, 79, 42, 37, 8, 7, 4
2022/3/20, 103, 38, 40, 7, 3, 4
2022/3/20, 81, 35, 39, 7, 5, 2
2022/3/20, 76, 34, 38, 7, 9, 5
2022/3/20, 88, 43, 37, 6, 4, 4
2022/3/20, 82, 25, 40, 5, 4, 4
2022/3/21, 86, 22, 37, 5, 7, 4
2022/3/21, 91, 22, 39, 6, 5, 2
2022/3/21, 98, 22, 39, 5, 2, 3
2022/3/21, 90, 29, 37, 6, 6, 2
2022/3/21, 76, 22, 39, 3, 3, 2
2022/3/22, 55, 35, 41, 5, 6, 5
2022/3/22, 62, 37, 45, 6, 4, 4
2022/3/22, 68, 34, 42, 5, 3, 4
2022/3/22, 60, 42, 36, 9, 12, 5
2022/3/22, 61, 31, 43, 3, 4, 4
2022/3/23, 92, 48, 41, 5, 2, 5
2022/3/23, 82, 48, 45, 5, 4, 6
2022/3/23, 92, 57, 49, 5, 4, 5
2022/3/23, 88, 61, 37, 6, 5, 7
2022/3/23, 79, 45, 41, 4, 3, 5
2022/3/24, 119, 50, 40, 5, 5, 4
2022/3/24, 122, 53, 42, 5, 3, 4
2022/3/24, 127, 51, 43, 5, 3, 3
2022/3/24, 127, 59, 40, 3, 3, 5
2022/3/24, 113, 47, 42, 3, 3, 3
2022/3/25, 87, 31, 40, 5, 3, 4
2022/3/25, 101, 27, 41, 7, 5, 2
2022/3/25, 91, 30, 38, 4, 3, 3
2022/3/25, 89, 27, 38, 6, 6, 3
2022/3/25, 77, 16, 41, 2, 3, 2
2022/3/26, 42, 13, 38, 2, 3, 2
2022/3/26, 53, 18, 36, 4, 4, 2
2022/3/26, 71, 18, 38, 3, 2, 1
2022/3/26, 57, 22, 36, 2, 2, 3
2022/3/26, 58, 17, 37, 4, 2, 3
2022/3/27, 47, 85, 49, 6, 2, 3
2022/3/27, 39, 82, 48, 6, 5, 4
2022/3/27, 37, 65, 51, 4, 3, 4
2022/3/27, 42, 117, 46, 5, 9, 4
2022/3/27, 45, 83, 50, 6, 3, 4
2022/3/28, 94, 39, 42, 4, 2, 4
2022/3/28, 84, 26, 42, 3, 3, 3
2022/3/28, 79, 36, 41, 6, 4, 4
2022/3/28, 92, 44, 37, 5, 6, 3
2022/3/28, 89, 37, 42, 5, 2, 4
2022/3/29, 75, 19, 39, 5, 4, 3
2022/3/29, 62, 21, 38, 4, 2, 3
2022/3/29, 76, 23, 36, 6, 4, 3
2022/3/29, 70, 22, 38, 5, 2, 4
2022/3/29, 64, 17, 38, 3, 3, 2
2022/3/30, 62, 25, 42, 10, 2, 3
2022/3/30, 57, 28, 39, 4, 2, 4
2022/3/30, 65, 24, 41, 7, 4, 5
2022/3/30, 52, 23, 40, 7, 7, 3
2022/3/30, 53, 21, 42, 3, 3, 2
2022/3/31, 68, 28, 41, 9, 2, 4
2022/3/31, 61, 27, 42, 8, 3, 5
2022/3/31, 51, 20, 41, 3, 3, 3
2022/3/31, 67, 36, 39, 5, 3, 4
2022/3/31, 57, 25, 40, 6, 6, 4
2022/4/1, 77, 30, 42, 5, 3, 3
2022/4/1, 63, 27, 40, 5, 7, 3
2022/4/1, 75, 33, 40, 4, 5, 4
2022/4/1, 59, 25, 42, 3, 3, 3
2022/4/1, 69, 26, 42, 5, 4, 4
2022/4/2, 68, 41, 48, 4, 4, 5
2022/4/2, 66, 33, 54, 3, 3, 5
2022/4/2, 75, 32, 50, 4, 3, 4
2022/4/2, 69, 35, 52, 4, 3, 5
2022/4/2, 64, 35, 50, 5, 5, 4
2022/4/3, 75, 74, 71, 6, 9, 5
2022/4/3, 81, 61, 74, 4, 3, 4
2022/4/3, 78, 54, 80, 4, 4, 5
2022/4/3, 75, 62, 78, 5, 3, 5
2022/4/3, 71, 60, 75, 6, 5, 4
2022/4/4, 106, 50, 62, 4, 4, 3
2022/4/4, 131, 52, 62, 2, 2, 3
2022/4/4, 124, 64, 56, 3, 4, 4
2022/4/4, 122, 53, 64, 3, 2, 4
2022/4/4, 121, 50, 63, 2, 3, 4
2022/4/5, 83, 18, 39, 2, 2, 2
2022/4/5, 64, 14, 39, 2, 4, 5
2022/4/5, 75, 22, 37, 1, 4, 4
2022/4/5, 69, 15, 38, 3, 3, 3
2022/4/5, , 16, 37, 3, 4, 2
2022/4/6, 17, 48, 42, 9, 6, 6
2022/4/6, 34, 56, 40, 5, 3, 5
2022/4/6, 36, 35, 42, 10, 4, 6
2022/4/6, , 42, 41, 9, 4, 4
2022/4/6, 39, 67, 42, 5, 3, 5
2022/4/7, , 200, 62, 5, 5, 7
2022/4/7, 116, 241, 66, 5, 6, 7
2022/4/7, 110, 270, 61, 5, 6, 8
2022/4/7, 115, 222, 63, 5, 5, 7
2022/4/7, , 207, 62, 6, 5, 6
2022/4/8, 160, 55, 48, 5, 3, 6
2022/4/8, 163, 60, 47, 5, 3, 6
2022/4/8, 167, 69, 46, 4, 2, 6
2022/4/8, , 57, 45, 7, 4, 4
2022/4/8, , 52, 49, 4, 4, 5
2022/4/9, , 98, 77, 13, 7, 9
2022/4/9, 118, 109, 74, , 7, 10
2022/4/9, , 115, 69, 17, 7, 9
2022/4/9, 119, 111, 73, 15, 8, 11
2022/4/9, 117, 154, 67, 17, 8, 11
2022/4/10, 192, 90, 50, 8, 2, 9
2022/4/10, 190, 80, 30, 7, 3, 8
2022/4/10, , 65, 23, 6, 4, 7
2022/4/10, , 74, 39, 11, 3, 6
2022/4/10, 192, 82, 34, , 2, 8
2022/4/11, 141, 13, , 3, 1, 4
2022/4/11, 140, 11, 36, , 1, 3
2022/4/11, 140, 15, 39, 6, 4, 4
2022/4/11, , 10, 36, 6, 2, 2
2022/4/11, , 9, 37, 2, 2, 3
2022/4/12, 32, 34, , 5, 1, 6
2022/4/12, 48, 32, 47, 9, 2, 5
2022/4/12, 32, 31, 45, 16, 2, 5
2022/4/12, , 23, 46, 2, 3, 3
2022/4/12, , 27, 45, 7, 2, 2
2022/4/13, 83, 43, 53, 5, 2, 5
2022/4/13, , 50, 49, 7, 2, 3
2022/4/13, 72, 58, , 4, 1, 6
2022/4/13, , 45, 59, 5, 4, 5
2022/4/13, 79, 52, 51, , 2, 5
2022/4/14, 117, 64, 52, 10, 2, 7
2022/4/14, 126, 68, , 6, 1, 6
2022/4/14, , 52, , , , 
2022/4/14, , 52, 49, 8, 2, 3
2022/4/14, 126, 55, 51, 19, 2, 6
2022/4/15, 130, 62, , 5, 1, 6
2022/4/15, , 45, , , , 
2022/4/15, , 50, 47, 6, 2, 2
2022/4/15, 132, 52, 50, 6, 2, 5
2022/4/15, 129, 51, 48, , 2, 5
2022/4/16, , 77, 63, 11, 4, 5
2022/4/16, , 78, , , , 
2022/4/16, 99, 95, , 8, 2, 8
2022/4/16, 108, 73, 62, 10, 3, 7
2022/4/16, 97, 90, 65, , 3, 7
2022/4/17, 170, 160, , 14, 4, 11
2022/4/17, , 86, 71, 12, 4, 5
2022/4/17, 179, 78, 75, , 3, 8
2022/4/17, 166, 88, 75, 10, 4, 8
2022/4/17, , 90, , , , 
2022/4/18, 197, 64, 70, , 2, 6
2022/4/18, 194, 64, 68, 5, 3, 6
2022/4/18, , 60, 67, 7, 3, 3
2022/4/18, 252, , , , , 
2022/4/18, , 65, , , , 
2022/4/19, , 66, , , , 
2022/4/19, 104, 82, 81, , 2, 5
2022/4/19, 112, 88, 78, 5, 3, 7
2022/4/19, , 81, 77, 8, 3, 3
2022/4/20, , 53, 76, 7, 2, 3
2022/4/20, , 55, , , , 
2022/4/20, 112, 54, 79, , 1, 5
2022/4/20, 115, 56, 75, 4, 3, 7
2022/4/21, 126, 18, 39, 2, 2, 5
2022/4/21, , 13, 37, , 1, 1
2022/4/21, , 10, , , , 
2022/4/21, 117, 14, 38, , 1, 3
2022/4/22, , 171, 55, , 2, 1
2022/4/22, 54, 257, 56, 4, 2, 6
2022/4/22, 42, 217, 59, , 1, 4
2022/4/22, , 63, , , , 
2022/4/23, , 47, 52, , 2, 1
2022/4/23, , 40, , , , 
2022/4/23, 88, 47, 59, 5, 2, 7
2022/4/23, 82, 46, 51, , 1, 4
2022/4/23, , 57, , 5, 1, 9
2022/4/24, , 59, , , , 
2022/4/24, 100, 66, 76, 6, 3, 10
2022/4/24, 127, 73, , 5, 1, 10
2022/4/24, 91, 64, 80, , 1, 6
2022/4/24, , 59, 78, 4, 2, 5
2022/4/25, 130, 64, 38, 2, 2, 8
2022/4/25, 81, 49, 36, 2, 3, 4
2022/4/25, 96, 52, , , , 
2022/4/25, 125, 73, , 1, , 7
2022/4/25, 130, 57, 37, , , 4
2022/4/26, 36, 27, 43, 3, 2, 7
2022/4/26, 65, 34, 45, 5, 2, 7
2022/4/26, 63, 39, , 3, 1, 7
2022/4/26, 40, 24, , , , 
2022/4/26, 51, 28, 44, , , 4
2022/4/27, 61, 44, 46, 8, 2, 6
2022/4/27, 66, 53, , 6, 1, 8
2022/4/27, 51, 38, , , , 
2022/4/27, 56, 46, 49, , 1, 5
2022/4/27, 78, 48, 49, 10, 5, 8
2022/4/28, 88, 55, , , , 
2022/4/28, 106, 56, 61, 7, 2, 6
2022/4/28, 121, 71, 67, 11, 8, 9
2022/4/28, 111, 57, 62, 5, 1, 5
2022/4/28, 105, 69, 45, 6, 1, 8
2022/4/29, 129, 15, 31, 2, 2, 5
2022/4/29, 155, 18, 33, 3, 2, 6
2022/4/29, 132, 19, 32, 2, , 6
2022/4/29, 126, 14, 30, 4, 2, 8
2022/4/29, 130, 15, 32, 2, , 4
2022/4/30, 36, 28, 38, 6, , 5
2022/4/30, 40, 32, 39, 4, , 7
2022/4/30, 58, 30, 41, 8, 2, 7
2022/4/30, 35, 24, 38, 5, 2, 6
2022/4/30, 32, 22, 39, 3, 2, 7
2022/5/1, 73, 34, 47, 6, 1, 6
2022/5/1, 74, 41, 45, 5, , 7
2022/5/1, 64, 32, 45, 5, 2, 6
2022/5/1, 57, 29, 45, 3, 2, 7
2022/5/1, 81, 37, 47, 6, 2, 7
2022/5/2, 76, 48, 72, 4, 4, 8
2022/5/2, 84, 57, 75, 6, 2, 7
2022/5/2, 85, 69, 69, 5, 2, 9
2022/5/2, 80, 54, 71, 6, 3, 7
2022/5/2, 97, 58, 73, 5, 4, 9
2022/5/3, 84, 59, 80, 3, 3, 9
2022/5/3, 76, 61, 83, 4, 2, 7
2022/5/3, 69, 53, 83, 3, 4, 4
2022/5/3, 77, 75, 79, 3, 2, 9
2022/5/3, 76, 61, 81, 4, 3, 6
2022/5/4, 86, 64, 74, 2, 3, 9
2022/5/4, 103, 71, 74, 2, 2, 5
2022/5/4, 83, 95, 70, 2, 2, 7
2022/5/4, 78, 66, 73, 3, 3, 5
2022/5/4, 75, 51, 78, 2, 3, 3
2022/5/5, 79, 28, 38, 5, 2, 5
2022/5/5, 71, 31, 37, 2, 2, 4
2022/5/5, 69, 16, 40, 3, 2, 2
2022/5/5, 77, 27, 38, 2, 1, 4
2022/5/5, 79, 24, 37, 2, , 4
2022/5/6, 42, 19, 41, 5, 2, 2
2022/5/6, 47, 23, 38, 5, 1, 5
2022/5/6, 44, 24, 36, 5, 2, 5
2022/5/6, 52, 29, 32, 4, , 4
2022/5/6, 57, 27, 39, 6, 2, 2
2022/5/7, 42, 38, 40, 9, 2, 5
2022/5/7, 63, 43, 46, 8, 3, 3
2022/5/7, 50, 49, 44, 9, 1, 5
2022/5/7, 42, 34, 52, 6, 3, 2
2022/5/7, 48, 39, 47, 9, 1, 5
2022/5/8, 97, 47, 59, 12, 4, 4
2022/5/8, 83, 58, 59, 9, 2, 6
2022/5/8, 75, 35, 59, 10, 3, 6
2022/5/8, 73, 40, 62, 7, 3, 3
2022/5/8, 79, 48, 62, 10, 2, 6
2022/5/9, 94, 46, 58, 5, 1, 5
2022/5/9, 88, 40, 54, 5, 2, 5
2022/5/9, 99, 56, 54, 4, 1, 6
2022/5/9, 107, 38, 55, 5, 3, 3
2022/5/9, 87, 33, 59, 3, 3, 4
2022/5/10, 75, 28, 36, 3, 1, 3
2022/5/10, 79, 29, 36, 4, 3, 2
2022/5/10, 63, 22, 36, 2, 2, 3
2022/5/10, 66, 25, 35, 3, 2, 3
2022/5/10, 76, 37, 35, 3, , 5
2022/5/11, 54, 27, 32, 6, 1, 1
2022/5/11, 66, 26, 32, 9, 2, 2
2022/5/11, 64, 30, 31, 6, , 4
2022/5/11, 53, 17, 33, 2, 2, 2
2022/5/11, 55, 24, 30, 6, 2, 2
2022/5/12, 50, 41, 37, 7, , 5
2022/5/12, 59, 32, 39, 7, 2, 2
2022/5/12, 40, 30, 42, 3, 2, 3
2022/5/12, 49, 30, 40, 7, 2, 3
2022/5/12, 49, 42, 40, 9, 1, 1
2022/5/13, 57, 18, 38, 3, 2, 3
2022/5/13, 53, 22, 37, 6, 2, 3
2022/5/13, 60, 26, 38, 6, 1, 3
2022/5/13, 53, 32, 36, 9, , 4
2022/5/13, 64, 22, 36, 8, 2, 2
2022/5/14, 58, 22, 39, 7, 3, 2
2022/5/14, 59, 37, 37, 8, 1, 4
2022/5/14, 43, 21, 40, 3, 3, 2
2022/5/14, 50, 28, 35, 9, 2, 3
2022/5/14, 55, 36, 39, 7, 1, 3
2022/5/15, 51, 22, 40, 9, 2, 3
2022/5/15, 51, 31, 40, 9, 1, 4
2022/5/15, 54, 23, 41, 11, 3, 2
2022/5/15, 54, 29, 40, 10, , 5
2022/5/15, 45, 17, 42, 3, 3, 2
2022/5/16, 45, 38, 48, 7, 2, 3
2022/5/16, 47, 58, 49, 8, 1, 5
2022/5/16, 53, 34, 55, 7, 2, 1
2022/5/16, 44, 31, 50, 3, 3, 3
2022/5/16, 52, 48, 50, 8, 1, 3
2022/5/17, 60, 33, 49, 7, 3, 2
2022/5/17, 59, 45, 39, 7, 1, 3
2022/5/17, 56, 26, 47, 2, , 3
2022/5/17, 71, 36, 51, 7, 2, 3
2022/5/17, 67, 54, 48, 8, 1, 5
2022/5/18, 76, 56, 44, 8, 1, 5
2022/5/18, 62, 35, 45, 7, 2, 4
2022/5/18, 67, 42, 46, 8, 3, 2
2022/5/18, 85, 47, 46, 7, 1, 4
2022/5/18, 58, 30, 43, 2, 3, 4
2022/5/19, 74, 49, 66, 7, 1, 5
2022/5/19, 62, 44, 60, 10, 3, 4
2022/5/19, 59, 34, 62, 3, 3, 5
2022/5/19, 75, 59, 60, 9, 1, 4
2022/5/19, 69, 43, 64, 9, 3, 3
2022/5/20, 77, 57, 56, 5, 2, 5
2022/5/20, 63, 42, 49, 2, 3, 5
2022/5/20, 87, 63, 49, 5, 1, 5
2022/5/20, 70, 41, 53, 4, 3, 5
2022/5/20, 78, 45, 53, 5, 3, 4
2022/5/21, 83, 23, 50, 12, 2, 2
2022/5/21, 101, 21, 48, 8, , 3
2022/5/21, 76, 20, 48, 7, 2, 3
2022/5/21, 84, 30, 46, 9, 1, 4
2022/5/21, 69, 12, 42, 2, 2, 3
2022/5/22, 19, 41, 96, 4, 4, 5
2022/5/22, 35, 45, 102, 9, 4, 6
2022/5/22, 45, 56, 106, 12, 2, 6
2022/5/22, 45, 60, 97, 11, 2, 6
2022/5/22, 48, 52, 104, 10, 4, 5
2022/5/23, 66, 51, 84, 8, 3, 5
2022/5/23, 70, 50, 83, 3, 4, 4
2022/5/23, 79, 76, 84, 8, 2, 6
2022/5/23, 73, 61, 90, 7, 3, 4
2022/5/23, 78, 65, 87, 7, 2, 6
2022/5/24, 89, 14, 25, 5, , 3
2022/5/24, 78, 9, 22, 2, , 2
2022/5/24, 79, 10, 23, 5, 2, 2
2022/5/24, 83, 12, 21, 5, 1, 5
2022/5/24, 88, 13, 23, 5, , 4
2022/5/25, 31, 15, 22, 6, 3, 4
2022/5/25, 40, 13, 24, 7, 2, 3
2022/5/25, 32, 10, 23, 6, 2, 2
2022/5/25, 23, 11, 19, 2, 2, 2
2022/5/25, 25, 20, 25, 7, 1, 5
2022/5/26, 31, 14, 37, 1, 2, 
2022/5/26, 37, 22, 39, 7, , 5
2022/5/26, 20, 18, 38, 8, 2, 3
2022/5/26, 33, 20, 40, 6, 1, 5
2022/5/26, 35, 19, 44, 4, , 3
2022/5/27, 43, 46, 63, 8, 1, 7
2022/5/27, 35, 39, 53, 9, 3, 4
2022/5/27, 30, 33, 62, 4, 3, 4
2022/5/27, 33, 37, 57, 11, 3, 5
2022/5/27, 31, 44, 61, 9, 1, 7
2022/5/28, 67, 51, 67, 9, 1, 6
2022/5/28, 61, 49, 70, 7, 1, 6
2022/5/28, 72, 41, 69, 7, 2, 3
2022/5/28, 54, 35, 72, 4, 3, 3
2022/5/28, 57, 38, 70, 7, 2, 4
2022/5/29, 60, 17, 32, 6, 2, 3
2022/5/29, 64, 24, 32, 7, , 5
2022/5/29, 58, 12, 32, 1, 2, 1
2022/5/29, 66, 22, 32, 5, 2, 5
2022/5/29, 64, 20, 34, 6, , 2
2022/5/30, 33, 26, 30, 8, 1, 5
2022/5/30, 35, 21, 30, 9, 2, 3
2022/5/30, 48, 26, 29, 11, 1, 5
2022/5/30, 28, 13, 31, 3, 1, 1
2022/5/30, 47, 18, 31, 8, 2, 3
2022/5/31, 43, 30, 33, 12, 2, 3
2022/5/31, 38, 23, 32, 14, 2, 4
2022/5/31, 40, 32, 32, 14, 1, 5
2022/5/31, 22, 16, 35, 6, 1, 2
2022/5/31, 35, 29, 33, 13, 2, 4
2022/6/1, 48, 25, 39, 13, 2, 4
2022/6/1, 39, 21, 35, 16, 2, 4
2022/6/1, 29, 14, 39, 4, 1, 2
2022/6/1, 41, 30, 40, 13, 1, 2
2022/6/1, 46, 23, 37, 13, , 6
2022/6/2, 42, 28, 34, 12, 1, 2
2022/6/2, 35, 14, 34, 5, , 
2022/6/2, 42, 44, 35, 11, 2, 3
2022/6/2, 39, 24, 36, 12, 2, 3
2022/6/2, 45, 25, 35, 12, , 4
2022/6/3, 43, 22, 34, 11, 2, 5
2022/6/3, 44, 35, 38, 7, 2, 3
2022/6/3, 45, 26, 39, 10, , 3
2022/6/3, 37, 34, 36, 8, , 5
2022/6/3, 34, 19, 39, 3, 1, 3
2022/6/4, 41, 30, 42, 5, , 4
2022/6/4, 48, 17, 41, , 1, 2
2022/6/4, 51, 20, 43, 3, 2, 3
2022/6/4, 48, 19, 41, 7, 2, 5
2022/6/4, 57, 22, 44, 5, , 3
2022/6/5, 54, 20, 22, 5, , 3
2022/6/5, 50, 28, 22, 7, 2, 3
2022/6/5, 43, 9, 21, 1, 1, 2
2022/6/5, 53, 19, 23, 6, , 1
2022/6/5, 46, 14, 23, 7, 2, 4
2022/6/6, 39, 17, 23, 7, 2, 2
2022/6/6, 21, 12, 23, 2, 1, 3
2022/6/6, 31, 19, 26, 9, , 2
2022/6/6, 34, 23, 21, 8, , 4
2022/6/6, 30, 16, 23, 10, 2, 4
2022/6/7, 36, 25, 39, 9, 2, 3
2022/6/7, 31, 23, 40, 8, , 2
2022/6/7, 16, 18, 33, 3, 1, 4
2022/6/7, 30, 20, 39, 8, 2, 4
2022/6/7, 29, 32, 39, 9, 1, 4
2022/6/8, 47, 34, 33, 11, 1, 3
2022/6/8, 49, 40, 31, 15, 2, 5
2022/6/8, 37, 27, 33, 11, 2, 4
2022/6/8, 51, 32, 34, 11, 3, 3
2022/6/8, 33, 22, 28, 6, 1, 3
2022/6/9, 48, 30, 48, 15, 2, 4
2022/6/9, 58, 42, 42, 17, 1, 4
2022/6/9, 58, 37, 46, 13, 2, 6
2022/6/9, 46, 17, 41, 2, 1, 4
2022/6/9, 54, 40, 37, 19, 2, 6
2022/6/10, 63, 58, 46, 19, 1, 5
2022/6/10, 55, 45, 51, 17, 2, 4
2022/6/10, 53, 53, 43, 18, 2, 7
2022/6/10, 39, 28, 41, 5, 1, 5
2022/6/10, 58, 51, 48, 20, 2, 6
2022/6/11, 52, 27, 35, 6, 1, 4
2022/6/11, 67, 38, 42, 14, 2, 4
2022/6/11, 85, 44, 41, 17, 1, 4
2022/6/11, 74, 41, 40, 16, 2, 5
2022/6/11, 71, 49, 43, 16, 2, 7
2022/6/12, 62, 39, 40, 6, 2, 6
2022/6/12, 59, 24, 41, 5, 2, 3
2022/6/12, 66, 26, 40, 8, 2, 4
2022/6/12, 66, 28, 40, 9, , 2
2022/6/12, 49, 19, 35, , 1, 3
2022/6/13, 52, 25, 37, 9, , 3
2022/6/13, 53, 27, 39, 8, 2, 5
2022/6/13, 42, 21, 40, 6, , 3
2022/6/13, 40, 17, 34, 3, 1, 4
2022/6/13, 52, 24, 38, 10, 2, 4
2022/6/14, 35, 34, 42, 11, 2, 3
2022/6/14, 44, 37, 38, 13, 1, 3
2022/6/14, 30, 27, 35, 7, 1, 4
2022/6/14, 41, 46, 38, 12, 4, 4
2022/6/14, 44, 35, 38, 12, 2, 3
2022/6/15, 51, 46, 39, 14, 2, 5
2022/6/15, 56, 46, 42, 13, 2, 4
2022/6/15, 44, 35, 48, 8, 1, 5
2022/6/15, 58, 60, 50, 13, 2, 5
2022/6/15, 58, 47, 45, 10, 2, 4
2022/6/16, 73, 47, 55, 9, 2, 4
2022/6/16, 83, 45, 51, 10, 2, 4
2022/6/16, 74, 58, 49, 11, 2, 5
2022/6/16, 70, 50, 47, 12, 2, 4
2022/6/16, 60, 39, 48, 6, 1, 4
2022/6/17, 68, 39, 59, 17, 2, 3
2022/6/17, 59, 26, 57, 9, 1, 3
2022/6/17, 69, 57, 60, 15, 2, 5
2022/6/17, 68, 40, 66, 16, 2, 5
2022/6/17, 68, 46, 55, 19, 1, 4
2022/6/18, 45, 42, 61, 8, 1, 5
2022/6/18, 66, 85, 70, 12, 2, 6
2022/6/18, 59, 49, 63, 10, 2, 5
2022/6/18, 54, 47, 61, 12, 2, 5
2022/6/18, 65, 48, 59, 12, 1, 4
2022/6/19, 69, 52, 71, 13, , 5
2022/6/19, 74, 47, 67, 8, 1, 4
2022/6/19, 66, 28, 67, 11, 2, 7
2022/6/19, 71, 55, 75, 13, 1, 5
2022/6/19, 72, 46, 66, 14, 2, 4
2022/6/20, 65, 53, 46, 9, 1, 4
2022/6/20, 79, 57, 44, 13, 1, 4
2022/6/20, 74, 40, 46, 11, 2, 6
2022/6/20, 65, 60, 39, 11, 2, 4
2022/6/20, 70, 52, 40, 9, 1, 4
2022/6/21, 94, 54, 39, 11, 2, 4
2022/6/21, 71, 49, 36, 8, 1, 4
2022/6/21, 77, 53, 41, 11, 2, 4
2022/6/21, 72, 53, 40, 14, 1, 6
2022/6/21, 79, 39, 40, 12, 2, 7
2022/6/22, 67, 17, 45, 5, 1, 3
2022/6/22, 69, 10, 44, 5, 2, 4
2022/6/22, 63, 14, 42, 1, 1, 2
2022/6/22, 73, 17, 39, 7, 1, 4
2022/6/22, 72, 16, 42, 4, 2, 2
2022/6/23, 32, 16, 47, 6, 1, 1
2022/6/23, 25, 14, 42, 4, 1, 1
2022/6/23, 40, 14, 43, 8, 1, 2
2022/6/23, 22, 13, 44, 5, , 1
2022/6/23, 41, 13, 43, 8, , 2
2022/6/24, 33, 7, 42, 5, , 2
2022/6/24, 29, 13, 44, 4, 1, 1
2022/6/24, 35, 14, 34, 9, 1, 3
2022/6/24, 23, 11, 39, 4, 1, 1
2022/6/24, 34, 13, 40, 4, 2, 2
2022/6/25, 20, 17, 37, 5, 2, 1
2022/6/25, 17, 23, 47, 12, 2, 2
2022/6/25, 27, 31, 44, 13, 1, 2
2022/6/25, 30, 23, 41, 15, 1, 3
2022/6/25, 22, 18, 40, 14, 2, 3
2022/6/26, 46, 33, 45, 14, 1, 3
2022/6/26, 39, 25, 47, 11, 2, 4
2022/6/26, 35, 30, 50, 17, 1, 4
2022/6/26, 37, 27, 39, 14, 2, 3
2022/6/26, 31, 19, 35, 5, 1, 2
2022/6/27, 41, 8, 25, 1, 1, 1
2022/6/27, 56, 12, 24, 4, 1, 2
2022/6/27, 54, 9, 24, 5, 1, 2
2022/6/27, 54, 12, 26, 6, 1, 3
2022/6/27, 59, 9, 25, 5, 2, 3
2022/6/28, 30, 15, 32, 7, 1, 4
2022/6/28, 26, 22, 43, 6, 1, 1
2022/6/28, 19, 17, 29, 7, 2, 2
2022/6/28, 18, 14, 27, 2, 1, 1
2022/6/28, 27, 10, 29, 6, , 4
2022/6/29, 30, 23, 40, 13, 1, 4
2022/6/29, 36, 31, 40, 12, 1, 2
2022/6/29, 33, 31, 41, 13, 2, 3
2022/6/29, 22, 16, 32, 4, 1, 2
2022/6/29, 31, 14, 34, 9, 2, 3
2022/6/30, 43, 24, 38, 11, 2, 4
2022/6/30, 36, 31, 42, 15, 1, 5
2022/6/30, 44, 35, 34, 13, 1, 3
2022/6/30, 31, 15, 29, 3, 1, 1
2022/6/30, 48, 26, 34, 10, 1, 2
2022/7/1, 53, 17, 39, 4, 1, 3
2022/7/1, 30, 14, 34, 2, 1, 2
2022/7/1, 52, 18, 38, 7, , 4
2022/7/1, 52, 14, 40, 6, 2, 4
2022/7/1, 49, 15, 37, 4, 1, 4
2022/7/2, 42, 32, 52, 7, 1, 4
2022/7/2, 48, 25, 47, 4, 1, 4
2022/7/2, 42, 28, 55, 3, 1, 3
2022/7/2, 30, 22, 43, 3, 1, 2
2022/7/2, 46, 27, 54, 5, 2, 4
2022/7/3, 63, 29, 41, 6, , 4
2022/7/3, 50, 28, 37, 3, 1, 2
2022/7/3, 70, 32, 37, 6, 1, 3
2022/7/3, 53, 35, 40, 7, , 4
2022/7/3, 58, 33, 42, 4, 1, 3
2022/7/4, 68, 30, 27, 7, 1, 2
2022/7/4, 74, 26, 22, 8, 1, 3
2022/7/4, 71, 30, 26, 11, , 3
2022/7/4, 65, 21, 21, 4, 1, 2
2022/7/4, 70, 22, 24, 8, 2, 4
2022/7/5, 52, 19, 20, 4, , 2
2022/7/5, 59, 23, 21, 10, 3, 3
2022/7/5, 54, 24, 18, 8, 1, 2
2022/7/5, 63, 30, 25, 12, , 4
2022/7/5, 58, 29, 24, 10, 3, 2
2022/7/6, 55, 9, 38, 6, 1, 1
2022/7/6, 56, 9, 45, 6, , 1
2022/7/6, 56, 12, 45, 8, , 3
2022/7/6, 57, 13, 47, 7, , 2
2022/7/6, 44, 9, 42, 2, 1, 1
2022/7/7, 49, 22, 36, 6, 1, 3
2022/7/7, 38, 21, 43, 10, , 4
2022/7/7, 22, 34, 30, 2, , 1
2022/7/7, 25, 16, 44, 10, 2, 3
2022/7/7, 33, 20, 53, 8, , 3
2022/7/8, 43, 17, 41, 6, 2, 3
2022/7/8, 33, 12, 36, 3, , 1
2022/7/8, 45, 27, 38, 7, 2, 2
2022/7/8, 37, 27, 43, 9, , 4
2022/7/8, 49, 26, 42, 9, 1, 3
2022/7/9, 45, 32, 38, 11, 1, 5
2022/7/9, 41, 19, 36, 11, 2, 2
2022/7/9, 40, 22, 37, 8, 1, 4
2022/7/9, 44, 28, 40, 12, , 4
2022/7/9, 20, 21, 30, 4, , 1
2022/7/10, 29, 19, 44, 3, 1, 4
2022/7/10, 39, 24, 57, 13, 2, 3
2022/7/10, 37, 29, 48, 11, 1, 4
2022/7/10, 51, 31, 58, 10, 1, 6
2022/7/10, 46, 33, 57, 15, , 5
2022/7/11, 45, 26, 42, 5, 1, 3
2022/7/11, 59, 26, 54, 12, 2, 3
2022/7/11, 63, 40, 45, 13, 1, 3
2022/7/11, 55, 35, 53, 17, 1, 5
2022/7/11, 59, 40, 48, 16, 1, 5
2022/7/12, 43, 11, 26, 2, , 2
2022/7/12, 56, 16, 27, 9, 1, 5
2022/7/12, 58, 17, 25, 8, 1, 4
2022/7/12, 56, 13, 24, 7, 2, 3
2022/7/12, 52, 19, 26, 8, 1, 3
2022/7/13, 37, 7, 35, 4, 1, 3
2022/7/13, 36, 11, 35, 6, 1, 4
2022/7/13, 38, 9, 37, 7, 1, 4
2022/7/13, 25, 7, 34, 2, 2, 2
2022/7/13, 37, 7, 33, 6, , 3
2022/7/14, 25, 10, 32, 4, 2, 2
2022/7/14, 22, 13, 33, 4, 1, 4
2022/7/14, 13, 7, 31, 1, 2, 2
2022/7/14, 22, , 33, 3, 2, 3
2022/7/14, 28, 9, 35, 4, 1, 3
2022/7/15, 22, 16, 21, 5, 1, 4
2022/7/15, 11, 9, 19, 2, 2, 2
2022/7/15, 27, 12, 23, 4, 1, 3
2022/7/15, 17, 12, 20, 4, 2, 4
2022/7/15, 15, 15, 22, 6, 2, 3
2022/7/16, 18, 17, 25, 8, 2, 6
2022/7/16, 28, 21, 26, 10, 2, 4
2022/7/16, 21, 21, 29, 10, 1, 5
2022/7/16, 27, 19, 26, 7, 1, 3
2022/7/16, 10, 11, 24, 2, 2, 2
2022/7/17, 33, 23, 28, 14, 2, 5
2022/7/17, 14, 16, 19, 6, 2, 3
2022/7/17, 34, 24, 24, 11, 2, 6
2022/7/17, 37, 25, 29, 15, 1, 6
2022/7/17, 40, 21, 29, 12, 3, 4
2022/7/18, 24, 15, 18, 5, 2, 2
2022/7/18, 49, 18, 25, 9, 2, 3
2022/7/18, 49, 21, 24, 13, 1, 6
2022/7/18, 45, 20, 22, 13, 2, 4
2022/7/18, 45, 24, 21, 12, 2, 5
2022/7/19, 46, 28, 34, 14, 1, 5
2022/7/19, 41, 20, 34, 11, 1, 4
2022/7/19, 40, 28, 37, 16, 1, 4
2022/7/19, 43, 28, 31, 11, 2, 5
2022/7/19, 22, 14, 28, 2, , 2
2022/7/20, 46, 24, 30, 11, 1, 4
2022/7/20, 48, 28, 24, 13, 2, 5
2022/7/20, 18, 22, 16, 7, , 3
2022/7/20, 41, 28, 28, 13, 1, 4
2022/7/20, 53, 29, 27, 11, 1, 4
2022/7/21, 39, 17, 32, 3, 3, 2
2022/7/21, 47, 19, 32, 7, 1, 3
2022/7/21, 51, 26, 33, 11, 1, 3
2022/7/21, 49, 29, 33, 9, 1, 3
2022/7/21, 54, 18, 31, 6, 2, 3
2022/7/22, 30, 15, 24, 1, 3, 3
2022/7/22, 46, 32, 30, 10, 1, 2
2022/7/22, 45, 33, 30, 10, 1, 4
2022/7/22, 38, 30, 30, 10, 1, 4
2022/7/22, 38, 24, 28, 7, 2, 4
2022/7/23, 41, 13, 28, 9, 1, 3
2022/7/23, 12, 11, 26, 2, 2, 2
2022/7/23, 43, 13, 29, 7, 2, 3
2022/7/23, 42, 12, 33, 7, 1, 2
2022/7/23, 50, 14, 30, 8, 1, 3
2022/7/24, 34, 27, 48, 8, 1, 4
2022/7/24, 31, 28, 44, 7, 2, 4
2022/7/24, 31, 25, 44, 8, 1, 5
2022/7/24, 18, 21, 40, 1, 3, 3
2022/7/24, 33, 26, 49, 9, 1, 5
2022/7/25, 53, 40, 62, 6, 2, 5
2022/7/25, 48, 41, 57, 6, , 5
2022/7/25, 46, 46, 66, 7, 1, 5
2022/7/25, 63, 37, 55, 6, 1, 4
2022/7/25, 39, 34, 43, 1, 2, 4
2022/7/26, 77, 42, 48, 10, , 4
2022/7/26, 81, 39, 39, 10, 1, 3
2022/7/26, 75, 53, 30, 14, , 5
2022/7/26, 80, 40, 47, 8, 2, 4
2022/7/26, 71, 31, 42, 1, 1, 2
2022/7/27, 76, 29, 32, 9, 1, 3
2022/7/27, 97, 34, 37, 10, , 2
2022/7/27, 75, 34, 35, 8, 2, 3
2022/7/27, 65, 23, 34, 2, 1, 1
2022/7/27, 72, 35, 36, 9, 1, 4
2022/7/28, 66, 16, 28, 4, , 3
2022/7/28, 43, 14, 27, 1, 1, 1
2022/7/28, 54, 14, 26, 4, 1, 2
2022/7/28, 60, 16, 22, 7, 1, 4
2022/7/28, 62, 20, 25, 5, 2, 2
2022/7/29, 39, 18, 41, 3, , 4
2022/7/29, 25, 17, 38, 1, 1, 1
2022/7/29, 42, 21, 38, 4, , 2
2022/7/29, 41, 26, 36, 5, , 4
2022/7/29, 33, 18, 37, 3, 1, 4
2022/7/30, 46, 25, 28, 5, , 2
2022/7/30, 44, 25, 30, 5, , 3
2022/7/30, 58, 21, 26, 4, 1, 3
2022/7/30, 50, 28, 27, 7, , 3
2022/7/30, 35, 19, 27, 1, 1, 1
2022/7/31, 70, 28, 35, 8, 1, 3
2022/7/31, 55, 36, 39, 11, , 4
2022/7/31, 33, 19, 35, 1, 2, 1
2022/7/31, 52, 34, 42, 10, , 4
2022/7/31, 59, 31, 40, 8, , 3
2022/8/1, 61, 43, 56, 10, , 3
2022/8/1, 53, 42, 41, 14, , 4
2022/8/1, 64, 40, 41, 9, 1, 5
2022/8/1, 57, 40, 49, 7, , 4
2022/8/1, 37, 30, 45, 1, 2, 2
2022/8/2, 73, 39, 35, 12, , 5
2022/8/2, 76, 37, 34, 9, 2, 4
2022/8/2, 78, 33, 31, 8, , 3
2022/8/2, 71, 33, 37, 11, 1, 4
2022/8/2, 66, 25, 35, 2, 1, 3
2022/8/3, 69, 40, 45, 7, , 6
2022/8/3, 67, 38, 42, 6, 1, 5
2022/8/3, 62, 36, 44, 5, 3, 5
2022/8/3, 67, 37, 37, 4, , 4
2022/8/3, 59, 33, 37, 1, , 4
2022/8/4, 68, 28, 36, 6, , 4
2022/8/4, 64, 21, 39, 1, , 2
2022/8/4, 72, 26, 36, 5, 2, 4
2022/8/4, 86, 23, 34, 4, , 2
2022/8/4, 74, 24, 35, 4, 2, 4
2022/8/5, 66, 28, 37, 10, 1, 4
2022/8/5, 53, 23, 44, 7, 1, 4
2022/8/5, 45, 25, 45, 7, 2, 3
2022/8/5, 49, 21, 44, 6, 1, 3
2022/8/5, 43, 17, 45, 1, 2, 1
2022/8/6, 48, 22, 35, 7, , 5
2022/8/6, 36, 15, 31, 1, , 2
2022/8/6, 33, 28, 34, 7, 1, 6
2022/8/6, 39, 19, 36, 7, , 4
2022/8/6, 36, 17, 33, 5, , 3
2022/8/7, 25, 12, 25, 2, 2, 1
2022/8/7, 50, 16, 20, 6, 1, 3
2022/8/7, 45, 13, 22, 5, 2, 3
2022/8/7, 42, 18, 22, 6, 1, 1
2022/8/7, 77, 14, 23, 5, 1, 4
2022/8/8, 17, 23, 34, 8, 2, 2
2022/8/8, 106, 23, 31, 9, 1, 4
2022/8/8, 45, 20, 33, 10, 2, 4
2022/8/8, 17, 14, 33, 3, 2, 1
2022/8/8, 37, 18, 34, 7, , 1
2022/8/9, 30, 28, 42, 6, 2, 2
2022/8/9, 20, 27, 40, 7, 2, 6
2022/8/9, 26, 31, 33, 9, 1, 4
2022/8/9, 19, 25, 43, 2, 2, 3
2022/8/9, 25, 26, 42, 6, 1, 3
2022/8/10, 41, 19, 31, 7, 1, 3
2022/8/10, 42, 19, 36, 6, , 2
2022/8/10, 50, 18, 33, 5, 2, 3
2022/8/10, 43, 19, 33, 6, 2, 4
2022/8/10, 41, 22, 38, 2, 2, 2
2022/8/11, 30, 22, 27, 4, 2, 3
2022/8/11, 38, 30, 25, 9, , 3
2022/8/11, 40, 33, 25, 11, 2, 4
2022/8/11, 42, 28, 25, 10, 2, 3
2022/8/11, 24, 30, 24, 12, 1, 4
2022/8/12, 33, 18, 40, 3, 2, 2
2022/8/12, 48, 23, 39, 7, 2, 5
2022/8/12, 39, 22, 40, 8, 1, 4
2022/8/12, 43, 21, 39, 7, , 4
2022/8/12, 40, 22, 39, 10, 2, 4
2022/8/13, 42, 31, 22, 14, 1, 4
2022/8/13, 26, 21, 19, 3, 2, 2
2022/8/13, 41, 30, 26, 14, 1, 5
2022/8/13, 45, 35, 24, 16, 2, 6
2022/8/13, 38, 31, 24, 12, 1, 3
2022/8/14, 58, 14, 23, 6, , 5
2022/8/14, 52, 15, 22, 9, , 3
2022/8/14, 54, 13, 24, 5, , 3
2022/8/14, 32, 11, 22, 1, 2, 1
2022/8/14, 44, 13, 25, 6, 1, 3
2022/8/15, 27, 24, 30, 11, 2, 6
2022/8/15, 26, 17, 31, 8, 2, 4
2022/8/15, 33, 23, 35, 12, , 3
2022/8/15, 15, 17, 32, 9, 1, 3
2022/8/15, 19, 11, 35, 1, 2, 1
2022/8/16, 33, 30, 33, 10, 1, 4
2022/8/16, 36, 33, 34, 12, 2, 5
2022/8/16, 32, 32, 34, 13, 1, 4
2022/8/16, 19, 14, 34, 1, 2, 
2022/8/16, 35, 30, 32, 10, , 3
2022/8/17, 22, 35, 59, 1, 2, 4
2022/8/17, 46, 38, 60, 8, 1, 5
2022/8/17, 41, 42, 63, 9, 1, 5
2022/8/17, 47, 31, 53, 7, 1, 5
2022/8/17, 52, 38, 59, 8, 2, 5
2022/8/18, 49, 17, 35, 6, 1, 3
2022/8/18, 55, 13, 34, 1, 2, 2
2022/8/18, 57, 19, 34, 5, 1, 4
2022/8/18, 58, 22, 33, 6, 1, 3
2022/8/18, 60, 20, 33, 5, 2, 3
2022/8/19, 46, 24, 25, 12, 1, 2
2022/8/19, 35, 26, 27, 11, 2, 3
2022/8/19, 62, 26, 27, 10, 2, 3
2022/8/19, 30, 20, 28, 3, 2, 1
2022/8/19, 46, 29, 27, 9, 1, 2
2022/8/20, 34, 27, 51, 2, 2, 4
2022/8/20, 48, 33, 50, 8, 2, 5
2022/8/20, 61, 32, 50, 8, 2, 3
2022/8/20, 43, 35, 46, 12, 2, 4
2022/8/20, 45, 34, 52, 9, 3, 4
2022/8/21, 43, 19, 39, 7, 1, 2
2022/8/21, 54, 18, 36, 6, 2, 2
2022/8/21, 37, 17, 38, 5, 1, 2
2022/8/21, 51, 18, 38, 5, 2, 3
2022/8/21, 42, 13, 37, 1, 2, 1
2022/8/22, 22, 18, 19, 8, 1, 2
2022/8/22, 31, 13, 18, 8, , 3
2022/8/22, 43, 25, 18, 8, 2, 2
2022/8/22, 35, 15, 18, 7, 2, 2
2022/8/22, 23, 12, 19, 4, 2, 1
2022/8/23, 18, 29, 23, 10, 2, 3
2022/8/23, 24, 24, 23, 9, 2, 4
2022/8/23, 29, 33, 22, 12, 1, 2
2022/8/23, 13, 17, 24, 6, 2, 2
2022/8/23, 49, 26, 24, 8, 2, 2
2022/8/24, 21, 24, 26, 11, 2, 2
2022/8/24, 54, 20, 23, 12, 2, 2
2022/8/24, 41, 21, 26, 10, 1, 2
2022/8/24, 31, 17, 25, 8, 2, 3
2022/8/24, 17, 13, 27, 6, 2, 2
2022/8/25, 49, 19, 17, 11, 2, 3
2022/8/25, 24, 14, 18, 7, 2, 1
2022/8/25, 40, 16, 18, 10, 2, 1
2022/8/25, 43, 20, 17, 12, 1, 2
2022/8/25, 40, 15, 17, 11, 1, 2
2022/8/26, 23, 14, 21, 6, 2, 1
2022/8/26, 23, 16, 19, 8, 2, 2
2022/8/26, 37, 19, 20, 8, 2, 1
2022/8/26, 21, 19, 20, 8, 1, 4
2022/8/26, 30, 18, 20, 8, 2, 3
2022/8/27, 26, 30, 28, 11, 2, 2
2022/8/27, 16, 17, 26, 5, 2, 1
2022/8/27, 29, 28, 28, 10, 2, 3
2022/8/27, 27, 25, 28, 9, 2, 3
2022/8/27, 36, 22, 25, 9, 2, 2
2022/8/28, 36, 23, 17, 11, 2, 4
2022/8/28, 38, 25, 19, 12, 2, 3
2022/8/28, 17, 17, 17, 4, 2, 2
2022/8/28, 30, 23, 17, 11, 2, 3
2022/8/28, 37, 24, 17, 12, 1, 5
2022/8/29, 47, 25, 40, 8, 1, 5
2022/8/29, 42, 25, 41, 8, , 4
2022/8/29, 51, 28, 41, 9, 2, 4
2022/8/29, 28, 17, 37, 4, 2, 3
2022/8/29, 35, 23, 40, 6, 2, 3
2022/8/30, 53, 38, 40, 12, 2, 4
2022/8/30, 57, 34, 41, 12, 2, 4
2022/8/30, 40, 26, 41, 4, 2, 3
2022/8/30, 61, 30, 40, 11, 2, 2
2022/8/30, 53, 43, 34, 18, 2, 3
2022/8/31, 48, 14, 24, 7, , 2
2022/8/31, 43, 13, 24, 5, , 2
2022/8/31, 61, 18, 22, 9, 2, 2
2022/8/31, 57, 15, 24, 7, , 2
2022/8/31, 58, 16, 25, 6, 2, 1
2022/9/1, 34, 22, 31, 10, 2, 2
2022/9/1, 18, 25, 31, 11, , 3
2022/9/1, 28, 27, 32, 13, 2, 3
2022/9/1, 22, 32, 31, 13, 2, 3
2022/9/1, 14, 17, 33, 3, , 2
2022/9/2, 28, 31, 42, 11, 2, 4
2022/9/2, 32, 36, 45, 15, 2, 3
2022/9/2, 34, 30, 40, 12, 2, 3
2022/9/2, 43, 42, 42, 16, 2, 4
2022/9/2, 27, 26, 40, 5, 2, 3
2022/9/3, 44, 28, 20, 14, 2, 3
2022/9/3, 34, 23, 13, 4, , 3
2022/9/3, 44, 26, 17, 9, 2, 3
2022/9/3, 41, 27, 16, 9, 2, 3
2022/9/3, 65, 30, 17, 13, 2, 3
2022/9/4, 46, 21, 22, 8, 2, 3
2022/9/4, 52, 19, 23, 7, 2, 2
2022/9/4, 52, 20, 22, 7, 2, 2
2022/9/4, 38, 16, 22, 4, , 3
2022/9/4, 45, 22, 22, 7, 3, 2
2022/9/5, 33, 25, 19, 9, 2, 2
2022/9/5, 28, 19, 19, 5, 2, 1
2022/9/5, 44, 19, 19, 6, 2, 1
2022/9/5, 36, 23, 19, 8, 2, 2
2022/9/5, 34, 27, 19, 11, 2, 2
2022/9/6, 26, 23, 28, 8, 2, 3
2022/9/6, 25, 22, 27, 7, 2, 3
2022/9/6, 45, 32, 26, 10, 2, 2
2022/9/6, 17, 20, 29, 5, 2, 2
2022/9/6, 40, 21, 28, 7, 2, 1
2022/9/7, 30, 40, 51, 10, 4, 3
2022/9/7, 33, 25, 45, 5, 3, 3
2022/9/7, 23, 33, 53, 8, 4, 4
2022/9/7, 30, 31, 47, 11, 3, 4
2022/9/7, 22, 41, 49, 9, 3, 4
2022/9/8, 40, 52, 81, 19, 3, 5
2022/9/8, 42, 39, 78, 11, 2, 5
2022/9/8, 48, 60, 76, 17, 3, 6
2022/9/8, 48, 44, 87, 14, 4, 4
2022/9/8, 39, 28, 79, 3, 3, 3
2022/9/9, 64, 41, 71, 13, 2, 5
2022/9/9, 51, 31, 55, 4, 2, 4
2022/9/9, 63, 48, 71, 14, 2, 4
2022/9/9, 74, 54, 77, 13, 3, 6
2022/9/9, 62, 48, 75, 15, 3, 5
2022/9/10, 64, 46, 49, 14, 3, 4
2022/9/10, 55, 33, 47, 3, 3, 3
2022/9/10, 74, 51, 53, 13, 3, 5
2022/9/10, 64, 43, 50, 12, 2, 5
2022/9/10, 73, 42, 51, 12, 3, 3
2022/9/11, 69, 38, 53, 9, 2, 4
2022/9/11, 74, 36, 53, 9, 2, 5
2022/9/11, 57, 26, 47, 5, 2, 3
2022/9/11, 71, 35, 49, 11, 2, 3
2022/9/11, 68, 37, 49, 11, 2, 5
2022/9/12, 52, 25, 29, 8, 2, 2
2022/9/12, 64, 37, 26, 14, 2, 2
2022/9/12, 51, 24, 30, 6, 3, 2
2022/9/12, 56, 38, 26, 10, 2, 3
2022/9/12, 56, 25, 28, 7, 2, 3
2022/9/13, 41, 24, 28, 5, 2, 2
2022/9/13, 38, 61, 24, 20, 3, 4
2022/9/13, 55, 54, 22, 21, 3, 3
2022/9/13, 38, 39, 24, 15, 2, 5
2022/9/13, 41, 47, 27, 21, 3, 4
2022/9/14, 71, 22, 19, 12, 2, 3
2022/9/14, 54, 21, 17, 12, 2, 2
2022/9/14, 54, 19, 19, 9, , 3
2022/9/14, 52, 21, 23, 13, 2, 3
2022/9/14, 35, 13, 23, 3, 2, 1
2022/9/15, 48, 20, 14, 8, 2, 2
2022/9/15, 27, 12, 16, 4, 2, 2
2022/9/15, 42, 20, 15, 8, 2, 3
2022/9/15, 45, 16, 17, 8, 2, 2
2022/9/15, 40, 16, 16, 6, 2, 2
2022/9/16, 46, 18, 23, 7, 2, 1
2022/9/16, 20, 14, 19, 5, 2, 1
2022/9/16, 31, 19, 23, 7, 2, 2
2022/9/16, 29, 19, 24, 6, 2, 2
2022/9/16, 26, 23, 29, 9, 2, 2
2022/9/17, 34, 42, 26, 6, 2, 1
2022/9/17, 25, 37, 26, 6, 2, 1
2022/9/17, 31, 42, 26, 5, 2, 2
2022/9/17, 31, 42, 25, 6, 2, 2
2022/9/17, 31, 41, 26, 6, 2, 1
2022/9/18, 36, 24, 27, 5, 2, 1
2022/9/18, 46, 27, 25, 6, 2, 1
2022/9/18, 64, 30, 26, 6, 2, 1
2022/9/18, 60, 31, 26, 7, 2, 1
2022/9/18, 38, 24, 26, 5, 2, 1
2022/9/19, 42, 33, 25, 12, 2, 1
2022/9/19, 17, 20, 25, 8, 2, 1
2022/9/19, 31, 32, 21, 15, 3, 2
2022/9/19, 25, 30, 25, 12, 2, 2
2022/9/19, 33, 31, 26, 13, 2, 2
2022/9/20, 19, 27, 42, 4, 3, 2
2022/9/20, 41, 41, 41, 9, 3, 2
2022/9/20, 34, 42, 43, 8, 4, 3
2022/9/20, 30, 40, 42, 8, 2, 2
2022/9/20, 41, 34, 40, 8, 2, 2
2022/9/21, 35, 30, 41, 7, 3, 3
2022/9/21, 34, 35, 42, 7, 2, 3
2022/9/21, 33, 21, 44, 3, 2, 2
2022/9/21, 48, 22, 44, 4, 1, 1
2022/9/21, 50, 31, 43, 6, 2, 2
2022/9/22, 40, 15, 22, 6, 3, 2
2022/9/22, 51, 15, 20, 4, 1, 1
2022/9/22, 48, 16, 22, 5, 2, 1
2022/9/22, 35, 12, 20, 4, , 1
2022/9/22, 51, 14, 20, 5, , 1
2022/9/23, 47, 13, 26, 6, 2, 1
2022/9/23, 40, 15, 27, 7, 2, 1
2022/9/23, 32, 13, 25, 6, , 2
2022/9/23, 34, 21, 24, 7, 3, 2
2022/9/23, 24, 10, 26, 5, 2, 1
2022/9/24, 17, 31, 61, 6, 3, 3
2022/9/24, 26, 35, 67, 9, 4, 3
2022/9/24, 13, 37, 63, 8, 3, 3
2022/9/24, 22, 38, 62, 10, 4, 4
2022/9/24, 35, 31, 60, 7, 3, 3
2022/9/25, 44, 36, 44, 8, 2, 4
2022/9/25, 38, 44, 40, 16, 2, 5
2022/9/25, 56, 44, 42, 15, 2, 4
2022/9/25, 52, 51, 42, 17, 3, 5
2022/9/25, 52, 51, 37, 17, 3, 6
2022/9/26, 74, 58, 80, 17, 3, 7
2022/9/26, 84, 64, 88, 17, 4, 7
2022/9/26, 81, 65, 91, 17, 4, 8
2022/9/26, 64, 53, 88, 6, 4, 7
2022/9/26, 71, 63, 89, 15, 3, 8
2022/9/27, 105, 65, 96, 14, 3, 7
2022/9/27, 113, 63, 99, 13, 5, 7
2022/9/27, 112, 60, 96, 15, 4, 7
2022/9/27, 83, 56, 97, 8, 4, 7
2022/9/27, 110, 65, 90, 16, 3, 6
2022/9/28, 98, 60, 85, 12, 2, 6
2022/9/28, 101, 57, 82, 13, 2, 5
2022/9/28, 105, 57, 87, 12, 4, 6
2022/9/28, 80, 50, 83, 6, 3, 5
2022/9/28, 108, 53, 81, 13, 3, 5
2022/9/29, 82, 48, 88, 5, 3, 5
2022/9/29, 104, 54, 88, 7, 3, 5
2022/9/29, 97, 59, 90, 9, 2, 5
2022/9/29, 97, 57, 90, 9, 2, 5
2022/9/29, 96, 56, 94, 7, 4, 5
2022/9/30, 80, 34, 14, 5, 2, 3
2022/9/30, 87, 37, 13, 9, 1, 3
2022/9/30, 93, 40, 11, 8, 3, 3
2022/9/30, 83, 42, 12, 9, 2, 3
2022/9/30, 94, 39, 11, 8, 2, 3
2022/10/1, 79, 47, 38, 11, 3, 6
2022/10/1, 98, 41, 38, 11, 2, 5
2022/10/1, 69, 31, 39, 5, 2, 4
2022/10/1, 77, 43, 36, 12, 2, 5
2022/10/1, 80, 47, 32, 15, 1, 5
2022/10/2, 81, 17, 15, 6, , 2
2022/10/2, 76, 26, 14, 6, 2, 2
2022/10/2, 58, 17, 17, 5, 2, 2
2022/10/2, 74, 20, 15, 6, 2, 2
2022/10/2, 80, 26, 15, 6, 1, 2
2022/10/3, 45, 14, 20, 6, 3, 1
2022/10/3, 47, 10, 20, 5, 2, 1
2022/10/3, 37, 9, 21, 4, 2, 1
2022/10/3, 57, 12, 19, 7, 1, 1
2022/10/3, 56, 15, 20, 6, 2, 1
2022/10/4, 32, 22, 22, 12, 1, 2
2022/10/4, 16, 14, 23, 6, 2, 1
2022/10/4, 35, 28, 24, 12, 2, 2
2022/10/4, 20, 26, 24, 12, 3, 2
2022/10/4, 31, 27, 23, 10, 2, 1
2022/10/5, 43, 33, 25, 13, 3, 3
2022/10/5, 21, 16, 25, 6, 2, 1
2022/10/5, 42, 29, 23, 14, 1, 2
2022/10/5, 38, 27, 25, 13, 2, 3
2022/10/5, 48, 37, 25, 13, 2, 2
2022/10/6, 55, 37, 28, 14, 3, 3
2022/10/6, 26, 17, 30, 5, 2, 1
2022/10/6, 55, 39, 24, 16, 1, 2
2022/10/6, 48, 32, 28, 12, 2, 2
2022/10/6, 63, 36, 28, 14, 2, 1
2022/10/7, 28, 30, 40, 6, 2, 3
2022/10/7, 48, 35, 46, 10, 2, 3
2022/10/7, 54, 41, 46, 11, 1, 3
2022/10/7, 57, 33, 46, 10, 3, 3
2022/10/7, 57, 40, 43, 10, 2, 2
2022/10/8, 64, 21, 24, 12, 3, 4
2022/10/8, 49, 18, 24, 10, 2, 3
2022/10/8, 73, 15, 24, 13, 2, 3
2022/10/8, 40, 10, 26, 3, 2, 2
2022/10/8, 63, 25, 27, 12, 1, 3
2022/10/9, 27, 15, 20, 5, 2, 
2022/10/9, 57, 17, 17, 7, 1, 1
2022/10/9, 42, 15, 20, 5, 2, 2
2022/10/9, 46, 16, 19, 6, 2, 1
2022/10/9, 49, 15, 19, 6, 3, 2
2022/10/10, 20, 17, 22, 6, 2, 2
2022/10/10, 40, 24, 23, 10, 2, 2
2022/10/10, 43, 23, 20, 11, 1, 2
2022/10/10, 46, 23, 23, 10, 2, 2
2022/10/10, 34, 21, 23, 10, 3, 3
2022/10/11, 44, 31, 43, 10, 2, 3
2022/10/11, 25, 22, 34, 6, 3, 3
2022/10/11, 53, 28, 31, 10, 3, 4
2022/10/11, 33, 34, 40, 10, 3, 4
2022/10/11, 38, 30, 35, 13, 3, 4
2022/10/12, 37, 36, 52, 7, 3, 4
2022/10/12, 57, 51, 47, 12, 3, 5
2022/10/12, 69, 46, 51, 15, 3, 5
2022/10/12, 58, 50, 53, 13, 4, 6
2022/10/12, 62, 42, 52, 11, 3, 5
2022/10/13, 55, 48, 45, 8, 3, 7
2022/10/13, 118, 58, 42, 25, 3, 7
2022/10/13, 69, 64, 43, 17, 3, 8
2022/10/13, 90, 57, 42, 17, 3, 8
2022/10/13, 103, 60, 45, 16, 3, 8
2022/10/14, 96, 72, 30, 18, 3, 9
2022/10/14, 155, 74, 20, 25, 3, 8
2022/10/14, 139, 67, 29, 20, 3, 9
2022/10/14, 81, 58, 32, 14, 2, 6
2022/10/14, 139, 64, 37, 16, 2, 9
2022/10/15, 154, 22, 18, 8, 2, 1
2022/10/15, 148, 22, 18, 7, 2, 2
2022/10/15, 147, 25, 18, 7, 2, 1
2022/10/15, 100, 20, 19, 10, 2, 1
2022/10/15, 113, 22, 19, 9, 2, 2
2022/10/16, 41, 20, 14, 9, , 2
2022/10/16, 15, 20, 13, 10, 2, 1
2022/10/16, 25, 30, 12, 11, 2, 2
2022/10/16, 24, 23, 14, 11, , 3
2022/10/16, 18, 19, 14, 9, 2, 3
2022/10/17, 30, 36, 20, 16, 3, 4
2022/10/17, 43, 35, 18, 17, 2, 3
2022/10/17, 14, 25, 20, 11, 2, 3
2022/10/17, 32, 40, 20, 18, 3, 4
2022/10/17, 54, 36, 20, 14, 3, 3
2022/10/18, 67, 39, 28, 13, 2, 4
2022/10/18, 57, 47, 27, 14, 3, 4
2022/10/18, 66, 41, 29, 16, 4, 3
2022/10/18, 60, 42, 30, 15, 5, 4
2022/10/18, 33, 28, 25, 7, 3, 3
2022/10/19, 50, 58, 51, 14, 6, 6
2022/10/19, 66, 55, 50, 13, 3, 5
2022/10/19, 37, 48, 52, 7, 3, 5
2022/10/19, 60, 61, 51, 16, 8, 6
2022/10/19, 69, 55, 51, 14, 7, 5
2022/10/20, 115, 57, 44, 13, 7, 4
2022/10/20, 115, 57, 41, 11, 4, 5
2022/10/20, 121, 53, 43, 11, 5, 3
2022/10/20, 136, 53, 41, 13, 3, 4
2022/10/20, 67, 47, 43, 8, 3, 3
2022/10/21, 82, 37, 18, 17, 4, 3
2022/10/21, 92, 41, 18, 17, 2, 3
2022/10/21, 93, 30, 16, 14, 2, 4
2022/10/21, 55, 30, 15, 12, 2, 2
2022/10/21, 89, 36, 17, 14, 3, 3
2022/10/22, 80, 25, 22, 11, 3, 1
2022/10/22, 89, 24, 22, 12, 2, 2
2022/10/22, 94, 22, 20, 11, 2, 3
2022/10/22, 51, 19, 22, 8, 3, 2
2022/10/22, 80, 25, 22, 12, 4, 2
2022/10/23, 53, 45, 18, 19, 3, 3
2022/10/23, 32, 19, 21, 9, 2, 2
2022/10/23, 50, 41, 16, 21, 4, 4
2022/10/23, 52, 48, 14, 21, 4, 4
2022/10/23, 54, 40, 12, 23, 4, 6
2022/10/24, 76, 39, 29, 15, 9, 2
2022/10/24, 78, 38, 35, 13, 3, 2
2022/10/24, 74, 37, 37, 12, 2, 2
2022/10/24, 29, 31, 33, 7, 2, 3
2022/10/24, 87, 35, 35, 9, 2, 3
2022/10/25, 65, 39, 29, 10, 3, 3
2022/10/25, 56, 47, 29, 11, 3, 3
2022/10/25, 44, 35, 33, 8, 2, 3
2022/10/25, 71, 38, 29, 9, 2, 3
2022/10/25, 67, 46, 26, 13, 4, 3
2022/10/26, 87, 27, 18, 14, 4, 3
2022/10/26, 94, 22, 20, 11, 3, 2
2022/10/26, 61, 20, 20, 7, 2, 2
2022/10/26, 83, 23, 19, 12, 4, 4
2022/10/26, 86, 19, 20, 12, 4, 2
2022/10/27, 67, 39, 19, 20, 8, 4
2022/10/27, 57, 51, 15, 21, 4, 6
2022/10/27, 38, 21, 19, 8, 2, 2
2022/10/27, 55, 47, 17, 20, 7, 4
2022/10/27, 55, 34, 21, 18, 5, 3
2022/10/28, 83, 57, 17, 26, 8, 7
2022/10/28, 45, 24, 28, 5, 3, 4
2022/10/28, 97, 62, 18, 21, 3, 6
2022/10/28, 78, 53, 21, 23, 4, 4
2022/10/28, 87, 71, 17, 24, 5, 6
2022/10/29, 113, 49, 18, 26, 8, 6
2022/10/29, 115, 64, 17, 26, 6, 5
2022/10/29, 115, 50, 21, 21, 3, 5
2022/10/29, 127, 55, 20, 24, 4, 6
2022/10/29, 51, 40, 25, 9, 3, 5
2022/10/30, 109, 52, 23, 11, 5, 5
2022/10/30, 90, 58, 21, 15, 10, 8
2022/10/30, 66, 50, 23, 8, 3, 5
2022/10/30, 99, 56, 21, 12, 4, 5
2022/10/30, 111, 50, 21, 10, 2, 5
2022/10/31, 98, 33, 18, 12, 6, 1
2022/10/31, 98, 22, 21, 10, 2, 3
2022/10/31, 96, 25, 21, 10, 4, 4
2022/10/31, 73, 20, 21, 6, 2, 1
2022/10/31, 98, 24, 22, 9, 5, 2
2022/11/1, 46, 33, 20, 16, 3, 5
2022/11/1, 60, 28, 21, 14, 5, 2
2022/11/1, 21, 21, 21, 7, 3, 2
2022/11/1, 36, 33, 22, 16, 6, 2
2022/11/1, 31, 34, 21, 16, 6, 3
2022/11/2, 51, 29, 18, 11, 6, 3
2022/11/2, 58, 37, 16, 12, 7, 2
2022/11/2, 27, 34, 16, 11, 3, 2
2022/11/2, 50, 36, 17, 11, 2, 3
2022/11/2, 49, 34, 15, 13, 6, 1
2022/11/3, 58, 41, 18, 15, 10, 2
2022/11/3, 46, 36, 19, 13, 7, 4
2022/11/3, 35, 36, 20, 10, 3, 3
2022/11/3, 58, 38, 19, 13, 2, 3
2022/11/3, 38, 38, 17, 14, 8, 2
2022/11/4, 57, 40, 23, 15, 7, 6
2022/11/4, 41, 30, 22, 10, 3, 4
2022/11/4, 68, 40, 24, 15, 5, 4
2022/11/4, 68, 38, 21, 15, 6, 3
2022/11/4, 69, 41, 21, 14, 3, 4
2022/11/5, 43, 41, 26, 10, 3, 5
2022/11/5, 73, 60, 22, 22, 5, 8
2022/11/5, 78, 59, 18, 23, 7, 6
2022/11/5, 84, 55, 21, 22, 5, 6
2022/11/5, 76, 54, 21, 17, 3, 7
2022/11/6, 106, 60, 23, 21, 7, 9
2022/11/6, 66, 45, 21, 13, 2, 6
2022/11/6, 107, 60, 21, 23, 9, 6
2022/11/6, 109, 62, 22, 19, 3, 8
2022/11/6, 113, 65, 23, 24, 6, 7
2022/11/7, 73, 32, 24, 6, 3, 2
2022/11/7, 112, 44, 25, 17, 8, 4
2022/11/7, 104, 49, 26, 14, 8, 5
2022/11/7, 121, 43, 24, 15, 4, 5
2022/11/7, 106, 48, 24, 15, 7, 4
2022/11/8, 70, 59, 33, 19, 7, 7
2022/11/8, 45, 50, 33, 11, 3, 5
2022/11/8, 64, 59, 32, 18, 6, 7
2022/11/8, 75, 65, 32, 18, 4, 8
2022/11/8, 66, 63, 33, 22, 7, 8
2022/11/9, 130, 90, 29, 28, 6, 9
2022/11/9, 130, 98, 25, 27, 7, 8
2022/11/9, 145, 89, 22, 27, 3, 8
2022/11/9, 110, 65, 33, 11, 3, 4
2022/11/9, 134, 87, 26, 27, 8, 8
2022/11/10, 170, 57, 25, 15, 4, 8
2022/11/10, 147, 52, 28, 9, 3, 5
2022/11/10, 171, 66, 28, 18, 4, 8
2022/11/10, 168, 64, 27, 16, 5, 7
2022/11/10, 170, 49, 26, 13, 2, 6
2022/11/11, 128, 65, 19, 11, 5, 6
2022/11/11, 140, 60, 19, 8, 3, 3
2022/11/11, 131, 61, 16, 10, 3, 4
2022/11/11, 122, 59, 17, 6, 2, 3
2022/11/11, 137, 59, 18, 9, 2, 4
2022/11/12, 154, 49, 17, 21, 9, 6
2022/11/12, 150, 41, 19, 18, 5, 4
2022/11/12, 149, 37, 15, 17, 4, 4
2022/11/12, 140, 45, 19, 10, 4, 3
2022/11/12, 155, 46, 20, 19, 4, 5
2022/11/13, 119, 56, 24, 22, 6, 9
2022/11/13, 117, 50, 28, 11, 3, 7
2022/11/13, 112, 44, 22, 22, 6, 7
2022/11/13, 139, 41, 24, 18, 4, 7
2022/11/13, 117, 44, 25, 22, 7, 7
2022/11/14, 143, 47, 21, 22, 3, 8
2022/11/14, 143, 47, 19, 27, 5, 10
2022/11/14, 138, 50, 26, 10, 3, 6
2022/11/14, 146, 56, 17, 27, 5, 9
2022/11/14, 147, 47, 17, 28, 4, 10
2022/11/15, 150, 43, 19, 20, 4, 7
2022/11/15, 135, 37, 22, 9, 3, 4
2022/11/15, 141, 45, 20, 23, 5, 8
2022/11/15, 137, 42, 16, 24, 9, 6
2022/11/15, 138, 43, 20, 23, 7, 7
2022/11/16, 96, 36, 23, 9, 4, 5
2022/11/16, 111, 40, 17, 22, 5, 8
2022/11/16, 110, 48, 18, 22, 5, 6
2022/11/16, 117, 45, 18, 15, 4, 8
2022/11/16, 109, 48, 17, 21, 5, 10
2022/11/17, 128, 37, 12, 21, 6, 3
2022/11/17, 108, 27, 19, 8, 2, 3
2022/11/17, 126, 37, 11, 17, 3, 5
2022/11/17, 123, 38, 8, 23, 9, 6
2022/11/17, 125, 40, 12, 20, 5, 6
2022/11/18, 86, 32, 26, 14, 5, 1
2022/11/18, 103, 31, 25, 9, 3, 2
2022/11/18, 83, 32, 26, 12, 4, 4
2022/11/18, 87, 31, 26, 11, 5, 5
2022/11/18, 70, 25, 27, 5, 2, 3
2022/11/19, 78, 24, 16, 9, 6, 2
2022/11/19, 81, 25, 15, 8, 2, 1
2022/11/19, 74, 20, 16, 9, 5, 1
2022/11/19, 74, 20, 14, 9, 4, 2
2022/11/19, 65, 20, 16, 5, 2, 1
2022/11/20, 48, 31, 13, 10, 2, 2
2022/11/20, 41, 35, 11, 12, 7, 3
2022/11/20, 32, 30, 12, 14, 7, 1
2022/11/20, 33, 31, 9, 14, 6, 4
2022/11/20, 33, 26, 14, 9, 3, 3
2022/11/21, 66, 35, 14, 15, 4, 2
2022/11/21, 79, 33, 14, 13, 3, 2
2022/11/21, 68, 33, 13, 17, 5, 4
2022/11/21, 76, 34, 15, 14, 5, 3
2022/11/21, 64, 21, 18, 4, 3, 2
2022/11/22, 65, 49, 9, 21, 8, 7
2022/11/22, 71, 50, 8, 19, 6, 6
2022/11/22, 63, 53, 10, 22, 8, 6
2022/11/22, 68, 49, 10, 18, 8, 6
2022/11/22, 52, 43, 11, 12, 4, 6
2022/11/23, 115, 58, 14, 15, 4, 7
2022/11/23, 104, 62, 16, 16, 6, 8
2022/11/23, 108, 61, 13, 16, 7, 8
2022/11/23, 104, 65, 16, 16, 6, 7
2022/11/23, 92, 50, 21, 7, 4, 6
2022/11/24, 155, 60, 23, 7, 3, 5
2022/11/24, 155, 69, 21, 12, 5, 5
2022/11/24, 129, 58, 25, 4, 2, 4
2022/11/24, 153, 63, 24, 10, 5, 3
2022/11/24, 156, 66, 25, 9, 4, 4
2022/11/25, 100, 52, 22, 6, 4, 2
2022/11/25, 88, 35, 20, 5, 2, 3
2022/11/25, 102, 36, 19, 8, 5, 2
2022/11/25, 96, 36, 22, 7, 5, 1
2022/11/25, 72, 31, 21, 2, 2, 2
2022/11/26, 29, 23, 17, 3, 2, 4
2022/11/26, 43, 29, 15, 10, 4, 2
2022/11/26, 40, 25, 15, 12, 4, 6
2022/11/26, 43, 25, 16, 6, 2, 5
2022/11/26, 33, 29, 15, 13, 5, 3
2022/11/27, 68, 47, 15, 12, 6, 4
2022/11/27, 72, 45, 14, 13, 6, 7
2022/11/27, 67, 44, 15, 12, 5, 7
2022/11/27, 65, 47, 13, 13, 5, 5
2022/11/27, 56, 43, 12, 8, 3, 5
2022/11/28, 101, 40, 18, 2, 3, 2
2022/11/28, 122, 42, 18, 2, 3, 4
2022/11/28, 119, 43, 19, 3, 5, 1
2022/11/28, 111, 44, 19, 4, 6, 2
2022/11/28, 115, 43, 17, 5, 5, 3
2022/11/29, 52, 27, 18, 4, 6, 1
2022/11/29, 44, 25, 20, 4, 6, 2
2022/11/29, 50, 26, 20, 3, 6, 1
2022/11/29, 37, 22, 20, 1, 3, 
2022/11/29, 31, 25, 19, 2, 4, 3
2022/11/30, 40, 18, 19, 6, 7, 1
2022/11/30, 43, 21, 20, 6, 8, 1
2022/11/30, 24, 15, 20, 2, 4, 2
2022/11/30, 32, 18, 19, 4, 4, 1
2022/11/30, 39, 16, 21, 5, 8, 2
2022/12/1, 51, 34, 21, 11, 4, 3
2022/12/1, 28, 26, 23, 3, 3, 4
2022/12/1, 43, 37, 20, 13, 10, 3
2022/12/1, 39, 34, 21, 14, 8, 2
2022/12/1, 29, 34, 22, 11, 8, 4
2022/12/2, 52, 25, 21, 4, 4, 4
2022/12/2, 57, 26, 20, 8, 7, 1
2022/12/2, 59, 24, 22, 7, 8, 3
2022/12/2, 62, 29, 22, 7, 8, 2
2022/12/2, 68, 27, 20, 6, 3, 1
2022/12/3, 44, 22, 20, 4, 4, 4
2022/12/3, 48, 20, 21, 9, 9, 4
2022/12/3, 60, 20, 20, 9, 9, 2
2022/12/3, 58, 26, 21, 10, 8, 2
2022/12/3, 62, 23, 20, 8, 5, 1
2022/12/4, 50, 29, 21, 13, 8, 3
2022/12/4, 59, 33, 22, 12, 4, 2
2022/12/4, 41, 27, 23, 5, 4, 5
2022/12/4, 57, 39, 21, 15, 9, 2
2022/12/4, 45, 30, 22, 13, 10, 4
2022/12/5, 81, 32, 22, 10, 3, 1
2022/12/5, 73, 39, 22, 12, 7, 2
2022/12/5, 65, 33, 21, 12, 7, 2
2022/12/5, 62, 31, 23, 11, 8, 3
2022/12/5, 57, 30, 23, 4, 3, 3
2022/12/6, 61, 41, 20, 7, 3, 1
2022/12/6, 50, 38, 20, 11, 9, 3
2022/12/6, 57, 40, 19, 10, 7, 2
2022/12/6, 57, 45, 21, 12, 8, 2
2022/12/6, 45, 40, 21, 6, 3, 2
2022/12/7, 37, 25, 22, 6, 3, 3
2022/12/7, 51, 32, 20, 14, 4, 2
2022/12/7, 57, 37, 20, 17, 7, 3
2022/12/7, 50, 32, 19, 15, 9, 3
2022/12/7, 47, 30, 20, 15, 10, 3
2022/12/8, 74, 44, 20, 17, 3, 4
2022/12/8, 57, 36, 23, 11, 4, 4
2022/12/8, 75, 45, 19, 19, 10, 3
2022/12/8, 61, 34, 21, 17, 10, 3
2022/12/8, 67, 35, 20, 15, 9, 3
2022/12/9, 68, 30, 20, 15, 11, 3
2022/12/9, 91, 36, 21, 15, 8, 2
2022/12/9, 74, 32, 19, 15, 11, 3
2022/12/9, 74, 36, 21, 10, 3, 4
2022/12/9, 95, 39, 19, 14, 3, 4
2022/12/10, 63, 41, 17, 18, 11, 3
2022/12/10, 74, 47, 17, 18, 8, 3
2022/12/10, 69, 38, 24, 8, 4, 4
2022/12/10, 86, 44, 17, 16, 3, 4
2022/12/10, 67, 43, 21, 17, 10, 4
2022/12/11, 79, 214, 24, 9, 7, 2
2022/12/11, 95, 214, 23, 6, 3, 4
2022/12/11, 82, 223, 22, 8, 5, 3
2022/12/11, 77, 214, 27, 2, 3, 4
2022/12/11, 89, 238, 24, 11, 8, 3
2022/12/12, 79, 63, 24, 2, 3, 1
2022/12/12, 98, 66, 21, 4, 7, 1
2022/12/12, 97, 56, 21, 4, 7, 1
2022/12/12, 98, 65, 19, 5, 6, 1
2022/12/12, 97, 59, 21, 3, 2, 3
2022/12/13, 61, 36, 20, 9, 8, 2
2022/12/13, 66, 40, 20, 9, 8, 2
2022/12/13, 57, 41, 21, 8, 3, 4
2022/12/13, 62, 44, 22, 9, 7, 2
2022/12/13, 62, 38, 21, 3, 1, 1
2022/12/14, 64, 31, 20, 12, 10, 3
2022/12/14, 82, 38, 20, 12, 3, 3
2022/12/14, 72, 37, 20, 12, 10, 2
2022/12/14, 62, 35, 18, 9, 3, 2
2022/12/14, 65, 33, 19, 10, 8, 3
2022/12/15, 67, 24, 20, 11, 10, 4
2022/12/15, 73, 30, 20, 11, 9, 2
2022/12/15, 63, 29, 19, 6, 2, 2
2022/12/15, 85, 29, 21, 8, 3, 2
2022/12/15, 71, 29, 18, 10, 8, 3
2022/12/16, 60, 30, 18, 10, 10, 3
2022/12/16, 50, 24, 20, 8, 10, 4
2022/12/16, 60, 28, 21, 6, 3, 3
2022/12/16, 58, 30, 19, 7, 8, 1
2022/12/16, 46, 24, 19, 4, 2, 1
2022/12/17, 56, 38, 21, 11, 11, 3
2022/12/17, 48, 33, 21, 13, 16, 6
2022/12/17, 53, 37, 19, 13, 14, 4
2022/12/17, 34, 33, 21, 8, 2, 3
2022/12/17, 60, 37, 22, 9, 3, 3
2022/12/18, 75, 43, 19, 13, 8, 3
2022/12/18, 69, 39, 19, 14, 10, 6
2022/12/18, 51, 34, 20, 5, 2, 4
2022/12/18, 76, 41, 18, 14, 9, 5
2022/12/18, 86, 41, 21, 13, 3, 4
2022/12/19, 80, 46, 20, 18, 11, 7
2022/12/19, 62, 37, 23, 4, 3, 5
2022/12/19, 79, 46, 22, 17, 11, 5
2022/12/19, 92, 46, 21, 12, 4, 5
2022/12/19, 87, 46, 19, 15, 9, 5
2022/12/20, 99, 40, 19, 12, 5, 5
2022/12/20, 71, 36, 18, 7, 4, 5
2022/12/20, 102, 49, 19, 12, 7, 5
2022/12/20, 108, 49, 18, 9, 4, 6
2022/12/20, 103, 45, 18, 14, 8, 5
2022/12/21, 104, 27, 20, 13, 10, 4
2022/12/21, 117, 37, 21, 9, 8, 4
2022/12/21, 110, 26, 21, 9, 4, 3
2022/12/21, 117, 28, 21, 9, 4, 4
2022/12/21, 83, 27, 19, 9, 5, 2
2022/12/22, 68, 26, 17, 13, 11, 5
2022/12/22, 73, 27, 19, 10, 8, 3
2022/12/22, 57, 26, 17, 12, 8, 3
2022/12/22, 75, 34, 19, 7, 4, 2
2022/12/22, 96, 29, 20, 8, 7, 2
2022/12/23, 69, 38, 17, 18, 13, 5
2022/12/23, 67, 42, 20, 18, 3, 4
2022/12/23, 54, 45, 16, 16, 3, 6
2022/12/23, 63, 35, 18, 22, 15, 6
2022/12/23, 69, 43, 19, 16, 10, 4
2022/12/24, 110, 64, 16, 22, 4, 8
2022/12/24, 114, 63, 20, 21, 9, 6
2022/12/24, 130, 67, 23, 21, 4, 7
2022/12/24, 107, 54, 18, 22, 16, 7
2022/12/24, 103, 43, 19, 24, 16, 7
2022/12/25, 150, 58, 22, 11, 3, 6
2022/12/25, 145, 70, 12, 29, 11, 10
2022/12/25, 171, 73, 16, 24, 4, 11
2022/12/25, 157, 75, 13, 31, 8, 9
2022/12/25, 134, 77, 11, 33, 12, 11
2022/12/26, 161, 63, 18, 23, 9, 8
2022/12/26, 136, 64, 26, 11, 4, 7
2022/12/26, 162, 68, 17, 21, 12, 7
2022/12/26, 203, 72, 20, 21, 4, 9
2022/12/26, 174, 66, 16, 28, 13, 9
2022/12/27, 162, 58, 11, 21, 12, 6
2022/12/27, 141, 64, 21, 12, 2, 6
2022/12/27, 185, 62, 15, 19, 4, 6
2022/12/27, 166, 59, 11, 20, 11, 6
2022/12/27, 155, 63, 12, 20, 9, 7
2022/12/28, 150, 45, 17, 19, 9, 7
2022/12/28, 142, 38, 20, 8, 3, 5
2022/12/28, 162, 51, 16, 21, 5, 6
2022/12/28, 146, 42, 15, 21, 14, 6
2022/12/28, 145, 42, 17, 20, 12, 6
2022/12/29, 104, 44, 18, 18, 13, 6
2022/12/29, 83, 41, 28, 6, 4, 5
2022/12/29, 99, 44, 19, 19, 11, 5
2022/12/29, 100, 46, 19, 20, 12, 6
2022/12/29, 133, 50, 18, 20, 5, 7
2022/12/30, 101, 50, 19, 19, 13, 6
2022/12/30, 134, 44, 21, 16, 6, 6
2022/12/30, 106, 49, 16, 20, 12, 6
2022/12/30, 87, 48, 22, 11, 4, 7
2022/12/30, 106, 48, 18, 20, 12, 5
2022/12/31, 116, 36, 20, 11, 9, 1
2022/12/31, 122, 42, 20, 11, 10, 3
2022/12/31, 98, 40, 21, 10, 2, 4
2022/12/31, 123, 40, 17, 13, 10, 2
2022/12/31, 119, 42, 22, 9, 2, 3
2023/1/1, 69, 45, 16, 18, 13, 4
2023/1/1, 65, 42, 18, 16, 10, 2
2023/1/1, 67, 50, 20, 15, 9, 4
2023/1/1, 73, 39, 21, 14, 3, 4
2023/1/1, 70, 39, 21, 8, 2, 5
2023/1/2, 79, 49, 16, 23, 11, 6
2023/1/2, 81, 49, 15, 23, 14, 5
2023/1/2, 66, 43, 19, 11, 3, 5
2023/1/2, 93, 56, 17, 23, 12, 5
2023/1/2, 90, 52, 21, 20, 3, 8
2023/1/3, 107, 60, 14, 25, 9, 9
2023/1/3, 104, 63, 13, 28, 12, 9
2023/1/3, 117, 61, 15, 25, 7, 9
2023/1/3, 84, 49, 27, 8, 2, 5
2023/1/3, 133, 62, 15, 22, 4, 10
2023/1/4, 143, 65, 14, 30, 13, 11
2023/1/4, 142, 64, 15, 28, 10, 11
2023/1/4, 140, 65, 15, 29, 10, 11
2023/1/4, 149, 63, 18, 26, 6, 14
2023/1/4, 99, 57, 24, 10, 5, 8
2023/1/5, 158, 113, 9, 30, 7, 13
2023/1/5, 158, 107, 10, 31, 9, 14
2023/1/5, 188, 115, 15, 25, 6, 16
2023/1/5, 119, 82, 21, 15, 3, 12
2023/1/5, 160, 104, 11, 32, 7, 14
2023/1/6, 204, 84, 17, 31, 12, 9
2023/1/6, 208, 85, 23, 29, 6, 13
2023/1/6, 207, 82, 18, 30, 11, 7
2023/1/6, 209, 82, 17, 30, 12, 10
2023/1/6, 156, 89, 27, 18, 4, 9
2023/1/7, 183, 78, 18, 24, 10, 6
2023/1/7, 189, 81, 18, 23, 8, 8
2023/1/7, 160, 75, 24, 11, 4, 7
2023/1/7, 192, 81, 19, 19, 8, 7
2023/1/7, 223, 81, 23, 17, 4, 9
2023/1/8, 147, 47, 20, 21, 10, 2
2023/1/8, 147, 47, 19, 20, 9, 4
2023/1/8, 146, 55, 21, 20, 3, 7
2023/1/8, 123, 46, 22, 12, 3, 4
2023/1/8, 147, 49, 19, 20, 9, 4
2023/1/9, 94, 47, 23, 16, 7, 2
2023/1/9, 109, 45, 27, 17, 4, 6
2023/1/9, 95, 50, 24, 17, 6, 5
2023/1/9, 74, 36, 30, 5, 2, 4
2023/1/9, 95, 50, 22, 17, 7, 5
2023/1/10, 96, 47, 28, 16, 5, 6
2023/1/10, 90, 51, 24, 16, 8, 5
2023/1/10, 90, 53, 23, 18, 11, 6
2023/1/10, 68, 45, 31, 7, 3, 6
2023/1/10, 87, 53, 24, 16, 8, 6
2023/1/11, 104, 39, 23, 16, 7, 5
2023/1/11, 108, 39, 23, 17, 10, 4
2023/1/11, 74, 30, 30, 3, 2, 4
2023/1/11, 111, 49, 24, 11, 4, 4
2023/1/11, 107, 36, 23, 12, 5, 5
2023/1/12, 64, 31, 30, 3, 1, 3
2023/1/12, 116, 32, 25, 8, 5, 5
2023/1/12, 107, 38, 28, 8, 6, 4
2023/1/12, 102, 37, 26, 9, 4, 4
2023/1/12, 100, 39, 27, 9, 4, 4
2023/1/13, 98, 21, 24, 8, 7, 3
2023/1/13, 93, 15, 28, 3, 3, 1
2023/1/13, 94, 17, 26, 6, 7, 4
2023/1/13, 91, 15, 26, 4, 2, 2
2023/1/13, 60, 12, 29, 1, 1, 2
2023/1/14, 35, 30, 20, 14, 10, 4
2023/1/14, 38, 33, 23, 13, 4, 5
2023/1/14, 36, 33, 19, 15, 10, 4
2023/1/14, 18, 24, 25, 4, 2, 4
2023/1/14, 37, 33, 20, 13, 7, 3
2023/1/15, 76, 35, 20, 15, 10, 4
2023/1/15, 91, 30, 25, 9, 3, 3
2023/1/15, 52, 27, 27, 5, 1, 4
2023/1/15, 80, 36, 23, 15, 9, 3
2023/1/15, 73, 35, 22, 15, 9, 4
2023/1/16, 54, 37, 22, 5, 3, 4
2023/1/16, 73, 45, 19, 14, 11, 5
2023/1/16, 76, 44, 23, 10, 4, 5
2023/1/16, 75, 47, 21, 12, 7, 5
2023/1/16, 67, 44, 21, 13, 7, 5
2023/1/17, 92, 55, 24, 12, 7, 4
2023/1/17, 97, 51, 26, 9, 3, 4
2023/1/17, 93, 55, 22, 13, 7, 4
2023/1/17, 60, 44, 27, 3, 2, 3
2023/1/17, 86, 54, 24, 13, 7, 5
2023/1/18, 57, 63, 21, 6, 3, 4
2023/1/18, 81, 60, 21, 8, 4, 4
2023/1/18, 76, 59, 20, 11, 8, 4
2023/1/18, 76, 64, 19, 11, 8, 3
2023/1/18, 73, 59, 19, 11, 8, 3
2023/1/19, 95, 49, 20, 6, 6, 2
2023/1/19, 93, 44, 19, 7, 6, 3
2023/1/19, 97, 47, 22, 4, 2, 5
2023/1/19, 90, 42, 20, 7, 7, 4
2023/1/19, 77, 41, 21, 2, 2, 3
2023/1/20, 82, 48, 21, 7, 8, 3
2023/1/20, 78, 58, 23, 5, 6, 6
2023/1/20, 61, 47, 25, 3, 4, 5
2023/1/20, 73, 50, 22, 9, 11, 7
2023/1/20, 77, 47, 21, 9, 11, 4
2023/1/21, 114, 150, 16, 13, 21, 8
2023/1/21, 79, 93, 21, 5, 5, 7
2023/1/21, 99, 101, 21, 11, 15, 9
2023/1/21, 92, 93, 18, 10, 12, 7
2023/1/21, 91, 95, 17, 10, 12, 5
2023/1/22, 222, 28, 23, 6, 9, 5
2023/1/22, 195, 28, 22, 5, 6, 4
2023/1/22, 190, 30, 22, 7, 8, 2
2023/1/22, 178, 26, 21, 3, 6, 3
2023/1/22, 186, 29, 21, 6, 6, 3
2023/1/23, 62, 27, 26, 2, 2, 4
2023/1/23, 62, 29, 26, 2, 3, 4
2023/1/23, 85, 28, 25, 6, 9, 2
2023/1/23, 71, 25, 26, 6, 9, 6
2023/1/23, 83, 28, 22, 7, 9, 2
2023/1/24, 82, 40, 24, 5, 4, 6
2023/1/24, 66, 40, 19, 11, 11, 5
2023/1/24, 53, 36, 25, 3, 3, 4
2023/1/24, 66, 44, 18, 11, 12, 4
2023/1/24, 54, 41, 21, 12, 12, 5
2023/1/25, 75, 64, 20, 17, 13, 6
2023/1/25, 81, 66, 23, 14, 12, 7
2023/1/25, 64, 57, 23, 7, 7, 6
2023/1/25, 112, 96, 24, 12, 7, 8
2023/1/25, 79, 62, 24, 12, 9, 8
2023/1/26, 142, 62, 23, 11, 8, 5
2023/1/26, 107, 41, 24, 6, 6, 5
2023/1/26, 139, 59, 22, 16, 15, 6
2023/1/26, 132, 56, 24, 14, 11, 6
2023/1/26, 175, 48, 25, 9, 4, 8
2023/1/27, 85, 26, 23, 4, 3, 4
2023/1/27, 141, 34, 22, 8, 6, 2
2023/1/27, 162, 36, 24, 7, 4, 5
2023/1/27, 131, 35, 23, 11, 10, 4
2023/1/27, 138, 35, 21, 12, 11, 4
2023/1/28, 80, 51, 19, 11, 7, 4
2023/1/28, 95, 44, 21, 9, 4, 6
2023/1/28, 80, 47, 19, 14, 10, 5
2023/1/28, 75, 49, 19, 14, 10, 4
2023/1/28, 53, 46, 20, 7, 4, 5
2023/1/29, 119, 55, 20, 17, 5, 5
2023/1/29, 128, 56, 22, 14, 3, 8
2023/1/29, 111, 53, 18, 19, 9, 7
2023/1/29, 112, 55, 21, 19, 7, 5
2023/1/29, 93, 42, 25, 6, 2, 5
2023/1/30, 146, 36, 22, 11, 5, 5
2023/1/30, 129, 45, 20, 18, 11, 5
2023/1/30, 127, 45, 23, 16, 7, 4
2023/1/30, 93, 35, 27, 4, 2, 4
2023/1/30, 130, 41, 22, 15, 9, 4
2023/1/31, 78, 57, 26, 10, 4, 5
2023/1/31, 106, 75, 27, 18, 5, 8
2023/1/31, 105, 61, 27, 17, 7, 5
2023/1/31, 98, 62, 27, 19, 9, 6
2023/1/31, 105, 60, 26, 19, 8, 5
2023/2/1, 148, 39, 24, 16, 9, 4
2023/2/1, 151, 44, 24, 16, 8, 4
2023/2/1, 153, 36, 21, 15, 8, 4
2023/2/1, 177, 35, 26, 13, 3, 6
2023/2/1, 128, 39, 25, 8, 2, 4
2023/2/2, 89, 48, 27, 15, 8, 5
2023/2/2, 89, 49, 23, 17, 7, 5
2023/2/2, 103, 52, 25, 13, 6, 4
2023/2/2, 84, 43, 29, 6, 3, 5
2023/2/2, 106, 48, 27, 16, 4, 6
2023/2/3, 111, 50, 26, 16, 7, 7
2023/2/3, 113, 55, 24, 16, 7, 7
2023/2/3, 133, 41, 26, 12, 3, 6
2023/2/3, 123, 46, 24, 16, 7, 5
2023/2/3, 83, 40, 27, 7, 2, 5
2023/2/4, 126, 66, 27, 15, 10, 8
2023/2/4, 111, 70, 26, 15, 10, 6
2023/2/4, 114, 75, 30, 16, 10, 7
2023/2/4, 89, 63, 27, 8, 5, 5
2023/2/4, 113, 70, 28, 15, 9, 7
2023/2/5, 114, 72, 25, 8, 5, 4
2023/2/5, 151, 73, 23, 20, 10, 6
2023/2/5, 154, 68, 26, 18, 4, 7
2023/2/5, 148, 74, 24, 21, 8, 6
2023/2/5, 141, 66, 19, 23, 12, 8
2023/2/6, 164, 55, 19, 22, 11, 6
2023/2/6, 167, 59, 22, 22, 9, 6
2023/2/6, 182, 56, 22, 21, 8, 5
2023/2/6, 150, 48, 23, 8, 2, 4
2023/2/6, 222, 58, 24, 16, 3, 8
2023/2/7, 125, 39, 25, 15, 7, 3
2023/2/7, 98, 34, 26, 8, 2, 4
2023/2/7, 146, 39, 27, 12, 3, 5
2023/2/7, 125, 36, 23, 14, 6, 1
2023/2/7, 135, 40, 26, 14, 8, 4
2023/2/8, 61, 39, 32, 4, 2, 4
2023/2/8, 92, 52, 30, 12, 3, 6
2023/2/8, 85, 51, 28, 15, 6, 6
2023/2/8, 78, 52, 29, 17, 5, 6
2023/2/8, 78, 50, 26, 17, 8, 3
2023/2/9, 116, 53, 24, 13, 3, 5
2023/2/9, 103, 50, 20, 16, 7, 4
2023/2/9, 69, 49, 25, 6, 2, 5
2023/2/9, 106, 52, 23, 18, 9, 6
2023/2/9, 105, 51, 25, 15, 7, 7
2023/2/10, 108, 62, 32, 7, 2, 7
2023/2/10, 142, 71, 31, 16, 6, 8
2023/2/10, 135, 82, 31, 14, 4, 6
2023/2/10, 149, 81, 32, 11, 3, 8
2023/2/10, 131, 72, 34, 15, 6, 9
2023/2/11, 172, 63, 28, 18, 4, 6
2023/2/11, 168, 64, 28, 20, 8, 6
2023/2/11, 167, 63, 27, 19, 5, 4
2023/2/11, 166, 62, 29, 16, 6, 6
2023/2/11, 131, 63, 29, 13, 6, 6
2023/2/12, 164, 53, 29, 21, 3, 7
2023/2/12, 172, 49, 27, 13, 3, 5
2023/2/12, 161, 55, 29, 24, 6, 6
2023/2/12, 160, 47, 26, 21, 10, 3
2023/2/12, 160, 53, 28, 21, 8, 5
2023/2/13, 120, 31, 26, 12, 6, 2
2023/2/13, 128, 33, 26, 14, 7, 4
2023/2/13, 118, 36, 27, 15, 6, 2
2023/2/13, 120, 31, 28, 8, 2, 3
2023/2/13, 130, 34, 27, 16, 7, 4
2023/2/14, 83, 28, 22, 16, 7, 3
2023/2/14, 80, 32, 22, 17, 10, 3
2023/2/14, 82, 29, 28, 16, 3, 4
2023/2/14, 80, 38, 22, 17, 6, 4
2023/2/14, 63, 22, 28, 2, 2, 3
2023/2/15, 55, 51, 31, 6, 4, 6
2023/2/15, 81, 54, 25, 17, 9, 7
2023/2/15, 88, 55, 29, 14, 5, 7
2023/2/15, 82, 54, 27, 18, 9, 7
2023/2/15, 72, 57, 26, 18, 10, 7
2023/2/16, 94, 55, 30, 9, 2, 6
2023/2/16, 114, 51, 27, 16, 8, 5
2023/2/16, 123, 50, 29, 14, 5, 6
2023/2/16, 121, 53, 29, 17, 7, 5
2023/2/16, 111, 51, 23, 19, 9, 5
2023/2/17, 117, 56, 27, 17, 6, 4
2023/2/17, 144, 36, 29, 14, 5, 3
2023/2/17, 94, 33, 27, 8, 3, 4
2023/2/17, 127, 32, 30, 12, 8, 3
2023/2/17, 122, 31, 26, 13, 5, 2
2023/2/18, 118, 32, 26, 10, 6, 2
2023/2/18, 69, 33, 25, 11, 6, 2
2023/2/18, 78, 39, 27, 12, 6, 3
2023/2/18, 62, 31, 26, 6, 2, 3
2023/2/18, 82, 35, 27, 8, 3, 2
2023/2/19, 62, 34, 26, 10, 5, 2
2023/2/19, 66, 32, 28, 9, 5, 4
2023/2/19, 70, 37, 29, 9, 6, 3
2023/2/19, 51, 34, 28, 6, 2, 3
2023/2/19, 67, 37, 29, 7, 3, 3
2023/2/20, 69, 54, 27, 17, 6, 4
2023/2/20, 60, 48, 27, 18, 7, 4
2023/2/20, 54, 42, 28, 6, 2, 4
2023/2/20, 67, 51, 24, 19, 9, 4
2023/2/20, 62, 54, 27, 16, 3, 5
2023/2/21, 66, 56, 28, 6, 3, 7
2023/2/21, 94, 71, 26, 19, 7, 7
2023/2/21, 87, 67, 24, 17, 8, 8
2023/2/21, 77, 66, 26, 16, 9, 5
2023/2/21, 98, 64, 28, 13, 4, 7
2023/2/22, 77, 58, 32, 10, 2, 6
2023/2/22, 123, 74, 29, 18, 7, 5
2023/2/22, 120, 64, 32, 15, 4, 7
2023/2/22, 113, 75, 31, 19, 8, 7
2023/2/22, 104, 70, 28, 18, 6, 7
2023/2/23, 129, 34, 30, 13, 5, 3
2023/2/23, 90, 27, 30, 6, 2, 3
2023/2/23, 121, 33, 27, 14, 5, 4
2023/2/23, 129, 34, 28, 14, 6, 3
2023/2/23, 122, 37, 28, 15, 3, 5
2023/2/24, 85, 53, 29, 19, 3, 3
2023/2/24, 52, 44, 29, 9, 2, 4
2023/2/24, 72, 52, 27, 20, 9, 5
2023/2/24, 82, 56, 29, 20, 6, 5
2023/2/24, 73, 51, 25, 20, 10, 5
2023/2/25, 111, 59, 29, 19, 5, 5
2023/2/25, 94, 60, 28, 19, 8, 5
2023/2/25, 108, 63, 30, 16, 7, 5
2023/2/25, 96, 62, 27, 18, 11, 7
2023/2/25, 68, 52, 31, 5, 2, 5
2023/2/26, 105, 254, 45, 12, 6, 7
2023/2/26, 108, 264, 46, 12, 6, 6
2023/2/26, 80, 121, 47, 6, 3, 6
2023/2/26, 123, 276, 45, 10, 4, 6
2023/2/26, 109, 319, 46, 13, 7, 5
2023/2/27, 140, 63, 39, 12, 5, 5
2023/2/27, 112, 57, 41, 5, 3, 4
2023/2/27, 138, 62, 41, 13, 5, 4
2023/2/27, 144, 61, 40, 12, 5, 7
2023/2/27, 146, 69, 41, 12, 6, 5
2023/2/28, 119, 38, 30, 9, 4, 2
2023/2/28, 95, 36, 30, 4, 1, 2
2023/2/28, 117, 39, 29, 9, 2, 2
2023/2/28, 121, 41, 30, 7, 3, 4
2023/2/28, 119, 41, 32, 11, 5, 3
2023/3/1, 55, 59, 30, 16, 7, 5
2023/3/1, 35, 45, 30, 6, 1, 3
2023/3/1, 58, 64, 27, 16, 2, 4
2023/3/1, 62, 61, 29, 13, 4, 4
2023/3/1, 63, 62, 30, 15, 6, 4
2023/3/2, 69, 64, 32, 19, 7, 7
2023/3/2, 79, 57, 33, 8, 2, 3
2023/3/2, 89, 62, 33, 15, 5, 6
2023/3/2, 76, 62, 28, 20, 2, 5
2023/3/2, 81, 65, 34, 21, 8, 5
2023/3/3, 107, 38, 38, 3, 2, 3
2023/3/3, 107, 52, 33, 24, 8, 6
2023/3/3, 121, 50, 38, 22, 5, 5
2023/3/3, 107, 57, 36, 23, 5, 8
2023/3/3, 119, 51, 37, 19, 4, 5
2023/3/4, 93, 70, 74, 12, 6, 6
2023/3/4, 82, 42, 37, 4, 2, 4
2023/3/4, 108, 64, 78, 13, 7, 6
2023/3/4, 115, 67, 79, 13, 5, 5
2023/3/4, 96, 71, 82, 15, 6, 6
2023/3/5, 130, 72, 47, 17, 8, 7
2023/3/5, 145, 75, 44, 14, 6, 6
2023/3/5, 139, 75, 42, 20, 7, 7
2023/3/5, 132, 71, 42, 18, 8, 7
2023/3/5, 100, , , , , 
2023/3/6, 165, 119, 46, 16, 5, 7
2023/3/6, 168, 137, 53, 17, 5, 7
2023/3/6, 164, 131, 51, 16, 5, 8
2023/3/6, 173, 131, 52, 13, 4, 6
2023/3/7, 161, 36, 29, 14, 3, 3
2023/3/7, 158, 38, 30, 14, 4, 5
2023/3/7, 165, 39, 30, 16, 4, 4
2023/3/7, 161, 32, 33, 13, 4, 4
2023/3/8, 78, 60, 41, 22, 5, 6
2023/3/8, 87, 65, 40, 22, 5, 8
2023/3/8, 81, 63, 35, 25, 5, 7
2023/3/8, 89, 64, 41, 19, 4, 6
2023/3/9, 132, 151, 58, 11, 4, 6
2023/3/9, 123, 128, 51, 19, 5, 6
2023/3/9, 121, 127, 56, 18, 5, 8
2023/3/9, 122, 153, 56, 17, 4, 6
2023/3/10, 127, 83, 28, 8, 2, 2
2023/3/10, 136, 97, 34, 6, 4, 3
2023/3/10, , 59, 18, 5, 2, 2
2023/3/10, 141, 111, 34, 8, 4, 3
2023/3/10, 129, 88, 32, 8, 4, 3
2023/3/11, 75, 34, 31, 7, 5, 3
2023/3/11, 70, 31, 28, 8, 3, 3
2023/3/11, 90, 40, 31, 9, 4, 5
2023/3/11, 87, 31, 28, 5, 1, 1
2023/3/11, 60, 37, 24, 10, 4, 4
2023/3/12, 73, 50, 35, 18, 8, 4
2023/3/12, 46, 47, 31, 8, 2, 3
2023/3/12, 69, 52, 35, 17, 7, 5
2023/3/12, 58, 52, 33, 17, 5, 5
2023/3/12, 52, 45, 34, 18, 4, 5
2023/3/13, 102, 62, 26, 13, 4, 6
2023/3/13, 111, 66, 26, 18, 5, 6
2023/3/13, 100, 61, 24, 6, 1, 3
2023/3/13, 104, 64, 26, 18, 4, 5
2023/3/13, 107, 66, 21, 20, 4, 6
2023/3/14, 109, 62, 30, 2, 1, 1
2023/3/14, 122, 61, 30, 6, 4, 3
2023/3/14, 116, 58, 31, 3, 3, 3
2023/3/14, 121, 67, 30, 6, 4, 3
2023/3/14, 118, 60, 27, 8, 3, 2
2023/3/15, 48, 34, 34, 7, 5, 3
2023/3/15, 44, 33, 33, 5, 3, 3
2023/3/15, 40, 33, 33, 4, 1, 2
2023/3/15, 53, 39, 32, 9, 5, 3
2023/3/15, 56, 38, 30, 10, 3, 3
2023/3/16, 74, 42, 33, 14, 5, 4
2023/3/16, 79, 44, 37, 14, 5, 3
2023/3/16, 64, 38, 36, 5, 1, 2
2023/3/16, 70, 38, 37, 13, 5, 4
2023/3/16, 76, 37, 36, 9, 4, 3
2023/3/17, 89, 55, 37, 13, 4, 5
2023/3/17, 84, 54, 38, 16, 7, 6
2023/3/17, 90, 54, 33, 18, 7, 5
2023/3/17, 81, 52, 38, 9, 2, 4
2023/3/17, 94, 60, 39, 18, 6, 6
2023/3/18, 109, 71, 46, 10, 3, 5
2023/3/18, 128, 75, 42, 20, 10, 7
2023/3/18, 126, 77, 44, 16, 5, 6
2023/3/18, 121, 69, 45, 18, 8, 7
2023/3/18, 132, 77, 45, 18, 7, 7
2023/3/19, 152, 76, 56, 15, 6, 6
2023/3/19, 153, 70, 52, 8, 4, 5
2023/3/19, 143, 68, 60, 11, 6, 5
2023/3/19, 154, 72, 57, 12, 5, 7
2023/3/19, 142, 68, 59, 6, 2, 5
2023/3/20, 157, 82, 58, 6, 2, 5
2023/3/20, 161, 85, 54, 12, 5, 7
2023/3/20, 170, 75, 54, 9, 6, 7
2023/3/20, 165, 78, 56, 18, 8, 7
2023/3/20, 160, 71, 56, 11, 7, 5
2023/3/21, 161, 529, 43, 8, 4, 3
2023/3/21, 166, 561, 41, 12, 5, 4
2023/3/21, 165, 531, 43, 9, 3, 4
2023/3/21, 169, 500, 41, 5, 4, 4
2023/3/21, 155, 539, 42, 4, 1, 3
2023/3/22, 176, 124, 34, 6, 4, 4
2023/3/22, 180, 121, 30, 7, 3, 3
2023/3/22, 148, 132, 33, 3, 1, 1
2023/3/22, 162, 133, 34, 4, 2, 2
2023/3/22, 165, 140, 34, 6, 3, 2
2023/3/23, 105, 55, 32, 11, 4, 4
2023/3/23, 96, 54, 35, 9, 5, 4
2023/3/23, 72, 60, 33, 7, 2, 3
2023/3/23, 101, 55, 35, 10, 4, 3
2023/3/23, 92, 61, 35, 9, 3, 2
2023/3/24, 92, 51, 39, 14, 6, 5
2023/3/24, 100, 53, 38, 15, 4, 4
2023/3/24, 98, 52, 36, 16, 5, 4
2023/3/24, 125, 51, 38, 13, 3, 3
2023/3/24, 92, 46, 38, 6, 2, 3
2023/3/25, 107, 54, 37, 13, 3, 3
2023/3/25, 80, 50, 37, 8, 1, 3
2023/3/25, 103, 54, 35, 15, 5, 5
2023/3/25, 109, 53, 37, 15, 4, 4
2023/3/25, 99, 53, 38, 14, 7, 5
2023/3/26, 100, 54, 45, 7, 2, 4
2023/3/26, 112, 62, 44, 17, 5, 6
2023/3/26, 115, 61, 44, 18, 5, 5
2023/3/26, 108, 61, 46, 16, 6, 7
2023/3/26, 119, 62, 45, 14, 4, 4
2023/3/27, 108, 59, 45, 8, 2, 5
2023/3/27, 129, 66, 44, 20, 5, 6
2023/3/27, 127, 63, 45, 15, 7, 6
2023/3/27, 130, 70, 41, 19, 6, 6
2023/3/27, 132, 70, 44, 16, 5, 5
2023/3/28, 137, 86, 69, 16, 6, 7
2023/3/28, 137, 89, 67, 14, 5, 6
2023/3/28, 133, 87, 74, 15, 7, 6
2023/3/28, 136, 85, 68, 14, 6, 6
2023/3/28, 116, 111, 87, 11, 4, 8
2023/3/29, 181, 66, 48, 9, 3, 7
2023/3/29, 158, 75, 48, 18, 5, 7
2023/3/29, 164, 81, 47, 16, 6, 5
2023/3/29, 163, 81, 45, 17, 5, 7
2023/3/29, 155, 70, 44, 17, 4, 6
2023/3/30, 135, 87, 68, 22, 6, 7
2023/3/30, 154, 103, 81, 19, 6, 8
2023/3/30, 139, 87, 91, 20, 7, 4
2023/3/30, 137, 89, 86, 19, 6, 7
2023/3/30, 119, 74, 84, 9, 3, 6
2023/3/31, 152, 85, 90, 9, 4, 7
2023/3/31, 168, 91, 91, 15, 7, 6
2023/3/31, 188, 81, 86, 13, 5, 6
2023/3/31, 171, 86, 89, 16, 7, 6
2023/3/31, 171, 83, 84, 13, 6, 6
2023/4/1, 154, 76, 76, 19, 4, 6
2023/4/1, 160, 79, 76, 16, 6, 4
2023/4/1, 144, 72, 79, 14, 5, 5
2023/4/1, 153, 70, 75, 8, 3, 5
2023/4/1, 152, 68, 74, 13, 5, 6
2023/4/2, 140, 69, 66, 11, 4, 6
2023/4/2, 124, 71, 68, 8, 3, 5
2023/4/2, 126, 72, 64, 11, 5, 4
2023/4/2, 122, 69, 58, 12, 4, 5
2023/4/2, 131, 75, 62, 13, 5, 3
2023/4/3, 118, 80, 49, 25, 9, 8
2023/4/3, 123, 89, 31, 25, 8, 10
2023/4/3, 120, 80, 37, 14, 5, 6
2023/4/3, 124, 104, 44, 24, 9, 7
2023/4/3, 120, 84, 37, 23, 8, 9
2023/4/4, 224, 231, 90, 39, 14, 15
2023/4/4, 227, 252, 84, 34, 13, 15
2023/4/4, 225, 246, 93, 36, 13, 14
2023/4/4, 183, 208, 85, 32, 12, 15
2023/4/4, 212, 230, 90, 42, 15, 17
2023/4/5, 366, 117, 48, 24, 8, 14
2023/4/5, 391, 163, 47, 27, 8, 13
2023/4/5, 403, 105, 41, 31, 9, 14
2023/4/5, 407, 104, 50, 28, 8, 12
2023/4/5, 371, 155, 48, 29, 9, 12
2023/4/6, 358, 94, 34, 2, 1, 1
2023/4/6, 299, 91, 36, 4, 2, 1
2023/4/6, 313, 91, 37, 4, 2, 3
2023/4/6, 313, 92, 36, 3, 2, 1
2023/4/6, 316, 86, 30, 8, 2, 1
2023/4/7, 45, 39, 43, 6, 2, 2
2023/4/7, 57, 38, 33, 10, 2, 1
2023/4/7, 49, 35, 39, 6, 2, 2
2023/4/7, 30, 36, 42, 4, 1, 2
2023/4/7, 46, 36, 41, 5, 3, 3
2023/4/8, 72, 90, 61, 6, 4, 5
2023/4/8, 60, 95, 57, 9, 4, 4
2023/4/8, 62, 97, 60, 8, 4, 4
2023/4/8, 59, 98, 66, 7, 3, 3
2023/4/8, 52, 105, 59, 4, 2, 4
2023/4/9, 89, 105, 59, 6, 3, 2
2023/4/9, 102, 102, 50, 8, 3, 3
2023/4/9, 92, 100, 56, 3, 2, 3
2023/4/9, 110, 98, 52, 5, 4, 5
2023/4/9, 95, 103, 51, 7, 4, 4
2023/4/10, 136, 409, 29, 7, 2, 2
2023/4/10, 121, 427, 34, 4, 2, 1
2023/4/10, 111, 432, 32, 1, 1, 1
2023/4/10, 125, 429, 35, 3, 3, 3
2023/4/10, 130, 437, 31, 4, 2, 2
2023/4/11, 156, 95, 29, 11, 2, 2
2023/4/11, 126, 94, 35, 6, 3, 1
2023/4/11, 119, 104, 35, 2, 1, 1
2023/4/11, 146, 99, 38, 6, 2, 3
2023/4/11, 144, 99, 34, 6, 2, 3
2023/4/12, 73, 133, 48, 15, 3, 4
2023/4/12, 81, 137, 46, 15, 3, 5
2023/4/12, 98, 116, 50, 17, 3, 4
2023/4/12, 68, 143, 54, 5, 2, 4
2023/4/12, 80, 137, 46, 17, 3, 4
2023/4/13, 128, 57, 42, 16, 3, 4
2023/4/13, 136, 63, 42, 17, 3, 4
2023/4/13, 136, 60, 41, 20, 3, 2
2023/4/13, 133, 52, 46, 3, 2, 3
2023/4/13, 155, 57, 43, 13, 3, 3
2023/4/14, 124, 113, 48, 18, 4, 4
2023/4/14, 92, 89, 52, 4, 3, 4
2023/4/14, 108, 88, 48, 18, 5, 5
2023/4/14, 106, 89, 50, 16, 4, 5
2023/4/14, 113, 92, 51, 16, 5, 4
2023/4/15, 138, 87, 51, 18, 4, 6
2023/4/15, 129, 86, 50, 6, 2, 4
2023/4/15, 138, 90, 53, 17, 3, 5
2023/4/15, 136, 85, 47, 20, 3, 5
2023/4/15, 153, 103, 53, 21, 4, 5
2023/4/16, 163, 72, 45, 16, 2, 4
2023/4/16, 176, 69, 43, 13, 3, 4
2023/4/16, 165, 71, 43, 15, 3, 4
2023/4/16, 158, 71, 43, 15, 2, 5
2023/4/16, 148, 65, 45, 3, 1, 3
2023/4/17, 118, 85, 39, 11, 2, 4
2023/4/17, 115, 88, 41, 8, 3, 3
2023/4/17, 116, 78, 38, 10, 2, 3
2023/4/17, 118, 80, 40, 8, 2, 3
2023/4/17, 109, 81, 41, 2, 1, 2
2023/4/18, 76, 73, 55, 12, 3, 3
2023/4/18, 75, 69, 54, 10, 3, 4
2023/4/18, 81, 75, 51, 12, 3, 4
2023/4/18, 66, 64, 56, 2, 2, 4
2023/4/18, 73, 78, 52, 12, 3, 4
2023/4/19, 78, 265, 37, 3, 3, 3
2023/4/19, 68, 262, 37, 1, 1, 1
2023/4/19, 73, 226, 35, 4, 2, 3
2023/4/19, 76, 292, 33, 4, 2, 2
2023/4/19, 74, 249, 37, 4, 2, 1
2023/4/20, 110, 159, 35, 5, 3, 3
2023/4/20, 118, 175, 38, 4, 1, 3
2023/4/20, 109, 171, 38, 1, 1, 1
2023/4/20, 127, 162, 36, 3, 3, 2
2023/4/20, 111, 144, 38, 5, 2, 2
2023/4/21, 91, 54, 40, 19, 3, 3
2023/4/21, 93, 44, 38, 15, 3, 3
2023/4/21, 89, 44, 39, 15, 1, 4
2023/4/21, 82, 42, 37, 3, 1, 2
2023/4/21, 127, 44, 37, 18, 3, 4
2023/4/22, 76, 44, 38, 14, 2, 2
2023/4/22, 68, 46, 38, 16, 1, 3
2023/4/22, 56, 33, 39, 3, 1, 2
2023/4/22, 42, 37, 37, 11, 3, 3
2023/4/22, 71, 38, 37, 9, 3, 3
2023/4/23, 64, 48, 36, 17, 3, 4
2023/4/23, 75, 47, 44, 14, 1, 2
2023/4/23, 58, 47, 40, 14, 3, 3
2023/4/23, 45, 33, 43, 1, 1, 2
2023/4/23, 68, 46, 43, 15, 3, 4
2023/4/24, 66, 58, 38, 8, 4, 4
2023/4/24, 50, 44, 40, 3, 2, 4
2023/4/24, 90, 54, 40, 8, 3, 4
2023/4/24, 70, 44, 37, 9, 4, 4
2023/4/24, 84, 46, 39, 8, 2, 3
2023/4/25, 76, 20, 37, 7, 2, 3
2023/4/25, 68, 14, 40, 2, 1, 1
2023/4/25, 77, 24, 38, 7, 2, 2
2023/4/25, 67, 25, 35, 8, 2, 3
2023/4/25, 75, 19, 39, 7, 1, 2
2023/4/26, 51, 37, 47, 6, 1, 3
2023/4/26, 52, 40, 49, 8, 3, 3
2023/4/26, 48, 41, 45, 8, 3, 5
2023/4/26, 36, 33, 48, 3, 2, 3
2023/4/26, 60, 44, 46, 8, 2, 4
2023/4/27, 75, 26, 37, 8, 3, 4
2023/4/27, 78, 24, 40, 8, 2, 3
2023/4/27, 84, 28, 37, 8, 1, 4
2023/4/27, 64, 21, 38, 2, , 3
2023/4/27, 75, 23, 37, 8, 2, 3
2023/4/28, 55, 24, 37, 3, 2, 3
2023/4/28, 73, 29, 33, 11, 1, 3
2023/4/28, 55, 31, 34, 11, 2, 3
2023/4/28, 54, 27, 35, 8, 2, 3
2023/4/28, 60, 30, 35, 10, 1, 3
2023/4/29, 67, 19, 38, 5, 1, 2
2023/4/29, 62, 17, 33, 7, 1, 2
2023/4/29, 67, 17, 36, 7, 2, 3
2023/4/29, 52, 14, 37, 2, 1, 2
2023/4/29, 57, 21, 37, 7, 2, 2
2023/4/30, 36, 33, 44, 16, 2, 4
2023/4/30, 62, 24, 35, 5, 1, 2
2023/4/30, 30, 35, 40, 16, 1, 4
2023/4/30, 42, 35, 42, 16, 2, 3
2023/4/30, 38, 29, 44, 13, 1, 2
2023/5/1, 57, 41, 69, 4, 1, 1
2023/5/1, 57, 50, 65, 6, 1, 2
2023/5/1, 59, 49, 64, 5, 3, 3
2023/5/1, 54, 46, 70, 7, 3, 3
2023/5/1, 70, 38, 49, 2, 2, 2
2023/5/2, 57, 48, 80, 5, 2, 2
2023/5/2, 54, 50, 80, 6, 4, 3
2023/5/2, 58, 53, 74, 7, 4, 3
2023/5/2, 61, 56, 72, 7, 2, 3
2023/5/2, 51, 44, 75, 4, 2, 2
2023/5/3, 62, 45, 37, 9, 3, 3
2023/5/3, 64, 48, 35, 10, 3, 3
2023/5/3, 71, 46, 42, 11, 2, 2
2023/5/3, 61, 43, 40, 5, 2, 3
2023/5/3, 75, 50, 36, 10, 1, 4
2023/5/4, 95, 37, 36, 6, 2, 1
2023/5/4, 86, 39, 36, 10, 1, 2
2023/5/4, 79, 41, 39, 8, 3, 1
2023/5/4, 77, 30, 39, 4, 2, 1
2023/5/4, 102, 34, 36, 7, 1, 2
2023/5/5, 67, 26, 41, 10, 3, 2
2023/5/5, 34, 24, 44, 4, 2, 1
2023/5/5, 38, 23, 41, 10, 1, 3
2023/5/5, 46, 32, 44, 12, 3, 2
2023/5/5, 48, 29, 43, 15, 1, 3
2023/5/6, 43, 47, 40, 19, 1, 6
2023/5/6, 47, 51, 45, 18, 3, 5
2023/5/6, 48, 50, 41, 20, 3, 4
2023/5/6, 68, 32, 43, 8, 2, 2
2023/5/6, 47, 47, 43, 20, 1, 4
2023/5/7, 78, 52, 46, 14, 1, 3
2023/5/7, 77, 54, 41, 13, 1, 3
2023/5/7, 67, 50, 44, 8, 1, 2
2023/5/7, 77, 58, 45, 15, 3, 3
2023/5/7, 81, 57, 41, 13, 3, 3
2023/5/8, 55, 41, 38, 15, 1, 3
2023/5/8, 61, 37, 33, 13, 1, 3
2023/5/8, 59, 36, 37, 13, 3, 4
2023/5/8, 48, 32, 36, 7, 1, 2
2023/5/8, 58, 36, 34, 14, 3, 3
2023/5/9, 50, 25, 39, 8, 1, 2
2023/5/9, 56, 31, 42, 10, 3, 2
2023/5/9, 36, 22, 42, 3, 2, 1
2023/5/9, 60, 27, 39, 6, 3, 2
2023/5/9, 51, 32, 43, 11, 1, 3
2023/5/10, 49, 48, 46, 18, 1, 3
2023/5/10, 48, 54, 51, 20, 3, 4
2023/5/10, 49, 49, 51, 17, 1, 3
2023/5/10, 31, 28, 51, 5, 2, 2
2023/5/10, 47, 47, 47, 15, 3, 3
2023/5/11, 57, 39, 55, 5, 2, 3
2023/5/11, 83, 49, 55, 11, 3, 3
2023/5/11, 78, 43, 54, 7, 3, 3
2023/5/11, 79, 51, 54, 10, 2, 3
2023/5/11, 87, 53, 52, 8, 3, 2
2023/5/12, 89, 38, 51, 7, 1, 4
2023/5/12, 78, 31, 56, 5, 3, 4
2023/5/12, 80, 21, 52, 3, 2, 4
2023/5/12, 83, 31, 55, 7, 3, 3
2023/5/12, 97, 39, 50, 6, 3, 3
2023/5/13, 86, 36, 56, 6, 3, 3
2023/5/13, 66, 23, 57, 3, 1, 3
2023/5/13, 83, 33, 59, 6, 1, 3
2023/5/13, 73, 31, 64, 6, 3, 3
2023/5/13, 66, 28, 60, 4, 2, 3
2023/5/14, 53, 35, 57, 4, 2, 3
2023/5/14, 72, 47, 49, 9, 3, 3
2023/5/14, 61, 44, 46, 10, 1, 3
2023/5/14, 62, 43, 55, 8, 3, 3
2023/5/14, 58, 45, 57, 8, 3, 2
2023/5/15, 55, 48, 67, 7, 2, 3
2023/5/15, 55, 62, 58, 19, 3, 4
2023/5/15, 66, 62, 62, 18, 3, 5
2023/5/15, 63, 69, 67, 17, 3, 4
2023/5/15, 69, 63, 59, 17, 3, 4
2023/5/16, 88, 41, 22, 18, 3, 4
2023/5/16, 90, 43, 21, 19, 3, 4
2023/5/16, 91, 37, 23, 18, 2, 4
2023/5/16, 75, 24, 19, 5, 1, 2
2023/5/16, 92, 39, 21, 15, 2, 4
2023/5/17, 60, 16, 39, 2, 1, 1
2023/5/17, 77, 27, 35, 9, 2, 3
2023/5/17, 73, 27, 36, 10, 2, 2
2023/5/17, 75, 23, 40, 9, 2, 2
2023/5/17, 69, 30, 40, 10, 2, 3
2023/5/18, 30, 18, 47, 3, 1, 1
2023/5/18, 48, 36, 43, 12, 2, 3
2023/5/18, 39, 43, 45, 15, 3, 4
2023/5/18, 43, 41, 46, 11, 3, 2
2023/5/18, 36, 42, 43, 16, 3, 3
2023/5/19, 47, 475, 33, 3, 2, 1
2023/5/19, 47, 574, 32, 4, 2, 2
2023/5/19, 48, 483, 32, 6, 2, 1
2023/5/19, 34, 457, 35, 5, 2, 2
2023/5/19, 31, 391, 31, 2, 1, 1
2023/5/20, 193, 112, 34, 7, 2, 3
2023/5/20, 158, 99, 33, 3, 1, 
2023/5/20, 182, 97, 31, 7, 2, 2
2023/5/20, 176, 117, 34, 7, 2, 3
2023/5/20, 202, 111, 31, 6, 3, 3
2023/5/21, 83, 21, 38, 4, 1, 1
2023/5/21, 127, 39, 40, 11, 2, 3
2023/5/21, 85, 38, 36, 12, 2, 2
2023/5/21, 116, 38, 37, 10, 2, 3
2023/5/21, 101, 40, 40, 10, 2, 2
2023/5/22, 93, 38, 48, 14, 2, 3
2023/5/22, 39, 21, 54, 5, 1, 2
2023/5/22, 65, 39, 53, 15, 3, 3
2023/5/22, 63, 44, 54, 15, 3, 4
2023/5/22, 59, 46, 44, 17, 2, 2
2023/5/23, 44, 44, 80, 4, 2, 3
2023/5/23, 65, 59, 80, 9, 3, 4
2023/5/23, 70, 62, 73, 7, 2, 4
2023/5/23, 63, 52, 81, 5, 3, 4
2023/5/23, 75, 60, 76, 7, 3, 2
2023/5/24, 62, 70, 59, 5, 2, 2
2023/5/24, 69, 71, 67, 5, 3, 2
2023/5/24, 47, 48, 71, 2, 2, 2
2023/5/24, 59, 59, 63, 3, 3, 3
2023/5/24, 75, 70, 56, 4, 2, 3
2023/5/25, 77, 49, 56, 6, 2, 3
2023/5/25, 69, 49, 53, 8, 3, 3
2023/5/25, 71, 46, 64, 7, 3, 3
2023/5/25, 71, 43, 63, 5, 3, 2
2023/5/25, 55, 39, 66, 3, 2, 3
2023/5/26, 65, 39, 64, 7, 2, 4
2023/5/26, 51, 33, 65, 4, 2, 3
2023/5/26, 75, 44, 69, 9, 3, 4
2023/5/26, 68, 45, 61, 8, 3, 4
2023/5/26, 98, 51, 61, 10, 3, 4
2023/5/27, 71, 39, 48, 7, 2, 2
2023/5/27, 71, 38, 51, 8, 2, 2
2023/5/27, 74, 41, 52, 8, 3, 3
2023/5/27, 99, 40, 47, 8, 3, 3
2023/5/27, 65, 35, 49, 6, 2, 3
2023/5/28, 75, 18, 36, 5, 2, 1
2023/5/28, 72, 19, 37, 7, 2, 1
2023/5/28, 69, 16, 38, 4, 2, 1
2023/5/28, 64, 24, 39, 8, 3, 1
2023/5/28, 74, 18, 37, 7, 3, 2
2023/5/29, 13, 16, 43, 4, 2, 1
2023/5/29, 21, 30, 40, 11, 3, 1
2023/5/29, 26, 24, 40, 8, 2, 2
2023/5/29, 30, 32, 43, 12, 2, 1
2023/5/29, 25, 33, 43, 14, 3, 2
2023/5/30, 34, 39, 54, 13, 3, 2
2023/5/30, 24, 26, 61, 8, 2, 2
2023/5/30, 35, 37, 61, 12, 3, 2
2023/5/30, 38, 43, 61, 16, 3, 2
2023/5/30, 36, 42, 55, 15, 3, 2
2023/5/31, 54, 40, 48, 6, 2, 3
2023/5/31, 41, 44, 46, 10, 3, 3
2023/5/31, 57, 48, 50, 9, 3, 2
2023/5/31, 56, 42, 47, 8, 3, 3
2023/5/31, 50, 45, 45, 8, 2, 3
2023/6/1, 89, 26, 36, 10, 3, 1
2023/6/1, 55, 23, 34, 9, 2, 2
2023/6/1, 40, 23, 34, 7, 2, 2
2023/6/1, 62, 23, 37, 4, 2, 1
2023/6/1, 52, 35, 34, 10, 2, 1
2023/6/2, 50, 23, 33, 10, 2, 2
2023/6/2, 49, 21, 35, 9, 1, 2
2023/6/2, 51, 29, 36, 11, 3, 1
2023/6/2, 56, 31, 35, 11, 2, 1
2023/6/2, 34, 26, 33, 11, 2, 1
2023/6/3, 42, 29, 36, 13, 2, 1
2023/6/3, 37, 24, 34, 13, 2, 2
2023/6/3, 35, 16, 36, 6, 1, 1
2023/6/3, 16, 26, 33, 14, 3, 3
2023/6/3, 37, 29, 37, 13, 3, 2
2023/6/4, 43, 39, 51, 17, 3, 3
2023/6/4, 35, 30, 52, 16, 2, 1
2023/6/4, 38, 32, 47, 15, 2, 3
2023/6/4, 33, 20, 50, 10, 1, 2
2023/6/4, 33, 38, 46, 17, 3, 3
2023/6/5, 44, 29, 39, 13, 3, 2
2023/6/5, 45, 21, 41, 12, 2, 2
2023/6/5, 60, 26, 45, 13, 3, 1
2023/6/5, 45, 19, 43, 14, 2, 1
2023/6/5, 43, 14, 43, 8, , 1
2023/6/6, 34, 23, 51, 8, 2, 3
2023/6/6, 29, 45, 46, 10, 4, 3
2023/6/6, 44, 40, 43, 9, 3, 3
2023/6/6, 36, 32, 45, 9, 3, 2
2023/6/6, 35, 37, 50, 10, 4, 2
2023/6/7, 47, 23, 35, 10, 2, 1
2023/6/7, 51, 22, 38, 8, 3, 1
2023/6/7, 36, 31, 34, 8, 3, 1
2023/6/7, 42, 12, 37, 3, 1, 2
2023/6/7, 41, 24, 34, 7, 2, 2
2023/6/8, 41, 21, 26, 14, 2, 3
2023/6/8, 24, 16, 28, 8, 1, 2
2023/6/8, 24, 17, 26, 15, 2, 2
2023/6/8, 38, 27, 27, 15, 3, 2
2023/6/8, 25, 21, 29, 14, 3, 1
2023/6/9, 31, 24, 34, 16, 3, 1
2023/6/9, 30, 12, 33, 8, 1, 2
2023/6/9, 42, 23, 31, 16, 3, 3
2023/6/9, 26, 22, 35, 15, 2, 3
2023/6/9, 22, 21, 31, 13, 2, 3
2023/6/10, 44, 14, 23, 7, 2, 2
2023/6/10, 39, 25, 34, 16, 2, 3
2023/6/10, 48, 20, 29, 18, 3, 3
2023/6/10, 43, 22, 31, 18, 3, 1
2023/6/10, 41, 19, 27, 13, 2, 3
2023/6/11, 42, 17, 33, 8, 2, 4
2023/6/11, 43, 17, 45, 3, 1, 3
2023/6/11, 49, 19, 40, 7, , 2
2023/6/11, 46, 21, 32, 13, , 3
2023/6/11, 48, 22, 43, 11, , 2
2023/6/12, 37, 30, 58, 15, 2, 5
2023/6/12, 43, 20, 47, 5, 1, 3
2023/6/12, 37, 39, 60, 20, 3, 5
2023/6/12, 39, 31, 61, 16, 2, 3
2023/6/12, 43, 41, 65, 20, 3, 5
2023/6/13, 62, 36, 72, 18, 3, 5
2023/6/13, 53, 15, 75, 6, 1, 3
2023/6/13, 54, 24, 74, 18, 2, 2
2023/6/13, 64, 31, 78, 18, 3, 4
2023/6/13, 58, 26, 68, 15, 2, 4
2023/6/14, 40, 26, 108, 12, 1, 4
2023/6/14, 42, 38, 99, 19, 2, 3
2023/6/14, 46, 40, 96, 14, 2, 5
2023/6/14, 48, 48, 100, 17, 3, 5
2023/6/14, 45, 41, 106, 20, 3, 6
2023/6/15, 65, 49, 102, 13, 3, 6
2023/6/15, 66, 46, 105, 15, 3, 5
2023/6/15, 60, 37, 116, 9, 2, 5
2023/6/15, 62, 46, 113, 13, 4, 8
2023/6/15, 65, 54, 103, 15, 4, 6
2023/6/16, 69, 54, 91, 14, 3, 5
2023/6/16, 72, 50, 89, 12, 2, 5
2023/6/16, 69, 50, 96, 16, 4, 5
2023/6/16, 76, 47, 101, 15, 2, 4
2023/6/16, 71, 37, 102, 13, 2, 4
2023/6/17, 75, 39, 81, 17, 4, 3
2023/6/17, 80, 25, 101, 9, 2, 3
2023/6/17, 81, 37, 83, 14, 2, 4
2023/6/17, 79, 43, 81, 19, 4, 3
2023/6/17, 86, 50, 93, 15, 3, 3
2023/6/18, 48, 54, 105, 17, 3, 4
2023/6/18, 50, 31, 115, 10, 2, 3
2023/6/18, 53, 50, 112, 18, 3, 5
2023/6/18, 65, 41, 103, 16, 2, 3
2023/6/18, 55, 43, 101, 13, 2, 4
2023/6/19, 60, 19, 39, 8, 2, 3
2023/6/19, 61, 20, 44, 10, 2, 4
2023/6/19, 56, 20, 29, 6, 1, 2
2023/6/19, 62, 18, 41, 8, 2, 2
2023/6/19, 61, 23, 43, 10, 2, 3
2023/6/20, 50, 15, 27, 6, 1, 4
2023/6/20, 48, 19, 45, 8, 3, 4
2023/6/20, 51, 19, 41, 8, 2, 2
2023/6/20, 48, 20, 43, 8, 3, 4
2023/6/20, 51, 19, 41, 7, 2, 5
2023/6/21, 45, 28, 48, 12, 2, 4
2023/6/21, 41, 23, 48, 12, 2, 4
2023/6/21, 42, 23, 49, 11, 2, 4
2023/6/21, 46, 19, 46, 8, 2, 4
2023/6/21, 43, 11, 48, 4, 1, 3
2023/6/22, 43, 20, 64, 9, 2, 2
2023/6/22, 46, 24, 70, 13, 2, 3
2023/6/22, 41, 21, 65, 11, 2, 3
2023/6/22, 44, 19, 63, 13, 2, 2
2023/6/22, 31, 11, 65, 6, 1, 2
2023/6/23, 35, 36, 111, 13, 2, 4
2023/6/23, 24, 27, 110, 11, 2, 4
2023/6/23, 31, 43, 110, 12, 3, 5
2023/6/23, 35, 47, 117, 12, 3, 4
2023/6/23, 31, 42, 107, 11, 2, 3
2023/6/24, 54, 34, 90, 6, 2, 3
2023/6/24, 59, 37, 99, 7, 3, 3
2023/6/24, 57, 42, 85, 7, 2, 3
2023/6/24, 47, 23, 97, 5, 2, 4
2023/6/24, 51, 48, 90, 8, 3, 4
2023/6/25, 58, 37, 70, 9, 2, 3
2023/6/25, 55, 25, 77, 7, 1, 3
2023/6/25, 59, 35, 82, 10, 3, 3
2023/6/25, 58, 33, 68, 11, 2, 3
2023/6/25, 57, 39, 76, 10, 2, 4
2023/6/26, 56, 19, 36, 7, 2, 3
2023/6/26, 56, 12, 40, 6, 2, 2
2023/6/26, 58, 12, 37, 8, 2, 3
2023/6/26, 56, 11, 28, 3, 1, 3
2023/6/26, 59, 15, 34, 6, 2, 3
2023/6/27, 24, 36, 107, 8, 3, 5
2023/6/27, 34, 43, 99, 9, 3, 5
2023/6/27, 30, 40, 95, 8, 2, 5
2023/6/27, 24, 29, 96, 5, 2, 4
2023/6/27, 32, 36, 101, 8, 2, 5
2023/6/28, 66, 34, 61, 8, 2, 3
2023/6/28, 57, 27, 57, 5, 1, 4
2023/6/28, 61, 28, 63, 7, 2, 4
2023/6/28, 67, 29, 57, 6, 2, 3
2023/6/28, 69, 28, 58, 7, 2, 4
2023/6/29, 61, 30, 56, 16, 2, 3
2023/6/29, 66, 23, 52, 14, 2, 2
2023/6/29, 60, 14, 51, 5, 1, 1
2023/6/29, 60, 24, 55, 12, 2, 3
2023/6/29, 56, 30, 55, 15, 2, 3
2023/6/30, 40, 23, 51, 7, 2, 3
2023/6/30, 45, 21, 54, 8, 2, 3
2023/6/30, 47, 36, 52, 9, 2, 2
2023/6/30, 40, 22, 53, 9, 2, 2
2023/6/30, 32, 18, 54, 6, 1, 2
2023/7/1, 36, 27, 54, 12, 2, 3
2023/7/1, 31, 30, 52, 15, 3, 3
2023/7/1, 34, 30, 57, 15, 2, 2
2023/7/1, 32, 12, 56, 5, 1, 2
2023/7/1, 41, 24, 51, 13, 2, 1
2023/7/2, 36, 40, 62, 11, 2, 4
2023/7/2, 20, 28, 63, 7, 1, 3
2023/7/2, 32, 37, 65, 11, 2, 4
2023/7/2, 31, 35, 59, 8, 2, 4
2023/7/2, 30, 34, 60, 9, 2, 3
2023/7/3, 60, 30, 45, 9, 2, 3
2023/7/3, 57, 22, 48, 5, 1, 3
2023/7/3, 62, 31, 45, 8, 2, 4
2023/7/3, 57, 37, 50, 10, 2, 4
2023/7/3, 57, 35, 49, 11, 2, 4
2023/7/4, 59, 20, 54, 4, 2, 3
2023/7/4, 54, 15, 57, 2, 1, 2
2023/7/4, 62, 21, 60, 5, 2, 3
2023/7/4, 62, 22, 55, 6, 2, 3
2023/7/4, 63, 19, 57, 4, 2, 1
2023/7/5, 36, 46, 62, 9, 2, 4
2023/7/5, 33, 46, 58, 8, 2, 4
2023/7/5, 25, 36, 55, 4, 1, 3
2023/7/5, 36, 45, 59, 8, 2, 3
2023/7/5, 31, 51, 59, 10, 2, 5
2023/7/6, 63, 29, 55, 5, , 3
2023/7/6, 51, 26, 45, 2, 1, 3
2023/7/6, 60, 29, 50, 5, 2, 3
2023/7/6, 60, 32, 55, 7, 2, 4
2023/7/6, 61, 31, 57, 7, 2, 4
2023/7/7, 55, 19, 49, 5, 2, 3
2023/7/7, 54, 20, 44, 5, 2, 2
2023/7/7, 53, 22, 49, 8, 2, 4
2023/7/7, 49, 17, 42, 2, 1, 3
2023/7/7, 56, 23, 49, 8, 2, 4
2023/7/8, 41, 16, 38, 4, 1, 3
2023/7/8, 36, 13, 34, 2, 1, 3
2023/7/8, 41, 17, 41, 7, , 4
2023/7/8, 41, 15, 38, 6, 2, 4
2023/7/8, 38, 17, 36, 4, 2, 3
2023/7/9, 23, 14, 31, 3, 1, 2
2023/7/9, 35, 16, 38, 5, 2, 3
2023/7/9, 37, 18, 35, 8, 1, 3
2023/7/9, 38, 18, 34, 5, 2, 3
2023/7/9, 38, 15, 34, 5, 1, 2
2023/7/10, 23, 13, 30, 3, 1, 2
2023/7/10, 38, 18, 34, 9, 1, 3
2023/7/10, 33, 14, 36, 7, 2, 3
2023/7/10, 36, 14, 37, 8, 1, 4
2023/7/10, 37, 18, 32, 6, 2, 3
2023/7/11, 31, 26, 47, 12, 1, 3
2023/7/11, 19, 15, 38, 1, 1, 1
2023/7/11, 32, 22, 45, 8, 2, 3
2023/7/11, 28, 28, 44, 11, 2, 4
2023/7/11, 36, 35, 40, 14, 1, 2
2023/7/12, 38, 34, 47, 10, 1, 4
2023/7/12, 44, 31, 51, 13, 1, 4
2023/7/12, 24, 19, 42, 3, 1, 3
2023/7/12, 43, 31, 49, 11, 2, 6
2023/7/12, 41, 31, 53, 8, 2, 4
2023/7/13, 57, 13, 33, 4, , 3
2023/7/13, 51, 12, 34, 6, 1, 3
2023/7/13, 52, 11, 34, 5, , 4
2023/7/13, 57, 10, 37, 4, 1, 3
2023/7/13, 39, 11, 23, 2, , 2
2023/7/14, 35, 13, 26, 7, 1, 2
2023/7/14, 19, 12, 23, 3, , 1
2023/7/14, 28, 9, 28, 5, 2, 2
2023/7/14, 27, 14, 28, 5, 2, 3
2023/7/14, 28, 12, 24, 4, , 2
2023/7/15, 13, 7, 18, 2, , 1
2023/7/15, 19, 7, 19, 3, , 2
2023/7/15, 20, 7, 18, 3, 2, 2
2023/7/15, 21, 8, 18, 4, , 1
2023/7/15, 19, 9, 16, 6, 1, 2
2023/7/16, 10, 11, 21, 4, 1, 1
2023/7/16, 14, 12, 23, 5, 2, 2
2023/7/16, 14, 14, 23, 5, 2, 1
2023/7/16, 15, 14, 20, 6, 1, 2
2023/7/16, 15, 9, 23, 3, 2, 2
2023/7/17, 15, 21, 41, 9, 2, 2
2023/7/17, 13, 23, 43, 6, 2, 3
2023/7/17, 39, 22, 38, 9, 1, 3
2023/7/17, 11, 16, 39, 3, 1, 1
2023/7/17, 16, 26, 41, 9, 2, 3
2023/7/18, 26, 20, 41, 2, 1, 3
2023/7/18, 36, 34, 44, 8, 2, 3
2023/7/18, 34, 39, 43, 12, 2, 6
2023/7/18, 38, 34, 45, 8, 2, 4
2023/7/18, 38, 38, 48, 14, 1, 5
2023/7/19, 63, 39, 49, 7, 1, 4
2023/7/19, 44, 32, 51, 3, 1, 4
2023/7/19, 57, 39, 56, 8, 1, 5
2023/7/19, 65, 39, 56, 5, 2, 4
2023/7/19, 65, 38, 59, 7, 2, 5
2023/7/20, 67, 34, 32, 10, 2, 3
2023/7/20, 58, 30, 35, 6, 2, 3
2023/7/20, 60, 17, 30, 4, 1, 2
2023/7/20, 67, 29, 36, 10, 2, 2
2023/7/20, 69, 33, 31, 12, , 3
2023/7/21, 41, 36, 27, 12, 2, 4
2023/7/21, 23, 38, 34, 8, 2, 4
2023/7/21, 26, 26, 33, 3, 1, 4
2023/7/21, 37, 36, 34, 12, 1, 5
2023/7/21, 42, 39, 36, 10, 1, 4
2023/7/22, 73, 10, 32, 2, 1, 3
2023/7/22, 68, 11, 34, 2, 2, 3
2023/7/22, 64, 13, 34, 4, , 3
2023/7/22, 55, 9, 34, 2, , 2
2023/7/22, 59, 9, 34, 1, 1, 2
2023/7/23, 28, 14, 39, 4, 2, 3
2023/7/23, 30, 12, 37, 4, 1, 3
2023/7/23, 19, 19, 38, 7, 1, 4
2023/7/23, 23, 10, 37, 2, 1, 2
2023/7/23, 27, 14, 38, 4, 2, 3
2023/7/24, 26, 30, 40, 12, 1, 6
2023/7/24, 27, 24, 37, 9, 1, 5
2023/7/24, 27, 29, 36, 7, 2, 5
2023/7/24, 26, 25, 37, 9, 2, 5
2023/7/24, 25, 31, 17, 2, 2, 4
2023/7/25, 51, 32, 48, 7, 1, 4
2023/7/25, 54, 31, 45, 6, 2, 4
2023/7/25, 55, 28, 47, 4, 2, 4
2023/7/25, 54, 25, 41, 6, 1, 4
2023/7/25, 67, 26, 43, 1, 2, 3
2023/7/26, 61, 28, 44, 3, 2, 3
2023/7/26, 57, 32, 46, 5, 1, 3
2023/7/26, 57, 20, 41, 2, , 2
2023/7/26, 60, 24, 39, 4, 1, 4
2023/7/26, 61, 26, 45, 4, 2, 4
2023/7/27, 50, 26, 37, 4, 2, 1
2023/7/27, 53, 23, 37, 3, 2, 2
2023/7/27, 51, 24, 38, 5, 1, 2
2023/7/27, 43, 15, 35, 2, 2, 1
2023/7/27, 54, 24, 33, 3, 1, 3
2023/7/28, 42, 24, 32, 3, , 3
2023/7/28, 33, 16, 29, 2, , 1
2023/7/28, 51, 26, 28, 4, 1, 3
2023/7/28, 34, 25, 34, 4, 1, 3
2023/7/28, 42, 22, 33, 4, 2, 2
2023/7/29, 46, 22, 18, 3, , 3
2023/7/29, 38, 14, 18, 2, 2, 1
2023/7/29, 41, 17, 19, 4, 2, 2
2023/7/29, 46, 21, 19, 5, 1, 3
2023/7/29, 47, 19, 16, 5, 1, 2
2023/7/30, 34, 29, 38, 6, 1, 3
2023/7/30, 42, 27, 37, 5, , 3
2023/7/30, 29, 21, 36, 4, 2, 2
2023/7/30, 44, 25, 36, 7, 1, 4
2023/7/30, 35, 24, 41, 5, 2, 3
2023/7/31, 52, 31, 25, 6, 2, 3
2023/7/31, 51, 23, 25, 3, , 1
2023/7/31, 54, 31, 24, 5, 1, 3
2023/7/31, 54, 33, 28, 6, 1, 4
2023/7/31, 56, 32, 25, 4, , 4
2023/8/1, 61, 28, 40, 4, 2, 3
2023/8/1, 54, 21, 39, 2, 2, 3
2023/8/1, 73, 27, 37, 3, 1, 2
2023/8/1, 66, 30, 37, 3, , 3
2023/8/1, 67, 33, 39, 5, 1, 4
2023/8/2, 56, 33, 47, 4, , 4
2023/8/2, 54, 23, 37, 2, 2, 3
2023/8/2, 56, 31, 47, 3, 2, 3
2023/8/2, 54, 32, 39, 4, 2, 3
2023/8/2, 60, 30, 43, 3, 1, 3
2023/8/3, 62, 31, 35, 5, 1, 4
2023/8/3, 62, 32, 35, 4, 2, 3
2023/8/3, 72, 33, 34, 4, 2, 3
2023/8/3, 49, 27, 28, 3, 2, 3
2023/8/3, 65, 31, 32, 3, , 4
2023/8/4, 69, 8, 27, 3, 2, 1
2023/8/4, 60, 8, 23, 3, 2, 1
2023/8/4, 70, 9, 25, 3, , 2
2023/8/4, 62, 7, 24, 3, 1, 2
2023/8/4, 65, 8, 26, 3, , 1
2023/8/5, 11, 11, 22, 6, 1, 2
2023/8/5, 18, 11, 24, 5, 2, 1
2023/8/5, 18, 7, 19, 2, 2, 
2023/8/5, 18, 12, 21, 6, 1, 2
2023/8/5, 18, 13, 21, 6, 2, 1
2023/8/6, 18, 17, 9, 9, 1, 3
2023/8/6, 16, 15, 11, 6, 2, 2
2023/8/6, 17, 14, 11, 8, 1, 3
2023/8/6, 19, 17, 12, 8, 2, 1
2023/8/6, 13, 13, 13, 4, 2, 1
2023/8/7, 24, 17, 24, 4, 2, 2
2023/8/7, 37, 21, 29, 10, 1, 3
2023/8/7, 31, 18, 29, 6, 2, 2
2023/8/7, 30, 16, 27, 7, 2, 3
2023/8/7, 35, 23, 29, 9, 2, 1
2023/8/8, 25, 13, 31, 3, 2, 2
2023/8/8, 38, 21, 32, 9, 2, 2
2023/8/8, 38, 15, 31, 5, 2, 1
2023/8/8, 34, 14, 27, 7, 2, 2
2023/8/8, 39, 19, 28, 8, 2, 2
2023/8/9, 26, 21, 36, 5, 2, 2
2023/8/9, 36, 25, 35, 9, 1, 2
2023/8/9, 29, 19, 36, 7, 2, 3
2023/8/9, 32, 26, 35, 9, 2, 3
2023/8/9, 22, 12, 35, 3, 2, 3
2023/8/10, 39, 20, 23, 7, 1, 2
2023/8/10, 28, 15, 25, 5, 2, 2
2023/8/10, 30, 16, 24, 4, 2, 2
2023/8/10, 19, 10, 24, 2, 2, 1
2023/8/10, 32, 22, 23, 7, 2, 4
2023/8/11, 19, 7, 14, 2, 2, 2
2023/8/11, 31, 15, 15, 6, 1, 2
2023/8/11, 23, 14, 14, 7, 2, 3
2023/8/11, 28, 13, 14, 7, 2, 4
2023/8/11, 26, 14, 13, 6, 2, 3
2023/8/12, 27, 12, 15, 6, 2, 2
2023/8/12, 23, 10, 17, 9, , 3
2023/8/12, 23, 8, 17, 6, 1, 2
2023/8/12, 12, 7, 19, 1, , 1
2023/8/12, 19, 10, 18, 7, , 3
2023/8/13, 19, 23, 39, 9, 2, 4
2023/8/13, 18, 19, 43, 5, 2, 3
2023/8/13, 18, 22, 41, 10, 2, 5
2023/8/13, 17, 23, 39, 8, 1, 3
2023/8/13, 9, 11, 34, 1, , 2
2023/8/14, 35, 24, 45, 6, 2, 4
2023/8/14, 34, 31, 38, 10, 1, 3
2023/8/14, 17, 12, 34, 2, , 2
2023/8/14, 43, 30, 43, 13, 2, 5
2023/8/14, 39, 29, 40, 11, 2, 6
2023/8/15, 45, 28, 33, 11, 2, 4
2023/8/15, 45, 21, 35, 5, 2, 3
2023/8/15, 43, 34, 32, 11, 3, 5
2023/8/15, 44, 28, 35, 10, 1, 3
2023/8/15, 18, 12, 35, 2, 2, 2
2023/8/16, 43, 38, 46, 15, 1, 4
2023/8/16, 40, 40, 43, 14, 2, 5
2023/8/16, 34, 32, 41, 9, 2, 5
2023/8/16, 34, 37, 44, 16, 2, 6
2023/8/16, 15, 14, 34, 3, 2, 2
2023/8/17, 49, 32, 57, 6, , 5
2023/8/17, 53, 32, 41, 6, 2, 5
2023/8/17, 24, 24, 45, 3, 2, 4
2023/8/17, 52, 37, 41, 10, 1, 5
2023/8/17, 49, 34, 63, 7, 2, 5
2023/8/18, 65, 24, 34, 8, 1, 2
2023/8/18, 60, 15, 37, 4, 2, 2
2023/8/18, 45, 10, 34, 2, 2, 1
2023/8/18, 55, 24, 33, 8, 2, 3
2023/8/18, 68, 18, 36, 8, , 4
2023/8/19, 21, 20, 50, 3, 2, 2
2023/8/19, 31, 33, 47, 9, 1, 4
2023/8/19, 31, 34, 59, 9, 2, 4
2023/8/19, 24, 33, 58, 10, , 5
2023/8/19, 30, 37, 63, 10, 2, 4
2023/8/20, 55, 28, 33, 5, 2, 4
2023/8/20, 40, 20, 31, 3, 2, 3
2023/8/20, 55, 27, 29, 5, 1, 4
2023/8/20, 51, 30, 34, 7, , 6
2023/8/20, 54, 29, 34, 9, 2, 5
2023/8/21, 54, 17, 36, 8, , 4
2023/8/21, 58, 15, 39, 6, 2, 3
2023/8/21, 53, 17, 41, 6, 2, 3
2023/8/21, 43, 14, 40, 3, , 2
2023/8/21, 58, 15, 38, 6, 1, 3
2023/8/22, 36, 25, 36, 11, 2, 3
2023/8/22, 26, 23, 34, 13, 2, 4
2023/8/22, 30, 26, 37, 12, 3, 2
2023/8/22, 35, 20, 33, 11, 1, 3
2023/8/22, 18, 11, 34, 3, 2, 2
2023/8/23, 29, 24, 40, 10, 2, 3
2023/8/23, 26, 26, 38, 11, 1, 3
2023/8/23, 34, 31, 38, 11, 3, 2
2023/8/23, 16, 13, 42, 3, 2, 1
2023/8/23, 23, 28, 38, 12, 2, 3
2023/8/24, 37, 22, 32, 9, 2, 3
2023/8/24, 40, 25, 34, 8, 3, 1
2023/8/24, 17, 16, 34, 5, 2, 2
2023/8/24, 38, 21, 32, 6, 2, 2
2023/8/24, 32, 19, 32, 8, 2, 3
2023/8/25, 33, 18, 23, 7, 2, 2
2023/8/25, 22, 16, 26, 5, , 2
2023/8/25, 28, 18, 26, 6, 3, 1
2023/8/25, 27, 17, 22, 7, 2, 2
2023/8/25, 22, 15, 23, 6, 2, 1
2023/8/26, 30, 27, 29, 11, 2, 3
2023/8/26, 23, 11, 32, 3, 3, 1
2023/8/26, 31, 22, 31, 8, , 2
2023/8/26, 28, 35, 31, 13, 3, 2
2023/8/26, 22, 24, 30, 11, 2, 3
2023/8/27, 12, 11, 30, 3, 2, 1
2023/8/27, 36, 21, 30, 5, 2, 2
2023/8/27, 46, 25, 27, 9, 2, 3
2023/8/27, 41, 31, 27, 10, 3, 1
2023/8/27, 34, 24, 28, 8, 2, 3
2023/8/28, 32, 11, 18, 6, 2, 4
2023/8/28, 37, 14, 18, 6, 3, 1
2023/8/28, 16, 7, 21, 3, 2, 2
2023/8/28, 27, 13, 17, 5, 2, 3
2023/8/28, 24, 10, 19, 4, 2, 2
2023/8/29, 17, 7, 20, 3, 2, 1
2023/8/29, 21, 15, 25, 6, 2, 4
2023/8/29, 23, 12, 23, 5, 2, 3
2023/8/29, 28, 18, 25, 7, 3, 3
2023/8/29, 21, 13, 24, 4, 2, 3
2023/8/30, 20, 24, 31, 9, 2, 3
2023/8/30, 53, 22, 34, 10, 3, 2
2023/8/30, 22, 19, 32, 8, 2, 3
2023/8/30, 21, 23, 29, 10, 2, 3
2023/8/30, 15, 14, 33, 3, 2, 2
2023/8/31, 39, 26, 30, 8, 2, 4
2023/8/31, 33, 25, 32, 8, 3, 4
2023/8/31, 42, 29, 31, 7, 2, 3
2023/8/31, 32, 23, 30, 7, 2, 3
2023/8/31, 27, 17, 30, 4, 2, 2
2023/9/1, 49, 24, 36, 11, 2, 3
2023/9/1, 36, 15, 39, 3, 2, 1
2023/9/1, 46, 31, 39, 12, 3, 3
2023/9/1, 47, 36, 39, 13, 3, 4
2023/9/1, 57, 31, 40, 10, 2, 3
2023/9/2, 45, 26, 41, 6, 2, 3
2023/9/2, 48, 30, 42, 11, 3, 4
2023/9/2, 47, 26, 40, 9, 2, 4
2023/9/2, 29, 16, 43, 3, 2, 2
2023/9/2, 44, 24, 38, 9, 2, 3
2023/9/3, 48, 29, 35, 10, 2, 4
2023/9/3, 46, 28, 37, 6, 2, 4
2023/9/3, 32, 23, 38, 3, 2, 3
2023/9/3, 49, 29, 35, 7, 2, 4
2023/9/3, 44, 29, 38, 8, 3, 5
2023/9/4, 63, 25, 27, 10, 2, 3
2023/9/4, 50, 24, 28, 8, 3, 3
2023/9/4, 53, 13, 29, 3, 2, 1
2023/9/4, 63, 24, 28, 5, , 2
2023/9/4, 62, 20, 27, 7, 2, 3
2023/9/5, 43, 29, 37, 12, 2, 3
2023/9/5, 32, 35, 39, 16, 2, 4
2023/9/5, 27, 15, 36, 4, 2, 2
2023/9/5, 37, 29, 39, 12, 2, 3
2023/9/5, 33, 28, 37, 14, 2, 4
2023/9/6, 39, 29, 38, 9, 2, 3
2023/9/6, 22, 16, 40, 2, 2, 1
2023/9/6, 40, 42, 40, 11, 2, 3
2023/9/6, 31, 36, 40, 10, 2, 3
2023/9/6, 34, 39, 40, 8, 2, 3
2023/9/7, 45, 37, 37, 4, 3, 4
2023/9/7, 77, 44, 39, 5, 3, 3
2023/9/7, 76, 43, 39, 6, 2, 4
2023/9/7, 62, 42, 38, 6, 3, 4
2023/9/7, 56, 47, 37, 6, 2, 5
2023/9/8, 67, 23, 29, 6, 2, 2
2023/9/8, 61, 24, 30, 8, 3, 2
2023/9/8, 59, 17, 29, 4, 3, 1
2023/9/8, 78, 36, 28, 11, 2, 3
2023/9/8, 66, 32, 28, 12, 2, 2
2023/9/9, 41, 39, 38, 9, 2, 4
2023/9/9, 28, 42, 41, 13, 3, 4
2023/9/9, 24, 25, 33, 3, 3, 3
2023/9/9, 51, 41, 39, 12, 2, 4
2023/9/9, 37, 53, 39, 14, 2, 4
2023/9/10, 56, 36, 41, 8, 2, 5
2023/9/10, 43, 37, 40, 6, 2, 4
2023/9/10, 43, 23, 41, 3, 2, 3
2023/9/10, 53, 36, 40, 7, 3, 4
2023/9/10, 53, 36, 41, 6, 2, 4
2023/9/11, 51, 17, 24, 8, 2, 3
2023/9/11, 58, 26, 26, 12, 2, 3
2023/9/11, 62, 17, 26, 7, 2, 2
2023/9/11, 46, 14, 24, 5, 2, 1
2023/9/11, 55, 23, 24, 10, 2, 3
2023/9/12, 23, 47, 24, 18, 2, 4
2023/9/12, 26, 24, 36, 9, , 2
2023/9/12, 17, 26, 34, 12, 3, 2
2023/9/12, 35, 23, 34, 12, 2, 2
2023/9/12, 12, 11, 34, 2, 3, 1
2023/9/13, 73, 34, 35, 15, 2, 3
2023/9/13, 32, 24, 33, 9, , 1
2023/9/13, 27, 25, 36, 12, 3, 2
2023/9/13, 30, 24, 35, 12, , 2
2023/9/13, 9, 13, 35, 4, , 1
2023/9/14, 46, 36, 44, 14, 2, 3
2023/9/14, 33, 26, 46, 11, 3, 3
2023/9/14, 20, 17, 44, 4, 3, 2
2023/9/14, 35, 30, 45, 9, 2, 2
2023/9/14, 31, 28, 45, 9, 3, 3
2023/9/15, 42, 39, 46, 15, 3, 5
2023/9/15, 40, 39, 46, 11, 2, 4
2023/9/15, 50, 48, 46, 14, 2, 5
2023/9/15, 44, 42, 46, 12, 3, 4
2023/9/15, 35, 23, 43, 3, 3, 3
2023/9/16, 69, 51, 73, 15, 3, 5
2023/9/16, 65, 49, 75, 12, 2, 5
2023/9/16, 67, 52, 76, 19, 3, 5
2023/9/16, 57, 31, 59, 5, 3, 3
2023/9/16, 72, 54, 74, 14, 2, 6
2023/9/17, 94, 35, 53, 6, 2, 5
2023/9/17, 84, 35, 54, 7, 2, 6
2023/9/17, 69, 26, 48, 3, 3, 3
2023/9/17, 88, 35, 56, 7, 2, 4
2023/9/17, 87, 35, 56, 6, 3, 4
2023/9/18, 65, 11, 20, 6, , 2
2023/9/18, 75, 17, 21, 7, 2, 3
2023/9/18, 77, 12, 21, 6, 2, 1
2023/9/18, 59, 9, 20, 4, , 2
2023/9/18, 71, 13, 21, 6, 1, 2
2023/9/19, 26, 18, 25, 11, 2, 2
2023/9/19, 31, 32, 25, 12, 3, 4
2023/9/19, 13, 11, 23, 5, 3, 2
2023/9/19, 15, 20, 24, 13, 3, 3
2023/9/19, 19, 27, 23, 13, 2, 4
2023/9/20, 32, 28, 35, 13, 3, 3
2023/9/20, 50, 25, 33, 11, 3, 3
2023/9/20, 31, 29, 34, 11, 2, 2
2023/9/20, 28, 29, 34, 11, 2, 3
2023/9/20, 10, 13, 34, 5, 3, 2
2023/9/21, 37, 29, 27, 11, 2, 3
2023/9/21, 20, 16, 28, 4, 3, 3
2023/9/21, 38, 23, 26, 9, 3, 3
2023/9/21, 45, 26, 25, 9, 2, 3
2023/9/21, 43, 30, 23, 12, 3, 3
2023/9/22, 41, 28, 26, 13, 2, 2
2023/9/22, 42, 39, 25, 16, 2, 4
2023/9/22, 50, 41, 26, 14, 3, 3
2023/9/22, 41, 31, 26, 16, 3, 4
2023/9/22, 26, 10, 29, 2, 3, 3
2023/9/23, 12, 18, 38, 4, 3, 3
2023/9/23, 59, 28, 37, 10, 3, 3
2023/9/23, 46, 36, 36, 15, 2, 4
2023/9/23, 45, 27, 39, 8, 2, 3
2023/9/23, 46, 32, 40, 11, 3, 3
2023/9/24, 52, 26, 28, 7, 2, 4
2023/9/24, 44, 23, 30, 6, 3, 3
2023/9/24, 37, 24, 28, 7, 2, 2
2023/9/24, 43, 19, 27, 5, 3, 3
2023/9/24, 33, 15, 26, 3, 3, 3
2023/9/25, 49, 18, 35, 7, 3, 4
2023/9/25, 47, 22, 36, 7, 2, 3
2023/9/25, 49, 13, 34, 2, 3, 3
2023/9/25, 52, 25, 34, 8, 2, 4
2023/9/25, 44, 22, 37, 7, 3, 4
2023/9/26, 46, 35, 34, 8, 2, 3
2023/9/26, 41, 26, 36, 5, 3, 2
2023/9/26, 44, 32, 35, 7, 3, 3
2023/9/26, 47, 32, 36, 9, 3, 3
2023/9/26, 47, 33, 35, 10, 2, 2
2023/9/27, 42, 33, 11, 16, 2, 2
2023/9/27, 45, 19, 28, 10, 3, 3
2023/9/27, 52, 25, 30, 11, 3, 2
2023/9/27, 52, 24, 29, 11, 2, 1
2023/9/27, 35, 20, 28, 6, 3, 1
2023/9/28, 17, 28, 38, 10, 3, 3
2023/9/28, 24, 33, 36, 12, 2, 3
2023/9/28, 10, 14, 37, 3, 3, 2
2023/9/28, 30, 23, 38, 9, 3, 3
2023/9/28, 70, 35, 36, 13, 2, 4
2023/9/29, 33, 22, 27, 9, 3, 3
2023/9/29, 19, 14, 26, 4, , 1
2023/9/29, 33, 22, 28, 8, 3, 2
2023/9/29, 49, 27, 27, 10, 2, 6
2023/9/29, 39, 23, 26, 8, , 3
2023/9/30, 31, 26, 29, 11, 3, 2
2023/9/30, 24, 18, 28, 6, 3, 2
2023/9/30, 35, 33, 27, 13, 3, 4
2023/9/30, 35, 35, 27, 12, 2, 3
2023/9/30, 39, 33, 27, 12, 2, 4
2023/10/1, 58, 28, 28, 14, 3, 4
2023/10/1, 65, 29, 27, 14, 2, 3
2023/10/1, 33, 17, 28, 5, 3, 1
2023/10/1, 49, 32, 30, 14, 3, 3
2023/10/1, 55, 44, 26, 16, 2, 6
2023/10/2, 51, 45, 55, 11, 4, 4
2023/10/2, 29, 32, 56, 4, 3, 3
2023/10/2, 50, 46, 53, 10, 2, 4
2023/10/2, 47, 42, 56, 7, 3, 3
2023/10/2, 67, 47, 54, 12, 2, 5
2023/10/3, 64, 20, 26, 5, 2, 2
2023/10/3, 57, 13, 27, 3, 3, 1
2023/10/3, 56, 19, 28, 5, 3, 2
2023/10/3, 56, 19, 26, 5, 2, 1
2023/10/3, 58, 16, 25, 5, 3, 1
2023/10/4, 43, 21, 25, 9, 2, 3
2023/10/4, 24, 24, 22, 10, 2, 3
2023/10/4, 20, 16, 25, 7, 3, 3
2023/10/4, 37, 20, 25, 8, 3, 2
2023/10/4, 23, 14, 24, 6, 3, 1
2023/10/5, 30, 33, 27, 12, 4, 3
2023/10/5, 43, 33, 29, 12, 2, 3
2023/10/5, 19, 23, 28, 6, 3, 2
2023/10/5, 30, 39, 24, 14, 2, 4
2023/10/5, 33, 33, 27, 11, 3, 2
2023/10/6, 52, 40, 26, 18, 4, 4
2023/10/6, 65, 34, 28, 14, 3, 3
2023/10/6, 59, 43, 25, 19, 3, 5
2023/10/6, 55, 43, 26, 18, 3, 5
2023/10/6, 39, 14, 31, 4, 3, 1
2023/10/7, 65, 40, 34, 17, 2, 5
2023/10/7, 56, 52, 35, 16, 3, 4
2023/10/7, 64, 45, 33, 21, 4, 7
2023/10/7, 26, 21, 40, 4, 3, 1
2023/10/7, 64, 61, 31, 24, 3, 8
2023/10/8, 83, 46, 21, 21, 2, 5
2023/10/8, 53, 32, 18, 10, 3, 3
2023/10/8, 79, 47, 18, 22, 4, 6
2023/10/8, 106, 52, 22, 23, 2, 6
2023/10/8, 80, 47, 19, 18, 2, 4
2023/10/9, 91, 42, 28, 20, 4, 6
2023/10/9, 102, 40, 30, 16, 2, 6
2023/10/9, 79, 21, 31, 7, 3, 2
2023/10/9, 96, 56, 24, 22, 2, 7
2023/10/9, 96, 42, 23, 18, 3, 5
2023/10/10, 69, 53, 36, 22, 4, 9
2023/10/10, 46, 29, 41, 6, 3, 2
2023/10/10, 90, 50, 39, 19, 2, 7
2023/10/10, 78, 53, 36, 17, 2, 5
2023/10/10, 84, 75, 32, 24, 2, 10
2023/10/11, 93, 57, 31, 23, 4, 11
2023/10/11, 104, 84, 30, 25, 2, 11
2023/10/11, 95, 58, 34, 25, 2, 8
2023/10/11, 55, 31, 38, 7, 3, 3
2023/10/11, 91, 46, 38, 16, 3, 6
2023/10/12, 118, 65, 47, 19, 2, 7
2023/10/12, 65, 34, 53, 6, 3, 4
2023/10/12, 104, 54, 47, 18, 4, 8
2023/10/12, 118, 56, 50, 18, 3, 6
2023/10/12, 106, 57, 49, 15, 3, 6
2023/10/13, 108, 48, 41, 18, 2, 6
2023/10/13, 117, 36, 44, 16, 3, 6
2023/10/13, 119, 46, 45, 17, 2, 5
2023/10/13, 77, 27, 45, 5, 3, 3
2023/10/13, 102, 45, 42, 18, 4, 6
2023/10/14, 94, 40, 25, 8, 3, 3
2023/10/14, 67, 39, 23, 8, 2, 3
2023/10/14, 76, 46, 26, 9, 2, 4
2023/10/14, 62, 34, 22, 6, 3, 3
2023/10/14, 94, 44, 25, 9, 2, 3
2023/10/15, 49, 41, 22, 15, 2, 4
2023/10/15, 43, 29, 24, 10, 3, 2
2023/10/15, 66, 39, 24, 16, 2, 3
2023/10/15, 45, 45, 22, 15, 3, 3
2023/10/15, 51, 31, 21, 14, 3, 3
2023/10/16, 37, 25, 30, 6, 3, 2
2023/10/16, 48, 44, 32, 14, 4, 4
2023/10/16, 76, 48, 30, 13, 3, 4
2023/10/16, 77, 45, 28, 12, 3, 4
2023/10/16, 53, 56, 25, 16, 3, 4
2023/10/17, 129, 28, 23, 12, 3, 4
2023/10/17, 93, 35, 28, 13, 3, 3
2023/10/17, 70, 31, 28, 12, 4, 4
2023/10/17, 74, 40, 24, 12, 3, 3
2023/10/17, 52, 29, 24, 6, 3, 3
2023/10/18, 60, 23, 22, 8, 3, 1
2023/10/18, 72, 31, 13, 14, 5, 2
2023/10/18, 53, 23, 19, 10, 4, 2
2023/10/18, 82, 26, 21, 10, 3, 2
2023/10/18, 73, 22, 21, 9, 3, 2
2023/10/19, 61, 22, 19, 7, 3, 1
2023/10/19, 44, 23, 18, 8, 3, 1
2023/10/19, 37, 18, 11, 10, 2, 1
2023/10/19, 29, 16, 19, 6, 3, 1
2023/10/19, 30, 18, 18, 7, 5, 1
2023/10/20, 43, 24, 23, 9, 3, 1
2023/10/20, 16, 18, 22, 4, 3, 1
2023/10/20, 21, 20, 13, 12, 2, 1
2023/10/20, 23, 21, 20, 8, 6, 2
2023/10/20, 29, 21, 21, 8, 3, 1
2023/10/21, 46, 40, 22, 12, 3, 4
2023/10/21, 46, 45, 24, 14, 4, 3
2023/10/21, 28, 37, 20, 14, 6, 5
2023/10/21, 25, 44, 14, 16, 3, 6
2023/10/21, 25, 31, 22, 8, 4, 3
2023/10/22, 80, 56, 46, 14, 4, 5
2023/10/22, 54, 57, 51, 15, 5, 6
2023/10/22, 48, 38, 50, 5, 4, 4
2023/10/22, 65, 65, 47, 16, 4, 6
2023/10/22, 81, 60, 50, 15, 4, 4
2023/10/23, 132, 65, 57, 20, 7, 5
2023/10/23, 93, 62, 58, 7, 4, 6
2023/10/23, 119, 61, 54, 14, 6, 8
2023/10/23, 120, 69, 56, 14, 5, 7
2023/10/23, 125, 67, 57, 14, 4, 7
2023/10/24, 149, 79, 62, 18, 3, 8
2023/10/24, 147, 78, 64, 21, 5, 8
2023/10/24, 139, 62, 65, 8, 4, 6
2023/10/24, 147, 89, 60, 21, 4, 9
2023/10/24, 134, 78, 62, 21, 5, 11
2023/10/25, 155, 38, 22, 13, 3, 3
2023/10/25, 154, 41, 24, 13, 4, 2
2023/10/25, 128, 32, 23, 8, 4, 2
2023/10/25, 158, 37, 22, 11, 3, 2
2023/10/25, 150, 33, 22, 10, 5, 3
2023/10/26, 46, 62, 20, 22, 4, 4
2023/10/26, 42, 67, 17, 23, 4, 5
2023/10/26, 43, 61, 21, 20, 4, 6
2023/10/26, 25, 27, 24, 8, 3, 2
2023/10/26, 35, 56, 16, 22, 5, 6
2023/10/27, 106, 58, 26, 21, 5, 7
2023/10/27, 112, 54, 29, 21, 3, 4
2023/10/27, 51, 34, 33, 5, 4, 3
2023/10/27, 118, 73, 25, 23, 3, 6
2023/10/27, 113, 72, 26, 20, 4, 5
2023/10/28, 108, 80, 48, 17, 5, 6
2023/10/28, 82, 72, 53, 10, 5, 6
2023/10/28, 120, 83, 47, 16, 5, 7
2023/10/28, 114, 85, 52, 19, 4, 6
2023/10/28, 111, 75, 51, 16, 6, 7
2023/10/29, 169, 82, 34, 14, 4, 4
2023/10/29, 163, 68, 38, 12, 5, 5
2023/10/29, 159, 78, 31, 11, 4, 5
2023/10/29, 171, 75, 35, 14, 4, 5
2023/10/29, 179, 69, 36, 13, 3, 5
2023/10/30, 136, 77, 35, 13, 4, 4
2023/10/30, 119, 75, 34, 14, 3, 4
2023/10/30, 128, 70, 32, 7, 4, 4
2023/10/30, 137, 79, 33, 13, 4, 4
2023/10/30, 119, 74, 33, 12, 5, 5
2023/10/31, 127, 74, 17, 18, 3, 4
2023/10/31, 110, 69, 20, 8, 3, 3
2023/10/31, 127, 70, 19, 26, 3, 5
2023/10/31, 128, 77, 18, 19, 3, 5
2023/10/31, 122, 73, 17, 19, 5, 3
2023/11/1, 157, 44, 45, 6, 4, 4
2023/11/1, 163, 50, 44, 11, 4, 4
2023/11/1, 168, 58, 44, 10, 4, 5
2023/11/1, 163, 55, 45, 10, 3, 5
2023/11/1, 164, 57, 47, 8, 3, 4
2023/11/2, 114, 28, 19, 10, 3, 2
2023/11/2, 113, 31, 19, 9, 4, 1
2023/11/2, 104, 31, 18, 6, 4, 2
2023/11/2, 110, 27, 20, 8, 3, 2
2023/11/2, 114, 37, 19, 9, 3, 2
2023/11/3, 83, 53, 15, 15, 5, 5
2023/11/3, 68, 45, 21, 5, 4, 4
2023/11/3, 74, 52, 15, 15, 6, 3
2023/11/3, 83, 55, 14, 16, 3, 4
2023/11/3, 78, 54, 15, 15, 5, 6
2023/11/4, 111, 128, 9, 22, 6, 9
2023/11/4, 115, 96, 8, 12, 4, 8
2023/11/4, 118, 130, 8, 22, 5, 9
2023/11/4, 131, 111, 5, 23, 4, 9
2023/11/4, 108, 131, 6, 20, 5, 11
2023/11/5, 242, 30, 22, 8, 5, 3
2023/11/5, 212, 28, 22, 7, 3, 5
2023/11/5, 238, 34, 22, 6, 2, 6
2023/11/5, 240, 24, 22, 7, 3, 3
2023/11/5, 198, 21, 21, 4, 2, 3
2023/11/6, 49, 17, 22, 11, 6, 4
2023/11/6, 61, 23, 22, 9, 5, 7
2023/11/6, 61, 21, 22, 11, 5, 4
2023/11/6, 42, 17, 23, 3, 2, 1
2023/11/6, 62, 23, 25, 9, 3, 5
2023/11/7, 38, 27, 17, 9, 3, 4
2023/11/7, 45, 28, 13, 17, 6, 7
2023/11/7, 38, 36, 11, 18, 4, 8
2023/11/7, 42, 27, 11, 19, 5, 6
2023/11/7, 73, 29, 15, 13, 4, 7
2023/11/8, 112, 18, 29, 19, 5, 7
2023/11/8, 90, 38, 26, 21, 7, 7
2023/11/8, 90, 44, 26, 22, 5, 5
2023/11/8, 99, 40, 26, 21, 9, 7
2023/11/8, 80, 25, 24, 12, 4, 3
2023/11/9, 126, , , , , 
2023/11/9, 125, , , , , 
2023/11/9, 118, , , , , 
2023/11/9, 119, , , , , 
2023/11/9, 86, , , , , 
2023/11/12, , 39, , 22, 6, 2
2023/11/12, , 31, , 8, 2, 4
2023/11/12, , 41, , 20, 4, 6
2023/11/12, , 37, , 22, 5, 3
2023/11/12, , 37, , 22, 11, 6
2023/11/13, 120, 59, , 24, 6, 11
2023/11/13, 89, 44, , 22, 8, 5
2023/11/13, 96, 45, , 23, 10, 8
2023/11/13, 101, 48, , 24, 9, 5
2023/11/13, 85, 43, , 9, 4, 7
2023/11/14, 130, 65, , 19, 8, 10
2023/11/14, 150, 66, , 18, 6, 10
2023/11/14, 120, 51, , 9, 4, 7
2023/11/14, 114, 58, , 20, 7, 8
2023/11/14, 127, 66, , 22, 8, 8
2023/11/15, 163, 22, , 11, 3, 4
2023/11/15, 163, 25, , 11, 6, 1
2023/11/15, 153, 22, , 11, 5, 2
2023/11/15, 141, 17, , 6, 2, 2
2023/11/15, 166, 20, , 11, 3, 3
2023/11/16, 61, 29, , 10, 4, 3
2023/11/16, 68, 33, , 10, 6, 2
2023/11/16, 58, 34, , 11, 5, 3
2023/11/16, 43, 28, , 9, 3, 2
2023/11/16, 50, 21, , 12, 5, 4
2023/11/17, 74, 28, , 7, 3, 3
2023/11/17, 79, 29, , 11, 5, 3
2023/11/17, 112, 34, , 8, 4, 4
2023/11/17, 96, 34, , 11, 6, 2
2023/11/17, 93, 32, , 12, 6, 4
2023/11/18, 74, 26, , 12, 5, 3
2023/11/18, 88, 23, , 9, 4, 5
2023/11/18, 89, 30, , 13, 7, 2
2023/11/18, 84, 24, , 12, 6, 4
2023/11/18, 73, 21, , 8, 3, 3
2023/11/19, 55, 17, , 4, 2, 3
2023/11/19, 62, 27, , 13, 6, 4
2023/11/19, 63, 25, , 13, 8, 5
2023/11/19, 76, 26, , 15, 8, 3
2023/11/19, 81, 20, , 11, 4, 4
2023/11/20, 61, 44, , 16, 5, 6
2023/11/20, 67, 53, , 15, 4, 8
2023/11/20, 62, 45, , 16, 5, 5
2023/11/20, 49, 41, , 9, 6, 5
2023/11/20, 66, 50, , 17, 5, 6
2023/11/21, 130, 59, , 19, 5, 8
2023/11/21, 132, 62, , 16, 4, 9
2023/11/21, 124, 59, , 20, 4, 8
2023/11/21, 113, 66, , 21, 4, 9
2023/11/21, 111, 50, , 12, 3, 7
2023/11/22, 155, 17, , 5, 2, 2
2023/11/22, 157, 12, , 6, 2, 1
2023/11/22, 162, 17, , 5, 3, 1
2023/11/22, 166, 19, , 6, 3, 3
2023/11/22, 143, 14, , 5, 2, 1
2023/11/23, 64, 19, , 7, 3, 1
2023/11/23, 42, 19, , 7, 4, 3
2023/11/23, 48, 23, , 7, 7, 1
2023/11/23, 28, 17, , 8, 3, 3
2023/11/23, 28, 16, , 5, 3, 1
2023/11/24, 38, 18, , 4, 3, 2
2023/11/24, 45, 20, , 10, 6, 3
2023/11/24, 55, 23, , 9, 8, 2
2023/11/24, 57, 25, , 10, 4, 1
2023/11/24, 43, 25, , 9, 6, 3
2023/11/25, 55, 37, , 19, 7, 5
2023/11/25, 51, 30, , 19, 6, 7
2023/11/25, 66, 55, , 20, 7, 5
2023/11/25, 46, 28, , 6, 2, 4
2023/11/25, 51, 41, , 17, 6, 6
2023/11/26, 108, 59, , 19, 5, 6
2023/11/26, 112, 53, , 19, 9, 8
2023/11/26, 120, 66, , 19, 5, 8
2023/11/26, 114, 59, , 20, 8, 7
2023/11/26, 88, 53, , 14, 4, 6
2023/11/27, 138, 21, , 6, 3, 2
2023/11/27, 163, 29, , 12, 4, 3
2023/11/27, 145, 21, , 13, 8, 3
2023/11/27, 147, 23, , 14, 7, 4
2023/11/27, 153, 30, , 13, 9, 3
2023/11/28, 59, 20, , 10, 5, 2
2023/11/28, 51, 18, , 6, 2, 2
2023/11/28, 58, 20, , 8, 5, 2
2023/11/28, 77, 22, , 9, 7, 3
2023/11/28, 76, 25, , 10, 3, 3
2023/11/29, 47, 29, , 16, 8, 3
2023/11/29, 53, 26, , 15, 6, 3
2023/11/29, 47, 29, , 8, 2, 3
2023/11/29, 65, 37, , 17, 10, 3
2023/11/29, 65, 32, , 17, 3, 3
2023/11/30, 64, 28, , 7, 3, 3
2023/11/30, 77, 36, , 15, 4, 4
2023/11/30, 77, 38, , 16, 10, 3
2023/11/30, 60, 35, , 17, 10, 4
2023/11/30, 60, 33, , 16, 8, 4
2023/12/1, 90, 38, , 12, 4, 4
2023/12/1, 71, 35, , 14, 6, 4
2023/12/1, 72, 33, , 13, 7, 3
2023/12/1, 81, 35, , 13, 7, 4
2023/12/1, 65, 28, , 5, 3, 3
2023/12/2, 85, 38, , 16, 10, 5
2023/12/2, 85, 33, , 15, 6, 5
2023/12/2, 76, 35, , 12, 5, 3
2023/12/2, 65, 24, , 3, 2, 3
2023/12/2, 87, 38, , 13, 4, 5
2023/12/3, 74, 39, , 18, 6, 7
2023/12/3, 59, 34, , 8, 3, 5
2023/12/3, 100, 45, , 15, 4, 7
2023/12/3, 86, 46, , 18, 7, 7
2023/12/3, 79, 41, , 16, 6, 3
2023/12/4, 102, 66, , 16, 4, 9
2023/12/4, 111, 61, , 18, 10, 8
2023/12/4, 76, 49, , 5, 2, 6
2023/12/4, 101, 55, , 16, 5, 8
2023/12/4, 93, 64, , 17, 5, 5
2023/12/5, 159, 28, , 10, 5, 2
2023/12/5, 166, 26, , 9, 4, 5
2023/12/5, 162, 35, , 10, 6, 4
2023/12/5, 135, 23, , 6, 2, 3
2023/12/5, 160, 25, , 10, 4, 3
2023/12/6, 93, 25, , 13, 6, 2
2023/12/6, 87, 21, , 4, 2, 2
2023/12/6, 77, 22, , 15, 5, 3
2023/12/6, 87, 25, , 12, 5, 3
2023/12/6, 106, 30, , 14, 4, 4
2023/12/7, 45, 74, , 7, 4, 4
2023/12/7, 68, 72, , 7, 4, 4
2023/12/7, 53, 75, , 10, 8, 4
2023/12/7, 39, 69, , 4, 2, 4
2023/12/7, 45, 72, , 9, 4, 4
2023/12/8, 94, 31, , 7, 3, 3
2023/12/8, 93, 22, , 6, 7, 2
2023/12/8, 84, 21, , 8, 5, 2
2023/12/8, 84, 19, , 5, 6, 3
2023/12/8, 77, 20, , 3, 3, 1
2023/12/9, 94, 24, , 8, 5, 4
2023/12/9, 35, 24, , 7, 4, 2
2023/12/9, 46, 23, , 8, 3, 2
2023/12/9, 42, 25, , 7, 4, 5
2023/12/9, 55, 27, , 7, 7, 3
2023/12/10, 54, 28, , 10, 3, 3
2023/12/10, 52, 31, , 9, 8, 7
2023/12/10, 55, 21, , 3, 2, 4
2023/12/10, 52, 26, , 13, 9, 5
2023/12/10, 61, 29, , 8, 7, 3
2023/12/11, 70, 46, , 15, 12, 8
2023/12/11, 68, 38, , 19, 13, 8
2023/12/11, 73, 44, , 13, 7, 5
2023/12/11, 54, 38, , 6, 3, 6
2023/12/11, 66, 45, , 15, 3, 5
2023/12/12, 102, 33, , 7, 3, 4
2023/12/12, 107, 47, , 13, 11, 5
2023/12/12, 103, 47, , 14, 5, 5
2023/12/12, 108, 50, , 14, 11, 8
2023/12/12, 102, 42, , 18, 12, 8
2023/12/13, 93, 45, , 10, 5, 5
2023/12/13, 110, 51, , 15, 7, 7
2023/12/13, 116, 54, , 15, 5, 5
2023/12/13, 119, 55, , 13, 7, 5
2023/12/13, 120, 59, , 16, 9, 9
2023/12/14, 133, 37, , 7, 6, 1
2023/12/14, 137, 31, , 8, 6, 8
2023/12/14, 127, 33, , 10, 9, 2
2023/12/14, 128, 29, , 8, 2, 3
2023/12/14, 124, 29, , 4, 3, 3
2023/12/15, 71, 37, , 9, 9, 2
2023/12/15, 65, 22, , 9, 5, 2
2023/12/15, 67, 22, , 9, 6, 4
2023/12/15, 61, 19, , 7, 5, 4
2023/12/15, 62, 21, , 11, 5, 5
2023/12/16, 69, 30, , 11, 9, 4
2023/12/16, 51, 22, , 6, 3, 4
2023/12/16, 58, 26, , 10, 8, 4
2023/12/16, 58, 28, , 12, 7, 4
2023/12/16, 71, 26, , 9, 4, 2
2023/12/17, 55, 30, , 9, 5, 6
2023/12/17, 69, 44, , 19, 5, 7
2023/12/17, 59, 40, , 21, 11, 7
2023/12/17, 58, 41, , 19, 13, 7
2023/12/17, 65, 48, , 21, 15, 7
2023/12/18, 99, 54, , 18, 8, 10
2023/12/18, 111, 52, , 18, 10, 5
2023/12/18, 84, 50, , 10, 3, 5
2023/12/18, 97, 53, , 19, 6, 6
2023/12/18, 122, 55, , 20, 9, 7
2023/12/19, 124, 48, , 12, 3, 3
2023/12/19, 135, 42, , 17, 8, 5
2023/12/19, 134, 49, , 17, 3, 5
2023/12/19, 140, 56, , 15, 9, 6
2023/12/19, 133, 41, , 14, 9, 6
2023/12/20, 138, 49, , 16, 11, 4
2023/12/20, 120, 38, , 15, 6, 5
2023/12/20, 124, 49, , 13, 3, 3
2023/12/20, 124, 41, , 14, 11, 1
2023/12/20, 138, 47, , 17, 4, 5
2023/12/21, 116, 43, , 10, 4, 2
2023/12/21, 95, 44, , 23, 12, 6
2023/12/21, 117, 51, , 20, 7, 5
2023/12/21, 91, 50, , 22, 10, 3
2023/12/21, 128, 51, , 18, 5, 5
2023/12/22, 106, 56, , 28, 16, 9
2023/12/22, 111, 57, , 27, 15, 6
2023/12/22, 102, 53, , 12, 4, 5
2023/12/22, 122, 58, , 23, 7, 8
2023/12/22, 120, 62, , 26, 12, 8
2023/12/23, 148, 62, , 21, 13, 7
2023/12/23, 132, 56, , 11, 5, 5
2023/12/23, 137, 58, , 21, 11, 8
2023/12/23, 145, 66, , 21, 5, 9
2023/12/23, 133, 58, , 19, 11, 9
2023/12/24, 137, 55, , 19, 8, 7
2023/12/24, 156, 60, , 16, 5, 6
2023/12/24, 138, 57, , 17, 8, 7
2023/12/24, 146, 62, , 19, 12, 6
2023/12/24, 132, 50, , 8, 4, 2
2023/12/25, 116, 39, , 11, 5, 3
2023/12/25, 133, 45, , 16, 7, 5
2023/12/25, 121, 43, , 16, 7, 4
2023/12/25, 118, 41, , 17, 7, 5
2023/12/25, 127, 40, , 15, 4, 6
2023/12/26, 107, 48, , 20, 7, 7
2023/12/26, 112, 54, , 19, 8, 6
2023/12/26, 98, 54, , 21, 7, 7
2023/12/26, 116, 58, , 18, 4, 8
2023/12/26, 86, 34, , 4, 2, 4
2023/12/27, 123, 60, , 23, 9, 10
2023/12/27, 90, 61, , 15, 5, 11
2023/12/27, 133, 72, , 22, 9, 10
2023/12/27, 146, 68, , 21, 6, 11
2023/12/27, 124, 65, , 23, 10, 7
2023/12/28, 137, 52, , 9, 4, 8
2023/12/28, 159, 65, , 23, 8, 8
2023/12/28, 168, 64, , 23, 4, 11
2023/12/28, 150, 57, , 23, 8, 9
2023/12/28, 148, 65, , 24, 8, 6
2023/12/29, 146, 69, , 23, 8, 10
2023/12/29, 155, 65, , 19, 6, 12
2023/12/29, 129, 63, , 10, 4, 12
2023/12/29, 139, 57, , 23, 6, 11
2023/12/29, 144, 68, , 24, 9, 10
2023/12/30, 179, 38, , 16, 5, 5
2023/12/30, 183, 45, , 17, 11, 5
2023/12/30, 157, 36, , 8, 4, 4
2023/12/30, 182, 38, , 15, 8, 8
2023/12/30, 171, 45, , 13, 5, 6
2023/12/31, 105, 58, , 14, 5, 8
2023/12/31, 94, 63, , 19, 7, 8
2023/12/31, 128, 70, , 18, 10, 8
2023/12/31, 88, 53, , 10, 5, 7
2023/12/31, 107, 68, , 18, 9, 7
2024/1/1, 156, 74, , 20, 6, 12
2024/1/1, 160, 82, , 24, 11, 11
2024/1/1, 154, 69, , 27, 13, 12
2024/1/1, 135, 65, , 11, 5, 9
2024/1/1, 156, 78, , 26, 11, 10
2024/1/2, 174, 69, , 22, 9, 6
2024/1/2, 173, 67, , 18, 4, 11
2024/1/2, 173, 65, , 22, 12, 10
2024/1/2, 177, 71, , 18, 9, 8
2024/1/2, 160, 63, , 11, 5, 8
2024/1/3, 155, 44, , 4, 4, 5
2024/1/3, 165, 47, , 11, 4, 7
2024/1/3, 163, 51, , 11, 8, 5
2024/1/3, 156, 46, , 10, 6, 6
2024/1/3, 157, 50, , 13, 7, 3
2024/1/4, 126, 43, , 14, 10, 3
2024/1/4, 118, 35, , 12, 6, 3
2024/1/4, 121, 37, , 14, 3, 4
2024/1/4, 113, 41, , 12, 5, 6
2024/1/4, 108, 32, , 5, 3, 2
2024/1/5, 92, 53, , 15, 8, 5
2024/1/5, 82, 48, , 17, 7, 5
2024/1/5, 63, 43, , 5, 3, 4
2024/1/5, 89, 54, , 14, 3, 7
2024/1/5, 81, 49, , 15, 5, 9
2024/1/6, 114, 27, , 8, 6, 3
2024/1/6, 98, 25, , 3, 4, 3
2024/1/6, 121, 29, , 8, 3, 4
2024/1/6, 122, 30, , 6, 9, 3
2024/1/6, 109, 26, , 6, 4, 4
2024/1/7, 52, 32, , 6, 5, 5
2024/1/7, 61, 40, , 12, 4, 5
2024/1/7, 66, 42, , 12, 8, 7
2024/1/7, 57, 38, , 12, 6, 5
2024/1/7, 57, 42, , 11, 6, 3
2024/1/8, 81, 49, , 15, 5, 4
2024/1/8, 82, 45, , 16, 6, 6
2024/1/8, 72, 46, , 11, 3, 5
2024/1/8, 94, 49, , 16, 7, 6
2024/1/8, 93, 61, , 20, 6, 9
2024/1/9, 128, 37, , 11, 11, 5
2024/1/9, 133, 36, , 13, 4, 6
2024/1/9, 113, 30, , 2, 3, 4
2024/1/9, 115, 34, , 11, 6, 4
2024/1/9, 116, 44, , 11, 4, 3
2024/1/10, 88, 51, , 14, 6, 4
2024/1/10, 96, 50, , 14, 4, 7
2024/1/10, 71, 51, , 14, 9, 6
2024/1/10, 85, 56, , 12, 7, 6
2024/1/10, 79, 43, , 8, 3, 5
2024/1/11, 119, 51, , 16, 5, 4
2024/1/11, 134, 45, , 16, 7, 4
2024/1/11, 105, 44, , 7, 5, 4
2024/1/11, 141, 51, , 17, 6, 6
2024/1/11, 141, 53, , 18, 8, 4
2024/1/12, 121, 54, , 14, 6, 4
2024/1/12, 117, 52, , 12, 4, 3
2024/1/12, 107, 47, , 13, 6, 5
2024/1/12, 117, 51, , 15, 4, 5
2024/1/12, 105, 49, , 5, 2, 5
2024/1/13, 117, 32, , 7, 7, 2
2024/1/13, 134, 37, , 7, 7, 4
2024/1/13, 135, 36, , 8, 4, 4
2024/1/13, 125, 33, , 7, 4, 1
2024/1/13, 130, 27, , 5, 3, 4
2024/1/14, 54, 35, , 13, 9, 3
2024/1/14, 57, 32, , 7, 4, 3
2024/1/14, 77, 51, , 17, 10, 4
2024/1/14, 62, 39, , 14, 8, 3
2024/1/14, 82, 46, , 14, 4, 5
2024/1/15, 64, 54, , 15, 4, 5
2024/1/15, 64, 47, , 14, 6, 6
2024/1/15, 59, 37, , 3, 3, 5
2024/1/15, 82, 46, , 14, 5, 6
2024/1/15, 84, 53, , 15, 7, 7
2024/1/16, 98, 55, , 15, 6, 7
2024/1/16, 88, 52, , 8, 3, 6
2024/1/16, 107, 55, , 14, 7, 7
2024/1/16, 114, 59, , 13, 7, 8
2024/1/16, 107, 59, , 16, 4, 6
2024/1/17, 141, 52, , 18, 3, 5
2024/1/17, 129, 46, , 8, 4, 3
2024/1/17, 143, 43, , 16, 5, 5
2024/1/17, 146, 54, , 22, 11, 5
2024/1/17, 153, 51, , 15, 7, 4
2024/1/18, 116, 69, , 21, 4, 6
2024/1/18, 111, 62, , 15, 6, 5
2024/1/18, 110, 53, , 20, 8, 5
2024/1/18, 110, 61, , 8, 3, 4
2024/1/18, 106, 54, , 18, 6, 7
2024/1/19, 155, 47, , 12, 3, 5
2024/1/19, 136, 41, , 10, 5, 5
2024/1/19, 142, 47, , 8, 5, 3
2024/1/19, 141, 40, , 4, 4, 3
2024/1/19, 132, 39, , 12, 7, 4
2024/1/20, 110, 40, , 9, 10, 1
2024/1/20, 109, 30, , 8, 3, 3
2024/1/20, 98, 28, , 9, 5, 4
2024/1/20, 87, 32, , 10, 8, 4
2024/1/20, 100, 30, , 5, 4, 2
2024/1/21, 71, 27, , 7, 4, 3
2024/1/21, 72, 33, , 14, 8, 5
2024/1/21, 67, 32, , 13, 10, 5
2024/1/21, 88, 40, , 11, 12, 2
2024/1/21, 76, 30, , 11, 5, 2
2024/1/22, 97, 48, , 17, 5, 6
2024/1/22, 86, 48, , 18, 12, 6
2024/1/22, 104, 60, , 17, 12, 4
2024/1/22, 82, 52, , 19, 11, 4
2024/1/22, 81, 48, , 11, 4, 5
2024/1/23, 130, 27, , 16, 8, 4
2024/1/23, 131, 36, , 17, 5, 6
2024/1/23, 127, 29, , 8, 4, 3
2024/1/23, 148, 40, , 15, 8, 3
2024/1/23, 127, 34, , 15, 6, 3
2024/1/24, 89, 55, , 21, 6, 6
2024/1/24, 76, 45, , 6, 4, 6
2024/1/24, 93, 56, , 21, 5, 8
2024/1/24, 82, 52, , 23, 18, 8
2024/1/24, 103, 56, , 20, 8, 6
2024/1/25, 132, 57, , 20, 7, 6
2024/1/25, 141, 56, , 18, 5, 7
2024/1/25, 137, 60, , 17, 8, 6
2024/1/25, 114, 55, , 11, 4, 6
2024/1/25, 133, 56, , 22, 15, 7
2024/1/26, 139, 57, , 23, 7, 5
2024/1/26, 136, 48, , 11, 5, 5
2024/1/26, 131, 60, , 24, 4, 6
2024/1/26, 143, 64, , 22, 5, 7
2024/1/26, 134, 56, , 25, 9, 7
2024/1/27, 151, 68, , 20, 5, 7
2024/1/27, 115, 48, , 6, 3, 5
2024/1/27, 133, 58, , 20, 8, 8
2024/1/27, 137, 67, , 22, 5, 6
2024/1/27, 138, 68, , 18, 8, 6
2024/1/28, 152, 74, , 23, 6, 7
2024/1/28, 148, 60, , 18, 6, 6
2024/1/28, 145, 51, , 17, 6, 5
2024/1/28, 151, 58, , 15, 6, 5
2024/1/28, 118, 49, , 9, 4, 5
2024/1/29, 117, 72, , 28, 10, 9
2024/1/29, 133, 76, , 26, 6, 9
2024/1/29, 144, 68, , 22, 5, 7
2024/1/29, 120, 65, , 8, 5, 7
2024/1/29, 126, 68, , 22, 12, 8
2024/1/30, 150, 49, , 9, 5, 4
2024/1/30, 165, 41, , 16, 9, 5
2024/1/30, 156, 51, , 16, 13, 5
2024/1/30, 161, 54, , 19, 8, 6
2024/1/30, 164, 50, , 15, 5, 4
2024/1/31, 115, 58, , 24, 15, 5
2024/1/31, 123, 67, , 13, 4, 6
2024/1/31, 125, 61, , 26, 9, 5
2024/1/31, 137, 70, , 25, 15, 6
2024/1/31, 144, 72, , 26, 4, 9
2024/2/1, 140, 70, , 32, 5, 7
2024/2/1, 152, 67, , 26, 11, 7
2024/2/1, 172, 82, , 27, 5, 10
2024/2/1, 133, 62, , 28, 13, 9
2024/2/1, 148, 55, , 10, 4, 5
2024/2/2, 172, 82, , 30, 6, 13
2024/2/2, 154, 75, , 31, 1, 7
2024/2/2, 144, 69, , 28, 9, 8
2024/2/2, 149, 79, , 31, 8, 7
2024/2/2, 136, 64, , 7, 4, 5
2024/2/3, 156, 66, , 27, 9, 10
2024/2/3, 155, 72, , 28, 2, 7
2024/2/3, 151, 58, , 6, 3, 5
2024/2/3, 175, 71, , 27, 7, 7
2024/2/3, 209, 70, , 25, 4, 12
2024/2/4, 167, 63, , 22, 9, 9
2024/2/4, 145, 65, , 17, 8, 7
2024/2/4, 159, 74, , 19, 4, 8
2024/2/4, 157, 68, , 15, 8, 5
2024/2/4, 135, 62, , 7, 6, 6
2024/2/5, 150, 83, , 29, 9, 10
2024/2/5, 158, 69, , 20, 10, 6
2024/2/5, 158, 63, , 7, 6, 6
2024/2/5, 159, 63, , 16, 9, 7
2024/2/5, 166, 67, , 19, 4, 6
2024/2/6, 149, 75, , 28, 8, 10
2024/2/6, 178, 77, , 20, 4, 11
2024/2/6, 155, 84, , 28, 7, 8
2024/2/6, 160, 81, , 25, 3, 8
2024/2/6, 149, 66, , 8, 4, 6
2024/2/7, 165, 72, , 22, 4, 7
2024/2/7, 171, 79, , 20, 10, 7
2024/2/7, 158, 52, , 5, 6, 6
2024/2/7, 176, 80, , 22, 4, 12
2024/2/7, 165, 65, , 24, 12, 9
2024/2/8, 138, 89, , 6, 5, 7
2024/2/8, 196, 184, , 17, 5, 13
2024/2/8, 161, 111, , 22, 4, 8
2024/2/8, 161, 73, , 16, 8, 9
2024/2/8, 172, 127, , 18, 10, 8
2024/2/9, 253, 135, , 12, 6, 12
2024/2/9, 213, 227, , 16, 14, 8
2024/2/9, 204, 261, , 20, 6, 8
2024/2/9, 189, 162, , 15, 13, 9
2024/2/9, 173, 189, , 6, 6, 7
2024/2/10, 277, 55, , 8, 8, 6
2024/2/10, 303, 60, , 9, 11, 4
2024/2/10, 297, 58, , 1, 4, 5
2024/2/10, 323, 61, , 10, 4, 4
2024/2/10, 314, 65, , 6, 5, 6
2024/2/11, 139, 53, , 9, 5, 4
2024/2/11, 133, 42, , 1, 3, 3
2024/2/11, 118, 51, , 5, 6, 7
2024/2/11, 150, 51, , 3, 5, 5
2024/2/11, 134, 58, , 5, 9, 4
2024/2/12, 116, 85, , 9, 11, 6
2024/2/12, 99, 74, , 4, 4, 5
2024/2/12, 116, 79, , 5, 8, 9
2024/2/12, 111, 79, , 8, 5, 4
2024/2/12, 109, 77, , 6, 7, 7
2024/2/13, 144, 38, , 6, 5, 5
2024/2/13, 131, 34, , 5, 3, 2
2024/2/13, 145, 40, , 8, 7, 2
2024/2/13, 136, 38, , 3, 3, 1
2024/2/13, 138, 40, , 11, 1, 1
2024/2/14, 36, 43, , 9, 5, 4
2024/2/14, 69, 48, , 10, 6, 4
2024/2/14, 53, 39, , 4, 3, 3
2024/2/14, 52, 46, , 12, 6, 4
2024/2/14, 63, 47, , 21, 3, 2
2024/2/15, 90, 39, , 2, 3, 3
2024/2/15, 128, 50, , 4, 3, 4
2024/2/15, 105, 54, , 5, 6, 5
2024/2/15, 113, 58, , 9, 6, 4
2024/2/15, 105, 49, , 16, 4, 2
2024/2/16, 74, 34, , 2, 3, 2
2024/2/16, 82, 41, , 4, 5, 4
2024/2/16, 88, 39, , 2, 3, 2
2024/2/16, 96, 48, , 12, 6, 3
2024/2/16, 84, 40, , 3, 2, 1
2024/2/17, 77, 19, , 6, 5, 4
2024/2/17, 86, 21, , 4, 7, 3
2024/2/17, 68, 16, , 4, 2, 3
2024/2/17, 93, 24, , 8, 5, 3
2024/2/17, 76, 20, , 4, 4, 2
2024/2/18, 72, 24, , 6, 2, 2
2024/2/18, 49, 23, , 4, 3, 2
2024/2/18, 59, 27, , 6, 4, 3
2024/2/18, 59, 24, , 5, 3, 3
2024/2/18, 72, 28, , 5, 4, 2
2024/2/19, 59, 30, , 9, 4, 4
2024/2/19, 60, 27, , 7, 6, 2
2024/2/19, 68, 28, , 6, 6, 2
2024/2/19, 73, 28, , 7, 3, 1
2024/2/19, 55, 28, , 7, 4, 2
2024/2/20, 63, 29, , 10, 7, 3
2024/2/20, 57, 26, , 8, 3, 3
2024/2/20, 59, 28, , 10, 3, 1
2024/2/20, 63, 39, , 18, 5, 5
2024/2/20, 61, 24, , 9, 7, 2
2024/2/21, 63, 31, , 18, 8, 4
2024/2/21, 65, 29, , 10, 2, 3
2024/2/21, 89, 51, , 22, 6, 6
2024/2/21, 71, 38, , 18, 6, 4
2024/2/21, 64, 38, , 19, 3, 4
2024/2/22, 79, 37, , 17, 5, 6
2024/2/22, 75, 30, , 6, 3, 4
2024/2/22, 90, 40, , 18, 5, 4
2024/2/22, 114, 52, , 23, 6, 6
2024/2/22, 88, 48, , 21, 4, 8
2024/2/23, 97, 66, , 13, 7, 5
2024/2/23, 120, 114, , 23, 11, 4
2024/2/23, 83, 43, , 5, 5, 5
2024/2/23, 110, 73, , 19, 6, 6
2024/2/23, 93, 71, , 15, 9, 5
2024/2/24, 100, 77, , 8, 5, 5
2024/2/24, 126, 68, , 11, 7, 4
2024/2/24, 121, 77, , 16, 10, 4
2024/2/24, 129, 67, , 11, 7, 4
2024/2/24, 132, 78, , 13, 5, 5
2024/2/25, 169, 55, , 20, 6, 4
2024/2/25, 162, 37, , 10, 5, 2
2024/2/25, 156, 37, , 10, 5, 3
2024/2/25, 157, 32, , 5, 3, 2
2024/2/25, 167, 38, , 12, 3, 3
2024/2/26, 60, 45, , 6, 4, 4
2024/2/26, 77, 52, , 14, 8, 5
2024/2/26, 99, 51, , 13, 4, 4
2024/2/26, 73, 50, , 14, 6, 5
2024/2/26, 76, 54, , 15, 4, 6
2024/2/27, 93, 57, , 12, 4, 4
2024/2/27, 92, 59, , 12, 3, 6
2024/2/27, 88, 60, , 10, 3, 5
2024/2/27, 105, 64, , 15, 7, 5
2024/2/27, 109, 60, , 14, 4, 6
2024/2/28, 157, 62, , 16, 6, 4
2024/2/28, 141, 53, , 13, 5, 3
2024/2/28, 146, 50, , 7, 3, 3
2024/2/28, 146, 58, , 16, 4, 4
2024/2/28, 144, 55, , 13, 3, 5
2024/2/29, 105, 43, , 8, 8, 2
2024/2/29, 100, 37, , 5, 4, 2
2024/2/29, 95, 37, , 7, 5, 4
2024/2/29, 92, 38, , 8, 7, 3
2024/2/29, 82, 35, , 4, 3, 2
2024/3/1, 57, 39, , 11, 7, 3
2024/3/1, 67, 45, , 13, 8, 2
2024/3/1, 56, 41, , 12, 7, 5
2024/3/1, 61, 43, , 13, 4, 3
2024/3/1, 47, 36, , 6, 3, 3
2024/3/2, 96, 32, , 11, 6, 2
2024/3/2, 77, 28, , 10, 7, 3
2024/3/2, 78, 29, , 9, 4, 4
2024/3/2, 76, 26, , 4, 3, 2
2024/3/2, 95, 33, , 11, 3, 3
2024/3/3, 55, 28, , 11, 5, 3
2024/3/3, 70, 37, , 15, 9, 2
2024/3/3, 59, 30, , 11, 4, 5
2024/3/3, 55, 26, , 6, 3, 3
2024/3/3, 75, 37, , 16, 4, 4
2024/3/4, 60, 29, , 19, 5, 4
2024/3/4, 64, 33, , 15, 3, 6
2024/3/4, 76, 35, , 17, 8, 4
2024/3/4, 58, 20, , 5, 3, 2
2024/3/4, 71, 41, , 16, 4, 5
2024/3/5, 57, 30, , 8, 4, 3
2024/3/5, 94, 45, , 20, 3, 5
2024/3/5, 64, 34, , 16, 4, 5
2024/3/5, 79, 49, , 21, 8, 4
2024/3/5, 69, 41, , 17, 4, 5
2024/3/6, 106, 44, , 13, 4, 3
2024/3/6, 82, 43, , 13, 2, 3
2024/3/6, 76, 39, , 14, 6, 4
2024/3/6, 97, 46, , 14, 3, 4
2024/3/6, 73, 31, , 4, 3, 3
2024/3/7, 68, 20, , 4, 2, 2
2024/3/7, 79, 22, , 9, 4, 3
2024/3/7, 95, 31, , 13, 3, 3
2024/3/7, 84, 23, , 7, 2, 2
2024/3/7, 91, 26, , 9, 4, 3
2024/3/8, 57, 44, , 18, 3, 5
2024/3/8, 68, 51, , 21, 6, 4
2024/3/8, 47, 28, , 5, 3, 3
2024/3/8, 55, 41, , 20, 7, 5
2024/3/8, 58, 41, , 16, 3, 5
2024/3/9, 103, 62, , 16, 6, 6
2024/3/9, 69, 48, , 6, 4, 6
2024/3/9, 84, 60, , 18, 6, 6
2024/3/9, 93, 55, , 18, 6, 7
2024/3/9, 94, 60, , 17, 4, 7
2024/3/10, 127, 70, , 21, 5, 6
2024/3/10, 107, 59, , 8, 3, 6
2024/3/10, 122, 67, , 20, 3, 6
2024/3/10, 119, 57, , 19, 5, 6
2024/3/10, 124, 67, , 21, 4, 7
2024/3/11, 129, 42, , 14, 4, 4
2024/3/11, 119, 32, , 5, 2, 2
2024/3/11, 135, 47, , 19, 5, 4
2024/3/11, 132, 42, , 17, 3, 3
2024/3/11, 119, 41, , 18, 6, 4
2024/3/12, 69, 41, , 5, 3, 2
2024/3/12, 87, 47, , 12, 4, 4
2024/3/12, 102, 51, , 13, 5, 3
2024/3/12, 97, 48, , 11, 4, 4
2024/3/12, 81, 45, , 12, 6, 4
2024/3/13, 96, 53, , 10, 5, 4
2024/3/13, 100, 59, , 12, 6, 4
2024/3/13, 84, 48, , 7, 4, 3
2024/3/13, 88, 52, , 10, 4, 4
2024/3/13, 93, 51, , 11, 5, 4
2024/3/14, 101, 74, , 11, 4, 5
2024/3/14, 100, 69, , 12, 6, 5
2024/3/14, 111, 85, , 14, 5, 5
2024/3/14, 112, 61, , 6, 4, 4
2024/3/14, 114, 76, , 10, 4, 4
2024/3/15, 123, 75, , 10, 5, 5
2024/3/15, 124, 74, , 12, 5, 4
2024/3/15, 123, 71, , 10, 3, 6
2024/3/15, 116, 67, , 12, 5, 5
2024/3/15, 101, 63, , 5, 4, 4
2024/3/16, 117, 17, , 3, 3, 1
2024/3/16, 125, 22, , 4, 2, 3
2024/3/16, 120, 22, , 5, 3, 3
2024/3/16, 116, 19, , 6, 4, 2
2024/3/16, 127, 21, , 5, 3, 1
2024/3/17, 38, 34, , 5, 3, 2
2024/3/17, 55, 38, , 7, 3, 4
2024/3/17, 53, 41, , 9, 4, 2
2024/3/17, 39, 40, , 8, 4, 4
2024/3/17, 36, 37, , 8, 5, 2
2024/3/18, 84, 27, , 6, 3, 2
2024/3/18, 91, 44, , 15, 4, 5
2024/3/18, 98, 34, , 11, 3, 3
2024/3/18, 86, 30, , 10, 3, 3
2024/3/18, 87, 36, , 11, 2, 5
2024/3/19, 88, 35, , 13, 4, 3
2024/3/19, 92, 37, , 13, 3, 5
2024/3/19, 70, 29, , 13, 6, 3
2024/3/19, 84, 34, , 11, 2, 5
2024/3/19, 67, 28, , 7, 3, 3
2024/3/20, 85, 43, , 13, 3, 3
2024/3/20, 85, 54, , 12, 4, 5
2024/3/20, 69, 31, , 3, 3, 3
2024/3/20, 65, 43, , 16, 4, 4
2024/3/20, 75, 47, , 14, 2, 4
2024/3/21, 106, 43, , 7, 4, 4
2024/3/21, 84, 28, , 3, 3, 3
2024/3/21, 97, 33, , 9, 4, 3
2024/3/21, 92, 37, , 8, 2, 4
2024/3/21, 99, 34, , 7, 4, 3
2024/3/22, 73, 45, , 10, 4, 4
2024/3/22, 83, 47, , 7, 2, 4
2024/3/22, 84, 53, , 8, 3, 5
2024/3/22, 83, 48, , 10, 4, 4
2024/3/22, 77, 42, , 5, 3, 5
2024/3/23, 116, 21, , 6, 5, 3
2024/3/23, 99, 13, , 1, 3, 2
2024/3/23, 108, 24, , 5, 2, 2
2024/3/23, 107, 19, , 6, 3, 2
2024/3/23, 117, 20, , 4, 3, 1
2024/3/24, 50, 42, , 9, 4, 3
2024/3/24, 32, 29, , 10, 5, 3
2024/3/24, 44, 27, , 6, 4, 2
2024/3/24, 27, 17, , 2, 3, 2
2024/3/24, 35, 30, , 10, 4, 2
2024/3/25, 48, 22, , 3, 3, 2
2024/3/25, 69, 46, , 13, 5, 3
2024/3/25, 61, 38, , 13, 5, 4
2024/3/25, 60, 32, , 9, 4, 3
2024/3/25, 58, 41, , 17, 5, 5
2024/3/26, 73, 63, , 11, 4, 5
2024/3/26, 85, 68, , 13, 3, 5
2024/3/26, 69, 71, , 14, 4, 5
2024/3/26, 86, 72, , 13, 4, 7
2024/3/26, 51, 55, , 4, 4, 4
2024/3/27, 135, 244, , 6, 3, 3
2024/3/27, 145, 286, , 7, 4, 3
2024/3/27, 143, 282, , 4, 2, 2
2024/3/27, 157, 275, , 4, 3, 3
2024/3/27, 135, 237, , 2, 3, 2
2024/3/28, 119, 95, , 6, 4, 1
2024/3/28, 108, 80, , 3, 3, 2
2024/3/28, 89, 79, , 2, 3, 1
2024/3/28, 90, 74, , 5, 3, 2
2024/3/28, 112, 84, , 4, 2, 1
2024/3/29, 58, 54, , 4, 2, 2
2024/3/29, 47, 46, , 3, 3, 2
2024/3/29, 66, 58, , 6, 4, 2
2024/3/29, 54, 50, , 3, 3, 3
2024/3/29, 47, 49, , 5, 3, 2
2024/3/30, 52, 40, , 4, 3, 2
2024/3/30, 54, 51, , 7, 4, 5
2024/3/30, 56, 46, , 8, 3, 1
2024/3/30, 44, 40, , 7, 4, 3
2024/3/30, 52, 42, , 5, 3, 3
2024/3/31, 66, 54, , 7, 3, 4
2024/3/31, 108, 64, , 14, 4, 7
2024/3/31, 76, 63, , 14, 5, 3
2024/3/31, 62, 50, , 12, 4, 4
2024/3/31, 64, 68, , 14, 2, 5
2024/4/1, 116, 78, , 17, 5, 4
2024/4/1, 135, 77, , 17, 3, 6
2024/4/1, 92, 72, , 19, 5, 5
2024/4/1, 130, 91, , 15, 4, 7
2024/4/1, 109, 71, , 6, 4, 4
2024/4/2, 150, 51, , 8, 2, 2
2024/4/2, 146, 42, , 6, 3, 3
2024/4/2, 154, 42, , 8, 4, 2
2024/4/2, 155, 47, , 8, 4, 2
2024/4/2, 166, 43, , 9, 3, 4
2024/4/3, 68, 45, , 5, 3, 3
2024/4/3, 71, 61, , 14, 3, 4
2024/4/3, 85, 57, , 12, 2, 2
2024/4/3, 73, 47, , 11, 4, 4
2024/4/3, 86, 58, , 14, 5, 4
2024/4/4, 132, 104, , 17, 4, 7
2024/4/4, 126, 106, , 19, 5, 6
2024/4/4, 110, 105, , 21, 6, 8
2024/4/4, 109, 108, , 19, 3, 5
2024/4/4, 90, 90, , 7, 4, 6
2024/4/5, 181, 65, , 9, 6, 5
2024/4/5, 213, 67, , 6, 4, 4
2024/4/5, 174, 71, , 9, 3, 3
2024/4/5, 174, 66, , 5, 4, 5
2024/4/5, 183, 73, , 8, 5, 4
2024/4/6, 106, 60, , 9, 4, 4
2024/4/6, 121, 69, , 9, 3, 2
2024/4/6, 113, 75, , 8, 3, 3
2024/4/6, 119, 77, , 7, 4, 3
2024/4/6, 108, 59, , 3, 3, 3
2024/4/7, 71, 46, , 8, 4, 4
2024/4/7, 79, 47, , 8, 4, 4
2024/4/7, 99, 61, , 9, 3, 3
2024/4/7, 92, 53, , 6, 4, 2
2024/4/7, 75, 44, , 4, 4, 3
2024/4/8, 101, 48, , 16, 5, 4
2024/4/8, 107, 52, , 5, 4, 3
2024/4/8, 120, 58, , 17, 3, 5
2024/4/8, 108, 85, , 23, 4, 6
2024/4/8, 117, 55, , 12, 4, 3
2024/4/9, 131, 109, , 23, 5, 9
2024/4/9, 128, 114, , 20, 6, 8
2024/4/9, 155, 121, , 21, 6, 11
2024/4/9, 117, 102, , 21, 6, 7
2024/4/9, 129, 102, , 11, 6, 7
2024/4/10, 202, 72, , 10, 5, 5
2024/4/10, 220, 67, , 9, 4, 6
2024/4/10, 199, 69, , 4, 4, 4
2024/4/10, 201, 73, , 9, 3, 5
2024/4/10, 193, 64, , 9, 4, 3
2024/4/11, 142, 134, , 7, 8, 5
2024/4/11, 144, 84, , 3, 5, 3
2024/4/11, 150, 149, , 7, 6, 4
2024/4/11, 138, 118, , 7, 4, 2
2024/4/11, 154, 137, , 6, 4, 4
2024/4/12, 107, 55, , 7, 4, 1
2024/4/12, 116, 58, , 7, 3, 4
2024/4/12, 106, 50, , 9, 5, 4
2024/4/12, 99, 49, , 3, 4, 3
2024/4/12, 114, 60, , 8, 5, 5
2024/4/13, 81, 43, , 6, 4, 2
2024/4/13, 90, 48, , 4, 4, 2
2024/4/13, 89, 45, , 7, 4, 4
2024/4/13, 93, 51, , 6, 2, 4
2024/4/13, 98, 49, , 6, 3, 4
2024/4/14, 80, 80, , 18, 3, 7
2024/4/14, 88, 80, , 16, 4, 7
2024/4/14, 91, 82, , 17, 4, 7
2024/4/14, 95, 77, , 9, 3, 5
2024/4/14, 76, 75, , 18, 4, 6
2024/4/15, 158, 125, , 9, 3, 4
2024/4/15, 154, 120, , 8, 3, 4
2024/4/15, 167, 103, , 4, 3, 2
2024/4/15, 156, 117, , 9, 3, 3
2024/4/15, 152, 124, , 8, 1, 3
2024/4/16, 82, 59, , 13, 3, 4
2024/4/16, 83, 53, , 3, 3, 2
2024/4/16, 96, 57, , 14, 3, 5
2024/4/16, 94, 65, , 14, 2, 4
2024/4/16, 101, 61, , 13, 3, 4
2024/4/17, 82, 59, , 9, 4, 4
2024/4/17, 75, 58, , 9, 4, 3
2024/4/17, 60, 59, , 5, 4, 2
2024/4/17, 79, 64, , 9, 2, 3
2024/4/17, 78, 69, , 9, 4, 3
2024/4/18, 92, 64, , 15, 6, 5
2024/4/18, 93, 70, , 10, 6, 4
2024/4/18, 80, 66, , 16, 5, 3
2024/4/18, 88, 67, , 17, 4, 5
2024/4/18, 80, 57, , 16, 6, 6
2024/4/19, 166, 122, , 19, 5, 7
2024/4/19, 169, 114, , 21, 6, 9
2024/4/19, 163, 123, , 13, 7, 7
2024/4/19, 160, 126, , 21, 5, 5
2024/4/19, 176, 123, , 23, 5, 8
2024/4/20, 271, 83, , 18, 3, 7
2024/4/20, 277, 77, , 18, 3, 6
2024/4/20, 282, 68, , 6, 4, 5
2024/4/20, 285, 85, , 23, 2, 8
2024/4/20, 270, 75, , 21, 4, 8
2024/4/21, 223, 60, , 4, 4, 2
2024/4/21, 236, 60, , 14, 4, 5
2024/4/21, 231, 64, , 14, 3, 5
2024/4/21, 250, 70, , 16, 2, 5
2024/4/21, 243, 66, , 13, 3, 4
2024/4/22, 101, 43, , 5, 4, 2
2024/4/22, 110, 55, , 18, 2, 5
2024/4/22, 82, 51, , 16, 4, 5
2024/4/22, 107, 50, , 13, 3, 5
2024/4/22, 107, 49, , 17, 3, 4
2024/4/23, 89, 40, , 9, 3, 4
2024/4/23, 98, 41, , 10, 2, 3
2024/4/23, 81, 36, , 8, 2, 4
2024/4/23, 82, 36, , 6, , 4
2024/4/23, 94, 36, , 9, 4, 4
2024/4/24, 93, 49, , 8, 2, 2
2024/4/24, 108, 41, , 4, 4, 2
2024/4/24, 89, 42, , 7, 4, 4
2024/4/24, 88, 45, , 6, 3, 3
2024/4/24, 99, 53, , 8, 4, 3
2024/4/25, 80, 47, , 12, 4, 2
2024/4/25, 69, 49, , 13, 3, 3
2024/4/25, 61, 47, , 6, 4, 3
2024/4/25, 61, 40, , 12, 4, 4
2024/4/25, 67, 46, , 12, 3, 3
2024/4/26, 96, 38, , 10, 3, 2
2024/4/26, 106, 39, , 6, 4, 2
2024/4/26, 90, 39, , 9, 3, 2
2024/4/26, 89, 38, , 10, 4, 4
2024/4/26, 102, 47, , 11, 2, 2
2024/4/27, 109, 30, , 6, 3, 1
2024/4/27, 111, 29, , 9, 3, 1
2024/4/27, 106, 31, , 9, 3, 3
2024/4/27, 120, 34, , 10, 3, 1
2024/4/27, 121, 34, , 10, 2, 1
2024/4/28, 71, 55, , 15, 3, 1
2024/4/28, 59, 56, , 14, 4, 5
2024/4/28, 60, 57, , 15, 3, 3
2024/4/28, 62, 41, , 5, 4, 2
2024/4/28, 72, 60, , 14, 4, 3
2024/4/29, 142, 43, , 15, 3, 3
2024/4/29, 134, 38, , 13, 3, 2
2024/4/29, 106, 27, , 3, 4, 1
2024/4/29, 133, 37, , 12, 3, 4
2024/4/29, 135, 45, , 14, 2, 2
2024/4/30, 112, 45, , 11, 4, 2
2024/4/30, 76, 27, , 3, 4, 2
2024/4/30, 112, 47, , 14, 2, 3
2024/4/30, 100, 42, , 12, 3, 2
2024/4/30, 94, 37, , 9, 4, 3
2024/5/1, 79, 58, , 12, 3, 5
2024/5/1, 58, 51, , 11, 5, 4
2024/5/1, 62, 50, , 4, 4, 3
2024/5/1, 72, 58, , 10, 4, 3
2024/5/1, 77, 54, , 9, 4, 3
2024/5/2, 85, 60, , 8, 3, 5
2024/5/2, 77, 58, , 8, 5, 4
2024/5/2, 80, 53, , 4, 4, 3
2024/5/2, 86, 68, , 8, 5, 3
2024/5/2, 91, 57, , 9, 4, 3
2024/5/3, 97, 46, , 5, 4, 3
2024/5/3, 83, 48, , 6, 4, 3
2024/5/3, 80, 46, , 3, 4, 3
2024/5/3, 87, 53, , 5, 3, 4
2024/5/3, 97, 61, , 6, 4, 2
2024/5/4, 88, 35, , 6, 3, 3
2024/5/4, 78, 47, , 3, 4, 1
2024/5/4, 86, 40, , 6, 4, 2
2024/5/4, 77, 36, , 7, 4, 3
2024/5/4, 80, 38, , 7, 2, 3
2024/5/5, 64, 57, , 9, 2, 3
2024/5/5, 68, 54, , 9, 3, 3
2024/5/5, 64, 52, , 4, 3, 1
2024/5/5, 65, 59, , 7, 4, 2
2024/5/5, 56, 55, , 8, 4, 3
2024/5/6, 111, 46, , 7, 3, 1
2024/5/6, 97, 33, , 3, 4, 1
2024/5/6, 101, 47, , 11, 2, 3
2024/5/6, 106, 42, , 10, 3, 2
2024/5/6, 109, 42, , 10, 3, 2
2024/5/7, 77, 50, , 14, 2, 3
2024/5/7, 61, 43, , 16, 2, 3
2024/5/7, 71, 42, , 12, 3, 2
2024/5/7, 71, 50, , 13, 4, 2
2024/5/7, 57, 30, , 3, 3, 1
2024/5/8, 91, 77, , 6, 3, 1
2024/5/8, 71, 55, , 7, 2, 2
2024/5/8, 83, 71, , 7, 2, 2
2024/5/8, 83, 57, , 7, 3, 3
2024/5/8, 60, 54, , 1, 3, 1
2024/5/9, 69, 47, , 6, 3, 4
2024/5/9, 42, 39, , 3, 3, 2
2024/5/9, 63, 47, , 8, 2, 4
2024/5/9, 65, 60, , 7, 3, 3
2024/5/9, 47, 44, , 7, 2, 3
2024/5/10, 75, 53, , 2, 3, 1
2024/5/10, 83, 57, , 3, 3, 2
2024/5/10, 77, 57, , 4, 2, 1
2024/5/10, 79, 52, , 5, 1, 1
2024/5/10, 77, 65, , 4, 3, 1
2024/5/11, 26, 22, , 7, 2, 2
2024/5/11, 50, 26, , 8, , 2
2024/5/11, 51, 23, , 9, 3, 4
2024/5/11, 44, 25, , 7, 3, 3
2024/5/11, 33, 18, , 2, 3, 1
2024/5/12, 55, 38, , 9, 4, 2
2024/5/12, 45, 29, , 4, 4, 1
2024/5/12, 63, 30, , 8, 3, 3
2024/5/12, 58, 36, , 9, 2, 2
2024/5/12, 66, 31, , 9, 2, 2
2024/5/13, 55, 41, , 6, 2, 2
2024/5/13, 49, 41, , 5, 4, 2
2024/5/13, 53, 41, , 7, 3, 3
2024/5/13, 64, 44, , 5, 3, 4
2024/5/13, 61, 45, , 6, 4, 3
2024/5/14, 53, 17, , 8, 2, 1
2024/5/14, 49, 13, , 4, 3, 1
2024/5/14, 60, 18, , 10, 3, 2
2024/5/14, 105, 16, , 7, 2, 1
2024/5/14, 66, 16, , 6, 3, 1
2024/5/15, 19, 12, , 2, 3, 1
2024/5/15, 33, 29, , 11, 3, 2
2024/5/15, 37, 30, , 14, 2, 3
2024/5/15, 26, 35, , 15, 2, 4
2024/5/15, 37, 31, , 11, 3, 2
2024/5/16, 54, 42, , 13, 3, 3
2024/5/16, 54, 46, , 9, 4, 3
2024/5/16, 62, 46, , 15, 3, 4
2024/5/16, 31, 33, , 5, 4, 3
2024/5/16, 50, 38, , 12, 3, 3
2024/5/17, 58, 45, , 6, 3, 3
2024/5/17, 64, 46, , 7, 4, 2
2024/5/17, 58, 42, , 8, 2, 3
2024/5/17, 75, 38, , 8, 3, 2
2024/5/17, 63, 41, , 8, 3, 2
2024/5/18, 66, 16, , 5, 2, 1
2024/5/18, 65, 19, , 5, 3, 
2024/5/18, 64, 14, , 3, 3, 
2024/5/18, 75, 22, , 6, 2, 1
2024/5/18, 63, 17, , 8, 2, 
2024/5/19, 37, 20, , 7, 2, 1
2024/5/19, 30, 11, , 2, , 
2024/5/19, 39, 26, , 7, 3, 1
2024/5/19, 30, 22, , 9, 2, 2
2024/5/19, 45, 19, , 9, 2, 1
2024/5/20, 40, 37, , 6, 4, 3
2024/5/20, 49, 27, , 6, 3, 2
2024/5/20, 43, 33, , 7, 2, 3
2024/5/20, 52, 30, , 7, 3, 2
2024/5/20, 34, 24, , 3, 4, 3
2024/5/21, 43, 42, , 5, 3, 3
2024/5/21, 43, 52, , 7, 3, 3
2024/5/21, 33, 42, , 4, 3, 5
2024/5/21, 45, 48, , 6, 2, 3
2024/5/21, 57, 42, , 7, 3, 4
2024/5/22, 57, 26, , 7, 3, 2
2024/5/22, 64, 24, , 3, 3, 3
2024/5/22, 68, 23, , 8, 2, 1
2024/5/22, 75, 21, , 8, 3, 1
2024/5/22, 50, 28, , 6, 3, 1
2024/5/23, 52, 17, , 6, 3, 3
2024/5/23, 48, 19, , 10, 2, 1
2024/5/23, 43, 25, , 11, 2, 1
2024/5/23, 53, 22, , 9, 3, 2
2024/5/23, 45, 28, , 13, 3, 2
2024/5/24, 50, 38, , 16, 2, 3
2024/5/24, 53, 29, , 13, 3, 1
2024/5/24, 29, 14, , 3, 3, 3
2024/5/24, 47, 31, , 16, 2, 2
2024/5/24, 47, 27, , 12, , 2
2024/5/25, 56, 8, , 6, 1, 2
2024/5/25, 47, 9, , 4, 3, 2
2024/5/25, 35, 9, , 1, 3, 4
2024/5/25, 64, 9, , 5, 2, 1
2024/5/25, 48, 8, , 3, 2, 2
2024/5/26, 24, 14, , 5, 2, 3
2024/5/26, 35, 17, , 5, 2, 2
2024/5/26, 25, 13, , 5, 3, 2
2024/5/26, 30, 8, , 1, , 3
2024/5/26, 29, 17, , 7, , 3
2024/5/27, 38, 17, , 6, 2, 2
2024/5/27, 35, 19, , 8, 2, 1
2024/5/27, 32, 20, , 6, 3, 2
2024/5/27, 33, 19, , 7, 2, 2
2024/5/27, 14, 15, , 3, 3, 3
2024/5/28, 39, 24, , 9, 3, 3
2024/5/28, 37, 20, , 4, 3, 3
2024/5/28, 39, 25, , 11, 2, 3
2024/5/28, 51, 25, , 9, 2, 2
2024/5/28, 43, 23, , 7, 3, 3
2024/5/29, 58, 26, , 7, 3, 2
2024/5/29, 58, 26, , 6, 2, 4
2024/5/29, 60, 31, , 5, 3, 3
2024/5/29, 59, 24, , 9, 2, 2
2024/5/29, 70, 24, , 8, 2, 3
2024/5/30, 54, 15, , 4, 2, 2
2024/5/30, 61, 12, , 5, 2, 1
2024/5/30, 54, 15, , 7, 2, 1
2024/5/30, 62, 9, , 3, 3, 1
2024/5/30, 52, 13, , 6, 3, 1
2024/5/31, 30, 15, , 7, 3, 2
2024/5/31, 35, 16, , 8, 2, 2
2024/5/31, 28, 15, , 5, 3, 2
2024/5/31, 32, 15, , 9, 2, 1
2024/5/31, 38, 14, , 7, 3, 2
2024/6/1, 34, 20, , 9, 3, 2
2024/6/1, 33, 15, , 7, 3, 3
2024/6/1, 31, 8, , 2, 3, 1
2024/6/1, 34, 19, , 10, 2, 3
2024/6/1, 49, 17, , 10, 2, 3
2024/6/2, 21, 11, , 2, 3, 1
2024/6/2, 35, 22, , 11, 3, 2
2024/6/2, 32, 22, , 12, 3, 3
2024/6/2, 41, 30, , 15, 1, 4
2024/6/2, 50, 29, , 14, 3, 4
2024/6/3, 40, 32, , 16, 3, 2
2024/6/3, 25, 26, , 8, 4, 2
2024/6/3, 59, 38, , 17, 3, 3
2024/6/3, 52, 42, , 17, 2, 5
2024/6/3, 44, 35, , 16, 3, 3
2024/6/4, 73, 41, , 11, 4, 3
2024/6/4, 56, 44, , 13, 4, 3
2024/6/4, 58, 40, , 12, 3, 3
2024/6/4, 53, 32, , 8, 4, 3
2024/6/4, 66, 42, , 13, 3, 4
2024/6/5, 70, 30, , 8, 3, 2
2024/6/5, 64, 35, , 9, 4, 2
2024/6/5, 54, 32, , 8, 2, 4
2024/6/5, 57, 24, , 7, 3, 3
2024/6/5, 63, 28, , 7, 4, 3
2024/6/6, 43, 25, , 7, 3, 3
2024/6/6, 58, 31, , 9, 3, 2
2024/6/6, 56, 34, , 11, 3, 2
2024/6/6, 55, 28, , 8, 3, 3
2024/6/6, 45, 38, , 10, 2, 4
2024/6/7, 60, 21, , 7, 2, 4
2024/6/7, 56, 18, , 3, 3, 2
2024/6/7, 66, 21, , 6, 2, 2
2024/6/7, 58, 19, , 5, 3, 3
2024/6/7, 54, 22, , 7, 3, 2
2024/6/8, 50, 16, , 3, 3, 2
2024/6/8, 62, 17, , 6, 2, 2
2024/6/8, 49, 19, , 7, 1, 4
2024/6/8, 57, 19, , 8, 3, 2
2024/6/8, 53, 16, , 6, 3, 3
2024/6/9, 43, 27, , 15, 3, 3
2024/6/9, 39, 21, , 13, 3, 3
2024/6/9, 32, 15, , 8, 3, 1
2024/6/9, 39, 33, , 15, 1, 5
2024/6/9, 49, 27, , 15, 3, 3
2024/6/10, 51, 38, , 11, 3, 3
2024/6/10, 55, 38, , 14, 2, 5
2024/6/10, 25, 27, , 11, 3, 3
2024/6/10, 36, 39, , 12, 4, 3
2024/6/10, 35, 33, , 11, 4, 4
2024/6/11, 61, 26, , 9, 2, 2
2024/6/11, 57, 20, , 3, 2, 3
2024/6/11, 68, 18, , 7, 2, 3
2024/6/11, 54, 23, , 8, 2, 4
2024/6/11, 59, 18, , 6, 3, 2
2024/6/12, 51, 30, , 9, 2, 3
2024/6/12, 47, 32, , 15, 3, 3
2024/6/12, 62, 34, , 15, 3, 4
2024/6/12, 56, 34, , 13, 2, 4
2024/6/12, 51, 37, , 13, 2, 4
2024/6/13, 57, 17, , 7, 3, 3
2024/6/13, 61, 14, , 6, 3, 5
2024/6/13, 73, 17, , 7, 2, 3
2024/6/13, 58, 15, , 3, 2, 2
2024/6/13, 54, 18, , 7, , 3
2024/6/14, 34, 12, , 3, 2, 2
2024/6/14, 53, 14, , 4, 2, 2
2024/6/14, 45, 15, , 5, 3, 1
2024/6/14, 37, 15, , 4, 2, 2
2024/6/14, 31, 14, , 4, 3, 2
2024/6/15, 30, 21, , 12, 3, 1
2024/6/15, 35, 18, , 10, 2, 2
2024/6/15, 24, 18, , 9, 2, 1
2024/6/15, 30, 18, , 11, 3, 2
2024/6/15, 23, 19, , 10, , 2
2024/6/16, 30, 21, , 8, 3, 2
2024/6/16, 48, 17, , 8, 3, 2
2024/6/16, 33, 21, , 9, 2, 2
2024/6/16, 34, 18, , 7, 2, 2
2024/6/16, 33, 20, , 9, 3, 3
2024/6/17, 38, 28, , 15, 3, 1
2024/6/17, 45, 26, , 15, 3, 1
2024/6/17, 34, 15, , 8, 2, 1
2024/6/17, 44, 31, , 18, 3, 3
2024/6/17, 36, 38, , 19, 2, 2
2024/6/18, 31, 48, , 16, 4, 3
2024/6/18, 25, 35, , 13, 2, 3
2024/6/18, 53, 43, , 16, 3, 3
2024/6/18, 43, 45, , 18, 2, 3
2024/6/18, 26, 41, , 19, 4, 3
2024/6/19, 68, 33, , 11, 3, 4
2024/6/19, 55, 38, , 16, 2, 4
2024/6/19, 54, 37, , 12, 4, 3
2024/6/19, 52, 33, , 14, 4, 3
2024/6/19, 54, 26, , 11, 2, 3
2024/6/20, 56, 48, , 28, 7, 4
2024/6/20, 57, 32, , 14, 3, 3
2024/6/20, 49, 28, , 13, 2, 3
2024/6/20, 62, 35, , 18, 2, 4
2024/6/20, 57, 38, , 19, 2, 5
2024/6/21, 54, 78, , 7, 3, 2
2024/6/21, 65, 64, , 5, 2, 3
2024/6/21, 73, 69, , 7, 2, 2
2024/6/21, 61, 74, , 7, 2, 3
2024/6/21, 68, 70, , 6, 2, 3
2024/6/22, 80, 9, , 5, 2, 2
2024/6/22, 76, 11, , 3, 2, 1
2024/6/22, 74, 10, , 4, 2, 2
2024/6/22, 65, 10, , 5, 2, 2
2024/6/22, 73, 10, , 5, 3, 1
2024/6/23, 30, 7, , 4, 2, 2
2024/6/23, 31, 8, , 3, 2, 1
2024/6/23, 34, 6, , 4, 3, 1
2024/6/23, 35, 7, , 3, , 1
2024/6/23, 24, 7, , 4, 2, 2
2024/6/24, 13, 16, , 7, 2, 1
2024/6/24, 24, 17, , 7, 2, 3
2024/6/24, , 13, , 4, 2, 1
2024/6/24, 23, 12, , 8, 3, 2
2024/6/24, 17, 14, , 7, 2, 1
2024/6/25, 42, 28, , 11, 3, 3
2024/6/25, 33, 21, , 8, 2, 3
2024/6/25, 48, 31, , 15, 2, 2
2024/6/25, 34, 25, , 13, 2, 2
2024/6/25, 25, 28, , 11, 3, 2
2024/6/26, 47, 45, , 10, 3, 3
2024/6/26, 51, 38, , 8, 2, 4
2024/6/26, 54, 45, , 9, 4, 3
2024/6/26, 48, 42, , 9, 2, 3
2024/6/26, 61, 42, , 8, 4, 3
2024/6/27, 63, 35, , 8, 3, 3
2024/6/27, 66, 34, , 6, 3, 3
2024/6/27, 58, 32, , 6, 2, 3
2024/6/27, 57, 40, , 8, 2, 3
2024/6/27, 57, 38, , 8, 4, 3
2024/6/28, 57, 28, , 9, 2, 3
2024/6/28, 60, 29, , 6, 3, 2
2024/6/28, 65, 31, , 8, 3, 2
2024/6/28, 57, 24, , 7, 2, 2
2024/6/28, 55, 32, , 8, 2, 3
2024/6/29, 51, 33, , 12, 3, 3
2024/6/29, 45, 29, , 11, 3, 3
2024/6/29, 53, 30, , 16, 2, 2
2024/6/29, 36, 28, , 8, 2, 2
2024/6/29, 46, 36, , 16, 2, 4
2024/6/30, 60, 57, , 9, 3, 3
2024/6/30, 64, 59, , 9, 3, 4
2024/6/30, 62, 56, , 10, 2, 4
2024/6/30, 59, 57, , 6, 2, 3
2024/6/30, 62, 62, , 11, 2, 5
2024/7/1, 135, 55, , 19, 3, 5
2024/7/1, 146, 48, , 14, 4, 3
2024/7/1, 145, 52, , 15, 2, 3
2024/7/1, 128, 37, , 5, 2, 3
2024/7/1, 147, 50, , 18, 3, 3
2024/7/2, 100, 20, , 7, 2, 4
2024/7/2, 102, 18, , 6, 3, 2
2024/7/2, 111, 16, , 6, 2, 2
2024/7/2, 77, 17, , 3, 2, 3
2024/7/2, 100, 16, , 5, 2, 2
2024/7/3, 34, 25, , 2, 2, 3
2024/7/3, 36, 28, , 4, 2, 3
2024/7/3, 33, 25, , 5, , 4
2024/7/3, 33, 25, , 5, 3, 3
2024/7/3, 39, 33, , 5, 2, 3
2024/7/4, 58, 26, , 4, 1, 4
2024/7/4, 55, 26, , 4, 3, 3
2024/7/4, 64, 25, , 3, , 4
2024/7/4, 53, 28, , 1, , 4
2024/7/4, 63, 28, , 4, 2, 3
2024/7/5, 68, 26, , 9, 1, 5
2024/7/5, 64, 18, , 2, , 4
2024/7/5, 69, 24, , 7, 3, 5
2024/7/5, 65, 24, , 8, 1, 6
2024/7/5, 79, 22, , 7, 1, 4
2024/7/6, 51, 40, , 6, 1, 6
2024/7/6, 54, 39, , 6, 2, 4
2024/7/6, 40, 37, , 3, , 4
2024/7/6, 53, 37, , 6, 1, 5
2024/7/6, 68, 39, , 6, 1, 4
2024/7/7, 81, 51, , 7, 2, 5
2024/7/7, 78, 50, , 3, 2, 4
2024/7/7, 87, 51, , 8, 2, 5
2024/7/7, 100, 51, , 7, 1, 5
2024/7/7, 87, 55, , 9, , 7
2024/7/8, 124, 47, , 8, 2, 3
2024/7/8, 104, 50, , 11, 1, 5
2024/7/8, 106, 47, , 8, 3, 3
2024/7/8, 112, 47, , 11, 2, 3
2024/7/8, 91, 42, , 4, 2, 2
2024/7/9, 99, 51, , 14, 2, 3
2024/7/9, 94, 63, , 15, 2, 7
2024/7/9, 111, 59, , 15, 2, 7
2024/7/9, 79, 50, , 5, 2, 4
2024/7/9, 97, 61, , 16, 3, 5
2024/7/10, 131, 70, , 22, 1, 7
2024/7/10, 113, 57, , 17, 2, 5
2024/7/10, 127, 62, , 15, 3, 5
2024/7/10, 131, 63, , 19, 2, 6
2024/7/10, 107, 57, , 7, 2, 5
2024/7/11, 146, 61, , 13, 2, 6
2024/7/11, 142, 67, , 17, 1, 7
2024/7/11, 130, 53, , 3, 2, 4
2024/7/11, 127, 58, , 13, 1, 6
2024/7/11, 137, 60, , 12, 3, 6
2024/7/12, 130, 60, , 9, , 7
2024/7/12, 135, 67, , 16, 1, 9
2024/7/12, 145, 65, , 13, 2, 7
2024/7/12, 125, 56, , 10, 2, 7
2024/7/12, 116, 56, , 3, 2, 6
2024/7/13, 118, 46, , 2, , 6
2024/7/13, 137, 55, , 8, 3, 7
2024/7/13, 149, 58, , 12, 2, 8
2024/7/13, 139, 59, , 13, 1, 9
2024/7/13, 131, 59, , 13, 1, 7
2024/7/14, 115, 57, , 11, 1, 8
2024/7/14, 114, 51, , 6, 2, 6
2024/7/14, 134, 54, , 9, 1, 6
2024/7/14, 87, 49, , 2, , 5
2024/7/14, 125, 50, , 11, 1, 6
2024/7/15, 112, 38, , 6, 1, 4
2024/7/15, 111, 35, , 6, 2, 5
2024/7/15, 126, 33, , 5, 1, 4
2024/7/15, 99, 32, , 2, , 3
2024/7/15, 113, 31, , 5, 1, 4
2024/7/16, 78, 13, , 4, 2, 3
2024/7/16, 68, 11, , 2, , 2
2024/7/16, 78, 13, , 5, , 2
2024/7/16, 66, 15, , 4, 1, 3
2024/7/16, 71, 11, , 4, 1, 3
2024/7/17, 29, 19, , 2, 2, 2
2024/7/17, 25, 23, , 6, 1, 4
2024/7/17, 36, 28, , 7, 2, 4
2024/7/17, 33, 29, , 7, 3, 3
2024/7/17, 23, 28, , 6, 1, 5
2024/7/18, 63, 40, , 5, 2, 6
2024/7/18, 53, 37, , 5, 1, 6
2024/7/18, 41, 32, , 3, 2, 4
2024/7/18, 57, 42, , 7, 3, 5
2024/7/18, 51, 41, , 6, 1, 7
2024/7/19, 75, 16, , 4, 1, 4
2024/7/19, 65, 22, , 5, 1, 5
2024/7/19, 58, 23, , 2, 1, 2
2024/7/19, 72, 22, , 5, 3, 3
2024/7/19, 80, 27, , 4, 1, 4
2024/7/20, 46, 33, , 5, 1, 6
2024/7/20, 51, 32, , 6, 3, 4
2024/7/20, 44, 32, , 6, 1, 2
2024/7/20, 54, 23, , 2, 2, 3
2024/7/20, 59, 30, , 5, 1, 5
2024/7/21, 53, 22, , 5, 1, 5
2024/7/21, 51, 20, , 2, 1, 2
2024/7/21, 68, 26, , 7, , 1
2024/7/21, 58, 21, , 5, 2, 3
2024/7/21, 57, 20, , 5, 1, 4
2024/7/22, 46, 13, , 6, 1, 2
2024/7/22, 48, 20, , 6, 1, 4
2024/7/22, 52, 17, , 5, 2, 2
2024/7/22, 42, 12, , 1, 2, 2
2024/7/22, 41, 14, , 6, 1, 6
2024/7/23, 18, 11, , 1, , 3
2024/7/23, 23, 14, , 5, 1, 2
2024/7/23, 29, 15, , 5, , 2
2024/7/23, 24, 19, , 6, 1, 5
2024/7/23, 22, 14, , 5, 1, 2
2024/7/24, 29, 19, , 6, 1, 3
2024/7/24, 30, 21, , 6, 2, 3
2024/7/24, 17, 15, , 2, 2, 3
2024/7/24, 33, 23, , 8, 1, 5
2024/7/24, 28, 20, , 7, 1, 2
2024/7/25, 39, 7, , 3, 1, 1
2024/7/25, 39, 7, , 4, 2, 2
2024/7/25, 26, 7, , 1, 2, 2
2024/7/25, 33, 7, , 2, 1, 3
2024/7/25, 38, 8, , 3, , 4
2024/7/26, 16, 10, , 3, 2, 2
2024/7/26, 17, 11, , 2, 1, 2
2024/7/26, 13, 8, , 1, 1, 3
2024/7/26, , 10, , 1, 2, 2
2024/7/26, 13, 14, , 3, , 5
2024/7/27, 15, 8, , 4, , 5
2024/7/27, 21, 6, , 2, 1, 4
2024/7/27, , 8, , 4, 1, 2
2024/7/27, 24, 10, , 4, 3, 2
2024/7/27, , 8, , 1, 1, 1
2024/7/28, 13, 15, , 3, , 5
2024/7/28, 13, 15, , 4, 3, 3
2024/7/28, , 13, , 2, 1, 2
2024/7/28, 22, 13, , 3, 1, 3
2024/7/28, 13, 13, , 2, 1, 4
2024/7/29, 25, 21, , 7, 1, 3
2024/7/29, 35, 20, , 7, 1, 3
2024/7/29, 27, 25, , 8, , 4
2024/7/29, 26, 24, , 7, 3, 4
2024/7/29, 19, 18, , 2, 2, 3
2024/7/30, 32, 15, , 4, , 3
2024/7/30, 39, 17, , 4, 2, 3
2024/7/30, 28, 15, , , 1, 3
2024/7/30, 42, 15, , 2, 1, 4
2024/7/30, 38, 19, , 4, 1, 4
2024/7/31, 39, 13, , 3, 3, 3
2024/7/31, 31, 14, , , 2, 3
2024/7/31, 35, 11, , 3, , 4
2024/7/31, 34, 13, , 2, , 4
2024/7/31, 37, 12, , 3, 3, 5
2024/8/1, 28, 18, , 4, 3, 3
2024/8/1, 22, 18, , 6, 3, 5
2024/8/1, 26, 19, , 1, 2, 3
2024/8/1, 30, 16, , 4, , 4
2024/8/1, 26, 16, , 5, 1, 4
2024/8/2, 24, 24, , 8, 1, 4
2024/8/2, 33, 26, , 9, 3, 6
2024/8/2, 38, 25, , 6, 3, 4
2024/8/2, 33, 24, , 1, 2, 3
2024/8/2, 37, 22, , 6, 1, 4
2024/8/3, 44, 26, , 4, , 3
2024/8/3, 48, 26, , 5, 3, 6
2024/8/3, 36, 18, , , , 3
2024/8/3, 42, 24, , 5, , 4
2024/8/3, 42, 24, , 4, 1, 4
2024/8/4, 53, 21, , 2, , 5
2024/8/4, 42, 14, , , , 3
2024/8/4, 49, 16, , 3, 3, 6
2024/8/4, 52, 16, , 4, 2, 4
2024/8/4, 48, 15, , 3, , 4
2024/8/5, 30, 25, , 5, 3, 6
2024/8/5, 28, 17, , 2, 2, 4
2024/8/5, 29, 22, , 5, 1, 5
2024/8/5, 40, 20, , 4, , 5
2024/8/5, 39, 25, , 6, 2, 4
2024/8/6, 48, 34, , 9, 3, 5
2024/8/6, 52, 29, , 7, 1, 5
2024/8/6, 55, 37, , 8, 3, 4
2024/8/6, 46, 33, , 9, 1, 5
2024/8/6, 43, 23, , 2, , 4
2024/8/7, 62, 30, , 5, 1, 5
2024/8/7, 54, 26, , 3, , 5
2024/8/7, 66, 33, , 7, , 4
2024/8/7, 64, 31, , 7, , 5
2024/8/7, 60, 34, , 7, 3, 4
2024/8/8, 64, 20, , 8, 1, 4
2024/8/8, 63, 26, , 9, 3, 4
2024/8/8, 65, 24, , 9, , 4
2024/8/8, 59, 22, , 3, , 3
2024/8/8, 68, 27, , 10, , 3
2024/8/9, 50, 26, , 7, , 3
2024/8/9, 45, 33, , 9, 2, 5
2024/8/9, 47, 29, , 8, 1, 4
2024/8/9, 44, 27, , 8, , 4
2024/8/9, 33, 18, , 2, , 4
2024/8/10, 52, 24, , 2, , 3
2024/8/10, 49, 23, , 3, , 3
2024/8/10, 51, 25, , 3, 2, 5
2024/8/10, 52, 26, , 4, , 3
2024/8/10, 33, 22, , 1, 2, 3
2024/8/11, 45, 21, , 5, 3, 5
2024/8/11, 52, 23, , 4, , 3
2024/8/11, 48, 20, , 4, , 3
2024/8/11, 50, 23, , 5, 1, 3
2024/8/11, 36, 20, , 3, , 4
2024/8/12, 48, 15, , 4, , 3
2024/8/12, 46, 15, , 4, 1, 3
2024/8/12, 42, 21, , 6, 3, 5
2024/8/12, 53, 16, , 5, 1, 3
2024/8/12, 35, 16, , 2, 2, 2
2024/8/13, 24, 17, , 3, 2, 
2024/8/13, 26, 21, , 6, 1, 3
2024/8/13, 30, 29, , 7, 3, 5
2024/8/13, 30, 26, , 7, 1, 3
2024/8/13, 33, 19, , 5, 3, 2
2024/8/14, 45, 31, , 9, 3, 5
2024/8/14, 39, 24, , 8, 1, 3
2024/8/14, 44, 31, , 10, 1, 4
2024/8/14, 27, 23, , 4, 2, 3
2024/8/14, 39, 24, , 7, 3, 3
2024/8/15, 40, 19, , 2, 2, 3
2024/8/15, 52, 38, , 13, 1, 5
2024/8/15, 44, 36, , 12, 1, 5
2024/8/15, 43, 38, , 11, 3, 6
2024/8/15, 47, 49, , 13, 3, 7
2024/8/16, 71, 36, , 12, 3, 4
2024/8/16, 64, 49, , 19, 1, 6
2024/8/16, 78, 54, , 20, 3, 7
2024/8/16, 66, 47, , 21, 1, 6
2024/8/16, 38, 19, , 2, , 
2024/8/17, 69, 38, , 9, 1, 4
2024/8/17, 39, 23, , 2, 2, 4
2024/8/17, 80, 42, , 9, 3, 6
2024/8/17, 81, 36, , 7, 1, 5
2024/8/17, 57, 36, , 7, 3, 4
2024/8/18, 65, 22, , 7, 3, 6
2024/8/18, 62, 19, , 7, 1, 4
2024/8/18, 64, 20, , 6, 3, 4
2024/8/18, 63, 19, , 6, 1, 5
2024/8/18, 51, 18, , 1, , 4
2024/8/19, 49, 26, , 7, 3, 5
2024/8/19, 52, 26, , 6, 3, 3
2024/8/19, 49, 22, , 8, 1, 5
2024/8/19, 42, 17, , 1, 2, 3
2024/8/19, 48, 22, , 7, 1, 4
2024/8/20, 43, 16, , 6, 1, 4
2024/8/20, 48, 12, , 4, , 3
2024/8/20, 46, 15, , 6, 3, 5
2024/8/20, 32, 11, , 1, 2, 2
2024/8/20, 47, 17, , 5, , 3
2024/8/21, 27, 14, , 5, , 3
2024/8/21, 28, 10, , 4, 1, 4
2024/8/21, 47, 10, , 4, 3, 
2024/8/21, 14, 13, , 3, 2, 2
2024/8/21, 27, 13, , 5, 2, 4
2024/8/22, 37, 22, , 8, 1, 4
2024/8/22, 25, 22, , 7, 3, 5
2024/8/22, 26, 18, , 6, 3, 3
2024/8/22, 17, 19, , 6, 1, 4
2024/8/22, 22, 16, , 2, 2, 2
2024/8/23, 37, 33, , 9, 3, 4
2024/8/23, 51, 31, , 11, 1, 4
2024/8/23, 38, 27, , 7, 3, 3
2024/8/23, 32, 19, , , 2, 2
2024/8/23, 37, 30, , 9, 1, 4
2024/8/24, 58, 24, , 5, 3, 3
2024/8/24, 55, 24, , 4, 1, 4
2024/8/24, 36, 21, , 2, 2, 2
2024/8/24, 58, 23, , 4, 3, 3
2024/8/24, 59, 24, , 4, 1, 4
2024/8/25, 43, 22, , 8, 3, 3
2024/8/25, 52, 19, , 8, 3, 3
2024/8/25, 54, 18, , 7, 1, 4
2024/8/25, 51, 17, , 6, 1, 4
2024/8/25, 44, 16, , 3, 2, 1
2024/8/26, 40, 14, , 6, 3, 3
2024/8/26, 38, 26, , 11, 1, 5
2024/8/26, 38, 17, , 8, 4, 3
2024/8/26, 34, 12, , 4, 2, 2
2024/8/26, 38, 16, , 7, 1, 4
2024/8/27, 13, 11, , 1, 2, 2
2024/8/27, 44, 18, , 11, 1, 4
2024/8/27, 27, 22, , 10, 3, 3
2024/8/27, 28, 25, , 13, 3, 5
2024/8/27, 28, 21, , 11, 1, 4
2024/8/28, 35, 36, , 12, 3, 5
2024/8/28, 21, 18, , 1, 3, 4
2024/8/28, 34, 28, , 10, 3, 4
2024/8/28, 35, 26, , 11, 1, 5
2024/8/28, 38, 28, , 10, 2, 4
2024/8/29, 44, 32, , 9, 3, 4
2024/8/29, 44, 33, , 9, 1, 3
2024/8/29, 39, 24, , 3, 3, 4
2024/8/29, 45, 32, , 8, 3, 5
2024/8/29, 43, 31, , 8, 1, 5
2024/8/30, 52, 13, , 2, 3, 2
2024/8/30, 64, 20, , 8, 3, 2
2024/8/30, 58, 19, , 7, 1, 1
2024/8/30, 57, 21, , 6, 3, 3
2024/8/30, 62, 16, , 6, 1, 3
2024/8/31, 29, 13, , 4, 3, 2
2024/8/31, 25, 14, , 4, 3, 4
2024/8/31, 13, 13, , 4, 1, 1
2024/8/31, 16, 11, , 1, , 2
2024/8/31, 25, 15, , 3, 1, 2
2024/9/1, 22, 18, , 11, 3, 6
2024/9/1, 25, 15, , 10, 1, 3
2024/9/1, 31, 18, , 11, 3, 2
2024/9/1, 22, 11, , 3, 2, 2
2024/9/1, 29, 15, , 10, 1, 3
2024/9/2, 26, 20, , 10, , 2
2024/9/2, 52, 26, , 12, 3, 6
2024/9/2, 24, 23, , 11, 1, 3
2024/9/2, 30, 16, , 8, 1, 3
2024/9/2, , 11, , 1, 2, 2
2024/9/3, 23, 21, , 6, 1, 4
2024/9/3, , 18, , 2, 2, 4
2024/9/3, 38, 29, , 9, 3, 5
2024/9/3, 31, 26, , 7, 1, 4
2024/9/3, 34, 23, , 8, , 3
2024/9/4, 44, 16, , 7, 1, 4
2024/9/4, 49, 14, , 5, 1, 4
2024/9/4, 49, 15, , 7, 3, 2
2024/9/4, 50, 12, , 2, 2, 3
2024/9/4, 45, 18, , 6, 3, 2
2024/9/5, 46, 18, , 9, 3, 2
2024/9/5, 41, 18, , 10, 3, 1
2024/9/5, 35, 21, , 9, 1, 2
2024/9/5, 35, 16, , 9, 1, 3
2024/9/5, 36, 12, , 2, 2, 2
2024/9/6, 22, 27, , 10, 4, 2
2024/9/6, , 19, , 3, 3, 2
2024/9/6, 23, 25, , 9, 3, 3
2024/9/6, 20, 25, , 8, 2, 3
2024/9/6, 20, 24, , 10, 2, 4
2024/9/7, 33, 23, , 9, 3, 3
2024/9/7, 41, 30, , 10, 3, 3
2024/9/7, 37, 28, , 10, 2, 4
2024/9/7, 32, 23, , 10, 2, 4
2024/9/7, 34, 16, , 2, 2, 2
2024/9/8, 47, 26, , 8, 3, 3
2024/9/8, 51, 28, , 8, 1, 4
2024/9/8, 52, 29, , 10, 3, 4
2024/9/8, 49, 24, , 7, 1, 5
2024/9/8, 43, 19, , 2, 2, 3
2024/9/9, 49, 15, , 4, 2, 2
2024/9/9, 55, 22, , 8, 3, 3
2024/9/9, 51, 16, , 8, 3, 2
2024/9/9, 52, 15, , 6, 2, 2
2024/9/9, 54, 23, , 6, 1, 2
2024/9/10, 48, 30, , 15, 4, 7
2024/9/10, 33, 18, , 4, 2, 2
2024/9/10, 39, 28, , 13, 3, 3
2024/9/10, 39, 26, , 13, 2, 3
2024/9/10, 37, 22, , 11, 2, 2
2024/9/11, 25, 12, , 2, 2, 2
2024/9/11, 28, 28, , 14, 1, 4
2024/9/11, 25, 29, , 13, 3, 4
2024/9/11, 25, 29, , 10, 2, 4
2024/9/11, 32, 30, , 14, 3, 7
2024/9/12, 44, 25, , 8, 2, 3
2024/9/12, 47, 31, , 8, 4, 4
2024/9/12, 37, 28, , 8, 2, 3
2024/9/12, 38, 30, , 8, 3, 3
2024/9/12, 24, 19, , 4, , 1
2024/9/13, 33, 13, , 8, 1, 2
2024/9/13, 16, 10, , 3, 3, 1
2024/9/13, 29, 14, , 8, 3, 3
2024/9/13, 33, 16, , 9, 1, 2
2024/9/13, 45, 14, , 9, 3, 2
2024/9/14, 24, 29, , 13, 2, 3
2024/9/14, 17, 12, , 3, 2, 1
2024/9/14, 31, 33, , 14, 4, 2
2024/9/14, 34, 27, , 11, 3, 3
2024/9/14, 32, 21, , 12, 1, 1
2024/9/15, 51, 23, , 10, 3, 3
2024/9/15, 32, 22, , 9, 2, 2
2024/9/15, 23, 15, , 4, 3, 3
2024/9/15, 71, 23, , 11, 4, 3
2024/9/15, 50, 23, , 10, 3, 3
2024/9/16, 46, 33, , 11, 2, 4
2024/9/16, 42, 29, , 5, 3, 4
2024/9/16, 38, 30, , 9, 2, 3
2024/9/16, 44, 39, , 15, 4, 5
2024/9/16, 43, 33, , 10, 3, 4
2024/9/17, 68, 24, , 5, 3, 2
2024/9/17, 50, 25, , 11, 2, 2
2024/9/17, 57, 32, , 13, 3, 4
2024/9/17, 72, 39, , 15, 4, 6
2024/9/17, 65, 33, , 13, 2, 4
2024/9/18, 47, 25, , 3, 3, 3
2024/9/18, 61, 31, , 8, 3, 3
2024/9/18, 71, 35, , 10, 4, 4
2024/9/18, 52, 33, , 7, 2, 2
2024/9/18, 66, 36, , 10, 2, 3
2024/9/19, 42, 21, , 10, 3, 1
2024/9/19, 49, 16, , 8, 3, 1
2024/9/19, 48, 15, , 8, 2, 1
2024/9/19, 40, 18, , 10, 2, 2
2024/9/19, 33, 13, , 5, 2, 2
2024/9/20, 28, 16, , 7, 2, 1
2024/9/20, 28, 15, , 6, 3, 1
2024/9/20, 43, 20, , 8, 2, 2
2024/9/20, 13, 15, , 5, 3, 1
2024/9/20, 55, 22, , 8, 4, 1
2024/9/21, 33, 24, , 12, 3, 2
2024/9/21, 29, 26, , 15, 3, 2
2024/9/21, 36, 33, , 14, 3, 4
2024/9/21, 25, 14, , 4, , 1
2024/9/21, 32, 37, , 15, 4, 3
2024/9/22, 47, 31, , 15, 2, 2
2024/9/22, 52, 24, , 12, 3, 2
2024/9/22, 56, 24, , 12, 2, 2
2024/9/22, 61, 39, , 15, 4, 3
2024/9/22, 23, 12, , 3, 2, 1
2024/9/23, 21, 16, , 4, 3, 2
2024/9/23, 57, 28, , 10, 2, 3
2024/9/23, 41, 29, , 10, 3, 2
2024/9/23, 50, 39, , 13, 4, 2
2024/9/23, 47, 24, , 8, 3, 3
2024/9/24, 34, 15, , 4, , 2
2024/9/24, 53, 25, , 9, 2, 3
2024/9/24, 47, 25, , 8, 2, 2
2024/9/24, 48, 25, , 9, 3, 3
2024/9/24, 49, 31, , 10, 4, 3
2024/9/25, 46, 35, , 16, 2, 4
2024/9/25, 50, 41, , 16, 2, 6
2024/9/25, 61, 44, , 16, 4, 4
2024/9/25, 37, 17, , 4, 3, 2
2024/9/25, 44, 38, , 13, 3, 4
2024/9/26, 42, 14, , 3, 3, 3
2024/9/26, 58, 41, , 16, 2, 4
2024/9/26, 77, 56, , 19, 4, 5
2024/9/26, 75, 48, , 19, 2, 6
2024/9/26, 71, 37, , 16, 4, 4
2024/9/27, 66, 36, , 13, 2, 4
2024/9/27, 93, 49, , 18, 4, 4
2024/9/27, 74, 31, , 13, 3, 3
2024/9/27, 87, 34, , 17, 2, 5
2024/9/27, 33, 20, , 4, 3, 2
2024/9/28, 75, 40, , 10, 4, 2
2024/9/28, 59, 36, , 7, 3, 2
2024/9/28, 61, 34, , 6, 2, 4
2024/9/28, 45, 26, , 3, 3, 2
2024/9/28, 58, 31, , 7, 2, 4
2024/9/29, 62, 18, , 4, 2, 3
2024/9/29, 59, 20, , 4, , 2
2024/9/29, 57, 17, , 4, 2, 2
2024/9/29, 59, 25, , 5, 4, 1
2024/9/29, 57, 21, , 4, 3, 1
2024/9/30, 36, 16, , 8, 2, 2
2024/9/30, 35, 17, , 6, 2, 1
2024/9/30, 47, 16, , 8, 3, 1
2024/9/30, 35, 22, , 8, 3, 1
2024/9/30, 40, 18, , 8, 2, 2
2024/10/1, 33, 22, , 8, 3, 1
2024/10/1, 40, 24, , 9, 3, 2
2024/10/1, 48, 26, , 9, 3, 1
2024/10/1, 39, 21, , 7, 2, 1
2024/10/1, 22, 26, , 5, 3, 1
2024/10/2, 48, 24, , 7, 3, 2
2024/10/2, 44, 28, , 8, 3, 1
2024/10/2, 45, 26, , 7, 4, 1
2024/10/2, 38, 25, , 7, 3, 1
2024/10/2, 31, 16, , 3, 3, 1
2024/10/3, 35, 26, , 4, 3, 3
2024/10/3, 44, 38, , 8, 3, 3
2024/10/3, 55, 36, , 8, 3, 3
2024/10/3, 44, 35, , 9, 3, 3
2024/10/3, 43, 40, , 10, 3, 3
2024/10/4, 66, 44, , 11, 4, 4
2024/10/4, 59, 44, , 10, 3, 4
2024/10/4, 58, 37, , 6, 3, 3
2024/10/4, 65, 49, , 10, 4, 4
2024/10/4, 62, 41, , 11, 3, 4
2024/10/5, 74, 34, , 9, 3, 2
2024/10/5, 85, 37, , 11, 3, 2
2024/10/5, 88, 32, , 9, 2, 2
2024/10/5, 70, 46, , 10, 3, 3
2024/10/5, 87, 34, , 14, 3, 2
2024/10/6, 71, 35, , 12, 2, 3
2024/10/6, 67, 29, , 11, 2, 2
2024/10/6, 74, 27, , 9, 2, 1
2024/10/6, 63, 36, , 13, 3, 2
2024/10/6, 79, 32, , 13, 3, 2
2024/10/7, 65, 27, , 5, 2, 1
2024/10/7, 70, 55, , 16, 3, 6
2024/10/7, 73, 44, , 15, 3, 4
2024/10/7, 78, 39, , 13, 3, 3
2024/10/7, 72, 42, , 15, 3, 3
2024/10/8, 92, 36, , 11, 3, 2
2024/10/8, 63, 25, , 5, 3, 1
2024/10/8, 87, 41, , 13, 2, 3
2024/10/8, 92, 30, , 10, 3, 3
2024/10/8, 94, 50, , 15, 3, 4
2024/10/9, 55, 18, , 4, 3, 1
2024/10/9, 72, 24, , 7, 2, 1
2024/10/9, 75, 25, , 8, 3, 2
2024/10/9, 65, 18, , 7, 3, 1
2024/10/9, 74, 25, , 8, 3, 2
2024/10/10, 45, 25, , 7, 3, 3
2024/10/10, 35, 30, , 11, 3, 4
2024/10/10, 54, 38, , 10, 4, 4
2024/10/10, 47, 34, , 11, 4, 3
2024/10/10, 45, 32, , 9, 3, 3
2024/10/11, 38, 28, , 10, 3, 1
2024/10/11, 48, 55, , 20, 3, 6
2024/10/11, 56, 42, , 16, 3, 4
2024/10/11, 45, 46, , 18, 2, 5
2024/10/11, 46, 39, , 17, 3, 3
2024/10/12, 77, 54, , 13, 4, 5
2024/10/12, 52, 43, , 8, 3, 3
2024/10/12, 84, 63, , 15, 4, 7
2024/10/12, 74, 53, , 14, 4, 4
2024/10/12, 65, 52, , 13, 4, 4
2024/10/13, 101, 55, , 8, 4, 5
2024/10/13, 110, 44, , 6, 3, 4
2024/10/13, 83, 39, , 5, 3, 3
2024/10/13, 94, 56, , 6, 3, 3
2024/10/13, 102, 53, , 8, 3, 3
2024/10/14, 85, 15, , 7, 2, 2
2024/10/14, 86, 15, , 6, 3, 2
2024/10/14, 83, 18, , 7, 3, 3
2024/10/14, 88, , , 6, 2, 1
2024/10/14, 82, 14, , 6, 3, 2
2024/10/15, 47, 27, , 15, 3, 2
2024/10/15, 37, 30, , 13, 2, 3
2024/10/15, 29, 17, , 6, , 2
2024/10/15, 35, 23, , 12, 2, 4
2024/10/15, 29, 32, , 16, 3, 4
2024/10/16, 66, 46, , 7, 3, 5
2024/10/16, 51, 58, , 17, 4, 6
2024/10/16, 65, 55, , 16, 3, 6
2024/10/16, 61, 61, , 19, 4, 7
2024/10/16, 53, 55, , 21, 5, 5
2024/10/17, 91, 27, , 7, 3, 5
2024/10/17, 115, 25, , 8, 3, 3
2024/10/17, 112, 34, , 11, 4, 4
2024/10/17, 105, 28, , 7, 3, 4
2024/10/17, 111, 29, , 9, 4, 4
2024/10/18, 80, 22, , 6, 3, 3
2024/10/18, 72, 23, , 8, 4, 1
2024/10/18, 62, 25, , 7, 4, 2
2024/10/18, 76, 19, , 5, 5, 2
2024/10/18, 74, 17, , 5, 3, 2
2024/10/19, 34, 38, , 11, 4, 3
2024/10/19, 89, 33, , 10, 3, 3
2024/10/19, 41, 35, , 12, 3, 2
2024/10/19, 37, 40, , 14, 4, 4
2024/10/19, 30, 23, , 6, 3, 3
2024/10/20, 59, 34, , 7, 4, 3
2024/10/20, 65, 32, , 10, 5, 2
2024/10/20, 66, 27, , 5, 3, 5
2024/10/20, 44, 27, , 5, 3, 3
2024/10/20, 71, 34, , 8, 4, 3
2024/10/21, 58, 30, , 13, 5, 1
2024/10/21, 56, 30, , 11, 4, 2
2024/10/21, 50, 36, , 12, 4, 4
2024/10/21, 61, 32, , 12, 4, 2
2024/10/21, 72, 28, , 10, 4, 2
2024/10/22, 50, 35, , 12, 5, 2
2024/10/22, 59, 35, , 10, 3, 3
2024/10/22, 63, 34, , 15, 5, 2
2024/10/22, 58, 36, , 14, 4, 3
2024/10/22, 52, 29, , 8, 3, 2
2024/10/23, 92, 49, , 20, 5, 6
2024/10/23, 79, 47, , 15, 6, 5
2024/10/23, 89, 52, , 18, 6, 6
2024/10/23, 91, 46, , 15, 4, 4
2024/10/23, 80, 37, , 7, 3, 5
2024/10/24, 115, 61, , 14, 5, 7
2024/10/24, 109, 57, , 11, 4, 7
2024/10/24, 117, 53, , 13, 4, 8
2024/10/24, 119, 60, , 16, 6, 6
2024/10/24, 103, 56, , 8, 4, 6
2024/10/25, 138, 59, , 16, 4, 3
2024/10/25, 140, 59, , 10, 5, 4
2024/10/25, 147, 56, , 16, 5, 6
2024/10/25, 148, 58, , 14, 4, 3
2024/10/25, 142, 57, , 12, 3, 5
2024/10/26, 126, 30, , 11, 5, 2
2024/10/26, 114, 29, , 9, 5, 4
2024/10/26, 120, 28, , 9, 3, 5
2024/10/26, 116, 32, , 11, 3, 2
2024/10/26, 117, 31, , 8, 3, 3
2024/10/27, 90, 20, , 5, 3, 2
2024/10/27, 94, 35, , 18, 6, 4
2024/10/27, 82, 45, , 17, 4, 8
2024/10/27, 81, 35, , 14, 3, 6
2024/10/27, 88, 47, , 17, 4, 7
2024/10/28, 79, 50, , 19, 5, 5
2024/10/28, 90, 57, , 19, 4, 7
2024/10/28, 86, 53, , 17, 5, 7
2024/10/28, 81, 50, , 15, 3, 7
2024/10/28, 63, 38, , 7, 3, 3
2024/10/29, 112, 57, , 13, 3, 6
2024/10/29, 94, 54, , 8, 3, 4
2024/10/29, 114, 61, , 15, 4, 5
2024/10/29, 119, 57, , 14, 4, 4
2024/10/29, 114, 58, , 11, 3, 6
2024/10/30, 157, 55, , 12, 3, 7
2024/10/30, 160, 59, , 16, 6, 6
2024/10/30, 155, 59, , 16, 5, 7
2024/10/30, 153, 60, , 17, 5, 6
2024/10/30, 153, 53, , 7, 3, 5
2024/10/31, 144, 44, , 14, 4, 3
2024/10/31, 133, 42, , 9, 3, 3
2024/10/31, 133, 44, , 12, 5, 4
2024/10/31, 144, 36, , 12, 5, 5
2024/10/31, 141, 40, , 11, 4, 4
2024/11/1, 101, 44, , 13, 4, 5
2024/11/1, 101, 39, , 5, 3, 2
2024/11/1, 106, 37, , 15, 5, 3
2024/11/1, 94, 40, , 14, 3, 4
2024/11/1, 86, 50, , 16, 4, 4
2024/11/2, 105, 65, , 19, 6, 6
2024/11/2, 109, 67, , 17, 6, 6
2024/11/2, 103, 62, , 16, 5, 8
2024/11/2, 98, 68, , 8, 3, 5
2024/11/2, 94, 56, , 13, 3, 7
2024/11/3, 162, 22, , 10, 5, 2
2024/11/3, 160, 23, , 9, 4, 4
2024/11/3, 165, 19, , 5, 3, 1
2024/11/3, 172, 24, , 9, 4, 3
2024/11/3, 171, 22, , 12, 5, 2
2024/11/4, 56, 19, , 11, 3, 4
2024/11/4, 61, 22, , 10, 4, 3
2024/11/4, 53, 20, , 6, 3, 2
2024/11/4, 52, 25, , 12, 6, 3
2024/11/4, 66, 26, , 13, 8, 2
2024/11/5, 60, 37, , 15, 9, 2
2024/11/5, 45, 39, , 14, 3, 5
2024/11/5, 53, 32, , 12, 6, 5
2024/11/5, 49, 23, , 6, 3, 2
2024/11/5, 53, 30, , 13, 7, 2
2024/11/6, 65, 46, , 15, 4, 5
2024/11/6, 57, 38, , 5, 3, 3
2024/11/6, 89, 48, , 14, 3, 4
2024/11/6, 76, 40, , 14, 4, 3
2024/11/6, 71, 48, , 16, 5, 7
2024/11/7, 96, 60, , 19, 5, 7
2024/11/7, 90, 49, , 5, 4, 5
2024/11/7, 94, 56, , 18, 4, 6
2024/11/7, 107, 62, , 22, 5, 9
2024/11/7, 95, 59, , 23, 6, 5
2024/11/8, 144, 54, , 15, 6, 4
2024/11/8, 139, 52, , 10, 5, 5
2024/11/8, 151, 48, , 8, 4, 4
2024/11/8, 130, 43, , 4, 3, 4
2024/11/8, 143, 55, , 11, 5, 4
2024/11/9, 109, 38, , 5, 3, 3
2024/11/9, 131, 48, , 8, 4, 3
2024/11/9, 139, 58, , 12, 5, 3
2024/11/9, 125, 65, , 11, 5, 5
2024/11/9, 109, 45, , 9, 5, 2
2024/11/10, 133, 71, , 15, 4, 6
2024/11/10, 87, 60, , 8, 3, 4
2024/11/10, 85, 69, , 16, 5, 4
2024/11/10, 111, 71, , 14, 4, 4
2024/11/10, 122, 70, , 19, 6, 4
2024/11/11, 152, 45, , 15, 4, 3
2024/11/11, 159, 58, , 18, 3, 5
2024/11/11, 141, 49, , 15, 5, 3
2024/11/11, 125, 40, , 8, 3, 2
2024/11/11, 150, 50, , 14, 7, 2
2024/11/12, 90, 48, , 7, 4, 4
2024/11/12, 100, 64, , 18, 5, 5
2024/11/12, 105, 69, , 17, 6, 6
2024/11/12, 115, 73, , 24, 8, 6
2024/11/12, 127, 92, , 21, 5, 10
2024/11/13, 114, 38, , 4, 3, 4
2024/11/13, 156, 57, , 14, 5, 5
2024/11/13, 129, 42, , 12, 5, 4
2024/11/13, 137, 55, , 13, 5, 5
2024/11/13, 182, 51, , 11, 3, 5
2024/11/14, 112, 33, , 11, 3, 5
2024/11/14, 98, 37, , 12, 4, 4
2024/11/14, 112, 32, , 12, 4, 5
2024/11/14, 104, 31, , 10, 2, 4
2024/11/14, 79, 21, , 6, 3, 5
2024/11/15, 88, 44, , 9, 4, 2
2024/11/15, 79, 51, , 10, 4, 4
2024/11/15, 95, 52, , 9, 4, 4
2024/11/15, 76, 48, , 8, 4, 2
2024/11/15, 64, 43, , 6, 3, 4
2024/11/16, 95, 38, , 5, 3, 2
2024/11/16, 114, 50, , 7, 5, 3
2024/11/16, 110, 51, , 9, 6, 2
2024/11/16, 109, 47, , 10, 4, 2
2024/11/16, 103, 44, , 6, 5, 3
2024/11/17, 79, 46, , 6, 3, 4
2024/11/17, 96, 50, , 12, 5, 6
2024/11/17, 106, 80, , 11, 5, 4
2024/11/17, 102, 44, , 15, 4, 4
2024/11/17, 110, 80, , 12, 6, 4
2024/11/18, 172, 54, , 12, 5, 6
2024/11/18, 123, 50, , 7, 3, 4
2024/11/18, 177, 57, , 14, 6, 7
2024/11/18, 186, 62, , 13, 5, 5
2024/11/18, 197, 51, , 12, 4, 3
2024/11/19, 119, 47, , 12, 4, 5
2024/11/19, 122, 54, , 19, 9, 8
2024/11/19, 121, 55, , 21, 9, 8
2024/11/19, 127, 56, , 20, 8, 7
2024/11/19, 109, 52, , 18, 5, 5
2024/11/20, 119, 72, , 16, 6, 7
2024/11/20, 126, 75, , 18, 6, 6
2024/11/20, 105, 74, , 14, 4, 5
2024/11/20, 125, 68, , 15, 4, 5
2024/11/20, 135, 85, , 19, 8, 6
2024/11/21, 167, 48, , 14, 4, 5
2024/11/21, 159, 44, , 9, 3, 3
2024/11/21, 162, 42, , 15, 6, 5
2024/11/21, 178, 55, , 14, 7, 3
2024/11/21, 172, 52, , 10, 4, 4
2024/11/22, 117, 72, , 18, 4, 8
2024/11/22, 115, 111, , 19, 4, 11
2024/11/22, 125, 64, , 19, 4, 5
2024/11/22, 106, 62, , 7, 3, 3
2024/11/22, 129, 79, , 19, 4, 9
2024/11/23, 168, 56, , 15, 4, 5
2024/11/23, 145, 55, , 9, 4, 5
2024/11/23, 179, 56, , 13, 4, 7
2024/11/23, 163, 59, , 20, 5, 9
2024/11/23, 163, 53, , 15, 5, 7
2024/11/24, 134, 38, , 5, 3, 4
2024/11/24, 133, 46, , 10, 4, 6
2024/11/24, 145, 49, , 11, 4, 5
2024/11/24, 145, 48, , 9, 3, 6
2024/11/24, 141, 45, , 13, 5, 9
2024/11/25, 125, 37, , 8, 4, 5
2024/11/25, 143, 38, , 9, 4, 3
2024/11/25, 104, 31, , 6, 3, 3
2024/11/25, 122, 28, , 8, 4, 7
2024/11/25, 132, 18, , 6, 3, 6
2024/11/26, 92, 24, , 6, 6, 4
2024/11/26, 99, 31, , 6, 4, 2
2024/11/26, 81, 25, , 5, 6, 3
2024/11/26, 78, 25, , 2, 4, 2
2024/11/26, 80, 25, , 5, 3, 5
2024/11/27, 42, 37, , 9, 3, 6
2024/11/27, 49, 62, , 10, 7, 2
2024/11/27, 40, 37, , 9, 6, 6
2024/11/27, 37, 38, , 5, 3, 3
2024/11/27, 45, 39, , 10, 6, 5
2024/11/28, 79, 28, , 16, 11, 3
2024/11/28, 75, 27, , 12, 7, 4
2024/11/28, 73, 28, , 8, 4, 4
2024/11/28, 84, 29, , 12, 3, 4
2024/11/28, 74, 26, , 14, 8, 6
2024/11/29, 109, 48, , 21, 8, 6
2024/11/29, 70, 37, , 22, 8, 7
2024/11/29, 88, 39, , 22, 4, 6
2024/11/29, 73, 35, , 11, 4, 5
2024/11/29, 79, 34, , 23, 8, 6
2024/11/30, 117, 30, , 14, 6, 5
2024/11/30, 113, 29, , 15, 6, 5
2024/11/30, 103, 39, , 18, 5, 6
2024/11/30, 118, 25, , 8, 3, 3
2024/11/30, 95, 35, , 6, 4, 5
2024/12/1, 102, 18, , 7, 6, 1
2024/12/1, 97, 19, , 8, 5, 3
2024/12/1, 108, 20, , 9, 8, 3
2024/12/1, 97, 17, , 4, 4, 2
2024/12/1, 80, 19, , 8, 3, 2
2024/12/2, 41, 25, , 6, 5, 1
2024/12/2, 50, 31, , 9, 7, 2
2024/12/2, 47, 26, , 7, 5, 2
2024/12/2, 45, 24, , 5, 3, 1
2024/12/2, 36, 22, , 5, 3, 2
2024/12/3, 44, 28, , 10, 10, 1
2024/12/3, 38, 24, , 8, 6, 1
2024/12/3, 43, 22, , 5, 3, 2
2024/12/3, 39, 22, , 4, 3, 1
2024/12/3, 45, 24, , 6, 4, 2
2024/12/4, 33, 23, , 5, 4, 2
2024/12/4, 40, 26, , 7, 3, 3
2024/12/4, 37, 30, , 10, 6, 2
2024/12/4, 42, 29, , 9, 5, 2
2024/12/4, 40, 31, , 11, 8, 2
2024/12/5, 44, 32, , 13, 3, 4
2024/12/5, 43, 32, , 13, 5, 3
2024/12/5, 46, 37, , 14, 7, 2
2024/12/5, 43, 38, , 13, 5, 3
2024/12/5, 37, 35, , 10, 4, 3
2024/12/6, 84, 39, , 16, 8, 3
2024/12/6, 77, 36, , 14, 4, 5
2024/12/6, 72, 34, , 13, 6, 4
2024/12/6, 77, 33, , 16, 8, 3
2024/12/6, 73, 36, , 10, 3, 4
2024/12/7, 90, 45, , 15, 4, 6
2024/12/7, 98, 48, , 17, 9, 3
2024/12/7, 84, 38, , 14, 9, 4
2024/12/7, 86, 43, , 17, 9, 3
2024/12/7, 87, 38, , 10, 3, 4
2024/12/8, 100, 54, , 18, 4, 8
2024/12/8, 84, 56, , 22, 8, 6
2024/12/8, 94, 55, , 18, 9, 6
2024/12/8, 81, 46, , 10, 4, 6
2024/12/8, 78, 54, , 19, 9, 6
2024/12/9, 99, 51, , 18, 4, 5
2024/12/9, 118, 49, , 20, 8, 5
2024/12/9, 109, 49, , 19, 7, 7
2024/12/9, 119, 57, , 20, 4, 8
2024/12/9, 120, 58, , 20, 9, 5
2024/12/10, 141, 44, , 16, 3, 5
2024/12/10, 121, 29, , 13, 6, 3
2024/12/10, 120, 34, , 13, 4, 3
2024/12/10, 139, 33, , 15, 8, 3
2024/12/10, 118, 28, , 14, 6, 4
2024/12/11, 64, 45, , 20, 9, 7
2024/12/11, 78, 48, , 21, 9, 5
2024/12/11, 88, 50, , 18, 3, 7
2024/12/11, 78, 37, , 9, 4, 3
2024/12/11, 70, 43, , 19, 8, 4
2024/12/12, 100, 51, , 23, 7, 5
2024/12/12, 89, 49, , 21, 7, 4
2024/12/12, 123, 61, , 23, 4, 8
2024/12/12, 82, 47, , 15, 4, 4
2024/12/12, 93, 52, , 22, 7, 9
2024/12/13, 117, 38, , 14, 7, 7
2024/12/13, 105, 36, , 7, 3, 3
2024/12/13, 112, 37, , 12, 6, 2
2024/12/13, 118, 40, , 14, 8, 3
2024/12/13, 133, 36, , 13, 3, 3
2024/12/14, 76, 27, , 12, 6, 5
2024/12/14, 84, 28, , 11, 9, 3
2024/12/14, 80, 27, , 11, 6, 2
2024/12/14, 79, 36, , 10, 3, 5
2024/12/14, 79, 20, , 6, 5, 2
2024/12/15, 49, 31, , 11, 4, 3
2024/12/15, 58, 26, , 13, 6, 6
2024/12/15, 65, 35, , 12, 3, 4
2024/12/15, 61, 27, , 12, 7, 2
2024/12/15, 61, 30, , 14, 7, 4
2024/12/16, 63, 41, , 16, 6, 6
2024/12/16, 75, 38, , 14, 3, 5
2024/12/16, 67, 41, , 15, 6, 4
2024/12/16, 69, 29, , 8, 3, 3
2024/12/16, 68, 36, , 15, 6, 4
2024/12/17, 87, 57, , 21, 3, 7
2024/12/17, 86, 44, , 19, 7, 4
2024/12/17, 89, 34, , 17, 6, 7
2024/12/17, 69, 46, , 17, 4, 5
2024/12/17, 91, 36, , 16, 5, 5
2024/12/18, 86, 50, , 22, 10, 8
2024/12/18, 135, 58, , 19, 3, 8
2024/12/18, 107, 43, , 7, 3, 5
2024/12/18, 108, 45, , 20, 9, 5
2024/12/18, 99, 44, , 18, 8, 6
2024/12/19, 125, 54, , 18, 6, 6
2024/12/19, 105, 63, , 19, 8, 9
2024/12/19, 101, 53, , 9, 4, 6
2024/12/19, 98, 62, , 20, 8, 6
2024/12/19, 90, 61, , 18, 6, 8
2024/12/20, 147, 54, , 19, 7, 8
2024/12/20, 127, 54, , 15, 4, 6
2024/12/20, 134, 57, , 18, 4, 6
2024/12/20, 146, 53, , 17, 5, 7
2024/12/20, 149, 57, , 19, 10, 5
2024/12/21, 136, 39, , 15, 6, 6
2024/12/21, 128, 39, , 18, 8, 7
2024/12/21, 138, 40, , 19, 9, 4
2024/12/21, 121, 34, , 12, 3, 4
2024/12/21, 134, 42, , 16, 3, 5
2024/12/22, 90, 34, , 17, 5, 6
2024/12/22, 96, 37, , 18, 6, 4
2024/12/22, 100, 52, , 19, 3, 8
2024/12/22, 76, 40, , 14, 4, 4
2024/12/22, 87, 36, , 14, 5, 6
2024/12/23, 88, 37, , 17, 8, 4
2024/12/23, 117, 37, , 16, 3, 4
2024/12/23, 91, 28, , 6, 3, 3
2024/12/23, 83, 37, , 15, 7, 6
2024/12/23, 83, 34, , 12, 5, 3
2024/12/24, 82, 51, , 11, 4, 4
2024/12/24, 74, 56, , 11, 7, 5
2024/12/24, 76, 55, , 11, 8, 6
2024/12/24, 71, 51, , 7, 4, 4
2024/12/24, 66, 53, , 10, 6, 4
2024/12/25, 103, 32, , 9, 5, 5
2024/12/25, 94, 27, , 6, 3, 2
2024/12/25, 113, 34, , 10, 9, 1
2024/12/25, 102, 33, , 10, 3, 3
2024/12/25, 103, 28, , 8, 4, 4
2024/12/26, 64, 30, , 9, 5, 4
2024/12/26, 61, 31, , 7, 3, 3
2024/12/26, 60, 31, , 10, 6, 6
2024/12/26, 68, 35, , 10, 3, 3
2024/12/26, 70, 34, , 11, 10, 2
2024/12/27, 63, 32, , 9, 4, 3
2024/12/27, 60, 33, , 12, 7, 5
2024/12/27, 73, 36, , 14, 4, 4
2024/12/27, 68, 35, , 13, 8, 3
2024/12/27, 61, 33, , 11, 5, 6
2024/12/28, 84, 45, , 12, 3, 5
2024/12/28, 77, 47, , 14, 6, 4
2024/12/28, 69, 49, , 16, 6, 8
2024/12/28, 66, 36, , 7, 4, 4
2024/12/28, 73, 44, , 14, 8, 7
2024/12/29, 103, , , , , 
2024/12/29, 101, , , , , 
2024/12/29, 84, , , , , 
2024/12/29, 103, , , , , 
2024/12/29, 88, , , , , 
2024/12/31, , 37, , 11, 6, 2
2024/12/31, , 27, , 5, 3, 2
2024/12/31, , 33, , 9, 7, 3
2024/12/31, , 34, , 10, 8, 2
2024/12/31, , 40, , 8, 4, 5
2025/1/1, 78, 34, , 11, 3, 4
2025/1/1, 59, 29, , 7, 3, 2
2025/1/1, 77, 32, , 12, 12, 2
2025/1/1, 68, 28, , 9, 6, 3
2025/1/1, 70, 31, , 11, 7, 2
2025/1/2, 71, 27, , 7, 3, 2
2025/1/2, 79, 37, , 14, 10, 3
2025/1/2, 69, 28, , 11, 7, 4
2025/1/2, 83, 37, , 14, 3, 5
2025/1/2, 69, 30, , 13, 9, 3
2025/1/3, 77, 56, , 19, 9, 6
2025/1/3, 65, 51, , 18, 8, 7
2025/1/3, 64, 39, , 6, 4, 3
2025/1/3, 63, 63, , 22, 8, 8
2025/1/3, 83, 59, , 20, 4, 8
2025/1/4, 120, 66, , 19, 7, 6
2025/1/4, 120, 54, , 19, 6, 7
2025/1/4, 104, 56, , 16, 5, 7
2025/1/4, 121, 59, , 17, 6, 5
2025/1/4, 89, 58, , 11, 4, 6
2025/1/5, 138, 64, , 20, 6, 8
2025/1/5, 146, 69, , 22, 9, 9
2025/1/5, 137, 71, , 21, 4, 9
2025/1/5, 148, 72, , 22, 8, 7
2025/1/5, 143, 69, , 14, 4, 6
2025/1/6, 157, 51, , 14, 7, 6
2025/1/6, 166, 50, , 13, 6, 5
2025/1/6, 167, 48, , 14, 4, 9
2025/1/6, 155, 54, , 13, 5, 6
2025/1/6, 155, 50, , 8, 4, 3
2025/1/7, 112, 42, , 13, 6, 8
2025/1/7, 111, 39, , 17, 8, 7
2025/1/7, 108, 43, , 10, 5, 3
2025/1/7, 117, 48, , 13, 6, 3
2025/1/7, 118, 32, , 11, 5, 4
2025/1/8, 87, 45, , 13, 5, 4
2025/1/8, 110, 47, , 16, 9, 4
2025/1/8, 98, 49, , 14, 3, 5
2025/1/8, 97, 40, , 15, 7, 5
2025/1/8, 106, 42, , 16, 4, 5
2025/1/9, 125, 61, , 20, 9, 5
2025/1/9, 113, 58, , 20, 7, 6
2025/1/9, 123, 52, , 17, 4, 5
2025/1/9, 126, 48, , 20, 4, 6
2025/1/9, 101, 58, , 22, 12, 3
2025/1/10, 135, 70, , 22, 3, 8
2025/1/10, 142, 59, , 22, 5, 7
2025/1/10, 152, 59, , 22, 7, 6
2025/1/10, 143, 70, , 27, 9, 7
2025/1/10, 127, 53, , 10, 4, 5
2025/1/11, 140, 68, , 23, 6, 9
2025/1/11, 141, 70, , 24, 7, 8
2025/1/11, 152, 75, , 26, 7, 9
2025/1/11, 128, 57, , 8, 3, 5
2025/1/11, 156, 76, , 22, 4, 12
2025/1/12, 155, 65, , 19, 9, 8
2025/1/12, 160, 65, , 22, 10, 10
2025/1/12, 160, 69, , 20, 8, 8
2025/1/12, 144, 67, , 12, 4, 8
2025/1/12, 184, 61, , 20, 6, 10
2025/1/13, 158, 36, , 17, 5, 7
2025/1/13, 156, 46, , 12, 4, 4
2025/1/13, 155, 38, , 14, 5, 4
2025/1/13, 157, 48, , 17, 6, 7
2025/1/13, 163, 45, , 15, 8, 4
2025/1/14, 112, 45, , 10, 8, 2
2025/1/14, 104, 40, , 11, 6, 6
2025/1/14, 104, 34, , 7, 4, 2
2025/1/14, 106, 38, , 9, 4, 4
2025/1/14, 102, 42, , 9, 6, 3
2025/1/15, 74, 53, , 14, 7, 4
2025/1/15, 69, 48, , 16, 4, 5
2025/1/15, 68, 48, , 15, 5, 6
2025/1/15, 64, 39, , 7, 4, 2
2025/1/15, 72, 49, , 12, 5, 3
2025/1/16, 98, 47, , 15, 6, 4
2025/1/16, 101, 53, , 16, 9, 7
2025/1/16, 91, 50, , 15, 7, 7
2025/1/16, 72, 40, , 5, 4, 4
2025/1/16, 83, 50, , 15, 9, 5
2025/1/17, 107, 69, , 16, 9, 8
2025/1/17, 93, 63, , 14, 9, 5
2025/1/17, 97, 63, , 17, 9, 7
2025/1/17, 86, 54, , 6, 4, 5
2025/1/17, 98, 58, , 15, 5, 5
2025/1/18, 122, 50, , 15, 5, 7
2025/1/18, 116, 50, , 13, 6, 4
2025/1/18, 116, 53, , 15, 6, 5
2025/1/18, 111, 53, , 10, 4, 4
2025/1/18, 131, 59, , 17, 9, 6
2025/1/19, 119, 62, , 7, 3, 4
2025/1/19, 120, 65, , 21, 5, 7
2025/1/19, 123, 58, , 23, 4, 10
2025/1/19, 123, 58, , 17, 8, 5
2025/1/19, 136, 57, , 16, 5, 7
2025/1/20, 145, 63, , 14, 6, 8
2025/1/20, 151, 61, , 8, 3, 5
2025/1/20, 148, 66, , 15, 5, 8
2025/1/20, 143, 53, , 13, 4, 8
2025/1/20, 139, 65, , 12, 5, 6
2025/1/21, 203, 66, , 13, 3, 6
2025/1/21, 173, 67, , 15, 4, 6
2025/1/21, 163, 58, , 12, 6, 8
2025/1/21, 157, 69, , 18, 4, 8
2025/1/21, 156, 63, , 12, 4, 4
2025/1/22, 159, 60, , 19, 4, 9
2025/1/22, 153, 64, , 20, 6, 8
2025/1/22, 150, 68, , 20, 6, 6
2025/1/22, 154, 48, , 5, 3, 3
2025/1/22, 163, 69, , 22, 4, 8
2025/1/23, 148, 66, , 20, 5, 7
2025/1/23, 155, 60, , 16, 5, 5
2025/1/23, 152, 59, , 14, 7, 8
2025/1/23, 155, 55, , 20, 5, 6
2025/1/23, 118, 49, , 5, 3, 5
2025/1/24, 149, 72, , 17, 7, 8
2025/1/24, 148, 63, , 14, 7, 9
2025/1/24, 122, 47, , 5, 3, 5
2025/1/24, 150, 65, , 14, 8, 6
2025/1/24, 138, 63, , 20, 4, 8
2025/1/25, 114, 57, , 5, 4, 7
2025/1/25, 150, 62, , 15, 4, 7
2025/1/25, 156, 66, , 16, 6, 9
2025/1/25, 159, 62, , 19, 10, 7
2025/1/25, 157, 67, , 20, 6, 8
2025/1/26, 149, 64, , 12, 5, 8
2025/1/26, 154, 55, , 12, 5, 8
2025/1/26, 153, 64, , 11, 5, 8
2025/1/26, 137, 62, , 6, 3, 6
2025/1/26, 156, 67, , 12, 6, 10
2025/1/27, 135, 74, , 6, 5, 3
2025/1/27, 166, 50, , 6, 7, 6
2025/1/27, 163, 40, , 6, 5, 3
2025/1/27, 152, 43, , 6, 6, 5
2025/1/27, 155, 44, , 7, 5, 4
2025/1/28, 113, 71, , 9, 12, 6
2025/1/28, 99, 76, , 3, 5, 3
2025/1/28, 99, 60, , 4, 7, 3
2025/1/28, 93, 87, , 5, 6, 4
2025/1/28, 99, 70, , 6, 7, 6
2025/1/29, 131, 43, , 7, 8, 5
2025/1/29, 142, 44, , 9, 7, 10
2025/1/29, 147, 45, , 5, 5, 4
2025/1/29, 158, 40, , 8, 4, 6
2025/1/29, 154, 46, , 9, 9, 7
2025/1/30, 101, 54, , 13, 10, 7
2025/1/30, 124, 56, , 13, 4, 8
2025/1/30, 110, 59, , 13, 7, 11
2025/1/30, 112, 48, , 5, 4, 5
2025/1/30, 126, 53, , 11, 9, 7
2025/1/31, 138, 65, , 18, 8, 8
2025/1/31, 143, 62, , 16, 9, 7
2025/1/31, 121, 59, , 4, 4, 6
2025/1/31, 163, 60, , 13, 3, 12
2025/1/31, 146, 70, , 17, 6, 12
2025/2/1, 164, 81, , 17, 6, 11
2025/2/1, 182, 79, , 14, 5, 14
2025/2/1, 169, 78, , 16, 7, 8
2025/2/1, 162, 81, , 17, 8, 8
2025/2/1, 147, 67, , 5, 5, 6
2025/2/2, 191, 45, , 9, 4, 7
2025/2/2, 175, 49, , 10, 7, 8
2025/2/2, 149, 58, , 5, 4, 5
2025/2/2, 172, 48, , 8, 5, 4
2025/2/2, 181, 49, , 10, 9, 4
2025/2/3, 122, 62, , 15, 3, 9
2025/2/3, 127, 54, , 12, 10, 5
2025/2/3, 113, 45, , 11, 5, 9
2025/2/3, 127, 56, , 6, 3, 5
2025/2/3, 123, 51, , 9, 5, 5
2025/2/4, 139, 52, , 16, 12, 5
2025/2/4, 126, 49, , 12, 8, 5
2025/2/4, 137, 45, , 6, 4, 5
2025/2/4, 110, 49, , 13, 8, 9
2025/2/4, 155, 50, , 16, 3, 9
2025/2/5, 124, 48, , 12, 6, 5
2025/2/5, 136, 36, , 14, 6, 5
2025/2/5, 120, 45, , 15, 5, 9
2025/2/5, 108, 36, , 4, 4, 3
2025/2/5, 142, 44, , 15, 5, 5
2025/2/6, 121, 34, , 8, 6, 4
2025/2/6, 126, 31, , 12, 10, 3
2025/2/6, 109, 38, , 9, 6, 9
2025/2/6, 121, 36, , 9, 3, 2
2025/2/6, 84, 37, , 7, 3, 4
2025/2/7, 92, 25, , 8, 3, 2
2025/2/7, 91, 28, , 5, 4, 3
2025/2/7, 102, 24, , 9, 10, 3
2025/2/7, 88, 29, , 8, 7, 4
2025/2/7, 80, 28, , 9, 6, 3
2025/2/8, 65, 44, , 16, 9, 5
2025/2/8, 79, 46, , 18, 4, 5
2025/2/8, 69, 44, , 19, 12, 5
2025/2/8, 75, 44, , 13, 9, 6
2025/2/8, 59, 40, , 5, 3, 4
2025/2/9, 113, 54, , 23, 9, 8
2025/2/9, 128, 53, , 21, 5, 9
2025/2/9, 103, 53, , 19, 8, 7
2025/2/9, 101, 51, , 19, 9, 9
2025/2/9, 90, 41, , 4, 4, 5
2025/2/10, 125, 59, , 12, 8, 8
2025/2/10, 130, 64, , 13, 9, 8
2025/2/10, 146, 60, , 14, 6, 8
2025/2/10, 96, 57, , 6, 5, 6
2025/2/10, 128, 60, , 14, 6, 6
2025/2/11, 132, 62, , 5, 5, 1
2025/2/11, 152, 63, , 6, 7, 3
2025/2/11, 149, 61, , 7, 9, 3
2025/2/11, 155, 55, , 6, 9, 3
2025/2/11, 146, 105, , 7, 8, 1
2025/2/12, 87, 69, , 5, 4, 4
2025/2/12, 97, 59, , 9, 8, 4
2025/2/12, 85, 66, , 13, 9, 5
2025/2/12, 123, 62, , 12, 5, 4
2025/2/12, 82, 62, , 12, 7, 5
2025/2/13, 112, 57, , 18, 7, 7
2025/2/13, 122, 56, , 18, 7, 6
2025/2/13, 133, 54, , 9, 3, 5
2025/2/13, 138, 58, , 20, 4, 7
2025/2/13, 120, 52, , 14, 7, 6
2025/2/14, 136, 57, , 13, 5, 5
2025/2/14, 115, 60, , 6, 4, 5
2025/2/14, 124, 62, , 11, 6, 7
2025/2/14, 117, 62, , 14, 6, 8
2025/2/14, 118, 62, , 9, 7, 6
2025/2/15, 135, 31, , 4, 4, 3
2025/2/15, 127, 31, , 5, 3, 5
2025/2/15, 120, 31, , 4, 3, 2
2025/2/15, 129, 32, , 5, 3, 1
2025/2/15, 137, 33, , 6, 4, 3
2025/2/16, 81, 25, , 8, 5, 3
2025/2/16, 67, 25, , 8, 4, 6
2025/2/16, 67, 24, , 5, 3, 2
2025/2/16, 69, 27, , 9, 3, 2
2025/2/16, 80, 27, , 7, 4, 4
2025/2/17, 58, 36, , 6, 3, 7
2025/2/17, 57, 25, , 5, 3, 3
2025/2/17, 64, 29, , 10, 6, 2
2025/2/17, 70, 32, , 6, 4, 4
2025/2/17, 67, 28, , 7, 4, 3
2025/2/18, 54, 30, , 13, 4, 3
2025/2/18, 58, 34, , 14, 4, 4
2025/2/18, 56, 27, , 6, 3, 3
2025/2/18, 60, 32, , 11, 4, 4
2025/2/18, 64, 34, , 15, 4, 5
2025/2/19, 74, 36, , 10, 4, 3
2025/2/19, 86, 29, , 12, 3, 4
2025/2/19, 65, 30, , 8, 3, 3
2025/2/19, 75, 34, , 12, 3, 3
2025/2/19, 92, 32, , 14, 4, 7
2025/2/20, 84, 36, , 15, 4, 8
2025/2/20, 75, 36, , 14, 3, 4
2025/2/20, 72, 31, , 7, 3, 4
2025/2/20, 83, 36, , 13, 3, 5
2025/2/20, 79, 34, , 10, 4, 2
2025/2/21, 74, 34, , 7, 3, 4
2025/2/21, 96, 38, , 13, 3, 5
2025/2/21, 76, 38, , 11, 4, 3
2025/2/21, 95, 35, , 15, 4, 6
2025/2/21, 84, 36, , 13, 3, 4
2025/2/22, 102, 41, , 15, 8, 5
2025/2/22, 86, 37, , 15, 4, 5
2025/2/22, 81, 39, , 8, 4, 5
2025/2/22, 88, 37, , 11, 5, 3
2025/2/22, 100, 41, , 16, 4, 4
2025/2/23, 103, 39, , 9, 5, 3
2025/2/23, 85, 47, , 9, 4, 3
2025/2/23, 82, 47, , 9, 7, 3
2025/2/23, 98, 47, , 9, 5, 5
2025/2/23, 90, 39, , 4, 4, 5
2025/2/24, 81, 142, , 6, 5, 5
2025/2/24, 74, 135, , 6, 4, 3
2025/2/24, 75, 128, , 3, 3, 4
2025/2/24, 75, 127, , 6, 4, 3
2025/2/24, 81, 114, , 6, 6, 3
2025/2/25, 88, 56, , 8, 4, 5
2025/2/25, 80, 52, , 7, 4, 2
2025/2/25, 81, 58, , 8, 6, 2
2025/2/25, 84, 60, , 8, 5, 4
2025/2/25, 68, 51, , 3, 3, 2
2025/2/26, 65, 69, , 11, 6, 7
2025/2/26, 77, 54, , 12, 5, 6
2025/2/26, 73, 74, , 13, 7, 8
2025/2/26, 56, 63, , 5, 5, 5
2025/2/26, 67, 72, , 11, 8, 7
2025/2/27, 125, , , , , 
2025/2/27, 139, 79, , 13, 6, 7
2025/2/27, 137, 68, , 14, 5, 4
2025/2/27, 144, 75, , 17, 6, 8
2025/2/27, 128, 71, , 6, 4, 5
2025/2/28, 176, 45, , 14, 5, 4
2025/2/28, 165, 43, , 6, 4, 3
2025/2/28, 169, 50, , 15, 4, 3
2025/2/28, , 54, , 10, 5, 5
2025/2/28, 174, 51, , 17, 4, 6
2025/3/1, 99, 22, , 6, 5, 3
2025/3/1, 71, 26, , 7, 5, 5
2025/3/1, 105, 23, , 7, 3, 3
2025/3/1, 87, 24, , 9, 4, 4
2025/3/1, 77, 24, , 4, 4, 2
2025/3/2, 60, 36, , 9, 5, 4
2025/3/2, 77, 32, , 14, 4, 2
2025/3/2, 60, 29, , 3, 3, 2
2025/3/2, 58, 39, , 10, 6, 3
2025/3/2, 82, 41, , 12, 5, 5
2025/3/3, 90, 32, , 11, 6, 5
2025/3/3, 89, 36, , 11, 6, 4
2025/3/3, 85, 31, , 14, 5, 3
2025/3/3, 71, 28, , 3, 4, 2
2025/3/3, 105, 36, , 12, 5, 5
2025/3/4, 68, 52, , 8, 4, 4
2025/3/4, 84, 55, , 16, 5, 4
2025/3/4, 82, 55, , 15, 6, 5
2025/3/4, 82, 58, , 15, 5, 6
2025/3/4, 88, 55, , 16, 5, 6
2025/3/5, 133, 49, , 12, 3, 3
2025/3/5, 136, 52, , 16, 3, 5
2025/3/5, 132, 49, , 14, 3, 3
2025/3/5, 118, 52, , 11, 3, 3
2025/3/5, 126, 54, , 18, 4, 4
2025/3/6, 134, 47, , 10, 6, 4
2025/3/6, 123, 48, , 12, 4, 3
2025/3/6, 128, 47, , 9, 4, 2
2025/3/6, 118, 40, , 3, 3, 2
2025/3/6, 132, 45, , 14, 4, 4
2025/3/7, 100, 66, , 12, 5, 3
2025/3/7, 114, 64, , 11, 5, 4
2025/3/7, 95, 61, , 7, 4, 4
2025/3/7, 110, 67, , 15, 5, 5
2025/3/7, 114, 69, , 14, 6, 6
2025/3/8, 136, 79, , 14, 4, 7
2025/3/8, 124, 71, , 7, 4, 5
2025/3/8, 143, 80, , 15, 4, 8
2025/3/8, 132, 80, , 17, 4, 4
2025/3/8, 143, 84, , 21, 9, 8
2025/3/9, 168, 106, , 8, 3, 3
2025/3/9, 172, 113, , 11, 8, 6
2025/3/9, 176, 100, , 7, 4, 5
2025/3/9, 171, 107, , 6, 4, 5
2025/3/9, 158, 72, , 5, 3, 4
2025/3/10, 157, 58, , 8, 3, 4
2025/3/10, 152, 57, , 8, 5, 7
2025/3/10, 146, 52, , 4, 3, 4
2025/3/10, 160, 60, , 9, 5, 6
2025/3/10, 160, 59, , 6, 4, 5
2025/3/11, 152, 157, , 4, 3, 4
2025/3/11, 138, 147, , 3, 2, 2
2025/3/11, 150, , , , , 
2025/3/11, 144, 136, , 2, 3, 3
2025/3/11, 152, 121, , 4, 3, 3
2025/3/12, 102, 33, , 4, 2, 3
2025/3/12, 85, 31, , 5, 3, 1
2025/3/12, 83, 33, , 5, 2, 3
2025/3/12, , 71, , 25, 4, 6
2025/3/12, 86, 34, , 4, 2, 4
2025/3/13, 76, 36, , 9, 3, 3
2025/3/13, 66, 33, , 9, 4, 2
2025/3/13, 71, 39, , 10, 3, 6
2025/3/13, 100, 41, , 16, 4, 4
2025/3/13, 65, 36, , 7, 3, 3
2025/3/14, 91, 38, , 15, 4, 4
2025/3/14, 77, 32, , 6, 3, 3
2025/3/14, 86, 36, , 9, 3, 3
2025/3/14, 93, 36, , 8, 4, 3
2025/3/14, 88, 42, , 12, 3, 6
2025/3/15, 85, 44, , 8, 3, 8
2025/3/15, 100, 47, , 19, 4, 4
2025/3/15, 74, 40, , 5, 2, 2
2025/3/15, 91, 40, , 8, 3, 2
2025/3/15, 91, 39, , 6, 3, 4
2025/3/16, 119, 67, , 19, 4, 6
2025/3/16, 101, 50, , 14, 3, 4
2025/3/16, 98, 53, , 5, 3, 3
2025/3/16, 104, 57, , 13, 3, 11
2025/3/16, 101, 59, , 14, 3, 6
2025/3/17, 126, 47, , 6, 3, 3
2025/3/17, 126, 43, , 9, 4, 3
2025/3/17, 124, 47, , 9, 4, 7
2025/3/17, 130, 51, , 10, 4, 3
2025/3/17, 145, 56, , 18, 4, 4
2025/3/18, 135, 64, , 13, 4, 5
2025/3/18, 109, 68, , 13, 7, 5
2025/3/18, 105, 64, , 6, 3, 4
2025/3/18, 120, 64, , 10, 5, 7
2025/3/18, 129, 70, , 11, 5, 5
2025/3/19, 140, 73, , 14, 5, 5
2025/3/19, 134, 72, , 13, 6, 5
2025/3/19, 132, 70, , 11, 5, 5
2025/3/19, 134, 69, , 8, 4, 5
2025/3/19, 137, 78, , 14, 7, 6
2025/3/20, 140, 72, , 7, 3, 4
2025/3/20, 151, 59, , 8, 3, 2
2025/3/20, 160, 67, , 9, 5, 3
2025/3/20, 152, 67, , 8, 4, 2
2025/3/20, 149, 67, , 7, 4, 2
2025/3/21, 110, 91, , 8, 4, 5
2025/3/21, 106, 70, , 14, 4, 4
2025/3/21, 88, 76, , 11, 5, 4
2025/3/21, 108, 79, , 11, 5, 5
2025/3/21, 99, 82, , 12, 6, 5
2025/3/22, 166, 93, , 15, 6, 6
2025/3/22, 173, 99, , 9, 6, 6
2025/3/22, 172, 91, , 12, 6, 6
2025/3/22, 172, 86, , 13, 6, 5
2025/3/22, 175, 93, , 13, 6, 6
2025/3/23, 195, 63, , 11, 4, 3
2025/3/23, 191, 65, , 7, 4, 3
2025/3/23, 191, 73, , 5, 4, 3
2025/3/23, 186, 62, , 7, 4, 3
2025/3/23, 183, 67, , 7, 4, 4
2025/3/24, 104, 89, , 12, 4, 6
2025/3/24, 107, 98, , 11, 4, 6
2025/3/24, 109, 90, , 19, 4, 6
2025/3/24, 102, 87, , 13, 4, 5
2025/3/24, 113, 94, , 14, 4, 6
2025/3/25, 192, 60, , 6, 2, 5
2025/3/25, 202, 79, , 15, 4, 6
2025/3/25, 190, 64, , 11, 4, 9
2025/3/25, 197, 77, , 15, 7, 6
2025/3/25, 185, 63, , 12, 3, 5
2025/3/26, 152, 35, , 3, 3, 4
2025/3/26, 153, 39, , 4, 3, 3
2025/3/26, 182, 35, , 6, 3, 2
2025/3/26, 150, 36, , 5, 3, 2
2025/3/26, 166, 41, , 4, 3, 2
2025/3/27, 74, 28, , 2, 3, 1
2025/3/27, 60, 23, , 2, 3, 3
2025/3/27, 63, 20, , 2, 3, 2
2025/3/27, 55, 23, , 3, 3, 1
2025/3/27, 60, 22, , 4, 3, 1
2025/3/28, 49, 24, , 2, 4, 2
2025/3/28, 51, 20, , 3, 3, 1
2025/3/28, 34, 22, , 2, 2, 2
2025/3/28, 38, 23, , 2, 2, 5
2025/3/28, 41, 23, , 4, 3, 1
2025/3/29, 46, 28, , 3, 3, 1
2025/3/29, 56, 30, , 4, 3, 2
2025/3/29, 53, 31, , 3, 4, 2
2025/3/29, 45, 35, , 3, 3, 2
2025/3/29, 42, 32, , 3, 3, 3
2025/3/30, 71, 58, , 8, 4, 2
2025/3/30, 77, 56, , 11, 5, 4
2025/3/30, 63, 53, , 9, 5, 3
2025/3/30, 64, 59, , 9, 5, 4
2025/3/30, 65, 53, , 6, 4, 5
2025/3/31, 138, 65, , 8, 3, 4
2025/3/31, 127, 64, , 8, 4, 5
2025/3/31, 121, 68, , 6, 3, 4
2025/3/31, 122, 63, , 8, 4, 3
2025/3/31, 131, 71, , 8, 4, 4
2025/4/1, 155, 36, , 5, 3, 3
2025/4/1, 150, 40, , 17, 3, 5
2025/4/1, 152, 51, , 12, 3, 3
2025/4/1, 147, 40, , 13, 3, 4
2025/4/1, 143, 37, , 13, 3, 4
2025/4/2, 101, 62, , 14, 4, 5
2025/4/2, 113, 74, , 19, 4, 7
2025/4/2, 109, 68, , 16, 3, 5
2025/4/2, 96, 59, , 6, 3, 4
2025/4/2, 104, 69, , 15, 3, 4
2025/4/3, 173, 65, , 8, 4, 5
2025/4/3, 156, 64, , 8, 4, 4
2025/4/3, 154, 62, , 8, 4, 3
2025/4/3, 141, 54, , 5, 3, 3
2025/4/3, 150, 59, , 7, 4, 4
2025/4/4, 150, 30, , 4, 3, 2
2025/4/4, 136, 32, , 4, 3, 3
2025/4/4, 147, 34, , 7, 3, 2
2025/4/4, 135, 34, , 4, 3, 1
2025/4/4, 126, 36, , 2, 3, 3
2025/4/5, 72, 41, , 8, 3, 3
2025/4/5, 79, 42, , 10, 3, 4
2025/4/5, 81, 50, , 10, 2, 3
2025/4/5, 73, 48, , 10, 3, 3
2025/4/5, 79, 43, , 5, 2, 4
2025/4/6, 115, 45, , 6, 3, 4
2025/4/6, 113, 43, , 7, 3, 4
2025/4/6, 123, 43, , 7, 3, 4
2025/4/6, 136, 52, , 7, 2, 3
2025/4/6, 100, 42, , 4, 2, 4
2025/4/7, 91, 49, , 7, 3, 3
2025/4/7, 95, 44, , 8, 3, 4
2025/4/7, 98, 51, , 7, 3, 4
2025/4/7, 107, 47, , 8, 2, 3
2025/4/7, 95, 46, , 6, 3, 4
2025/4/8, 129, 62, , 6, 4, 4
2025/4/8, 130, 69, , 12, 4, 5
2025/4/8, 133, 63, , 15, 4, 6
2025/4/8, 127, 65, , 10, 4, 6
2025/4/8, 133, 67, , 10, 4, 6
2025/4/9, 157, 68, , 8, 4, 6
2025/4/9, 155, 67, , 10, 4, 5
2025/4/9, 150, 65, , 8, 4, 5
2025/4/9, 147, 66, , 8, 4, 4
2025/4/9, 156, 76, , 10, 4, 5
2025/4/10, 141, 71, , 9, 4, 4
2025/4/10, 128, 66, , 7, 5, 5
2025/4/10, 132, 71, , 9, 4, 6
2025/4/10, 142, 63, , 8, 5, 4
2025/4/10, 135, 71, , 8, 4, 3
2025/4/11, 142, 43, , 8, 3, 3
2025/4/11, 144, 33, , 5, 3, 2
2025/4/11, 134, 28, , 5, 3, 3
2025/4/11, 146, 32, , 4, 3, 1
2025/4/11, 142, 31, , 6, 3, 3
2025/4/12, 83, 21, , 7, 3, 2
2025/4/12, 75, 24, , 8, 2, 2
2025/4/12, 90, 30, , 9, 2, 3
2025/4/12, 65, 17, , 7, 3, 4
2025/4/12, 69, 12, , 8, 2, 1
2025/4/13, 29, 16, , 6, 2, 2
2025/4/13, 47, 26, , 8, 3, 1
2025/4/13, 46, 29, , 10, 3, 3
2025/4/13, 44, 21, , 8, 2, 4
2025/4/13, 48, 22, , 8, 2, 3
2025/4/14, 65, 21, , 8, 2, 2
2025/4/14, 67, 25, , 10, 3, 3
2025/4/14, 50, 24, , 9, 2, 2
2025/4/14, 61, 24, , 7, , 2
2025/4/14, 60, 20, , 7, 3, 3
2025/4/15, 64, 18, , 3, 3, 1
2025/4/15, 61, 17, , 5, 2, 1
2025/4/15, 58, 24, , 8, 3, 2
2025/4/15, 54, 25, , 8, 3, 2
2025/4/15, 67, 21, , 10, 3, 2
2025/4/16, 43, 44, , 6, 3, 3
2025/4/16, 49, 46, , 9, 3, 3
2025/4/16, 50, 48, , 10, 4, 5
2025/4/16, 58, 45, , 9, 4, 3
2025/4/16, 56, 46, , 9, 4, 4
2025/4/17, 103, 20, , 4, 2, 1
2025/4/17, 115, 17, , 4, 2, 1
2025/4/17, 122, 18, , 4, 3, 2
2025/4/17, 111, 20, , 4, 3, 1
2025/4/17, 114, 22, , 3, 2, 3
2025/4/18, 70, 23, , 5, 3, 1
2025/4/18, 67, 21, , 5, 2, 1
2025/4/18, 67, 27, , 5, 3, 4
2025/4/18, 80, 23, , 5, 2, 1
2025/4/18, 72, 26, , 9, 3, 3
2025/4/19, 55, 44, , 7, 3, 3
2025/4/19, 49, 47, , 12, 4, 5
2025/4/19, 64, 47, , 12, 3, 5
2025/4/19, 62, 48, , 12, 3, 7
2025/4/19, 59, 48, , 12, 3, 4
2025/4/20, 105, 47, , 9, 4, 6
2025/4/20, 93, 55, , 9, 3, 4
2025/4/20, 114, 44, , 10, 4, 4
2025/4/20, 104, 51, , 11, 3, 4
2025/4/20, 101, 45, , 9, 4, 4
2025/4/21, 85, 13, , 4, 3, 1
2025/4/21, 97, 26, , 4, 2, 2
2025/4/21, 99, 17, , 5, 3, 2
2025/4/21, 101, 18, , 5, 2, 1
2025/4/21, 119, 12, , 3, 2, 1
2025/4/22, 45, 31, , 3, 2, 1
2025/4/22, 63, 40, , 5, 3, 2
2025/4/22, 39, 37, , 4, 3, 2
2025/4/22, 51, 34, , 3, 3, 2
2025/4/22, 48, 37, , 5, 3, 2
2025/4/23, 52, 66, , 4, 3, 2
2025/4/23, 44, 69, , 3, 2, 2
2025/4/23, 50, 62, , 4, 3, 4
2025/4/23, 59, 71, , 4, 2, 2
2025/4/23, 46, 65, , 3, 2, 2
2025/4/24, 88, 25, , 3, 2, 1
2025/4/24, 99, 30, , 9, 3, 1
2025/4/24, 103, 25, , 4, 2, 1
2025/4/24, 90, 22, , 4, 3, 2
2025/4/24, 95, 24, , 4, 2, 1
2025/4/25, 65, 48, , 15, 3, 3
2025/4/25, 42, 47, , 14, 3, 2
2025/4/25, 47, 40, , 10, 2, 2
2025/4/25, 38, 36, , 13, 3, 4
2025/4/25, 57, 41, , 14, 3, 3
2025/4/26, 92, 31, , 4, 2, 4
2025/4/26, 105, 29, , 6, 3, 1
2025/4/26, 80, 33, , 3, 2, 2
2025/4/26, 86, 33, , 5, 3, 1
2025/4/26, 83, 35, , 6, 3, 3
2025/4/27, 64, 42, , 6, 3, 4
2025/4/27, 73, 37, , 4, 2, 1
2025/4/27, 72, 36, , 7, 3, 2
2025/4/27, 65, 43, , 5, 3, 1
2025/4/27, 87, 40, , 5, 2, 3
2025/4/28, 87, 60, , 4, 4, 3
2025/4/28, 92, 62, , 7, 4, 3
2025/4/28, 108, 61, , 7, 3, 5
2025/4/28, 96, 57, , 7, 4, 2
2025/4/28, 92, 61, , 7, 4, 4
2025/4/29, 108, 35, , 7, 3, 2
2025/4/29, 110, 40, , 6, 3, 2
2025/4/29, 108, 35, , 8, 3, 4
2025/4/29, 103, 37, , 11, 4, 1
2025/4/29, 104, 43, , 8, 3, 3
2025/4/30, 64, 18, , 5, 3, 1
2025/4/30, 70, 22, , 5, 2, 3
2025/4/30, 66, 21, , 5, 3, 1
2025/4/30, 70, 17, , 2, 2, 2
2025/4/30, 77, 22, , 4, 3, 2
2025/5/1, 58, 21, , 6, 3, 4
2025/5/1, 59, 21, , 7, 3, 2
2025/5/1, 49, 24, , 7, 3, 2
2025/5/1, 53, 20, , 4, 2, 2
2025/5/1, 59, 25, , 6, 3, 3
2025/5/2, 64, 21, , 7, 3, 2
2025/5/2, 55, 18, , 8, 2, 1
2025/5/2, 54, 20, , 5, 2, 2
2025/5/2, 61, 20, , 9, 2, 4
2025/5/2, 56, 19, , 7, 2, 1
2025/5/3, 54, 22, , 7, , 2
2025/5/3, 52, 18, , 3, 2, 1
2025/5/3, 46, 18, , 7, 2, 2
2025/5/3, 61, 17, , 8, 2, 4
2025/5/3, 56, 21, , 7, 3, 1
2025/5/4, 50, 32, , 7, 3, 2
2025/5/4, 51, 35, , 6, 3, 2
2025/5/4, 50, 31, , 7, 3, 5
2025/5/4, 47, 31, , 7, 3, 3
2025/5/4, 44, 31, , 5, 3, 3
2025/5/5, 67, 21, , 8, 2, 2
2025/5/5, 68, 24, , 4, 3, 2
2025/5/5, 73, 26, , 7, 3, 2
2025/5/5, 74, 20, , 9, 2, 4
2025/5/5, 79, 23, , 8, 2, 2
2025/5/6, 65, 32, , 4, 3, 3
2025/5/6, 56, 32, , 7, 3, 3
2025/5/6, 74, 40, , 8, 3, 3
2025/5/6, 68, 38, , 12, 3, 2
2025/5/6, 65, 39, , 8, 3, 3
2025/5/7, 76, 39, , 2, 2, 3
2025/5/7, 85, 37, , 6, 3, 4
2025/5/7, 88, 39, , 7, 2, 2
2025/5/7, 91, 42, , 7, 3, 3
2025/5/7, 90, 43, , 7, 2, 3
2025/5/8, 75, 34, , 4, 3, 3
2025/5/8, 70, 30, , 3, 3, 3
2025/5/8, 65, 30, , 5, 3, 4
2025/5/8, 77, 33, , 6, 2, 3
2025/5/8, 79, 32, , 6, 2, 3
2025/5/9, 68, 21, , 3, 2, 2
2025/5/9, 73, 25, , 6, 3, 4
2025/5/9, 80, 30, , 7, 3, 4
2025/5/9, 77, 24, , 7, 2, 2
2025/5/9, 77, 29, , 8, 2, 2
2025/5/10, 69, 44, , 10, 3, 4
2025/5/10, 54, 32, , 4, 2, 2
2025/5/10, 74, 42, , 12, 3, 2
2025/5/10, 59, 42, , 11, 3, 4
2025/5/10, 64, 40, , 12, 3, 3
2025/5/11, 77, 53, , 7, 3, 4
2025/5/11, 86, 55, , 6, 4, 4
2025/5/11, 64, 48, , 7, 3, 4
2025/5/11, 83, 49, , 6, 3, 3
2025/5/11, 75, 52, , 6, 4, 5
2025/5/12, 87, 46, , 2, 3, 3
2025/5/12, 105, 54, , 4, 3, 3
2025/5/12, 94, 48, , 3, 3, 5
2025/5/12, 97, 55, , 5, 3, 3
2025/5/12, 95, 49, , 5, 3, 2
2025/5/13, 81, 43, , 6, 3, 4
2025/5/13, 80, 36, , 7, 2, 3
2025/5/13, 73, 42, , 5, 3, 3
2025/5/13, 91, 42, , 6, 2, 5
2025/5/13, 79, 37, , 4, 3, 4
2025/5/14, 108, 42, , 5, 3, 6
2025/5/14, 117, 37, , 6, 3, 4
2025/5/14, 113, 38, , 5, 3, 4
2025/5/14, 88, 35, , 3, 3, 3
2025/5/14, 103, 47, , 6, 2, 5
2025/5/15, 99, 24, , 4, 2, 4
2025/5/15, 101, 22, , 5, 3, 2
2025/5/15, 99, 20, , 5, 3, 3
2025/5/15, 76, 20, , 2, 2, 2
2025/5/15, 105, 30, , 5, 2, 3
2025/5/16, 42, 22, , 3, 2, 3
2025/5/16, 45, 20, , 4, 2, 2
2025/5/16, 41, 16, , 2, 2, 2
2025/5/16, 41, 18, , 2, 2, 2
2025/5/16, 56, 23, , 6, 2, 2
2025/5/17, 61, 30, , 6, 2, 2
2025/5/17, 52, 33, , 4, 2, 2
2025/5/17, 42, 27, , 2, 2, 2
2025/5/17, 57, 29, , 4, 2, 2
2025/5/17, 49, 28, , 4, 3, 3
2025/5/18, 76, 31, , 6, 2, 2
2025/5/18, 63, 26, , 6, 3, 3
2025/5/18, 60, 21, , 3, 2, 2
2025/5/18, 68, 28, , 6, 3, 3
2025/5/18, 71, 28, , 7, 2, 3
2025/5/19, 55, 27, , 10, 2, 3
2025/5/19, 53, 19, , 3, 2, 2
2025/5/19, 55, 27, , 11, 2, 2
2025/5/19, 55, 31, , 12, 2, 2
2025/5/19, 50, 29, , 14, 3, 3
2025/5/20, 54, 30, , 4, 2, 2
2025/5/20, 59, 33, , 11, 2, 2
2025/5/20, 65, 38, , 13, 3, 3
2025/5/20, 72, 39, , 14, 4, 4
2025/5/20, 66, 41, , 13, 3, 3
2025/5/21, 86, 35, , 14, 3, 4
2025/5/21, 83, 37, , 12, 2, 2
2025/5/21, 88, 32, , 12, 2, 2
2025/5/21, 73, 29, , 7, 2, 2
2025/5/21, 88, 44, , 13, 3, 3
2025/5/22, 93, 46, , 12, 3, 6
2025/5/22, 66, 25, , 10, 2, 2
2025/5/22, 67, 33, , 14, 3, 4
2025/5/22, 84, 33, , 14, 3, 2
2025/5/22, 82, 26, , 13, 2, 3
2025/5/23, 86, 27, , 8, 3, 2
2025/5/23, 75, 22, , 8, 3, 1
2025/5/23, 57, 21, , 5, 2, 2
2025/5/23, 58, 25, , 8, 3, 2
2025/5/23, 65, 24, , 8, 2, 1
2025/5/24, 51, 31, , 9, 3, 3
2025/5/24, 54, 26, , 11, 2, 1
2025/5/24, 42, 30, , 9, 3, 2
2025/5/24, 52, 25, , 10, 3, 1
2025/5/24, 41, 21, , 6, 2, 1
2025/5/25, 58, 39, , 11, 3, 2
2025/5/25, 52, 32, , 9, 3, 3
2025/5/25, 50, 33, , 9, 3, 3
2025/5/25, 45, 31, , 8, 3, 3
2025/5/25, 52, 38, , 10, 3, 2
2025/5/26, 70, 44, , 13, 3, 3
2025/5/26, 62, 42, , 10, 3, 4
2025/5/26, 56, 33, , 4, 3, 3
2025/5/26, 67, 46, , 11, 3, 3
2025/5/26, 59, 54, , 11, 3, 5
2025/5/27, 97, 39, , 13, 3, 3
2025/5/27, 94, 45, , 9, 3, 4
2025/5/27, 85, 40, , 10, 3, 2
2025/5/27, 71, 31, , 3, 2, 2
2025/5/27, 95, 36, , 9, 3, 4
2025/5/28, 77, 40, , 12, 3, 3
2025/5/28, 60, 33, , 6, 3, 3
2025/5/28, 74, 41, , 9, 3, 5
2025/5/28, 87, 41, , 14, 3, 4
2025/5/28, 74, 40, , 10, 3, 5
2025/5/29, 85, 53, , 9, 3, 3
2025/5/29, 72, 41, , 4, 3, 3
2025/5/29, 86, 53, , 9, 3, 5
2025/5/29, 80, 49, , 9, 3, 5
2025/5/29, 86, 48, , 10, 3, 3
2025/5/30, 89, 53, , 6, 3, 5
2025/5/30, 74, 49, , 5, 3, 4
2025/5/30, 91, 50, , 7, 3, 4
2025/5/30, 91, 51, , 7, 3, 3
2025/5/30, 83, 49, , 7, 4, 5
2025/5/31, 89, 17, , 4, 2, 1
2025/5/31, 102, 26, , 7, 3, 2
2025/5/31, 104, 24, , 9, 3, 1
2025/5/31, 102, 20, , 8, 2, 1
2025/5/31, 101, 22, , 8, 3, 3
2025/6/1, 43, 37, , 11, 3, 4
2025/6/1, 49, 38, , 14, 4, 3
2025/6/1, 38, 33, , 11, 3, 3
2025/6/1, 24, 30, , 7, 3, 4
2025/6/1, 42, 37, , 12, 3, 5
2025/6/2, 90, 17, , 6, 3, 3
2025/6/2, 85, 23, , 5, 3, 3
2025/6/2, 66, 21, , 7, 2, 1
2025/6/2, 66, 15, , 4, 2, 1
2025/6/2, 72, 18, , 7, 2, 1
2025/6/3, 41, 15, , 12, 2, 1
2025/6/3, 35, 17, , 10, 3, 2
2025/6/3, 26, 16, , 8, 3, 1
2025/6/3, 25, 21, , 10, 3, 2
2025/6/3, 39, 16, , 14, 2, 1
2025/6/4, 50, 26, , 7, 3, 2
2025/6/4, 40, 33, , 8, 3, 2
2025/6/4, 36, 28, , 7, 3, 2
2025/6/4, 44, 32, , 8, 3, 2
2025/6/4, 25, 25, , 6, 3, 2
2025/6/5, 42, 31, , 12, 2, 1
2025/6/5, 45, 37, , 11, 2, 1
2025/6/5, 43, 29, , 10, 3, 1
2025/6/5, 34, 23, , 7, 2, 1
2025/6/5, 46, 27, , 10, 3, 1
2025/6/6, 53, 16, , 8, 3, 1
2025/6/6, 45, 19, , 9, 3, 2
2025/6/6, 43, 25, , 13, 2, 2
2025/6/6, 44, 24, , 10, 3, 2
2025/6/6, 45, 22, , 11, 2, 2
2025/6/7, 42, 32, , 12, 3, 3
2025/6/7, 42, 25, , 10, 3, 1
2025/6/7, 50, 34, , 15, 3, 1
2025/6/7, 57, 41, , 13, 3, 2
2025/6/7, 47, 35, , 13, 3, 3
2025/6/8, 53, 24, , 8, 3, 1
2025/6/8, 43, 24, , 7, 3, 2
2025/6/8, 55, 33, , 11, 3, 2
2025/6/8, 52, 23, , 10, 3, 3
2025/6/8, 37, 23, , 8, 3, 1
2025/6/9, 46, 10, , 5, 2, 2
2025/6/9, 36, 12, , 6, 2, 1
2025/6/9, 60, 11, , 6, 2, 2
2025/6/9, 44, 13, , 7, 3, 2
2025/6/9, 56, 11, , 7, 2, 2
2025/6/10, 28, 16, , 6, 1, 2
2025/6/10, 34, 19, , 5, 15, 3
2025/6/10, 34, 14, , 4, 2, 2
2025/6/10, 29, 23, , 4, 3, 2
2025/6/10, 37, 11, , 2, 2, 1
2025/6/11, 29, 24, , 6, 3, 2
2025/6/11, 34, 26, , 10, 2, 2
2025/6/11, 51, 25, , 8, 3, 2
2025/6/11, 47, 27, , 8, 3, 4
2025/6/11, 33, 25, , 8, 2, 2
2025/6/12, 42, 30, , 7, 3, 2
2025/6/12, 50, 31, , 10, 2, 3
2025/6/12, 38, 33, , 9, 4, 5
2025/6/12, 49, 31, , 8, 4, 4
2025/6/12, 46, 30, , 9, 3, 3
2025/6/13, 53, 22, , 8, 3, 3
2025/6/13, 39, 30, , 9, 3, 4
2025/6/13, 44, 25, , 6, 2, 2
2025/6/13, 55, 25, , 9, 2, 3
2025/6/13, 43, 27, , 8, 3, 4
2025/6/14, 54, 29, , 8, 2, 5
2025/6/14, 54, 26, , 8, 2, 2
2025/6/14, 68, 21, , 9, 3, 5
2025/6/14, 41, 19, , 6, 3, 3
2025/6/14, 48, 22, , 4, 2, 2
2025/6/15, 61, 19, , 5, 2, 4
2025/6/15, 56, 18, , 7, 1, 2
2025/6/15, 56, 18, , 4, 2, 2
2025/6/15, 51, 17, , 6, 3, 3
2025/6/15, 68, 17, , 6, 3, 5
2025/6/16, 47, 18, , 13, 3, 3
2025/6/16, 52, 24, , 14, 1, 3
2025/6/16, 44, 21, , 7, 3, 2
2025/6/16, 43, 30, , 13, 2, 4
2025/6/16, 45, 22, , 13, 2, 5
2025/6/17, 58, 28, , 10, 1, 3
2025/6/17, 43, 26, , 9, 3, 3
2025/6/17, 41, 30, , 10, 3, 4
2025/6/17, 64, 38, , 13, , 3
2025/6/17, 44, 31, , 10, 3, 5
2025/6/18, 54, 23, , 3, 2, 3
2025/6/18, 65, 26, , 7, , 3
2025/6/18, 72, 22, , 4, 3, 4
2025/6/18, 67, 26, , 4, 2, 4
2025/6/18, 61, 20, , 4, 1, 3
2025/6/19, 71, 14, , 3, 3, 2
2025/6/19, 46, 13, , 4, 1, 2
2025/6/19, 55, 29, , 3, 2, 3
2025/6/19, 54, 15, , 2, 2, 1
2025/6/19, 54, 16, , 5, , 2
2025/6/20, 32, 13, , 6, 2, 1
2025/6/20, 27, 17, , 9, , 1
2025/6/20, 28, 20, , 8, 2, 3
2025/6/20, 48, 13, , 9, 3, 2
2025/6/20, 42, 15, , 9, 1, 1
2025/6/21, 29, 19, , 9, 1, 1
2025/6/21, 23, 23, , 7, 2, 4
2025/6/21, 28, 27, , 9, , 4
2025/6/21, 16, 20, , 8, 3, 3
2025/6/21, 27, 16, , 4, 2, 2
2025/6/22, 47, 43, , 16, , 4
2025/6/22, 30, 28, , 10, 3, 2
2025/6/22, 40, 34, , 12, 3, 4
2025/6/22, 50, 30, , 14, 2, 2
2025/6/22, 43, 33, , 11, 3, 4
2025/6/23, 56, 55, , 21, 8, 4
2025/6/23, 48, 38, , 16, 3, 5
2025/6/23, 57, 30, , 6, 3, 4
2025/6/23, 55, 40, , 14, 3, 5
2025/6/23, 53, 41, , 19, 2, 3
2025/6/24, 69, 44, , 19, 2, 4
2025/6/24, 63, 45, , 19, 3, 6
2025/6/24, 57, 33, , 6, 3, 3
2025/6/24, 94, 57, , 20, 3, 4
2025/6/24, 73, 59, , 19, 3, 5
2025/6/25, 103, 29, , 13, 3, 3
2025/6/25, 65, 23, , 8, 3, 2
2025/6/25, 93, 40, , 15, 3, 2
2025/6/25, 87, 26, , 11, 2, 4
2025/6/25, 83, 33, , 16, 1, 2
2025/6/26, 61, 42, , 12, 2, 6
2025/6/26, 56, 46, , 11, 2, 5
2025/6/26, 55, 42, , 16, 1, 4
2025/6/26, 63, 52, , 12, 3, 4
2025/6/26, 45, 44, , 10, 2, 4
2025/6/27, 82, 42, , 12, 2, 4
2025/6/27, 75, 37, , 9, 2, 4
2025/6/27, 79, 40, , 12, 1, 4
2025/6/27, 72, 28, , 6, 2, 3
2025/6/27, 65, 35, , 9, 2, 5
2025/6/28, 70, 31, , 4, 2, 4
2025/6/28, 88, 31, , 6, 1, 4
2025/6/28, 78, 32, , 5, 2, 6
2025/6/28, 94, 39, , 6, 2, 5
2025/6/28, 83, 35, , 5, 2, 5
2025/6/29, 68, 21, , 8, , 4
2025/6/29, 66, 19, , 8, , 5
2025/6/29, 55, 23, , 5, 2, 2
2025/6/29, 70, 24, , 9, 2, 5
2025/6/29, 69, 17, , 8, 1, 3
2025/6/30, 53, 16, , 2, 2, 2
2025/6/30, 45, 17, , 6, 2, 4
2025/6/30, 46, 19, , 4, 1, 4
2025/6/30, 48, 17, , 4, 1, 3
2025/6/30, 48, 16, , 4, 2, 4
2025/7/1, 37, 23, , 3, 1, 4
2025/7/1, 30, 18, , 2, 2, 3
2025/7/1, 39, , , , , 
2025/7/1, 38, 20, , 3, 1, 3
2025/7/1, 48, 22, , 4, , 4
2025/7/2, 49, 17, , 4, 1, 3
2025/7/2, 35, 14, , 2, , 2
2025/7/2, 49, 18, , 4, , 3
2025/7/2, 50, 20, , 4, 1, 4
2025/7/3, , , , 13, 3, 5
2025/7/3, 45, 15, , 9, 1, 2
2025/7/3, 37, 15, , 8, 1, 4
2025/7/3, 30, 12, , 3, , 2
2025/7/3, 46, 12, , 7, 1, 2
2025/7/4, 68, 15, , 9, 2, 5
2025/7/4, 20, 22, , 4, 2, 3
2025/7/4, 35, 24, , 8, 1, 3
2025/7/4, 22, 30, , 6, 1, 4
2025/7/4, 27, 23, , 7, 1, 4
2025/7/5, 39, 11, , 3, 2, 2
2025/7/5, 47, 12, , 4, 2, 2
2025/7/5, 52, 17, , 7, 1, 1
2025/7/5, 61, 20, , 8, 2, 4
2025/7/5, 44, 11, , 5, 1, 2
2025/7/6, 24, 28, , 11, 2, 2
2025/7/6, 42, 23, , 11, 1, 2
2025/7/6, 32, 35, , 15, 3, 4
2025/7/6, 27, 17, , 3, 2, 1
2025/7/6, 42, 30, , 11, 1, 2
2025/7/7, 48, 35, , 14, 2, 3
2025/7/7, 30, 33, , 13, 4, 3
2025/7/7, 47, 41, , 13, 6, 4
2025/7/7, 46, 24, , 4, 3, 3
2025/7/7, 31, 27, , 9, 3, 4
2025/7/8, 51, 34, , 7, 2, 5
2025/7/8, 55, 38, , 9, 1, 7
2025/7/8, 73, 43, , 13, 3, 5
2025/7/8, 55, 35, , 11, 1, 4
2025/7/8, 51, 28, , 3, 2, 3
2025/7/9, 59, 30, , 2, 2, 4
2025/7/9, 73, 31, , 6, , 5
2025/7/9, 87, 43, , 9, 3, 4
2025/7/9, 78, 41, , 7, 1, 5
2025/7/9, 74, 36, , 8, 1, 4
2025/7/10, 62, 27, , 3, 2, 3
2025/7/10, 73, 31, , 6, 1, 3
2025/7/10, 66, 30, , 6, 2, 4
2025/7/10, 72, 35, , 5, 1, 3
2025/7/10, 69, 39, , 7, 3, 4
2025/7/11, 67, 39, , 4, 1, 3
2025/7/11, 54, 38, , 4, 2, 3
2025/7/11, 63, 46, , 6, 3, 6
2025/7/11, 68, 37, , 5, 2, 4
2025/7/11, 65, 36, , 5, 1, 4
2025/7/12, 68, 15, , 3, 2, 1
2025/7/12, 69, 17, , 5, 1, 2
2025/7/12, 71, 15, , 4, 3, 2
2025/7/12, 69, 15, , 4, 1, 1
2025/7/12, 75, 21, , 7, 3, 3
2025/7/13, 31, 17, , 6, 3, 1
2025/7/13, 55, 21, , 8, 1, 1
2025/7/13, 44, 16, , 6, 2, 1
2025/7/13, 33, 19, , 6, 1, 1
2025/7/13, 36, 26, , 10, 3, 1
2025/7/14, 35, 19, , 6, 1, 1
2025/7/14, 39, 28, , 10, 5, 1
2025/7/14, 22, 16, , 6, 2, 2
2025/7/14, 15, 13, , 4, 2, 1
2025/7/14, 19, 20, , 6, 2, 1
2025/7/15, 50, 15, , 7, 2, 4
2025/7/15, 26, 17, , 5, 2, 3
2025/7/15, 25, 12, , 5, 1, 4
2025/7/15, 33, 13, , 5, 2, 3
2025/7/15, 24, 13, , 2, 2, 2
2025/7/16, 47, 28, , 8, 2, 4
2025/7/16, 55, 19, , 5, 1, 4
2025/7/16, 37, 19, , 5, 2, 4
2025/7/16, 35, 19, , 1, 2, 3
2025/7/16, 53, 22, , 5, 1, 5
2025/7/17, 54, 28, , 12, 2, 4
2025/7/17, 48, 19, , 9, 1, 4
2025/7/17, 42, 21, , 4, 2, 1
2025/7/17, 47, 27, , 9, 1, 4
2025/7/17, 41, 19, , 9, 2, 3
2025/7/18, 42, 19, , 6, 2, 3
2025/7/18, 35, 25, , 3, 2, 3
2025/7/18, 48, 21, , 7, 1, 4
2025/7/18, 43, 25, , 6, 1, 5
2025/7/18, 53, 28, , 9, 2, 4
2025/7/19, 45, 15, , 4, 1, 5
2025/7/19, 34, , , , , 
2025/7/19, 48, 14, , 3, 1, 3
2025/7/19, 51, 17, , 6, 2, 5
2025/7/19, 44, 17, , 4, 2, 3
2025/7/20, 37, 16, , 4, 2, 3
2025/7/20, 40, 20, , 6, 2, 7
2025/7/20, 35, 17, , 4, 1, 7
2025/7/20, , 30, , 3, 1, 1
2025/7/20, 37, 18, , 4, 1, 4
2025/7/21, 43, 31, , 6, 2, 5
2025/7/21, 34, 22, , 5, 2, 3
2025/7/21, 64, 21, , 3, 1, 1
2025/7/21, 43, 22, , 4, 1, 4
2025/7/21, 39, 25, , 5, 2, 5
2025/7/22, 53, 19, , 4, 2, 3
2025/7/22, 60, 24, , 6, 2, 5
2025/7/22, 51, 17, , 4, 1, 3
2025/7/22, 51, 20, , 3, 1, 4
2025/7/22, 60, 14, , 2, 1, 1
2025/7/23, 39, 17, , 3, 1, 2
2025/7/23, 40, 21, , 5, 2, 2
2025/7/23, 44, 15, , 3, 2, 2
2025/7/23, 33, 12, , 1, , 2
2025/7/23, 30, 14, , 2, 1, 2
2025/7/24, 28, 22, , 5, 1, 3
2025/7/24, 31, 25, , 7, 2, 2
2025/7/24, 26, 20, , 5, 2, 3
2025/7/24, 24, 22, , 5, 1, 3
2025/7/24, 19, 21, , 2, , 3
2025/7/25, 61, 28, , 5, 1, 4
2025/7/25, 53, 33, , 7, 2, 3
2025/7/25, 46, 29, , 5, 2, 4
2025/7/25, 44, 29, , 5, 1, 4
2025/7/25, 35, 32, , 2, 1, 3
2025/7/26, 69, 14, , 3, , 4
2025/7/26, 67, 18, , 4, 1, 3
2025/7/26, 62, 12, , , 1, 2
2025/7/26, 76, 14, , 3, , 4
2025/7/26, 74, 15, , 6, 2, 3
2025/7/27, 37, 26, , 7, 1, 3
2025/7/27, 33, 28, , 8, 2, 4
2025/7/27, 25, 21, , 1, 1, 2
2025/7/27, 29, 17, , 4, 1, 3
2025/7/27, 43, 22, , 4, 2, 3
2025/7/28, 52, 16, , 4, 1, 2
2025/7/28, 36, 15, , 3, 1, 4
2025/7/28, 51, 18, , 1, 1, 3
2025/7/28, 48, 18, , 4, 2, 3
2025/7/28, 58, 19, , 6, 2, 4
2025/7/29, 38, 15, , 4, 1, 2
2025/7/29, 33, 14, , 2, 1, 1
2025/7/29, 47, 16, , 6, 2, 4
2025/7/29, 52, 12, , 4, 2, 2
2025/7/29, 47, 12, , 4, 1, 3
2025/7/30, 34, 22, , 7, 3, 4
2025/7/30, 29, 15, , 5, 2, 2
2025/7/30, 28, 16, , 5, 1, 3
2025/7/30, 31, 16, , 5, 1, 2
2025/7/30, 20, 12, , 1, 1, 1
2025/7/31, 21, 18, , 2, 1, 2
2025/7/31, 41, 24, , 7, 2, 4
2025/7/31, 35, 23, , 7, 1, 3
2025/7/31, 29, 21, , 6, 2, 3
2025/7/31, 33, 31, , 9, 3, 5
2025/8/1, 54, 34, , 8, 3, 5
2025/8/1, 50, 25, , 7, 1, 3
2025/8/1, 36, 28, , 7, 2, 3
2025/8/1, 38, 38, , 3, 1, 2
2025/8/1, 42, 30, , 7, 1, 4
2025/8/2, 53, 15, , 2, 1, 1
2025/8/2, 48, 16, , 4, 1, 3
2025/8/2, 52, 15, , 3, 1, 3
2025/8/2, 55, 19, , 4, 2, 2
2025/8/2, 58, 21, , 6, 3, 5
2025/8/3, 38, 13, , 2, 1, 1
2025/8/3, 46, 19, , 8, 1, 2
2025/8/3, 36, 15, , 6, 2, 3
2025/8/3, 44, 13, , 6, 2, 2
2025/8/3, 45, 24, , 9, 3, 5
2025/8/4, 28, 16, , 7, 1, 3
2025/8/4, 28, 20, , 9, 2, 3
2025/8/4, 15, 20, , 10, 1, 3
2025/8/4, 25, 15, , 1, 2, 1
2025/8/4, 33, 25, , 11, 3, 5
2025/8/5, 42, 21, , 9, 3, 2
2025/8/5, 32, 13, , 5, 1, 3
2025/8/5, 45, 14, , 2, , 1
2025/8/5, 25, 17, , 8, 1, 4
2025/8/5, 32, 16, , 6, 2, 2
2025/8/6, 29, 14, , 7, 2, 2
2025/8/6, 30, 17, , 6, 1, 2
2025/8/6, 49, 22, , 9, 3, 2
2025/8/6, 36, 13, , 4, 2, 1
2025/8/6, 36, 15, , 6, 2, 3
2025/8/7, 35, 19, , 7, 1, 2
2025/8/7, 32, 28, , 9, 3, 3
2025/8/7, 25, 16, , 2, 2, 2
2025/8/7, 35, 23, , 8, 1, 4
2025/8/7, 28, 22, , 8, 2, 3
2025/8/8, 58, 18, , 6, 1, 3
2025/8/8, 47, 23, , 7, 3, 3
2025/8/8, 36, 18, , 7, 2, 3
2025/8/8, 30, 18, , 5, 1, 3
2025/8/8, 23, 17, , 3, 2, 2
2025/8/9, 34, 16, , 4, 2, 1
2025/8/9, 38, 15, , 6, 1, 3
2025/8/9, 39, 16, , 7, 2, 2
2025/8/9, 43, 19, , 9, 1, 3
2025/8/9, 49, 23, , 9, 3, 2
2025/8/10, 17, 14, , 2, 2, 2
2025/8/10, 28, 23, , 9, 3, 3
2025/8/10, 43, 19, , 7, 1, 2
2025/8/10, 40, 27, , 10, 4, 2
2025/8/10, 38, 17, , 8, 2, 2
2025/8/11, 61, 21, , 2, 2, 3
2025/8/11, 28, 27, , 6, 2, 4
2025/8/11, 40, 38, , 8, 3, 4
2025/8/11, 32, 24, , 4, 1, 4
2025/8/11, 30, 29, , 6, 2, 4
2025/8/12, 47, 19, , 2, 2, 2
2025/8/12, 54, 25, , 7, 2, 3
2025/8/12, 72, 31, , 6, 3, 2
2025/8/12, 34, 26, , 4, 1, 4
2025/8/12, 56, 25, , 5, 2, 3
2025/8/13, 58, 30, , 6, 2, 3
2025/8/13, 54, 21, , 5, 2, 3
2025/8/13, 53, 27, , 6, 3, 2
2025/8/13, 59, 21, , 5, 1, 3
2025/8/13, 49, 17, , 2, 2, 1
2025/8/14, 46, 34, , 5, 1, 4
2025/8/14, 48, 33, , 5, 2, 5
2025/8/14, 36, 28, , 2, 2, 3
2025/8/14, 52, 42, , 6, 3, 3
2025/8/14, 42, 35, , 4, 2, 5
2025/8/15, 67, 30, , 6, 3, 3
2025/8/15, 61, 24, , 4, 2, 4
2025/8/15, 66, 24, , 3, 1, 4
2025/8/15, 62, 24, , 4, 2, 4
2025/8/15, 55, 20, , 2, 2, 2
2025/8/16, 58, 14, , 3, 1, 2
2025/8/16, 56, 22, , 7, 4, 1
2025/8/16, 48, 11, , 2, 2, 1
2025/8/16, 58, 13, , 4, 2, 2
2025/8/16, 57, 13, , 4, 2, 1
2025/8/17, 35, 26, , 6, 2, 4
2025/8/17, 24, 24, , 7, 2, 4
2025/8/17, 21, 20, , 3, 2, 2
2025/8/17, 29, 31, , 10, 4, 3
2025/8/17, 31, 23, , 7, 2, 4
2025/8/18, 36, 27, , 4, 1, 4
2025/8/18, 62, 27, , 3, 2, 3
2025/8/18, 50, 26, , 4, 3, 3
2025/8/18, 53, 34, , 5, 4, 3
2025/8/18, 40, 25, , 5, 2, 4
2025/8/19, 60, 25, , 12, 1, 3
2025/8/19, 65, 31, , 7, 3, 4
2025/8/19, 64, 14, , 2, 2, 1
2025/8/19, 57, 24, , 9, 2, 3
2025/8/19, 65, 19, , 9, 2, 3
2025/8/20, 50, 24, , 10, 3, 4
2025/8/20, 31, 18, , 7, 1, 4
2025/8/20, 25, 12, , 2, 2, 3
2025/8/20, 39, 18, , 7, 2, 4
2025/8/20, 45, 20, , 7, 1, 3
2025/8/21, 25, 14, , 2, 1, 3
2025/8/21, 27, 14, , 1, 2, 2
2025/8/21, 34, 14, , 3, 2, 3
2025/8/21, 40, 16, , 4, 3, 4
2025/8/21, 31, 17, , 3, 1, 4
2025/8/22, 30, 27, , 4, 2, 6
2025/8/22, 37, 31, , 5, 3, 5
2025/8/22, 29, 27, , 2, 2, 4
2025/8/22, 32, 28, , 4, 1, 5
2025/8/22, 31, 25, , 4, 2, 6
2025/8/23, 59, 22, , 5, 3, 3
2025/8/23, 64, 17, , 4, 1, 3
2025/8/23, 59, 18, , 5, 2, 4
2025/8/23, 51, 16, , 2, 2, 2
2025/8/23, 49, 15, , 4, 1, 4
2025/8/24, 34, 13, , 2, 2, 2
2025/8/24, 37, 26, , 10, 4, 3
2025/8/24, 38, 21, , 8, 1, 4
2025/8/24, 40, 19, , 7, 2, 4
2025/8/24, 36, 21, , 8, 2, 4
2025/8/25, 38, 25, , 8, 3, 2
2025/8/25, 23, 17, , 4, 2, 2
2025/8/25, 33, 21, , 9, 1, 2
2025/8/25, 38, 20, , 7, 2, 3
2025/8/25, 32, 19, , 6, 2, 3
2025/8/26, 24, 13, , 3, 2, 1
2025/8/26, 51, 25, , 9, 4, 2
2025/8/26, 30, 22, , 7, 2, 3
2025/8/26, 41, 16, , 7, 2, 3
2025/8/26, 42, 22, , 8, 1, 3
2025/8/27, 25, 16, , 6, 2, 3
2025/8/27, 28, 16, , 4, 2, 4
2025/8/27, 38, 16, , 5, 1, 3
2025/8/27, 40, 16, , 2, 2, 2
2025/8/27, 56, 20, , 7, 3, 1
2025/8/28, 41, 18, , 6, 1, 3
2025/8/28, 35, 18, , 5, 2, 3
2025/8/28, 39, 17, , 6, 2, 4
2025/8/28, 50, 20, , 6, 3, 1
2025/8/28, 36, 16, , 3, 2, 1
2025/8/29, 32, 35, , 6, 2, 6
2025/8/29, 24, 27, , 2, 2, 3
2025/8/29, 37, 31, , 6, 1, 5
2025/8/29, 45, 40, , 7, 3, 3
2025/8/29, 34, 33, , 6, 2, 6
2025/8/30, 67, 29, , 6, 1, 5
2025/8/30, 66, 32, , 6, 2, 6
2025/8/30, 77, 39, , 7, 3, 5
2025/8/30, 49, 24, , 1, 2, 3
2025/8/30, 65, 32, , 5, 2, 6
2025/8/31, 63, 23, , 5, 1, 4
2025/8/31, 46, 17, , 2, 2, 2
2025/8/31, 72, 22, , 5, 2, 5
2025/8/31, 65, 21, , 6, 2, 4
2025/8/31, 70, 32, , 8, 3, 3
2025/9/1, 48, 27, , 7, 1, 6
2025/9/1, 68, 23, , 2, 2, 4
2025/9/1, 43, 37, , 8, 2, 6
2025/9/1, 51, 40, , 9, 3, 3
2025/9/1, 72, 33, , 7, 1, 6
2025/9/2, 63, 27, , 4, 1, 5
2025/9/2, 79, 40, , 6, 4, 4
2025/9/2, 58, 23, , 2, 2, 4
2025/9/2, 67, 30, , 5, 2, 6
2025/9/2, 57, 33, , 5, 2, 5
2025/9/3, 58, 32, , 6, 2, 5
2025/9/3, 56, 28, , 7, 2, 6
2025/9/3, 46, 21, , 1, 2, 2
2025/9/3, 65, 41, , 10, 4, 4
2025/9/3, 56, 29, , 7, 1, 4
2025/9/4, 41, 21, , 2, 2, 2
2025/9/4, 58, 33, , 8, 2, 5
2025/9/4, 71, 40, , 10, 3, 3
2025/9/4, 53, 32, , 8, 2, 5
2025/9/4, 62, 28, , 7, 1, 3
2025/9/5, 56, 17, , 4, 1, 2
2025/9/5, 55, 15, , 3, 2, 4
2025/9/5, 60, 22, , 5, 3, 1
2025/9/5, 45, 16, , 2, 2, 1
2025/9/5, 64, 17, , 5, 2, 3
2025/9/6, 49, 21, , 6, 1, 2
2025/9/6, 39, 18, , 5, 2, 4
2025/9/6, 47, 28, , 6, 4, 1
2025/9/6, 36, 18, , 3, 2, 1
2025/9/6, 49, 21, , 7, 2, 3
2025/9/7, 44, 19, , 8, 1, 2
2025/9/7, 49, 28, , 9, 4, 1
2025/9/7, 20, 16, , 3, 2, 1
2025/9/7, 37, 22, , 8, 2, 3
2025/9/7, 27, 20, , 7, 2, 3
2025/9/8, 32, 13, , 4, 2, 1
2025/9/8, 31, 33, , 12, 4, 2
2025/9/8, 22, 27, , 13, 2, 4
2025/9/8, 31, 28, , 11, 2, 3
2025/9/8, 27, 22, , 10, 1, 2
2025/9/9, 17, 12, , 3, 1, 2
2025/9/9, 46, 34, , 12, 4, 2
2025/9/9, 34, 22, , 10, 1, 2
2025/9/9, 37, 25, , 9, 2, 3
2025/9/9, 43, 21, , 10, 2, 3
2025/9/10, 61, 40, , 10, 4, 2
2025/9/10, 49, 27, , 7, 2, 4
2025/9/10, 52, 31, , 9, 2, 6
2025/9/10, 29, 23, , 2, 1, 3
2025/9/10, 49, 33, , 8, 2, 4
2025/9/11, 52, 39, , 6, 2, 4
2025/9/11, 45, 32, , 4, 2, 3
2025/9/11, 73, 36, , 8, 2, 5
2025/9/11, 55, 32, , 2, 1, 2
2025/9/11, 66, 45, , 7, 4, 3
2025/9/12, 73, 37, , 11, 2, 5
2025/9/12, 68, 27, , 2, 1, 3
2025/9/12, 69, 48, , 11, 4, 4
2025/9/12, 74, 38, , 7, 2, 4
2025/9/12, 71, 36, , 6, 2, 3
2025/9/13, 79, 44, , 4, 4, 4
2025/9/13, 70, 36, , 4, 2, 3
2025/9/13, 76, 31, , 2, 2, 3
2025/9/13, 72, 32, , 5, 2, 5
2025/9/13, 57, 31, , 3, 2, 3
2025/9/14, 62, 14, , 5, 3, 2
2025/9/14, 53, 13, , 4, 2, 2
2025/9/14, 58, 11, , 6, 2, 4
2025/9/14, 56, 17, , 5, 4, 2
2025/9/14, 64, 14, , 5, 2, 2
2025/9/15, 35, 34, , 6, 3, 2
2025/9/15, 20, 22, , 6, 2, 4
2025/9/15, 34, 24, , 3, 1, 2
2025/9/15, 28, 28, , 5, 2, 2
2025/9/15, 26, 27, , 4, 2, 3
2025/9/16, 40, 15, , 6, 1, 1
2025/9/16, 36, 23, , 9, 2, 2
2025/9/16, 52, 30, , 10, 3, 1
2025/9/16, 39, 19, , 8, 2, 2
2025/9/16, 32, 17, , 9, 2, 4
2025/9/17, 41, 38, , 14, 3, 2
2025/9/17, 41, 27, , 11, 2, 4
2025/9/17, 26, 14, , 5, 2, 1
2025/9/17, 50, 25, , 8, 2, 3
2025/9/17, 27, 23, , 13, 3, 4
2025/9/18, 69, 21, , 12, 2, 3
2025/9/18, 51, 19, , 8, 2, 3
2025/9/18, 38, 10, , 2, 2, 1
2025/9/18, 52, 19, , 8, 1, 3
2025/9/18, 65, 31, , 12, 3, 2
2025/9/19, 57, 48, , 18, 3, 2
2025/9/19, 45, 30, , 12, 2, 4
2025/9/19, 24, 16, , 4, 2, 1
2025/9/19, 41, 33, , 13, 2, 4
2025/9/19, 47, 33, , 16, 3, 4
2025/9/20, 57, 26, , 11, 2, 4
2025/9/20, 58, 30, , 11, 1, 4
2025/9/20, 71, 43, , 16, 3, 2
2025/9/20, 35, 18, , 6, 2, 2
2025/9/20, 62, 26, , 14, 3, 3
2025/9/21, 55, 20, , 6, 2, 3
2025/9/21, 60, 24, , 6, 1, 3
2025/9/21, 55, 23, , 11, 3, 3
2025/9/21, 46, 18, , 3, 2, 2
2025/9/21, 76, 36, , 11, 3, 2
2025/9/22, 43, 31, , 6, 1, 3
2025/9/22, 47, 22, , 3, 2, 3
2025/9/22, 45, 34, , 8, 3, 4
2025/9/22, 38, 26, , 6, 2, 3
2025/9/22, 46, 26, , 9, 3, 6
2025/9/23, 57, 18, , 7, 2, 5
2025/9/23, 54, 17, , 2, 1, 3
2025/9/23, 57, 18, , 5, 2, 3
2025/9/23, 50, 21, , 5, 3, 3
2025/9/23, 56, 16, , 3, 1, 3
2025/9/24, 46, 21, , 9, 2, 3
2025/9/24, 51, 25, , 7, 3, 3
2025/9/24, 46, 17, , 4, 2, 2
2025/9/24, 42, 18, , 7, 1, 3
2025/9/24, 41, 19, , 8, 2, 3
2025/9/25, 50, 31, , 14, 3, 4
2025/9/25, 47, 24, , 14, 2, 4
2025/9/25, 42, 19, , 7, 2, 3
2025/9/25, 43, 20, , 13, 1, 3
2025/9/25, 55, 25, , 14, 1, 3
2025/9/26, 44, 31, , 11, 2, 4
2025/9/26, 28, 18, , 3, 2, 2
2025/9/26, 57, 38, , 14, 3, 4
2025/9/26, 41, 31, , 15, 1, 4
2025/9/26, 53, 25, , 9, 1, 3
2025/9/27, 49, 23, , 7, 1, 3
2025/9/27, 57, 26, , 7, 2, 4
2025/9/27, 33, 19, , 2, 2, 2
2025/9/27, 60, 33, , 9, 3, 4
2025/9/27, 64, 27, , 11, 2, 4
2025/9/28, 54, 41, , 11, 3, 6
2025/9/28, 54, 37, , 13, 1, 4
2025/9/28, 59, 38, , 12, 2, 6
2025/9/28, 61, 44, , 11, 3, 7
2025/9/28, 47, 27, , 2, 2, 3
2025/9/29, 74, 42, , 7, 2, 5
2025/9/29, 76, 43, , 7, 3, 5
2025/9/29, 95, 50, , 8, 3, 6
2025/9/29, 82, 42, , 9, 2, 4
2025/9/29, 68, 35, , 2, 2, 5
2025/9/30, 72, 37, , 9, 1, 4
2025/9/30, 68, 35, , 3, 2, 3
2025/9/30, 87, 43, , 7, 2, 5
2025/9/30, 80, 45, , 7, 2, 5
2025/9/30, 80, 46, , 7, 3, 6
2025/10/1, 83, 50, , 6, 2, 6
2025/10/1, 94, 62, , 9, 3, 8
2025/10/1, 87, 48, , 7, 2, 5
2025/10/1, 95, 48, , 10, 1, 6
2025/10/1, 69, 46, , 3, 2, 5
2025/10/2, 124, 55, , 10, 3, 6
2025/10/2, 101, 45, , 11, 1, 4
2025/10/2, 85, 37, , 3, 2, 4
2025/10/2, 92, 41, , 9, 2, 4
2025/10/2, 91, 43, , 7, 2, 4
2025/10/3, 87, 35, , 6, 2, 3
2025/10/3, 89, 46, , 5, 3, 5
2025/10/3, 82, 36, , 7, 1, 3
2025/10/3, 65, 32, , 3, 2, 3
2025/10/3, 83, 35, , 5, 2, 3
2025/10/4, 66, 31, , 7, 3, 3
2025/10/4, 68, 19, , 4, 2, 1
2025/10/4, 64, 19, , 8, 1, 1
2025/10/4, 52, 15, , 3, 2, 1
2025/10/4, 67, 16, , 5, 2, 1
2025/10/5, 34, 23, , 6, 2, 1
2025/10/5, 24, 24, , 10, 1, 2
2025/10/5, 20, 17, , 3, 2, 1
2025/10/5, 26, 23, , 6, 2, 1
2025/10/5, 35, 34, , 7, 4, 3
2025/10/6, 42, 32, , 8, 1, 2
2025/10/6, 46, 37, , 4, 2, 2
2025/10/6, 51, 49, , 5, 3, 3
2025/10/6, 40, 34, , 4, 2, 2
2025/10/6, 31, 31, , 3, 2, 2
2025/10/7, 63, 22, , 6, 2, 1
2025/10/7, 57, 20, , 5, 2, 1
2025/10/7, 49, 18, , 8, 1, 1
2025/10/7, 50, 20, , 5, 2, 1
2025/10/7, 61, 33, , 6, 4, 2
2025/10/8, 38, 35, , 13, 1, 2
2025/10/8, 37, 33, , 8, 2, 2
2025/10/8, 35, 55, , 12, 4, 3
2025/10/8, 37, 30, , 9, 2, 2
2025/10/8, 32, 23, , 6, 2, 1
2025/10/9, 79, 41, , 13, 2, 2
2025/10/9, 58, 39, , 10, 3, 2
2025/10/9, 58, 43, , 14, 2, 2
2025/10/9, 67, 60, , 13, 4, 3
2025/10/9, 46, 31, , 5, 2, 2
2025/10/10, 85, 57, , 15, 3, 4
2025/10/10, 73, 39, , 15, 2, 4
2025/10/10, 86, 38, , 16, 1, 4
2025/10/10, 81, 42, , 14, 2, 3
2025/10/10, 68, 32, , 7, 2, 3
2025/10/11, 83, 30, , 10, 1, 2
2025/10/11, 84, 48, , 9, 4, 1
2025/10/11, 78, 31, , 6, 2, 1
2025/10/11, 92, 33, , 10, 2, 1
2025/10/11, 69, 26, , 5, 2, 1
2025/10/12, 53, 118, , 19, 5, 5
2025/10/12, 58, 74, , 18, 2, 5
2025/10/12, 58, 66, , 14, 3, 5
2025/10/12, 55, 77, , 13, 3, 5
2025/10/12, 43, 82, , 9, 3, 4
2025/10/13, 166, 172, , 16, 5, 5
2025/10/13, 153, 82, , 14, 3, 5
2025/10/13, 164, 85, , 9, 2, 4
2025/10/13, 153, 95, , 13, 3, 6
2025/10/13, 161, 62, , 15, 1, 6
2025/10/14, 180, 47, , 11, 3, 3
2025/10/14, 178, 43, , 12, 3, 2
2025/10/14, 176, 47, , 13, 1, 2
2025/10/14, 173, 46, , 10, 2, 2
2025/10/14, 174, 53, , 12, 4, 5
2025/10/15, 111, 48, , 8, 3, 3
2025/10/15, 113, 47, , 10, 1, 1
2025/10/15, 105, 50, , 9, 4, 6
2025/10/15, 98, 45, , 6, 2, 2
2025/10/15, 108, 41, , 9, 2, 2
2025/10/16, 127, 50, , 13, 1, 2
2025/10/16, 108, 57, , 11, 3, 4
2025/10/16, 108, 55, , 12, 4, 8
2025/10/16, 100, 45, , 10, 2, 3
2025/10/16, 104, 37, , 12, 3, 3
2025/10/17, 138, 32, , 7, 5, 2
2025/10/17, 132, 29, , 8, 4, 1
2025/10/17, 134, 34, , 7, 4, 8
2025/10/17, 125, 28, , 5, 2, 1
2025/10/17, 138, 27, , 8, 1, 1
2025/10/18, 79, 24, , 10, 4, 3
2025/10/18, 84, 21, , 10, 3, 2
2025/10/18, 81, 21, , 10, 2, 1
2025/10/18, 93, 21, , 10, 3, 2
2025/10/18, 73, 19, , 8, 2, 2
2025/10/19, 53, 18, , 12, 3, 1
2025/10/19, 62, 22, , 11, 3, 2
2025/10/19, 52, 21, , 12, 3, 3
2025/10/19, 47, 22, , 7, 2, 1
2025/10/19, 52, 24, , 11, 5, 3
2025/10/20, 49, 36, , 17, 4, 3
2025/10/20, 52, 28, , 10, 2, 2
2025/10/20, 48, 38, , 18, 5, 3
2025/10/20, 47, 31, , 18, 2, 2
2025/10/20, 62, 36, , 16, 3, 3
2025/10/21, 72, 32, , 10, 2, 2
2025/10/21, 82, 40, , 16, 3, 3
2025/10/21, 82, 46, , 17, 4, 6
2025/10/21, 68, 44, , 20, 4, 4
2025/10/21, 71, 39, , 16, 3, 4
2025/10/22, 91, 52, , 19, 3, 4
2025/10/22, 100, 47, , 18, 5, 5
2025/10/22, 72, 36, , 13, 2, 3
2025/10/22, 89, 34, , 17, 3, 2
2025/10/22, 88, 36, , 14, 3, 4
2025/10/23, 88, 48, , 20, 3, 5
2025/10/23, 78, 27, , 5, 2, 1
2025/10/23, 106, 44, , 18, 2, 4
2025/10/23, 87, 56, , 22, 4, 7
2025/10/23, 80, 46, , 21, 2, 5
2025/10/24, 64, 55, , 8, 3, 4
2025/10/24, 109, 71, , 19, 5, 7
2025/10/24, 111, 64, , 17, 3, 5
2025/10/24, 109, 61, , 20, 4, 5
2025/10/24, 102, 65, , 19, 5, 6
2025/10/25, 140, 34, , 7, 4, 2
2025/10/25, 143, 34, , 6, 3, 1
2025/10/25, 148, 27, , 6, 3, 2
2025/10/25, 144, 31, , 8, 4, 1
2025/10/25, 127, 29, , 6, 2, 2
2025/10/26, 60, 30, , 8, 3, 1
2025/10/26, 46, 31, , 6, 4, 3
2025/10/26, 61, 33, , 7, 3, 2
2025/10/26, 51, 32, , 7, 4, 2
2025/10/26, 65, 29, , 6, 2, 2
2025/10/27, 58, 44, , 7, 2, 3
2025/10/27, 67, 48, , 13, 2, 4
2025/10/27, 62, 48, , 15, 3, 3
2025/10/27, 55, 60, , 14, 3, 4
2025/10/27, 50, 51, , 14, 4, 5
2025/10/28, 94, 152, , 14, 4, 9
2025/10/28, 111, 110, , 14, 4, 8
2025/10/28, 112, 100, , 17, 4, 8
2025/10/28, 110, 116, , 17, 6, 10
2025/10/28, 118, 116, , 17, 4, 8
2025/10/29, 245, 30, , 10, 3, 2
2025/10/29, 227, 38, , 10, 3, 4
2025/10/29, 251, 48, , 11, 3, 2
2025/10/29, 248, 35, , 11, 5, 4
2025/10/29, 259, 28, , 8, 2, 3
2025/10/30, 81, 41, , 15, 3, 5
2025/10/30, 68, 54, , 17, 3, 5
2025/10/30, 71, 43, , 17, 2, 2
2025/10/30, 41, 26, , 5, 2, 3
2025/10/30, 55, 46, , 19, 4, 6
2025/10/31, 94, 68, , 13, 4, 5
2025/10/31, 112, 61, , 14, 3, 4
2025/10/31, 89, 57, , 15, 4, 6
2025/10/31, 56, 40, , 7, 3, 4
2025/10/31, 94, 62, , 13, 3, 3
2025/11/1, 110, 33, , 5, 2, 3
2025/11/1, 132, 28, , 7, 2, 1
2025/11/1, 128, 31, , 6, 4, 5
2025/11/1, 134, 40, , 6, 3, 3
2025/11/1, 133, 29, , 8, 2, 4
2025/11/2, 54, 29, , 8, 4, 4
2025/11/2, 64, 29, , 10, 3, 3
2025/11/2, 85, 33, , 8, 6, 4
2025/11/2, 65, 29, , 7, 2, 3
2025/11/2, 93, 26, , 4, 2, 3
2025/11/3, 79, 46, , 15, 3, 5
2025/11/3, 77, 56, , 17, 7, 6
2025/11/3, 82, 52, , 14, 3, 6
2025/11/3, 70, 58, , 14, 4, 5
2025/11/3, 56, 41, , 6, 3, 4
2025/11/4, 127, 99, , 19, 4, 9
2025/11/4, 111, 80, , 8, 2, 6
2025/11/4, 165, 102, , 14, 3, 7
2025/11/4, 133, 100, , 17, 6, 7
2025/11/4, 128, 82, , 16, 3, 7
2025/11/5, 183, 67, , 12, 2, 6
2025/11/5, 194, 68, , 20, 3, 6
2025/11/5, 189, 57, , 15, 3, 5
2025/11/5, 190, 67, , 21, 2, 6
2025/11/5, 191, 72, , 15, 5, 5
2025/11/6, 152, 52, , 6, 2, 5
2025/11/6, 162, 56, , 9, 3, 5
2025/11/6, 160, 139, , 11, 4, 6
2025/11/6, 167, 158, , 12, 5, 8
2025/11/6, 149, 115, , 11, 4, 8
2025/11/7, 266, 114, , 16, 3, 8
2025/11/7, 161, 113, , 15, 3, 7
2025/11/7, 137, 90, , 10, 3, 7
2025/11/7, 227, 116, , 17, 4, 8
2025/11/7, 261, 111, , 17, 6, 9
2025/11/8, 211, 45, , 6, 2, 2
2025/11/8, 221, 41, , 6, 2, 2
2025/11/8, 193, 39, , 6, 2, 4
2025/11/8, 214, 41, , 8, 3, 3
2025/11/8, 205, 42, , 7, 4, 4
2025/11/9, 82, 42, , 12, 3, 5
2025/11/9, 74, 30, , 12, 3, 5
2025/11/9, 70, 42, , 11, 3, 5
2025/11/9, 65, 38, , 7, 3, 4
2025/11/9, 63, 31, , 11, 5, 7
2025/11/10, 84, 94, , 23, 4, 7
2025/11/10, 91, 83, , 21, 4, 7
2025/11/10, 118, 109, , 20, 3, 8
2025/11/10, 87, 103, , 24, 6, 10
2025/11/10, 137, 86, , 13, 3, 6
2025/11/11, 185, 77, , 12, 5, 5
2025/11/11, 212, 81, , 11, 3, 5
2025/11/11, 184, 79, , 12, 5, 7
2025/11/11, 180, 71, , 10, 4, 6
2025/11/11, 179, 73, , 7, 3, 5
2025/11/12, 161, 47, , 11, 3, 3
2025/11/12, 153, 38, , 11, 3, 2
2025/11/12, 138, 31, , 9, 4, 5
2025/11/12, 152, 40, , 10, 4, 3
2025/11/12, 137, 29, , 7, 2, 3
2025/11/13, 88, 86, 19, 19, 3, 8
2025/11/13, 88, 67, 21, 17, 4, 7
2025/11/13, 74, 73, 23, 18, 3, 6
2025/11/13, 65, 76, 23, 18, 5, 5
2025/11/13, 46, 63, 31, 8, 3, 4
2025/11/14, 150, 94, 31, 18, 7, 5
2025/11/14, 142, 85, 32, 10, 4, 7
2025/11/14, 151, 78, 27, 16, 6, 8
2025/11/14, 148, 90, 29, 17, 5, 7
2025/11/14, 150, 92, 30, 15, 5, 8
2025/11/15, 176, 50, 20, 5, 2, 3
2025/11/15, 182, 52, 20, 7, 3, 3
2025/11/15, 174, 54, 20, 7, 4, 2
2025/11/15, 198, 48, 22, 5, 2, 2
2025/11/15, 182, 49, 18, 6, 2, 3
2025/11/16, 53, 101, 38, 8, 4, 4
2025/11/16, 60, 135, 49, 8, 3, 8
2025/11/16, 75, 144, 42, 10, 4, 7
2025/11/16, 64, 71, 53, 8, 2, 4
2025/11/16, 74, 96, 36, 8, 2, 7
2025/11/17, 155, 49, 19, 9, 3, 4
2025/11/17, 273, 41, 21, 8, 2, 2
2025/11/17, 184, 47, 21, 11, 2, 2
2025/11/17, 179, 43, 22, 10, 4, 3
2025/11/17, 148, 41, 23, 9, 5, 2
2025/11/18, 100, 50, 23, 11, 8, 3
2025/11/18, 103, 42, 24, 8, 5, 5
2025/11/18, 53, 43, 29, 5, 3, 3
2025/11/18, 86, 42, 26, 9, 3, 2
2025/11/18, 81, 45, 24, 8, 5, 1
2025/11/19, 87, 34, 26, 5, 2, 2
2025/11/19, 96, 37, 26, 7, 2, 2
2025/11/19, 94, 37, 24, 7, 4, 1
2025/11/19, 100, 37, 24, 8, 4, 3
2025/11/19, 80, 36, 23, 7, 3, 3
2025/11/20, 69, 54, 29, 10, 4, 4
2025/11/20, 57, 42, 30, 6, 3, 3
2025/11/20, 75, 64, 28, 12, 3, 4
2025/11/20, 57, 55, 28, 10, 5, 3
2025/11/20, 67, 54, 30, 9, 4, 4
2025/11/21, 89, 80, 37, 9, 5, 6
2025/11/21, 123, 75, 33, 12, 5, 5
2025/11/21, 105, 69, 33, 10, 6, 6
2025/11/21, 101, 77, 33, 11, 6, 6
2025/11/21, 97, 77, 35, 11, 6, 5
2025/11/22, 153, 100, 29, 16, 4, 9
2025/11/22, 169, 76, 33, 11, 4, 6
2025/11/22, 146, 88, 29, 19, 6, 9
2025/11/22, 144, 82, 28, 18, 6, 8
2025/11/22, 143, 76, 28, 16, 6, 8
2025/11/23, 188, 101, 46, 18, 4, 9
2025/11/23, 165, 140, 39, 19, 7, 9
2025/11/23, 145, 122, 39, 14, 4, 7
2025/11/23, 171, 100, 35, 19, 6, 8
2025/11/23, 174, 85, 35, 16, 4, 8
2025/11/24, 242, 100, 20, 18, 5, 8
2025/11/24, 268, 91, 20, 16, 3, 7
2025/11/24, 243, 102, 24, 13, 3, 5
2025/11/24, 280, 112, 32, 19, 3, 8
2025/11/24, 272, 104, 24, 19, 6, 7
2025/11/25, 196, 98, 17, 16, 5, 8
2025/11/25, 250, 113, 27, 18, 5, 9
2025/11/25, 204, 111, 23, 18, 7, 9
2025/11/25, 189, 94, 24, 12, 4, 7
2025/11/25, 182, 108, 22, 17, 6, 7
2025/11/26, 191, 37, 24, 9, 5, 3
2025/11/26, 232, 36, 22, 12, 3, 3
2025/11/26, 211, 40, 23, 11, 5, 3
2025/11/26, 187, 35, 23, 7, 3, 3
2025/11/26, 203, 35, 22, 8, 3, 3
2025/11/27, 69, 45, 23, 11, 6, 6
2025/11/27, 62, 40, 26, 5, 3, 4
2025/11/27, 94, 39, 21, 10, 3, 5
2025/11/27, 100, 45, 23, 10, 5, 4
2025/11/27, 89, 45, 24, 9, 3, 4
2025/11/28, 101, 60, 26, 5, 3, 3
2025/11/28, 100, 42, 29, 4, 3, 3
2025/11/28, 110, 51, 27, 7, 5, 3
2025/11/28, 111, 49, 28, 4, 2, 2
2025/11/28, 96, 46, 26, 5, 5, 2
2025/11/29, 47, 39, 18, 7, 3, 3
2025/11/29, 60, 40, 17, 10, 5, 5
2025/11/29, 71, 40, 16, 14, 4, 3
2025/11/29, 96, 40, 16, 10, 3, 2
2025/11/29, 68, 40, 20, 11, 5, 4
2025/11/30, 100, 52, 23, 7, 2, 4
2025/11/30, 93, 47, 21, 11, 3, 4
2025/11/30, 88, 54, 22, 11, 4, 7
2025/11/30, 91, 54, 20, 12, 5, 5
2025/11/30, 106, 51, 23, 11, 2, 4
2025/12/1, 113, 35, 22, 5, 4, 2
2025/12/1, 98, 35, 21, 3, 2, 1
2025/12/1, 108, 27, 23, 3, 2, 2
2025/12/1, 101, 29, 23, 3, 4, 6
2025/12/1, 106, 34, 23, 5, 3, 2
2025/12/2, 45, 19, 18, 5, 3, 5
2025/12/2, 38, 23, 22, 5, 3, 3
2025/12/2, 43, 21, 18, 5, 3, 2
2025/12/2, 48, 20, 18, 5, 4, 1
2025/12/2, 36, 18, 19, 3, 3, 1
2025/12/3, 40, 31, 18, 5, 3, 3
2025/12/3, 45, 35, 17, 10, 5, 4
2025/12/3, 48, 36, 18, 10, 4, 5
2025/12/3, 54, 33, 16, 10, 4, 5
2025/12/3, 49, 37, 18, 10, 3, 4
2025/12/4, 82, 37, 20, 9, 3, 4
2025/12/4, 75, 38, 18, 10, 4, 6
2025/12/4, 72, 28, 22, 3, 3, 3
2025/12/4, 78, 38, 20, 10, 4, 3
2025/12/4, 74, 39, 17, 12, 6, 5
2025/12/5, 65, 42, 21, 7, 3, 4
2025/12/5, 70, 48, 18, 10, 4, 5
2025/12/5, 67, 48, 20, 9, 4, 4
2025/12/5, 68, 51, 19, 14, 6, 5
2025/12/5, 71, 44, 18, 9, 4, 6
2025/12/6, 108, 50, 18, 15, 5, 8
2025/12/6, 112, 58, 18, 15, 3, 6
2025/12/6, 99, 52, 20, 16, 4, 6
2025/12/6, 99, 57, 20, 15, 4, 8
2025/12/6, 86, 45, 21, 6, 3, 4
2025/12/7, 91, 36, 23, 6, 2, 2
2025/12/7, 134, 33, 20, 7, 2, 2
2025/12/7, 119, 34, 22, 8, 4, 3
2025/12/7, 120, 32, 23, 6, 3, 5
2025/12/7, 116, 33, 21, 8, 3, 4
2025/12/8, 75, 57, 13, 19, 3, 7
2025/12/8, 64, 54, 18, 18, 5, 5
2025/12/8, 84, 39, 18, 7, 3, 2
2025/12/8, 59, 56, 19, 16, 4, 6
2025/12/8, 71, 49, 17, 16, 4, 6
2025/12/9, 93, 60, 15, 9, 3, 4
2025/12/9, 115, 62, 17, 16, 3, 7
2025/12/9, 131, 70, 8, 19, 4, 8
2025/12/9, 121, 67, 12, 17, 3, 8
2025/12/9, 122, 64, 11, 20, 5, 6
2025/12/10, 138, 30, 20, 5, 3, 2
2025/12/10, 132, 29, 19, 6, 3, 2
2025/12/10, 140, 33, 20, 9, 3, 4
2025/12/10, 132, 31, 19, 7, 3, 4
2025/12/10, 141, 32, 19, 9, 4, 3
2025/12/11, 70, 52, 19, 15, 4, 7
2025/12/11, 72, 53, 17, 15, 7, 4
2025/12/11, 67, 48, 21, 6, 3, 4
2025/12/11, 56, 53, 18, 12, 4, 6
2025/12/11, 72, 47, 19, 11, 3, 4
2025/12/12, 107, 66, 9, 21, 5, 7
2025/12/12, 101, 68, 9, 19, 5, 9
2025/12/12, 119, 67, 10, 19, 4, 10
2025/12/12, 102, 55, 15, 10, 4, 5
2025/12/12, 101, 60, 10, 18, 5, 7
2025/12/13, 138, 81, 17, 16, 5, 9
2025/12/13, 133, 82, 17, 16, 4, 11
2025/12/13, 115, 70, 18, 12, 3, 7
2025/12/13, 148, 72, 18, 16, 4, 10
2025/12/13, 128, 71, 18, 16, 5, 8
2025/12/14, 165, 56, 17, 17, 5, 9
2025/12/14, 161, 59, 16, 14, 6, 8
2025/12/14, 147, 56, 16, 14, 5, 7
2025/12/14, 142, 63, 15, 16, 5, 8
2025/12/14, 146, 55, 20, 10, 4, 6
2025/12/15, 136, 48, 16, 8, 6, 3
2025/12/15, 127, 56, 14, 12, 5, 5
2025/12/15, 119, 48, 18, 7, 3, 3
2025/12/15, 130, 43, 16, 10, 3, 3
2025/12/15, 133, 46, 16, 14, 4, 4
2025/12/16, 108, 53, 15, 16, 4, 5
2025/12/16, 111, 60, 17, 17, 4, 2
2025/12/16, 111, 59, 18, 11, 5, 5
2025/12/16, 106, 55, 20, 8, 3, 4
2025/12/16, 105, 63, 19, 17, 2, 4
2025/12/17, 121, 58, 26, 7, 4, 5
2025/12/17, 153, 64, 23, 12, 3, 3
2025/12/17, 132, 60, 25, 8, 4, 5
2025/12/17, 127, 62, 25, 13, 5, 2
2025/12/17, 126, 54, 24, 11, 4, 4
2025/12/18, 134, 51, 27, 5, 3, 4
2025/12/18, 126, 57, 26, 7, 4, 1
2025/12/18, 133, 55, 25, 6, 3, 1
2025/12/18, 141, 60, 25, 7, 5, 4
2025/12/18, 149, 53, 25, 7, 2, 1
2025/12/19, 109, 37, 18, 4, 4, 2
2025/12/19, 108, 33, 20, 6, 2, 1
2025/12/19, 96, 33, 19, 5, 4, 1
2025/12/19, 104, 34, 18, 5, 3, 1
2025/12/19, 99, 32, 19, 4, 3, 2
2025/12/20, 57, 39, 20, 11, 2, 3
2025/12/20, 58, 35, 18, 8, 3, 1
2025/12/20, 56, 39, 18, 6, 4, 3
2025/12/20, 42, 36, 20, 8, 4, 2
2025/12/20, 52, 34, 19, 6, 2, 3
2025/12/21, 84, 38, 19, 7, 3, 3
2025/12/21, 67, 41, 20, 9, 4, 3
2025/12/21, 67, 36, 17, 8, 3, 1
2025/12/21, 62, 38, 20, 4, 3, 3
2025/12/21, 74, 41, 16, 7, 4, 5
2025/12/22, 81, 46, 21, 10, 3, 3
2025/12/22, 86, 46, 17, 10, 4, 5
2025/12/22, 79, 40, 20, 6, 3, 4
2025/12/22, 80, 41, 18, 10, 3, 2
2025/12/22, 93, 42, 18, 10, 2, 4
2025/12/23, 102, 46, 15, 19, 4, 4
2025/12/23, 113, 51, 15, 20, 3, 6
2025/12/23, 105, 48, 15, 19, 4, 4
2025/12/23, 90, 53, 16, 13, 3, 5
2025/12/23, 115, 49, 14, 14, 6, 5
2025/12/24, 119, 28, 15, 8, 3, 2
2025/12/24, 119, 26, 16, 5, 4, 3
2025/12/24, 112, 28, 15, 7, 4, 3
2025/12/24, 133, 25, 16, 10, 3, 3
2025/12/24, 109, 26, 15, 8, 5, 2
2025/12/25, 71, 47, 13, 11, 4, 6
2025/12/25, 75, 41, 13, 14, 4, 7
2025/12/25, 61, 43, 14, 15, 4, 6
2025/12/25, 75, 43, 15, 11, 3, 4
2025/12/25, 72, 50, 14, 17, 3, 6
2025/12/26, 134, 47, 17, 16, 3, 6
2025/12/26, 108, 43, 14, 14, 5, 7
2025/12/26, 100, 44, 10, 14, 5, 6
2025/12/26, 97, 42, 17, 7, 4, 5
2025/12/26, 112, 48, 16, 11, 5, 7
2025/12/27, 110, 68, 19, 13, 5, 6
2025/12/27, 93, 59, 20, 9, 4, 7
2025/12/27, 127, 58, 21, 13, 2, 6
2025/12/27, 115, 54, 17, 11, 5, 8
2025/12/27, 118, 63, 17, 12, 5, 8
2025/12/28, 154, , , , , 
2025/12/28, 151, , , , , 
2025/12/28, 157, , , , , 
2025/12/28, 158, , , , , 
2025/12/28, 148, , , , , 
2025/12/31, , 39, 2, 10, 4, 6
2025/12/31, , 42, 2, 9, 6, 2
2025/12/31, , 45, 2, 11, 4, 7
2025/12/31, , 40, 2, 9, 6, 3
2025/12/31, , 42, 4, 9, 3, 4
2026/1/1, 99, 55, , 13, 6, 6
2026/1/1, 115, 55, , 14, 4, 8
2026/1/1, 101, 53, , 13, 6, 4
2026/1/1, 95, 52, , 12, 3, 7
2026/1/1, 90, 54, , 15, 4, 8
2026/1/2, 125, 64, , 16, 6, 7
2026/1/2, 131, 70, , 16, 6, 8
2026/1/2, 118, 62, , 12, 4, 8
2026/1/2, 138, 71, , 20, 4, 10
2026/1/2, 118, 69, , 18, 4, 10
2026/1/3, 134, 73, , 14, 3, 8
2026/1/3, 148, 59, , 17, 5, 7
2026/1/3, 149, 67, , 21, 3, 10
2026/1/3, 166, 77, , 22, 4, 12
2026/1/3, 152, 68, , 20, 7, 8
2026/1/4, 139, 38, , 12, 4, 6
2026/1/4, 170, 42, , 12, 3, 5
2026/1/4, 152, 41, , 10, 5, 4
2026/1/4, 139, 42, , 10, 5, 3
2026/1/4, 150, 41, , 11, 4, 2
2026/1/5, 79, 43, , 12, 4, 5
2026/1/5, 101, 39, , 10, 4, 5
2026/1/5, 93, 43, , 11, 5, 3
2026/1/5, 90, 41, , 10, 6, 5
2026/1/5, 94, 36, , 7, 4, 3
2026/1/6, 91, 37, , 9, 3, 3
2026/1/6, 85, 29, , 7, 4, 3
2026/1/6, 85, 32, , 7, 4, 2
2026/1/6, 76, 30, , 5, 3, 1
2026/1/6, 96, 34, , 7, 4, 1
2026/1/7, 55, 32, , 9, 2, 3
2026/1/7, 66, 37, , 10, 4, 5
2026/1/7, 58, 39, , 12, 4, 5
2026/1/7, 74, 39, , 15, 2, 6
2026/1/7, 69, 41, , 14, 6, 3
2026/1/8, 77, 49, , 11, 3, 4
2026/1/8, 90, 50, , 12, 5, 5
2026/1/8, 92, 56, , 14, 5, 5
2026/1/8, 97, 53, , 15, 6, 4
2026/1/8, 119, 49, , 16, 3, 7
2026/1/9, 112, 49, , 12, 4, 5
2026/1/9, 116, , , 13, 6, 4
2026/1/9, 115, 42, , 14, 3, 6
2026/1/9, 108, 47, , 10, 4, 5
2026/1/9, 121, 51, , 10, 3, 3
2026/1/10, 117, 41, , 10, 5, 5
2026/1/10, 128, 39, , 9, 3, 5
2026/1/10, 120, 42, , 10, 2, 4
2026/1/10, 145, 35, , 11, 6, 3
2026/1/10, 125, 42, , 8, 5, 5
2026/1/11, 100, 36, , 7, 3, 4
2026/1/11, 103, 40, , 9, 5, 4
2026/1/11, 107, 39, , 8, 3, 5
2026/1/11, 101, 37, , 8, 5, 6
2026/1/11, 90, 39, , 10, 5, 5
2026/1/12, 77, 25, , 4, 3, 2
2026/1/12, 82, 29, , 8, 4, 4
2026/1/12, 84, 28, , 6, 5, 5
2026/1/12, 91, 28, , 6, 3, 2
2026/1/12, 92, 30, , 8, 5, 3
2026/1/13, 67, 42, , 13, 6, 6
2026/1/13, 58, 35, , 6, 3, 4
2026/1/13, 65, 38, , 12, 6, 7
2026/1/13, 65, 42, , 13, 4, 4
2026/1/13, 68, 44, , 13, 6, 5
2026/1/14, 105, 38, , 15, 5, 4
2026/1/14, 98, 39, , 12, 5, 6
2026/1/14, 103, 39, , 10, 5, 4
2026/1/14, 107, 44, , 12, 5, 4
2026/1/14, 78, 37, , 9, 3, 4
2026/1/15, 108, 51, , 17, 6, 6
2026/1/15, 105, 60, , 23, 4, 7
2026/1/15, 91, 56, , 14, 3, 6
2026/1/15, 103, 52, , 19, 7, 6
2026/1/15, 104, 50, , 15, 6, 5
2026/1/16, 129, 39, , 11, 5, 4
2026/1/16, 131, 37, , 13, 7, 5
2026/1/16, 135, 38, , 13, 5, 4
2026/1/16, 159, 39, , 13, 3, 3
2026/1/16, 137, 41, , 9, 2, 4
2026/1/17, 100, 37, , 13, 6, 5
2026/1/17, 100, 40, , 9, 3, 4
2026/1/17, 113, 39, , 10, 5, 5
2026/1/17, 87, 43, , 11, 5, 4
2026/1/17, 104, 47, , 16, 3, 4
2026/1/18, 101, 35, , 11, 5, 5
2026/1/18, 126, 33, , 9, 3, 2
2026/1/18, 104, 33, , 8, 5, 4
2026/1/18, 98, 34, , 8, 3, 3
2026/1/18, 96, 36, , 10, 5, 5
2026/1/19, 74, 45, , 8, 3, 4
2026/1/19, 68, 48, , 16, 4, 4
2026/1/19, 76, 42, , 10, 5, 5
2026/1/19, 78, 45, , 14, 6, 4
2026/1/19, 78, 50, , 15, 4, 4
2026/1/20, 87, 41, , 16, 3, 6
2026/1/20, 89, 37, , 15, 6, 3
2026/1/20, 98, 44, , 15, 3, 5
2026/1/20, 82, 41, , 9, 3, 4
2026/1/20, 74, 37, , 13, 5, 6
2026/1/21, 108, 41, , 13, 3, 3
2026/1/21, 92, 38, , 12, 3, 4
2026/1/21, 86, 35, , 11, 5, 5
2026/1/21, 93, 34, , 7, 3, 4
2026/1/21, 93, 36, , 12, 5, 3
2026/1/22, 78, 33, , 11, 5, 4
2026/1/22, 80, 33, , 13, 5, 2
2026/1/22, 78, 37, , 16, 2, 3
2026/1/22, 72, 31, , 6, 3, 3
2026/1/22, 92, 40, , 15, 3, 3
2026/1/23, 75, 46, , 17, 6, 3
2026/1/23, 89, 49, , 16, 3, 4
2026/1/23, 72, 43, , 11, 2, 5
2026/1/23, 77, 48, , 15, 3, 2
2026/1/23, 81, 47, , 12, 5, 4
2026/1/24, 110, 46, , 13, 4, 4
2026/1/24, 102, 47, , 16, 5, 4
2026/1/24, 97, 57, , 15, 2, 7
2026/1/24, 106, 63, , 24, 3, 8
2026/1/24, 96, 49, , 15, 2, 3
2026/1/25, 114, 63, , 18, 3, 2
2026/1/25, 120, 59, , 17, 6, 6
2026/1/25, 142, 56, , 18, 3, 7
2026/1/25, 117, 54, , 17, 5, 5
2026/1/25, 135, 49, , 9, 2, 4
2026/1/26, 144, 47, , 18, 4, 6
2026/1/26, 140, 61, , 23, 3, 5
2026/1/26, 131, 52, , 25, 6, 5
2026/1/26, 128, 57, , 25, 2, 6
2026/1/26, 126, 53, , 12, 3, 5
2026/1/27, 123, 53, , 19, 5, 7
2026/1/27, 125, 56, , 21, 5, 5
2026/1/27, 127, 60, , 16, 3, 9
2026/1/27, 134, 62, , 20, 3, 7
2026/1/27, 128, 50, , 12, 3, 5
2026/1/28, 118, 58, , 16, 2, 5
2026/1/28, 129, 44, , 15, 4, 4
2026/1/28, 124, 51, , 14, 2, 9
2026/1/28, 131, 51, , 13, 5, 4
2026/1/28, 140, 63, , 24, 3, 7
2026/1/29, 133, 68, , 22, 4, 8
2026/1/29, 109, 62, , 22, 5, 7
2026/1/29, 110, 65, , 20, 4, 11
2026/1/29, 127, 62, , 21, 8, 6
2026/1/29, 132, 54, , 11, 3, 5
2026/1/30, 133, 49, , 9, 2, 5
2026/1/30, 144, 55, , 16, 7, 7
2026/1/30, 148, 65, , 20, 3, 8
2026/1/30, 141, 63, , 16, 2, 11
2026/1/30, 145, 55, , 18, 5, 7
2026/1/31, 129, 54, , 16, 5, 7
2026/1/31, 144, 58, , 20, 3, 7
2026/1/31, 130, 53, , 15, 7, 6
2026/1/31, 133, 57, , 14, 3, 8
2026/1/31, 120, 49, , 8, 2, 5
2026/2/1, 134, 58, , 21, 6, 7
2026/2/1, 124, 69, , 24, 2, 10
2026/2/1, 122, 54, , 13, 2, 7
2026/2/1, 138, 77, , 24, 3, 14
2026/2/1, 132, 60, , 27, 6, 8
2026/2/2, 154, , , , , 
2026/2/2, 175, , , , , 
2026/2/2, 158, , , , , 
2026/2/2, 156, , , , , 
2026/2/2, 142, , , , , 
2026/2/4, , 108, , 8, 3, 3
2026/2/4, , 94, , 6, 2, 3
2026/2/4, , 93, , 6, 1, 5
2026/2/4, , 109, , 7, 3, 3
2026/2/4, , 93, , 7, 3, 3
2026/2/5, 73, 38, , 7, 3, 4
2026/2/5, 76, 34, , 7, 4, 3
2026/2/5, 80, 35, , 5, 2, 4
2026/2/5, 87, 34, , 6, 4, 4
2026/2/5, 73, 30, , 4, 2, 3
2026/2/6, 57, 47, , 12, 2, 4
2026/2/6, 57, 34, , 6, 2, 4
2026/2/6, 62, 43, , 13, 5, 5
2026/2/6, 68, 53, , 18, 4, 7
2026/2/6, 71, 44, , 11, 5, 6
2026/2/7, 120, 46, , 14, 3, 6
2026/2/7, 103, 41, , 12, 7, 5
2026/2/7, 76, 37, , 7, 3, 5
2026/2/7, 92, 45, , 12, 2, 3
2026/2/7, 99, 42, , 12, 5, 5
2026/2/8, 93, 53, , 16, 4, 8
2026/2/8, 90, 52, , 13, 7, 7
2026/2/8, 90, 52, , 11, 6, 6
2026/2/8, 90, 45, , 6, 3, 5
2026/2/8, 91, 54, , 9, 3, 3
2026/2/9, 105, 57, , 9, 3, 4
2026/2/9, 123, 65, , 18, 4, 7
2026/2/9, 120, 62, , 13, 5, 8
2026/2/9, 113, 69, , 14, 5, 6
2026/2/9, 121, 61, , 11, 6, 6
2026/2/10, 147, 56, , 17, 7, 5
2026/2/10, 147, 49, , 15, 5, 6
2026/2/10, 139, 44, , 8, 3, 4
2026/2/10, 147, 53, , 17, 4, 8
2026/2/10, 149, 50, , 14, 5, 5
2026/2/11, 119, 70, , 21, 6, 9
2026/2/11, 118, 71, , 20, 7, 9
2026/2/11, 117, 63, , 10, 3, 7
2026/2/11, 112, 81, , 19, 7, 17
2026/2/11, 124, 81, , 19, 5, 16
2026/2/12, 165, 84, , 14, 7, 9
2026/2/12, 154, 82, , 9, 4, 9
2026/2/12, 169, 84, , 17, 6, 10
2026/2/12, 163, 87, , 13, 6, 10
2026/2/12, 165, 98, , 16, 8, 12
2026/2/13, 172, 83, , 5, 4, 5
2026/2/13, 179, 81, , 5, 4, 4
2026/2/13, 171, 80, , 5, 2, 5
2026/2/13, 178, 84, , 6, 4, 6
2026/2/13, 177, 88, , 5, 6, 5
2026/2/14, 114, 36, , 4, 5, 5
2026/2/14, 119, 35, , 4, 3, 4
2026/2/14, 117, 34, , 4, 3, 1
2026/2/14, 114, 29, , 4, 2, 2
2026/2/14, 115, 34, , 3, 3, 3
2026/2/15, 54, 47, , 3, 6, 4
2026/2/15, 55, 42, , 4, 5, 1
2026/2/15, 58, 39, , 3, 5, 4
2026/2/15, 50, 41, , 3, 7, 4
2026/2/15, 44, 37, , 4, 3, 3
2026/2/16, 83, 72, , 5, 5, 4
2026/2/16, 85, 74, , 5, 7, 5
2026/2/16, 78, 73, , 6, 8, 3
2026/2/16, 96, 73, , 4, 7, 5
2026/2/16, 82, 71, , 4, 9, 3
2026/2/17, 151, 33, , 4, 3, 2
2026/2/17, 154, 27, , 3, 2, 6
2026/2/17, 157, 37, , 2, 3, 4
2026/2/17, 154, 32, , 5, 4, 3
2026/2/17, 151, 33, , 3, 6, 4
2026/2/18, 96, 48, , 4, 4, 5
2026/2/18, 88, 46, , 4, 5, 5
2026/2/18, 92, 42, , 5, 5, 5
2026/2/18, 86, 37, , 4, 4, 3
2026/2/18, 95, 45, , 4, 5, 2
2026/2/19, 97, 56, , 3, 5, 2
2026/2/19, 96, 53, , 3, 4, 4
2026/2/19, 97, 56, , 9, 6, 6
2026/2/19, 77, 48, , 3, 3, 4
2026/2/19, 93, 59, , 5, 4, 6
2026/2/20, 125, 62, , 2, 4, 2
2026/2/20, 117, 64, , 3, 5, 5
2026/2/20, 107, 58, , 3, 4, 5
2026/2/20, 123, 64, , 7, 6, 6
2026/2/20, 126, 67, , 6, 6, 6
2026/2/21, 145, 214, , 1, 3, 2
2026/2/21, 148, 218, , 1, 3, 1
2026/2/21, 137, 222, , 1, 2, 1
2026/2/21, 148, 267, , 2, 3, 3
2026/2/21, 145, 228, , 2, 2, 5
2026/2/22, 69, 71, , , 3, 4
2026/2/22, 69, 69, , 1, 2, 
2026/2/22, 70, 71, , 2, 2, 3
2026/2/22, 72, 77, , , 3, 3
2026/2/22, 71, 69, , , 2, 1
2026/2/23, 42, 46, , 9, 3, 5
2026/2/23, 44, 49, , 6, 4, 7
2026/2/23, 45, 31, , 2, 3, 2
2026/2/23, 45, 35, , 5, 3, 3
2026/2/23, 45, 40, , 8, 3, 4
2026/2/24, 73, 72, , 4, 3, 4
2026/2/24, 92, 84, , 5, 3, 4
2026/2/24, 77, 90, , 8, 3, 4
2026/2/24, 120, 92, , 5, 4, 5
2026/2/24, 69, 90, , 6, 3, 2
2026/2/25, 128, 37, , 3, 3, 2
2026/2/25, 137, 38, , 3, 4, 2
2026/2/25, 132, 38, , 5, 3, 2
2026/2/25, 132, 44, , 5, 3, 3
2026/2/25, 140, 37, , 4, 2, 1
2026/2/26, 58, 33, , 6, 4, 3
2026/2/26, 63, 44, , 6, 3, 4
2026/2/26, 56, 37, , 4, 3, 3
2026/2/26, 58, 37, , 4, 4, 3
2026/2/26, 59, 37, , 5, 3, 2
2026/2/27, 86, 37, , 5, 3, 2
2026/2/27, 76, 31, , 6, 3, 3
2026/2/27, 89, 43, , 5, 3, 5
2026/2/27, 84, 28, , 3, 3, 3
2026/2/27, 84, 37, , 4, 4, 3
2026/2/28, 95, 54, 35, 7, 3, 4
2026/2/28, 81, 48, 28, 12, 4, 5
2026/2/28, 78, 47, 37, 5, 3, 4
2026/2/28, 89, 53, 35, 6, 4, 5
2026/2/28, 96, 61, 35, 9, 4, 6
2026/3/1, 126, 65, 35, 9, 3, 5
2026/3/1, 123, 65, 36, 8, 4, 5
2026/3/1, 114, 68, 38, 8, 3, 5
2026/3/1, 132, 75, 35, 11, 4, 6
2026/3/1, 108, 64, 33, 12, 4, 5
2026/3/2, 148, 77, 25, 7, 3, 4
2026/3/2, 147, 88, 23, 10, 4, 7
2026/3/2, 150, 83, 23, 11, 4, 6
2026/3/2, 149, 83, 22, 12, 4, 8
2026/3/2, 141, 87, 24, 10, 4, 6
2026/3/3, 165, 38, 32, 9, 3, 3
2026/3/3, 163, 35, 32, 6, 3, 4
2026/3/3, 157, 40, 31, 6, 3, 5
2026/3/3, 160, 36, 31, 7, 4, 4
2026/3/3, 154, 34, 33, 5, 3, 2
2026/3/4, 101, 44, 33, 11, 3, 4
2026/3/4, 110, 45, 33, 15, 3, 5
2026/3/4, 95, 42, 34, 10, 4, 5
2026/3/4, 97, 53, 33, 12, 4, 4
2026/3/4, 92, 35, 37, 5, 2, 3
2026/3/5, 115, 24, 31, 8, 4, 3
2026/3/5, 109, 27, 30, 7, 4, 2
2026/3/5, 115, 33, 30, 8, 3, 4
2026/3/5, 96, 28, 34, 5, 3, 2
2026/3/5, 116, 27, 31, 8, 4, 2
2026/3/6, 69, 38, 37, 9, 3, 3
2026/3/6, 72, 44, 36, 12, 4, 6
2026/3/6, 62, 45, 36, 17, 3, 5
2026/3/6, 71, 42, 35, 15, 6, 4
2026/3/6, 72, 40, 35, 11, 4, 3
2026/3/7, 101, 61, 39, 13, 4, 7
2026/3/7, 100, 53, 36, 11, 5, 5
2026/3/7, 90, 50, 40, 5, 3, 3
2026/3/7, 88, 64, 37, 14, 4, 6
2026/3/7, 99, 54, 37, 11, 4, 4
2026/3/8, 134, 44, 37, 11, 5, 4
2026/3/8, 136, 46, 37, 13, 4, 4
2026/3/8, 114, 43, 37, 7, 3, 3
2026/3/8, 136, 42, 37, 9, 4, 3
2026/3/8, 137, 53, 37, 11, 4, 6
2026/3/9, 103, 53, 39, 5, 3, 4
2026/3/9, 108, 69, 40, 12, 4, 7
2026/3/9, 106, 62, 36, 14, 5, 6
2026/3/9, 107, 65, 40, 14, 4, 6
2026/3/9, 107, 62, 39, 11, 4, 5
2026/3/10, 125, 60, 38, 10, 3, 4
2026/3/10, 126, 49, 37, 11, 4, 4
2026/3/10, 112, 50, 38, 7, 3, 3
2026/3/10, 128, 51, 36, 8, 4, 3
2026/3/10, 125, 48, 36, 7, 3, 3
2026/3/11, 118, 52, 40, 6, 3, 3
2026/3/11, 116, 49, 37, 12, 4, 4
2026/3/11, 107, 60, 35, 23, 4, 7
2026/3/11, 116, 56, 36, 15, 4, 5
2026/3/11, 115, 63, 37, 17, 5, 6
2026/3/12, 129, 79, 48, 8, 4, 4
2026/3/12, 132, 70, 47, 5, 3, 4
2026/3/12, 133, 81, 49, 10, 4, 6
2026/3/12, 141, 74, 49, 9, 5, 5
2026/3/12, 139, 73, 50, 8, 4, 2
2026/3/13, 138, 41, 35, 5, 3, 3
2026/3/13, 138, 47, 35, 5, 4, 2
2026/3/13, 137, 43, 35, 5, 3, 3
2026/3/13, 134, 43, 37, 6, 3, 1
2026/3/13, 139, 51, 37, 8, 3, 5
2026/3/14, 77, 107, 57, 16, 5, 5
2026/3/14, 78, 106, 56, 15, 5, 7
2026/3/14, 81, 105, 56, 16, 5, 7
2026/3/14, 77, 91, 55, 10, 4, 6
2026/3/14, 80, 143, 52, 19, 5, 13
2026/3/15, 241, 76, 42, 21, 5, 7
2026/3/15, 196, 77, 55, 14, 5, 3
2026/3/15, 187, 90, 52, 12, 4, 6
2026/3/15, 194, 74, 53, 12, 5, 5
2026/3/15, 196, 74, 52, 12, 5, 4
2026/3/16, 177, 133, 65, 11, 6, 8
2026/3/16, 156, 135, 62, 22, 6, 11
2026/3/16, 148, 132, 61, 15, 7, 8
2026/3/16, 155, 125, 63, 14, 7, 8
2026/3/16, 156, 129, 65, 17, 6, 8
2026/3/17, 244, 55, 35, 5, 3, 2
2026/3/17, 242, 55, 34, 7, 3, 3
2026/3/17, 228, 60, 34, 6, 4, 2
2026/3/17, 230, 54, 33, 5, 3, 2
2026/3/17, 232, 56, 34, 6, 3, 1
2026/3/18, 79, 60, 35, 6, 4, 2
2026/3/18, 68, 57, 37, 7, 3, 3
2026/3/18, 69, 51, 37, 7, 2, 3
2026/3/18, 67, 57, 36, 6, 4, 3
2026/3/18, 70, 57, 36, 7, 3, 3
2026/3/19, 91, 105, 57, 10, 5, 6
2026/3/19, 87, 163, 48, 14, 5, 9
2026/3/19, 80, 79, 53, 7, 3, 6
2026/3/19, 89, 142, 55, 11, 5, 6
2026/3/19, 86, 112, 54, 9, 5, 7
2026/3/20, 198, 149, 59, 13, 5, 8
2026/3/20, 195, 132, 55, 12, 7, 8
2026/3/20, 214, 163, 57, 15, 5, 10
2026/3/20, 192, 150, 58, 14, 6, 9
2026/3/20, 175, 151, 62, 11, 4, 7
2026/3/21, 221, 100, 48, 13, 4, 7
2026/3/21, 233, 103, 45, 16, 5, 8
2026/3/21, 225, 94, 43, 10, 4, 7
2026/3/21, 247, 97, 44, 18, 4, 9
2026/3/21, 234, 107, 46, 15, 5, 9
2026/3/22, 183, 79, 42, 17, 4, 7
2026/3/22, 186, 77, 42, 15, 4, 6
2026/3/22, 182, 73, 44, 11, 2, 5
2026/3/22, 189, 82, 42, 16, 4, 8
2026/3/22, 179, 76, 43, 18, 3, 8
2026/3/23, 160, 67, 59, 9, 5, 4
2026/3/23, 157, 71, 56, 11, 6, 7
2026/3/23, 161, 74, 58, 11, 4, 7
2026/3/23, 159, 73, 57, 16, 4, 7
2026/3/23, 160, 66, 56, 8, 3, 5
2026/3/24, 159, 103, 64, 14, 4, 8
2026/3/24, 160, 103, 64, 12, 5, 8
2026/3/24, 162, 98, 63, 16, 4, 8
2026/3/24, 162, 94, 62, 13, 5, 8
2026/3/24, 157, 92, 64, 9, 4, 7
2026/3/25, 187, 120, 44, 21, 4, 9
2026/3/25, 183, 92, 42, 15, 4, 8
2026/3/25, 181, 107, 45, 15, 4, 7
2026/3/25, 177, 111, 43, 18, 4, 9
2026/3/25, 186, 101, 43, 18, 4, 8
2026/3/26, 195, 57, 43, 10, 2, 4
2026/3/26, 207, 70, 44, 16, 3, 5
2026/3/26, 187, 63, 42, 11, 3, 4
2026/3/26, 186, 61, 42, 10, 3, 5
2026/3/26, 193, 60, 42, 10, 3, 6
2026/3/27, 137, 83, 48, 19, 4, 8
2026/3/27, 126, 68, 48, 9, 3, 5
2026/3/27, 121, 81, 46, 14, 4, 7
2026/3/27, 130, 75, 45, 12, 4, 7
2026/3/27, 127, 76, 47, 12, 4, 6
2026/3/28, 161, 81, 32, 11, 4, 7
2026/3/28, 164, 80, 33, 9, 5, 8
2026/3/28, 158, 86, 34, 10, 4, 6
2026/3/28, 154, 75, 36, 9, 4, 5
2026/3/28, 160, 78, 34, 9, 5, 7
2026/3/29, 143, 45, 42, 10, 4, 6
2026/3/29, 143, 35, 42, 8, 2, 3
2026/3/29, 141, 44, 39, 13, 3, 6
2026/3/29, 145, 38, 40, 8, 3, 5
2026/3/29, 141, 45, 41, 8, 3, 4
2026/3/30, 92, 85, 60, 17, 4, 9
2026/3/30, 77, 81, 58, 7, 2, 5
2026/3/30, 87, 89, 52, 24, 4, 8
2026/3/30, 87, 89, 63, 22, 4, 8
2026/3/30, 85, 89, 59, 15, 4, 7
2026/3/31, 171, 69, 45, 9, 4, 2
2026/3/31, 170, 64, 44, 8, 5, 3
2026/3/31, 179, 59, 46, 8, 3, 4
2026/3/31, 176, 66, 41, 11, 3, 4
2026/3/31, 165, 67, 46, 6, 2, 3
2026/4/1, 111, 81, 54, 16, 4, 6
2026/4/1, 110, 86, 52, 18, 5, 5
2026/4/1, 109, 83, 53, 15, 4, 6
2026/4/1, 115, 73, 51, 8, 3, 4
2026/4/1, 102, 76, 45, 17, 3, 6
2026/4/2, 159, 204, 30, 15, 5, 10
2026/4/2, 151, 195, 27, 17, 5, 11
2026/4/2, 160, 206, 26, 17, 5, 10
2026/4/2, 160, 183, 33, 12, 4, 9
2026/4/2, 164, 216, 30, 16, 5, 11
2026/4/3, 265, 33, 38, 6, 3, 3
2026/4/3, 278, 29, 38, 5, 3, 3
2026/4/3, 254, 29, 36, 5, 2, 3
2026/4/3, 240, 27, 38, 5, 2, 2
2026/4/3, 265, 33, 38, 6, 3, 3
2026/4/4, 76, 35, 34, 3, 2, 4
2026/4/4, 87, 36, 34, 4, 3, 4
2026/4/4, 76, 40, 36, 4, 3, 4
2026/4/4, 77, 33, 36, 4, 3, 3
2026/4/4, 94, 40, 37, 5, 3, 3
2026/4/5, 77, 23, 27, 3, 2, 3
2026/4/5, 82, 24, 26, 4, 3, 4
2026/4/5, 83, 25, 28, 4, 3, 3
2026/4/5, 80, 22, 29, 4, 2, 2
2026/4/5, 88, 22, 28, 4, , 2
2026/4/6, 66, 23, 33, 4, 3, 2
2026/4/6, 65, 16, 34, 4, 4, 1
2026/4/6, 69, 21, 33, 4, 3, 3
2026/4/6, 75, 21, 37, 4, 3, 2
2026/4/6, 70, 19, 37, 3, 3, 3
2026/4/7, 55, 81, 49, 5, 3, 3
2026/4/7, 59, 173, 51, 5, 4, 4
2026/4/7, 62, 153, 53, 5, 3, 4
2026/4/7, 62, 124, 47, 5, 3, 4
2026/4/7, 61, 124, 48, 5, 4, 5
2026/4/8, 95, 52, 34, 13, 3, 5
2026/4/8, 99, 49, 37, 11, 4, 4
2026/4/8, 103, 50, 37, 13, 3, 5
2026/4/8, 97, 49, 34, 13, 3, 6
2026/4/8, 93, 45, 38, 6, 4, 4
2026/4/9, 113, 62, 32, 9, 3, 6
2026/4/9, 112, 44, 34, 7, 3, 2
2026/4/9, 115, 41, 35, 7, 3, 3
2026/4/9, 118, 40, 35, 8, 3, 6
2026/4/9, 106, 37, 33, 7, 3, 4
2026/4/10, 114, 27, 33, 3, 3, 1
2026/4/10, 104, 23, 32, 4, 4, 1
2026/4/10, 123, 25, 32, 4, , 1
2026/4/10, 108, 26, 33, 4, 2, 1
2026/4/10, 111, 33, 31, 3, 2, 3
2026/4/11, 33, 61, 49, 6, 3, 3
2026/4/11, 32, 64, 52, 6, 3, 1
2026/4/11, 30, 73, 50, 4, 3, 1
2026/4/11, 31, 69, 47, 4, 3, 4
2026/4/11, 37, 63, 50, 5, 4, 2
2026/4/12, 72, 24, 34, 5, 2, 1
2026/4/12, 72, 28, 36, 5, 3, 1
2026/4/12, 71, 28, 32, 7, 2, 4
2026/4/12, 73, 29, 34, 7, 3, 3
2026/4/12, 74, 27, 36, 6, 3, 1
2026/4/13, 59, 38, 42, 5, 3, 1
2026/4/13, 57, 35, 39, 7, 3, 4
2026/4/13, 62, 44, 42, 8, 3, 3
2026/4/13, 54, 32, 43, 4, 2, 2
2026/4/13, 61, 40, 43, 8, 3, 1
2026/4/14, 81, 39, 47, 5, 2, 2
2026/4/14, 86, 43, 46, 8, 3, 4
2026/4/14, 92, 49, 50, 9, 3, 3
2026/4/14, 94, 49, 48, 10, 3, 3
2026/4/14, 86, 52, 49, 10, 3, 3
2026/4/15, 102, 55, 48, 7, 4, 5
2026/4/15, 112, 55, 49, 10, 3, 5
2026/4/15, 117, 54, 50, 8, 3, 4
2026/4/15, 124, 56, 50, 6, 4, 5
2026/4/15, 102, 53, 53, 7, 3, 4
2026/4/16, 123, 36, 52, 5, 3, 2
2026/4/16, 125, 36, 48, 6, 3, 3
2026/4/16, 120, 37, 48, 4, 2, 3
2026/4/16, 127, 38, 47, 5, 3, 4
2026/4/16, 128, 39, 49, 4, 3, 3
2026/4/17, 85, 27, 43, 5, 3, 2
2026/4/17, 81, 36, 42, 8, 3, 4
2026/4/17, 80, 31, 43, 6, 3, 1
2026/4/17, 85, 36, 41, 7, 3, 2
2026/4/17, 84, 31, 45, 4, 3, 3
2026/4/18, 75, 67, 67, 4, 3, 3
2026/4/18, 91, 78, 66, 6, 4, 4
2026/4/18, 91, 84, 70, 5, 4, 2
2026/4/18, 89, 99, 67, 4, 3, 4
2026/4/18, 83, 83, 65, 4, 4, 3
2026/4/19, 95, 153, 34, 2, 2, 1
2026/4/19, 99, 175, 36, 3, , 1
2026/4/19, 97, 164, 34, 2, 3, 1
2026/4/19, 102, 172, 34, 3, , 3
2026/4/19, 103, 205, 35, 1, 3, 2
2026/4/20, 80, 50, 39, 2, 2, 
2026/4/20, 86, 50, 39, 3, 3, 1
2026/4/20, 81, 52, 36, 2, 3, 1
2026/4/20, 94, 52, 39, 1, 3, 2
2026/4/20, 80, 56, 37, 4, 3, 2
2026/4/21, 53, 23, 35, 5, 3, 2
2026/4/21, 54, 25, 34, 6, 3, 2
2026/4/21, 51, 16, 36, 3, 2, 3
2026/4/21, 53, 21, 34, 5, 3, 1
2026/4/21, 58, 22, 35, 5, 3, 2
2026/4/22, 39, 27, 45, 3, 2, 2
2026/4/22, 42, 36, 44, 7, 3, 2
2026/4/22, 47, 37, 43, 11, 3, 3
2026/4/22, 52, 34, 44, 7, 3, 3
2026/4/22, 50, 34, 40, 10, 3, 2
2026/4/23, 65, 66, 70, 7, 4, 5
2026/4/23, 70, 70, 71, 10, 5, 5
2026/4/23, 68, 67, 72, 10, 4, 4
2026/4/23, 70, 70, 71, 18, 4, 5
2026/4/23, 66, 68, 65, 7, 4, 4
2026/4/24, 144, 54, 44, 4, 3, 4
2026/4/24, 142, 47, 48, 5, 3, 3
2026/4/24, 144, 57, 44, 12, 3, 4
2026/4/24, 142, 55, 43, 10, 3, 3
2026/4/24, 141, 56, 45, 10, 4, 3
2026/4/25, 111, 19, 39, 4, 3, 2
2026/4/25, 93, 21, 41, 4, 3, 2
2026/4/25, 110, 20, 41, 3, 3, 4
2026/4/25, 105, 22, 39, 6, 3, 6
2026/4/25, 106, 19, 40, 5, 3, 2
2026/4/26, 49, 30, 35, 12, 3, 5
2026/4/26, 56, 22, 36, 8, 3, 5
2026/4/26, 53, 15, 37, 3, 3, 2
2026/4/26, 55, 27, 35, 9, 3, 3
2026/4/26, 52, 25, 33, 11, 3, 2
2026/4/27, 58, 20, 39, 6, 3, 2
2026/4/27, 52, 22, 40, 6, 3, 4
2026/4/27, 54, 26, 39, 8, 3, 3
2026/4/27, 51, 21, 39, 7, 3, 1
2026/4/27, 45, 17, 40, 3, 2, 1
2026/4/28, 50, 23, 40, 4, 2, 2
2026/4/28, 54, 29, 41, 7, 3, 2
2026/4/28, 51, 26, 40, 7, 3, 4
2026/4/28, 54, 27, 40, 6, 3, 2
2026/4/28, 51, 30, 39, 8, 3, 2
2026/4/29, 54, 30, 50, 5, 4, 2
2026/4/29, 53, 30, 52, 5, 3, 2
2026/4/29, 53, 31, 49, 5, 4, 2
2026/4/29, 54, 31, 50, 6, 3, 2
2026/4/29, 53, 24, 50, 4, 3, 2
2026/4/30, 56, 37, 41, 5, 3, 2
2026/4/30, 54, 39, 41, 7, 3, 2
2026/4/30, 57, 41, 40, 7, 3, 2
2026/4/30, 56, 34, 43, 4, 2, 2
2026/4/30, 55, 40, 42, 7, 3, 2
2026/5/1, 71, 30, 35, 6, 3, 3
2026/5/1, 72, 31, 36, 6, 3, 2
2026/5/1, 66, 35, 36, 6, 3, 2
2026/5/1, 64, 23, 37, 4, 2, 2
2026/5/1, 69, 27, 36, 5, 3, 2
2026/5/2, 43, 27, 42, 5, 3, 2
2026/5/2, 42, 28, 42, 4, 3, 3
2026/5/2, 42, 27, 41, 5, 3, 3
2026/5/2, 47, 32, 42, 7, 3, 2
2026/5/2, 40, 21, 43, 3, 2, 3
2026/5/3, 51, 28, 39, 5, 2, 2
2026/5/3, 54, 33, 40, 5, 3, 2
2026/5/3, 55, 38, 39, 6, 3, 2
2026/5/3, 52, 42, 39, 8, 3, 2
2026/5/3, 60, 32, 39, 6, 3, 3
2026/5/4, 48, 92, 58, 4, 4, 4
2026/5/4, 54, 69, 61, 3, 3, 3
2026/5/4, 55, 97, 58, 3, 3, 3
2026/5/4, 49, 94, 58, 4, 4, 3
2026/5/4, 54, 114, 56, 4, 4, 3
2026/5/5, 87, 24, 36, 5, 3, 2
2026/5/5, 77, 22, 36, 5, 3, 3
2026/5/5, 88, 26, 37, 4, 2, 2
2026/5/5, 71, 22, 34, 2, 2, 2
2026/5/5, 84, 25, 36, 4, 3, 3
2026/5/6, 50, 22, 37, 5, 2, 3
2026/5/6, 51, 24, 36, 5, 3, 3
2026/5/6, 54, 24, 37, 6, 3, 2
2026/5/6, 50, 19, 37, 7, 2, 2
2026/5/6, 46, 18, 37, 4, 2, 2
2026/5/7, 55, 14, 23, 3, , 
2026/5/7, 61, 14, 29, 4, , 2
2026/5/7, 48, 17, 30, 4, 2, 3
2026/5/7, 48, 12, 24, 3, 2, 2
2026/5/7, 57, 23, 45, 5, 3, 2
2026/5/8, 53, , , , , 
2026/5/8, 51, , , , , 
2026/5/8, 49, , , , , 
2026/5/8, 50, , , , , 
2026/5/8, 46, , , , , 
