date, pm25, pm10, o3, no2, so2, co
2026/5/1, 64, 23, 37, 4, 2, 2
2026/5/2, 40, 21, 43, 3, 2, 3
2026/5/3, 51, 28, 39, 5, 2, 2
2026/5/4, 54, 69, 61, 3, 3, 3
2026/5/5, 71, 22, 34, 2, 2, 2
2026/5/6, 46, 18, 37, 4, 2, 2
2026/5/7, 48, 12, 24, 3, 2, 2
2026/5/8, 50, , , , , 
2026/4/1, 115, 73, 51, 8, 3, 4
2026/4/2, 160, 183, 33, 12, 4, 9
2026/4/3, 240, 27, 38, 5, 2, 2
2026/4/4, 77, 33, 36, 4, 3, 3
2026/4/5, 80, 22, 29, 4, 2, 2
2026/4/6, 65, 16, 34, 4, 4, 1
2026/4/7, 55, 81, 49, 5, 3, 3
2026/4/8, 93, 45, 38, 6, 4, 4
2026/4/9, 106, 37, 33, 7, 3, 4
2026/4/10, 104, 23, 32, 4, 4, 1
2026/4/11, 37, 63, 50, 5, 4, 2
2026/4/12, 72, 24, 34, 5, 2, 1
2026/4/13, 54, 32, 43, 4, 2, 2
2026/4/14, 81, 39, 47, 5, 2, 2
2026/4/15, 102, 53, 53, 7, 3, 4
2026/4/16, 120, 37, 48, 4, 2, 3
2026/4/17, 85, 27, 43, 5, 3, 2
2026/4/18, 75, 67, 67, 4, 3, 3
2026/4/19, 95, 153, 34, 2, 2, 1
2026/4/20, 80, 50, 39, 2, 2, 
2026/4/21, 51, 16, 36, 3, 2, 3
2026/4/22, 39, 27, 45, 3, 2, 2
2026/4/23, 65, 66, 70, 7, 4, 5
2026/4/24, 142, 47, 48, 5, 3, 3
2026/4/25, 93, 21, 41, 4, 3, 2
2026/4/26, 53, 15, 37, 3, 3, 2
2026/4/27, 45, 17, 40, 3, 2, 1
2026/4/28, 50, 23, 40, 4, 2, 2
2026/4/29, 53, 24, 50, 4, 3, 2
2026/4/30, 56, 34, 43, 4, 2, 2
2026/1/1, 95, 52, , 12, 3, 7
2026/1/2, 118, 62, , 12, 4, 8
2026/1/3, 134, 73, , 14, 3, 8
2026/1/4, 152, 41, , 10, 5, 4
2026/1/5, 94, 36, , 7, 4, 3
2026/1/6, 76, 30, , 5, 3, 1
2026/1/7, 55, 32, , 9, 2, 3
2026/1/8, 77, 49, , 11, 3, 4
2026/1/9, 121, 51, , 10, 3, 3
2026/1/10, 120, 42, , 10, 2, 4
2026/1/11, 100, 36, , 7, 3, 4
2026/1/12, 77, 25, , 4, 3, 2
2026/1/13, 58, 35, , 6, 3, 4
2026/1/14, 78, 37, , 9, 3, 4
2026/1/15, 91, 56, , 14, 3, 6
2026/1/16, 137, 41, , 9, 2, 4
2026/1/17, 100, 40, , 9, 3, 4
2026/1/18, 98, 34, , 8, 3, 3
2026/1/19, 74, 45, , 8, 3, 4
2026/1/20, 82, 41, , 9, 3, 4
2026/1/21, 93, 34, , 7, 3, 4
2026/1/22, 72, 31, , 6, 3, 3
2026/1/23, 72, 43, , 11, 2, 5
2026/1/24, 97, 57, , 15, 2, 7
2026/1/25, 135, 49, , 9, 2, 4
2026/1/26, 126, 53, , 12, 3, 5
2026/1/27, 128, 50, , 12, 3, 5
2026/1/28, 118, 58, , 16, 2, 5
2026/1/29, 132, 54, , 11, 3, 5
2026/1/30, 133, 49, , 9, 2, 5
2026/1/31, 120, 49, , 8, 2, 5
2026/2/1, 122, 54, , 13, 2, 7
2026/2/2, 142, , , , , 
2026/2/5, 73, 30, , 4, 2, 3
2026/2/6, 57, 34, , 6, 2, 4
2026/2/7, 76, 37, , 7, 3, 5
2026/2/8, 90, 45, , 6, 3, 5
2026/2/9, 105, 57, , 9, 3, 4
2026/2/10, 139, 44, , 8, 3, 4
2026/2/11, 117, 63, , 10, 3, 7
2026/2/12, 154, 82, , 9, 4, 9
2026/2/13, 171, 80, , 5, 2, 5
2026/2/14, 114, 29, , 4, 2, 2
2026/2/15, 44, 37, , 4, 3, 3
2026/2/16, 83, 72, , 5, 5, 4
2026/2/17, 154, 27, , 3, 2, 6
2026/2/18, 86, 37, , 4, 4, 3
2026/2/19, 77, 48, , 3, 3, 4
2026/2/20, 107, 58, , 3, 4, 5
2026/2/21, 137, 222, , 1, 2, 1
2026/2/22, 69, 69, , 1, 2, 
2026/2/23, 45, 31, , 2, 3, 2
2026/2/24, 73, 72, , 4, 3, 4
2026/2/25, 128, 37, , 3, 3, 2
2026/2/26, 56, 37, , 4, 3, 3
2026/2/27, 84, 28, , 3, 3, 3
2026/2/28, 78, 47, 37, 5, 3, 4
2026/3/1, 114, 68, 38, 8, 3, 5
2026/3/2, 148, 77, 25, 7, 3, 4
2026/3/3, 154, 34, 33, 5, 3, 2
2026/3/4, 92, 35, 37, 5, 2, 3
2026/3/5, 96, 28, 34, 5, 3, 2
2026/3/6, 69, 38, 37, 9, 3, 3
2026/3/7, 90, 50, 40, 5, 3, 3
2026/3/8, 114, 43, 37, 7, 3, 3
2026/3/9, 103, 53, 39, 5, 3, 4
2026/3/10, 112, 50, 38, 7, 3, 3
2026/3/11, 118, 52, 40, 6, 3, 3
2026/3/12, 132, 70, 47, 5, 3, 4
2026/3/13, 137, 43, 35, 5, 3, 3
2026/3/14, 77, 91, 55, 10, 4, 6
2026/3/15, 187, 90, 52, 12, 4, 6
2026/3/16, 177, 133, 65, 11, 6, 8
2026/3/17, 244, 55, 35, 5, 3, 2
2026/3/18, 69, 51, 37, 7, 2, 3
2026/3/19, 80, 79, 53, 7, 3, 6
2026/3/20, 175, 151, 62, 11, 4, 7
2026/3/21, 225, 94, 43, 10, 4, 7
2026/3/22, 182, 73, 44, 11, 2, 5
2026/3/23, 160, 66, 56, 8, 3, 5
2026/3/24, 157, 92, 64, 9, 4, 7
2026/3/25, 181, 107, 45, 15, 4, 7
2026/3/26, 195, 57, 43, 10, 2, 4
2026/3/27, 126, 68, 48, 9, 3, 5
2026/3/28, 154, 75, 36, 9, 4, 5
2026/3/29, 143, 35, 42, 8, 2, 3
2026/3/30, 77, 81, 58, 7, 2, 5
2026/3/31, 165, 67, 46, 6, 2, 3
2025/10/1, 69, 46, , 3, 2, 5
2025/10/2, 85, 37, , 3, 2, 4
2025/10/3, 65, 32, , 3, 2, 3
2025/10/4, 52, 15, , 3, 2, 1
2025/10/5, 20, 17, , 3, 2, 1
2025/10/6, 31, 31, , 3, 2, 2
2025/10/7, 50, 20, , 5, 2, 1
2025/10/8, 32, 23, , 6, 2, 1
2025/10/9, 46, 31, , 5, 2, 2
2025/10/10, 68, 32, , 7, 2, 3
2025/10/11, 69, 26, , 5, 2, 1
2025/10/12, 43, 82, , 9, 3, 4
2025/10/13, 164, 85, , 9, 2, 4
2025/10/14, 173, 46, , 10, 2, 2
2025/10/15, 98, 45, , 6, 2, 2
2025/10/16, 100, 45, , 10, 2, 3
2025/10/17, 125, 28, , 5, 2, 1
2025/10/18, 73, 19, , 8, 2, 2
2025/10/19, 47, 22, , 7, 2, 1
2025/10/20, 52, 28, , 10, 2, 2
2025/10/21, 72, 32, , 10, 2, 2
2025/10/22, 72, 36, , 13, 2, 3
2025/10/23, 78, 27, , 5, 2, 1
2025/10/24, 64, 55, , 8, 3, 4
2025/10/25, 127, 29, , 6, 2, 2
2025/10/26, 65, 29, , 6, 2, 2
2025/10/27, 58, 44, , 7, 2, 3
2025/10/28, 94, 152, , 14, 4, 9
2025/10/29, 259, 28, , 8, 2, 3
2025/10/30, 41, 26, , 5, 2, 3
2025/10/31, 56, 40, , 7, 3, 4
2025/11/1, 110, 33, , 5, 2, 3
2025/11/2, 93, 26, , 4, 2, 3
2025/11/3, 56, 41, , 6, 3, 4
2025/11/4, 111, 80, , 8, 2, 6
2025/11/5, 183, 67, , 12, 2, 6
2025/11/6, 152, 52, , 6, 2, 5
2025/11/7, 137, 90, , 10, 3, 7
2025/11/8, 193, 39, , 6, 2, 4
2025/11/9, 65, 38, , 7, 3, 4
2025/11/10, 137, 86, , 13, 3, 6
2025/11/11, 179, 73, , 7, 3, 5
2025/11/12, 137, 29, , 7, 2, 3
2025/11/13, 46, 63, 31, 8, 3, 4
2025/11/14, 142, 85, 32, 10, 4, 7
2025/11/15, 176, 50, 20, 5, 2, 3
2025/11/16, 60, 135, 49, 8, 3, 8
2025/11/17, 273, 41, 21, 8, 2, 2
2025/11/18, 53, 43, 29, 5, 3, 3
2025/11/19, 87, 34, 26, 5, 2, 2
2025/11/20, 57, 42, 30, 6, 3, 3
2025/11/21, 89, 80, 37, 9, 5, 6
2025/11/22, 169, 76, 33, 11, 4, 6
2025/11/23, 145, 122, 39, 14, 4, 7
2025/11/24, 243, 102, 24, 13, 3, 5
2025/11/25, 189, 94, 24, 12, 4, 7
2025/11/26, 187, 35, 23, 7, 3, 3
2025/11/27, 62, 40, 26, 5, 3, 4
2025/11/28, 100, 42, 29, 4, 3, 3
2025/11/29, 47, 39, 18, 7, 3, 3
2025/11/30, 100, 52, 23, 7, 2, 4
2025/12/1, 98, 35, 21, 3, 2, 1
2025/12/2, 36, 18, 19, 3, 3, 1
2025/12/3, 40, 31, 18, 5, 3, 3
2025/12/4, 72, 28, 22, 3, 3, 3
2025/12/5, 65, 42, 21, 7, 3, 4
2025/12/6, 86, 45, 21, 6, 3, 4
2025/12/7, 91, 36, 23, 6, 2, 2
2025/12/8, 84, 39, 18, 7, 3, 2
2025/12/9, 93, 60, 15, 9, 3, 4
2025/12/10, 132, 29, 19, 6, 3, 2
2025/12/11, 67, 48, 21, 6, 3, 4
2025/12/12, 102, 55, 15, 10, 4, 5
2025/12/13, 115, 70, 18, 12, 3, 7
2025/12/14, 146, 55, 20, 10, 4, 6
2025/12/15, 119, 48, 18, 7, 3, 3
2025/12/16, 106, 55, 20, 8, 3, 4
2025/12/17, 121, 58, 26, 7, 4, 5
2025/12/18, 134, 51, 27, 5, 3, 4
2025/12/19, 99, 32, 19, 4, 3, 2
2025/12/20, 52, 34, 19, 6, 2, 3
2025/12/21, 62, 38, 20, 4, 3, 3
2025/12/22, 79, 40, 20, 6, 3, 4
2025/12/23, 90, 53, 16, 13, 3, 5
2025/12/24, 119, 28, 15, 8, 3, 2
2025/12/25, 75, 43, 15, 11, 3, 4
2025/12/26, 97, 42, 17, 7, 4, 5
2025/12/27, 93, 59, 20, 9, 4, 7
2025/12/28, 148, , , , , 
2025/7/1, 30, 18, , 2, 2, 3
2025/7/2, 35, 14, , 2, , 2
2025/7/3, 30, 12, , 3, , 2
2025/7/4, 20, 22, , 4, 2, 3
2025/7/5, 39, 11, , 3, 2, 2
2025/7/6, 27, 17, , 3, 2, 1
2025/7/7, 46, 24, , 4, 3, 3
2025/7/8, 51, 28, , 3, 2, 3
2025/7/9, 59, 30, , 2, 2, 4
2025/7/10, 62, 27, , 3, 2, 3
2025/7/11, 54, 38, , 4, 2, 3
2025/7/12, 68, 15, , 3, 2, 1
2025/7/13, 31, 17, , 6, 3, 1
2025/7/14, 15, 13, , 4, 2, 1
2025/7/15, 24, 13, , 2, 2, 2
2025/7/16, 35, 19, , 1, 2, 3
2025/7/17, 42, 21, , 4, 2, 1
2025/7/18, 35, 25, , 3, 2, 3
2025/7/19, 34, , , , , 
2025/7/21, 64, 21, , 3, 1, 1
2025/7/22, 60, 14, , 2, 1, 1
2025/7/23, 33, 12, , 1, , 2
2025/7/24, 19, 21, , 2, , 3
2025/7/25, 35, 32, , 2, 1, 3
2025/7/26, 62, 12, , , 1, 2
2025/7/27, 25, 21, , 1, 1, 2
2025/7/28, 51, 18, , 1, 1, 3
2025/7/29, 33, 14, , 2, 1, 1
2025/7/30, 20, 12, , 1, 1, 1
2025/7/31, 21, 18, , 2, 1, 2
2025/8/1, 38, 38, , 3, 1, 2
2025/8/2, 53, 15, , 2, 1, 1
2025/8/3, 38, 13, , 2, 1, 1
2025/8/4, 25, 15, , 1, 2, 1
2025/8/5, 45, 14, , 2, , 1
2025/8/6, 36, 13, , 4, 2, 1
2025/8/7, 25, 16, , 2, 2, 2
2025/8/8, 23, 17, , 3, 2, 2
2025/8/9, 34, 16, , 4, 2, 1
2025/8/10, 17, 14, , 2, 2, 2
2025/8/11, 61, 21, , 2, 2, 3
2025/8/12, 47, 19, , 2, 2, 2
2025/8/13, 49, 17, , 2, 2, 1
2025/8/14, 36, 28, , 2, 2, 3
2025/8/15, 55, 20, , 2, 2, 2
2025/8/16, 48, 11, , 2, 2, 1
2025/8/17, 21, 20, , 3, 2, 2
2025/8/18, 62, 27, , 3, 2, 3
2025/8/19, 64, 14, , 2, 2, 1
2025/8/20, 25, 12, , 2, 2, 3
2025/8/21, 27, 14, , 1, 2, 2
2025/8/22, 29, 27, , 2, 2, 4
2025/8/23, 51, 16, , 2, 2, 2
2025/8/24, 34, 13, , 2, 2, 2
2025/8/25, 23, 17, , 4, 2, 2
2025/8/26, 24, 13, , 3, 2, 1
2025/8/27, 40, 16, , 2, 2, 2
2025/8/28, 36, 16, , 3, 2, 1
2025/8/29, 24, 27, , 2, 2, 3
2025/8/30, 49, 24, , 1, 2, 3
2025/8/31, 46, 17, , 2, 2, 2
2025/9/1, 68, 23, , 2, 2, 4
2025/9/2, 58, 23, , 2, 2, 4
2025/9/3, 46, 21, , 1, 2, 2
2025/9/4, 41, 21, , 2, 2, 2
2025/9/5, 45, 16, , 2, 2, 1
2025/9/6, 36, 18, , 3, 2, 1
2025/9/7, 20, 16, , 3, 2, 1
2025/9/8, 32, 13, , 4, 2, 1
2025/9/9, 17, 12, , 3, 1, 2
2025/9/10, 29, 23, , 2, 1, 3
2025/9/11, 55, 32, , 2, 1, 2
2025/9/12, 68, 27, , 2, 1, 3
2025/9/13, 57, 31, , 3, 2, 3
2025/9/14, 53, 13, , 4, 2, 2
2025/9/15, 34, 24, , 3, 1, 2
2025/9/16, 40, 15, , 6, 1, 1
2025/9/17, 26, 14, , 5, 2, 1
2025/9/18, 38, 10, , 2, 2, 1
2025/9/19, 24, 16, , 4, 2, 1
2025/9/20, 35, 18, , 6, 2, 2
2025/9/21, 46, 18, , 3, 2, 2
2025/9/22, 47, 22, , 3, 2, 3
2025/9/23, 54, 17, , 2, 1, 3
2025/9/24, 46, 17, , 4, 2, 2
2025/9/25, 42, 19, , 7, 2, 3
2025/9/26, 28, 18, , 3, 2, 2
2025/9/27, 33, 19, , 2, 2, 2
2025/9/28, 47, 27, , 2, 2, 3
2025/9/29, 68, 35, , 2, 2, 5
2025/9/30, 68, 35, , 3, 2, 3
2025/4/1, 155, 36, , 5, 3, 3
2025/4/2, 96, 59, , 6, 3, 4
2025/4/3, 141, 54, , 5, 3, 3
2025/4/4, 126, 36, , 2, 3, 3
2025/4/5, 79, 43, , 5, 2, 4
2025/4/6, 100, 42, , 4, 2, 4
2025/4/7, 91, 49, , 7, 3, 3
2025/4/8, 129, 62, , 6, 4, 4
2025/4/9, 147, 66, , 8, 4, 4
2025/4/10, 135, 71, , 8, 4, 3
2025/4/11, 146, 32, , 4, 3, 1
2025/4/12, 69, 12, , 8, 2, 1
2025/4/13, 29, 16, , 6, 2, 2
2025/4/14, 50, 24, , 9, 2, 2
2025/4/15, 64, 18, , 3, 3, 1
2025/4/16, 43, 44, , 6, 3, 3
2025/4/17, 103, 20, , 4, 2, 1
2025/4/18, 67, 21, , 5, 2, 1
2025/4/19, 55, 44, , 7, 3, 3
2025/4/20, 93, 55, , 9, 3, 4
2025/4/21, 119, 12, , 3, 2, 1
2025/4/22, 45, 31, , 3, 2, 1
2025/4/23, 44, 69, , 3, 2, 2
2025/4/24, 88, 25, , 3, 2, 1
2025/4/25, 47, 40, , 10, 2, 2
2025/4/26, 80, 33, , 3, 2, 2
2025/4/27, 73, 37, , 4, 2, 1
2025/4/28, 87, 60, , 4, 4, 3
2025/4/29, 110, 40, , 6, 3, 2
2025/4/30, 70, 17, , 2, 2, 2
2025/5/1, 53, 20, , 4, 2, 2
2025/5/2, 54, 20, , 5, 2, 2
2025/5/3, 52, 18, , 3, 2, 1
2025/5/4, 44, 31, , 5, 3, 3
2025/5/5, 68, 24, , 4, 3, 2
2025/5/6, 65, 32, , 4, 3, 3
2025/5/7, 76, 39, , 2, 2, 3
2025/5/8, 70, 30, , 3, 3, 3
2025/5/9, 68, 21, , 3, 2, 2
2025/5/10, 54, 32, , 4, 2, 2
2025/5/11, 64, 48, , 7, 3, 4
2025/5/12, 87, 46, , 2, 3, 3
2025/5/13, 79, 37, , 4, 3, 4
2025/5/14, 88, 35, , 3, 3, 3
2025/5/15, 76, 20, , 2, 2, 2
2025/5/16, 41, 16, , 2, 2, 2
2025/5/17, 42, 27, , 2, 2, 2
2025/5/18, 60, 21, , 3, 2, 2
2025/5/19, 53, 19, , 3, 2, 2
2025/5/20, 54, 30, , 4, 2, 2
2025/5/21, 73, 29, , 7, 2, 2
2025/5/22, 66, 25, , 10, 2, 2
2025/5/23, 57, 21, , 5, 2, 2
2025/5/24, 41, 21, , 6, 2, 1
2025/5/25, 45, 31, , 8, 3, 3
2025/5/26, 56, 33, , 4, 3, 3
2025/5/27, 71, 31, , 3, 2, 2
2025/5/28, 60, 33, , 6, 3, 3
2025/5/29, 72, 41, , 4, 3, 3
2025/5/30, 74, 49, , 5, 3, 4
2025/5/31, 89, 17, , 4, 2, 1
2025/6/1, 24, 30, , 7, 3, 4
2025/6/2, 66, 15, , 4, 2, 1
2025/6/3, 26, 16, , 8, 3, 1
2025/6/4, 25, 25, , 6, 3, 2
2025/6/5, 34, 23, , 7, 2, 1
2025/6/6, 53, 16, , 8, 3, 1
2025/6/7, 42, 25, , 10, 3, 1
2025/6/8, 43, 24, , 7, 3, 2
2025/6/9, 36, 12, , 6, 2, 1
2025/6/10, 37, 11, , 2, 2, 1
2025/6/11, 29, 24, , 6, 3, 2
2025/6/12, 42, 30, , 7, 3, 2
2025/6/13, 44, 25, , 6, 2, 2
2025/6/14, 48, 22, , 4, 2, 2
2025/6/15, 56, 18, , 4, 2, 2
2025/6/16, 44, 21, , 7, 3, 2
2025/6/17, 43, 26, , 9, 3, 3
2025/6/18, 54, 23, , 3, 2, 3
2025/6/19, 54, 15, , 2, 2, 1
2025/6/20, 32, 13, , 6, 2, 1
2025/6/21, 27, 16, , 4, 2, 2
2025/6/22, 30, 28, , 10, 3, 2
2025/6/23, 57, 30, , 6, 3, 4
2025/6/24, 57, 33, , 6, 3, 3
2025/6/25, 65, 23, , 8, 3, 2
2025/6/26, 45, 44, , 10, 2, 4
2025/6/27, 72, 28, , 6, 2, 3
2025/6/28, 70, 31, , 4, 2, 4
2025/6/29, 55, 23, , 5, 2, 2
2025/6/30, 53, 16, , 2, 2, 2
2025/1/1, 59, 29, , 7, 3, 2
2025/1/2, 71, 27, , 7, 3, 2
2025/1/3, 64, 39, , 6, 4, 3
2025/1/4, 89, 58, , 11, 4, 6
2025/1/5, 143, 69, , 14, 4, 6
2025/1/6, 155, 50, , 8, 4, 3
2025/1/7, 108, 43, , 10, 5, 3
2025/1/8, 98, 49, , 14, 3, 5
2025/1/9, 123, 52, , 17, 4, 5
2025/1/10, 127, 53, , 10, 4, 5
2025/1/11, 128, 57, , 8, 3, 5
2025/1/12, 144, 67, , 12, 4, 8
2025/1/13, 156, 46, , 12, 4, 4
2025/1/14, 104, 34, , 7, 4, 2
2025/1/15, 64, 39, , 7, 4, 2
2025/1/16, 72, 40, , 5, 4, 4
2025/1/17, 86, 54, , 6, 4, 5
2025/1/18, 111, 53, , 10, 4, 4
2025/1/19, 119, 62, , 7, 3, 4
2025/1/20, 151, 61, , 8, 3, 5
2025/1/21, 203, 66, , 13, 3, 6
2025/1/22, 154, 48, , 5, 3, 3
2025/1/23, 118, 49, , 5, 3, 5
2025/1/24, 122, 47, , 5, 3, 5
2025/1/25, 114, 57, , 5, 4, 7
2025/1/26, 137, 62, , 6, 3, 6
2025/1/27, 135, 74, , 6, 5, 3
2025/1/28, 99, 76, , 3, 5, 3
2025/1/29, 147, 45, , 5, 5, 4
2025/1/30, 112, 48, , 5, 4, 5
2025/1/31, 121, 59, , 4, 4, 6
2025/2/1, 147, 67, , 5, 5, 6
2025/2/2, 149, 58, , 5, 4, 5
2025/2/3, 127, 56, , 6, 3, 5
2025/2/4, 137, 45, , 6, 4, 5
2025/2/5, 108, 36, , 4, 4, 3
2025/2/6, 84, 37, , 7, 3, 4
2025/2/7, 91, 28, , 5, 4, 3
2025/2/8, 59, 40, , 5, 3, 4
2025/2/9, 90, 41, , 4, 4, 5
2025/2/10, 96, 57, , 6, 5, 6
2025/2/11, 132, 62, , 5, 5, 1
2025/2/12, 87, 69, , 5, 4, 4
2025/2/13, 133, 54, , 9, 3, 5
2025/2/14, 115, 60, , 6, 4, 5
2025/2/15, 120, 31, , 4, 3, 2
2025/2/16, 67, 24, , 5, 3, 2
2025/2/17, 57, 25, , 5, 3, 3
2025/2/18, 56, 27, , 6, 3, 3
2025/2/19, 65, 30, , 8, 3, 3
2025/2/20, 72, 31, , 7, 3, 4
2025/2/21, 74, 34, , 7, 3, 4
2025/2/22, 81, 39, , 8, 4, 5
2025/2/23, 90, 39, , 4, 4, 5
2025/2/24, 75, 128, , 3, 3, 4
2025/2/25, 68, 51, , 3, 3, 2
2025/2/26, 56, 63, , 5, 5, 5
2025/2/27, 128, 71, , 6, 4, 5
2025/2/28, 165, 43, , 6, 4, 3
2025/3/1, 77, 24, , 4, 4, 2
2025/3/2, 60, 29, , 3, 3, 2
2025/3/3, 71, 28, , 3, 4, 2
2025/3/4, 68, 52, , 8, 4, 4
2025/3/5, 118, 52, , 11, 3, 3
2025/3/6, 118, 40, , 3, 3, 2
2025/3/7, 95, 61, , 7, 4, 4
2025/3/8, 124, 71, , 7, 4, 5
2025/3/9, 158, 72, , 5, 3, 4
2025/3/10, 146, 52, , 4, 3, 4
2025/3/11, 138, 147, , 3, 2, 2
2025/3/12, 83, 33, , 5, 2, 3
2025/3/13, 65, 36, , 7, 3, 3
2025/3/14, 77, 32, , 6, 3, 3
2025/3/15, 74, 40, , 5, 2, 2
2025/3/16, 98, 53, , 5, 3, 3
2025/3/17, 126, 47, , 6, 3, 3
2025/3/18, 105, 64, , 6, 3, 4
2025/3/19, 134, 69, , 8, 4, 5
2025/3/20, 140, 72, , 7, 3, 4
2025/3/21, 110, 91, , 8, 4, 5
2025/3/22, 173, 99, , 9, 6, 6
2025/3/23, 191, 73, , 5, 4, 3
2025/3/24, 107, 98, , 11, 4, 6
2025/3/25, 192, 60, , 6, 2, 5
2025/3/26, 153, 39, , 4, 3, 3
2025/3/27, 63, 20, , 2, 3, 2
2025/3/28, 34, 22, , 2, 2, 2
2025/3/29, 42, 32, , 3, 3, 3
2025/3/30, 65, 53, , 6, 4, 5
2025/3/31, 121, 68, , 6, 3, 4
2024/10/1, 22, 26, , 5, 3, 1
2024/10/2, 31, 16, , 3, 3, 1
2024/10/3, 35, 26, , 4, 3, 3
2024/10/4, 58, 37, , 6, 3, 3
2024/10/5, 74, 34, , 9, 3, 2
2024/10/6, 74, 27, , 9, 2, 1
2024/10/7, 65, 27, , 5, 2, 1
2024/10/8, 63, 25, , 5, 3, 1
2024/10/9, 55, 18, , 4, 3, 1
2024/10/10, 45, 25, , 7, 3, 3
2024/10/11, 38, 28, , 10, 3, 1
2024/10/12, 52, 43, , 8, 3, 3
2024/10/13, 83, 39, , 5, 3, 3
2024/10/14, 82, 14, , 6, 3, 2
2024/10/15, 29, 17, , 6, , 2
2024/10/16, 66, 46, , 7, 3, 5
2024/10/17, 91, 27, , 7, 3, 5
2024/10/18, 74, 17, , 5, 3, 2
2024/10/19, 30, 23, , 6, 3, 3
2024/10/20, 44, 27, , 5, 3, 3
2024/10/21, 56, 30, , 11, 4, 2
2024/10/22, 52, 29, , 8, 3, 2
2024/10/23, 80, 37, , 7, 3, 5
2024/10/24, 103, 56, , 8, 4, 6
2024/10/25, 140, 59, , 10, 5, 4
2024/10/26, 117, 31, , 8, 3, 3
2024/10/27, 90, 20, , 5, 3, 2
2024/10/28, 63, 38, , 7, 3, 3
2024/10/29, 94, 54, , 8, 3, 4
2024/10/30, 153, 53, , 7, 3, 5
2024/10/31, 133, 42, , 9, 3, 3
2024/11/1, 101, 39, , 5, 3, 2
2024/11/2, 98, 68, , 8, 3, 5
2024/11/3, 165, 19, , 5, 3, 1
2024/11/4, 53, 20, , 6, 3, 2
2024/11/5, 49, 23, , 6, 3, 2
2024/11/6, 57, 38, , 5, 3, 3
2024/11/7, 90, 49, , 5, 4, 5
2024/11/8, 130, 43, , 4, 3, 4
2024/11/9, 109, 38, , 5, 3, 3
2024/11/10, 87, 60, , 8, 3, 4
2024/11/11, 125, 40, , 8, 3, 2
2024/11/12, 90, 48, , 7, 4, 4
2024/11/13, 114, 38, , 4, 3, 4
2024/11/14, 79, 21, , 6, 3, 5
2024/11/15, 64, 43, , 6, 3, 4
2024/11/16, 95, 38, , 5, 3, 2
2024/11/17, 79, 46, , 6, 3, 4
2024/11/18, 123, 50, , 7, 3, 4
2024/11/19, 119, 47, , 12, 4, 5
2024/11/20, 105, 74, , 14, 4, 5
2024/11/21, 159, 44, , 9, 3, 3
2024/11/22, 106, 62, , 7, 3, 3
2024/11/23, 145, 55, , 9, 4, 5
2024/11/24, 134, 38, , 5, 3, 4
2024/11/25, 104, 31, , 6, 3, 3
2024/11/26, 78, 25, , 2, 4, 2
2024/11/27, 37, 38, , 5, 3, 3
2024/11/28, 73, 28, , 8, 4, 4
2024/11/29, 73, 35, , 11, 4, 5
2024/11/30, 95, 35, , 6, 4, 5
2024/12/1, 97, 17, , 4, 4, 2
2024/12/2, 36, 22, , 5, 3, 2
2024/12/3, 39, 22, , 4, 3, 1
2024/12/4, 33, 23, , 5, 4, 2
2024/12/5, 37, 35, , 10, 4, 3
2024/12/6, 73, 36, , 10, 3, 4
2024/12/7, 87, 38, , 10, 3, 4
2024/12/8, 81, 46, , 10, 4, 6
2024/12/9, 99, 51, , 18, 4, 5
2024/12/10, 120, 34, , 13, 4, 3
2024/12/11, 78, 37, , 9, 4, 3
2024/12/12, 82, 47, , 15, 4, 4
2024/12/13, 105, 36, , 7, 3, 3
2024/12/14, 79, 20, , 6, 5, 2
2024/12/15, 49, 31, , 11, 4, 3
2024/12/16, 69, 29, , 8, 3, 3
2024/12/17, 69, 46, , 17, 4, 5
2024/12/18, 107, 43, , 7, 3, 5
2024/12/19, 101, 53, , 9, 4, 6
2024/12/20, 127, 54, , 15, 4, 6
2024/12/21, 121, 34, , 12, 3, 4
2024/12/22, 76, 40, , 14, 4, 4
2024/12/23, 91, 28, , 6, 3, 3
2024/12/24, 71, 51, , 7, 4, 4
2024/12/25, 94, 27, , 6, 3, 2
2024/12/26, 61, 31, , 7, 3, 3
2024/12/27, 63, 32, , 9, 4, 3
2024/12/28, 66, 36, , 7, 4, 4
2024/12/29, 84, , , , , 
2024/7/1, 128, 37, , 5, 2, 3
2024/7/2, 77, 17, , 3, 2, 3
2024/7/3, 34, 25, , 2, 2, 3
2024/7/4, 53, 28, , 1, , 4
2024/7/5, 64, 18, , 2, , 4
2024/7/6, 40, 37, , 3, , 4
2024/7/7, 78, 50, , 3, 2, 4
2024/7/8, 91, 42, , 4, 2, 2
2024/7/9, 79, 50, , 5, 2, 4
2024/7/10, 107, 57, , 7, 2, 5
2024/7/11, 130, 53, , 3, 2, 4
2024/7/12, 116, 56, , 3, 2, 6
2024/7/13, 118, 46, , 2, , 6
2024/7/14, 87, 49, , 2, , 5
2024/7/15, 99, 32, , 2, , 3
2024/7/16, 68, 11, , 2, , 2
2024/7/17, 29, 19, , 2, 2, 2
2024/7/18, 41, 32, , 3, 2, 4
2024/7/19, 58, 23, , 2, 1, 2
2024/7/20, 54, 23, , 2, 2, 3
2024/7/21, 51, 20, , 2, 1, 2
2024/7/22, 42, 12, , 1, 2, 2
2024/7/23, 18, 11, , 1, , 3
2024/7/24, 17, 15, , 2, 2, 3
2024/7/25, 26, 7, , 1, 2, 2
2024/7/29, 19, 18, , 2, 2, 3
2024/7/30, 28, 15, , , 1, 3
2024/7/31, 31, 14, , , 2, 3
2024/8/1, 26, 19, , 1, 2, 3
2024/8/2, 33, 24, , 1, 2, 3
2024/8/3, 36, 18, , , , 3
2024/8/4, 42, 14, , , , 3
2024/8/5, 28, 17, , 2, 2, 4
2024/8/6, 43, 23, , 2, , 4
2024/8/7, 54, 26, , 3, , 5
2024/8/8, 59, 22, , 3, , 3
2024/8/9, 33, 18, , 2, , 4
2024/8/10, 33, 22, , 1, 2, 3
2024/8/11, 36, 20, , 3, , 4
2024/8/12, 35, 16, , 2, 2, 2
2024/8/13, 24, 17, , 3, 2, 
2024/8/14, 27, 23, , 4, 2, 3
2024/8/15, 40, 19, , 2, 2, 3
2024/8/16, 38, 19, , 2, , 
2024/8/17, 39, 23, , 2, 2, 4
2024/8/18, 51, 18, , 1, , 4
2024/8/19, 42, 17, , 1, 2, 3
2024/8/20, 32, 11, , 1, 2, 2
2024/8/21, 14, 13, , 3, 2, 2
2024/8/22, 22, 16, , 2, 2, 2
2024/8/23, 32, 19, , , 2, 2
2024/8/24, 36, 21, , 2, 2, 2
2024/8/25, 44, 16, , 3, 2, 1
2024/8/26, 34, 12, , 4, 2, 2
2024/8/27, 13, 11, , 1, 2, 2
2024/8/28, 21, 18, , 1, 3, 4
2024/8/29, 39, 24, , 3, 3, 4
2024/8/30, 52, 13, , 2, 3, 2
2024/8/31, 16, 11, , 1, , 2
2024/9/1, 22, 11, , 3, 2, 2
2024/9/4, 50, 12, , 2, 2, 3
2024/9/5, 36, 12, , 2, 2, 2
2024/9/7, 34, 16, , 2, 2, 2
2024/9/8, 43, 19, , 2, 2, 3
2024/9/9, 49, 15, , 4, 2, 2
2024/9/10, 33, 18, , 4, 2, 2
2024/9/11, 25, 12, , 2, 2, 2
2024/9/12, 24, 19, , 4, , 1
2024/9/13, 16, 10, , 3, 3, 1
2024/9/14, 17, 12, , 3, 2, 1
2024/9/15, 23, 15, , 4, 3, 3
2024/9/16, 42, 29, , 5, 3, 4
2024/9/17, 68, 24, , 5, 3, 2
2024/9/18, 47, 25, , 3, 3, 3
2024/9/19, 33, 13, , 5, 2, 2
2024/9/20, 13, 15, , 5, 3, 1
2024/9/21, 25, 14, , 4, , 1
2024/9/22, 23, 12, , 3, 2, 1
2024/9/23, 21, 16, , 4, 3, 2
2024/9/24, 34, 15, , 4, , 2
2024/9/25, 37, 17, , 4, 3, 2
2024/9/26, 42, 14, , 3, 3, 3
2024/9/27, 33, 20, , 4, 3, 2
2024/9/28, 45, 26, , 3, 3, 2
2024/9/29, 59, 20, , 4, , 2
2024/9/30, 35, 17, , 6, 2, 1
2024/4/1, 109, 71, , 6, 4, 4
2024/4/2, 146, 42, , 6, 3, 3
2024/4/3, 68, 45, , 5, 3, 3
2024/4/4, 90, 90, , 7, 4, 6
2024/4/5, 174, 66, , 5, 4, 5
2024/4/6, 108, 59, , 3, 3, 3
2024/4/7, 75, 44, , 4, 4, 3
2024/4/8, 107, 52, , 5, 4, 3
2024/4/9, 129, 102, , 11, 6, 7
2024/4/10, 199, 69, , 4, 4, 4
2024/4/11, 144, 84, , 3, 5, 3
2024/4/12, 99, 49, , 3, 4, 3
2024/4/13, 90, 48, , 4, 4, 2
2024/4/14, 95, 77, , 9, 3, 5
2024/4/15, 167, 103, , 4, 3, 2
2024/4/16, 83, 53, , 3, 3, 2
2024/4/17, 60, 59, , 5, 4, 2
2024/4/18, 93, 70, , 10, 6, 4
2024/4/19, 163, 123, , 13, 7, 7
2024/4/20, 282, 68, , 6, 4, 5
2024/4/21, 223, 60, , 4, 4, 2
2024/4/22, 101, 43, , 5, 4, 2
2024/4/23, 82, 36, , 6, , 4
2024/4/24, 108, 41, , 4, 4, 2
2024/4/25, 61, 47, , 6, 4, 3
2024/4/26, 106, 39, , 6, 4, 2
2024/4/27, 109, 30, , 6, 3, 1
2024/4/28, 62, 41, , 5, 4, 2
2024/4/29, 106, 27, , 3, 4, 1
2024/4/30, 76, 27, , 3, 4, 2
2024/5/1, 62, 50, , 4, 4, 3
2024/5/2, 80, 53, , 4, 4, 3
2024/5/3, 80, 46, , 3, 4, 3
2024/5/4, 78, 47, , 3, 4, 1
2024/5/5, 64, 52, , 4, 3, 1
2024/5/6, 97, 33, , 3, 4, 1
2024/5/7, 57, 30, , 3, 3, 1
2024/5/8, 60, 54, , 1, 3, 1
2024/5/9, 42, 39, , 3, 3, 2
2024/5/10, 75, 53, , 2, 3, 1
2024/5/11, 33, 18, , 2, 3, 1
2024/5/12, 45, 29, , 4, 4, 1
2024/5/13, 49, 41, , 5, 4, 2
2024/5/14, 49, 13, , 4, 3, 1
2024/5/15, 19, 12, , 2, 3, 1
2024/5/16, 31, 33, , 5, 4, 3
2024/5/17, 58, 45, , 6, 3, 3
2024/5/18, 64, 14, , 3, 3, 
2024/5/19, 30, 11, , 2, , 
2024/5/20, 34, 24, , 3, 4, 3
2024/5/21, 33, 42, , 4, 3, 5
2024/5/22, 64, 24, , 3, 3, 3
2024/5/23, 52, 17, , 6, 3, 3
2024/5/24, 29, 14, , 3, 3, 3
2024/5/25, 35, 9, , 1, 3, 4
2024/5/26, 30, 8, , 1, , 3
2024/5/27, 14, 15, , 3, 3, 3
2024/5/28, 37, 20, , 4, 3, 3
2024/5/29, 60, 31, , 5, 3, 3
2024/5/30, 62, 9, , 3, 3, 1
2024/5/31, 28, 15, , 5, 3, 2
2024/6/1, 31, 8, , 2, 3, 1
2024/6/2, 21, 11, , 2, 3, 1
2024/6/3, 25, 26, , 8, 4, 2
2024/6/4, 53, 32, , 8, 4, 3
2024/6/5, 57, 24, , 7, 3, 3
2024/6/6, 43, 25, , 7, 3, 3
2024/6/7, 56, 18, , 3, 3, 2
2024/6/8, 50, 16, , 3, 3, 2
2024/6/9, 32, 15, , 8, 3, 1
2024/6/10, 25, 27, , 11, 3, 3
2024/6/11, 57, 20, , 3, 2, 3
2024/6/12, 51, 30, , 9, 2, 3
2024/6/13, 58, 15, , 3, 2, 2
2024/6/14, 34, 12, , 3, 2, 2
2024/6/15, 24, 18, , 9, 2, 1
2024/6/16, 34, 18, , 7, 2, 2
2024/6/17, 34, 15, , 8, 2, 1
2024/6/18, 25, 35, , 13, 2, 3
2024/6/19, 54, 26, , 11, 2, 3
2024/6/20, 49, 28, , 13, 2, 3
2024/6/21, 65, 64, , 5, 2, 3
2024/6/22, 74, 10, , 4, 2, 2
2024/6/23, 35, 7, , 3, , 1
2024/6/25, 33, 21, , 8, 2, 3
2024/6/26, 51, 38, , 8, 2, 4
2024/6/27, 58, 32, , 6, 2, 3
2024/6/28, 57, 24, , 7, 2, 2
2024/6/29, 36, 28, , 8, 2, 2
2024/6/30, 59, 57, , 6, 2, 3
2024/1/1, 135, 65, , 11, 5, 9
2024/1/2, 160, 63, , 11, 5, 8
2024/1/3, 155, 44, , 4, 4, 5
2024/1/4, 108, 32, , 5, 3, 2
2024/1/5, 63, 43, , 5, 3, 4
2024/1/6, 98, 25, , 3, 4, 3
2024/1/7, 52, 32, , 6, 5, 5
2024/1/8, 72, 46, , 11, 3, 5
2024/1/9, 113, 30, , 2, 3, 4
2024/1/10, 79, 43, , 8, 3, 5
2024/1/11, 105, 44, , 7, 5, 4
2024/1/12, 105, 49, , 5, 2, 5
2024/1/13, 130, 27, , 5, 3, 4
2024/1/14, 57, 32, , 7, 4, 3
2024/1/15, 59, 37, , 3, 3, 5
2024/1/16, 88, 52, , 8, 3, 6
2024/1/17, 129, 46, , 8, 4, 3
2024/1/18, 110, 61, , 8, 3, 4
2024/1/19, 141, 40, , 4, 4, 3
2024/1/20, 100, 30, , 5, 4, 2
2024/1/21, 71, 27, , 7, 4, 3
2024/1/22, 81, 48, , 11, 4, 5
2024/1/23, 127, 29, , 8, 4, 3
2024/1/24, 76, 45, , 6, 4, 6
2024/1/25, 114, 55, , 11, 4, 6
2024/1/26, 136, 48, , 11, 5, 5
2024/1/27, 115, 48, , 6, 3, 5
2024/1/28, 118, 49, , 9, 4, 5
2024/1/29, 120, 65, , 8, 5, 7
2024/1/30, 150, 49, , 9, 5, 4
2024/1/31, 123, 67, , 13, 4, 6
2024/2/1, 148, 55, , 10, 4, 5
2024/2/2, 136, 64, , 7, 4, 5
2024/2/3, 151, 58, , 6, 3, 5
2024/2/4, 135, 62, , 7, 6, 6
2024/2/5, 158, 63, , 7, 6, 6
2024/2/6, 149, 66, , 8, 4, 6
2024/2/7, 158, 52, , 5, 6, 6
2024/2/8, 138, 89, , 6, 5, 7
2024/2/9, 173, 189, , 6, 6, 7
2024/2/10, 297, 58, , 1, 4, 5
2024/2/11, 133, 42, , 1, 3, 3
2024/2/12, 99, 74, , 4, 4, 5
2024/2/13, 136, 38, , 3, 3, 1
2024/2/14, 53, 39, , 4, 3, 3
2024/2/15, 90, 39, , 2, 3, 3
2024/2/16, 74, 34, , 2, 3, 2
2024/2/17, 68, 16, , 4, 2, 3
2024/2/18, 49, 23, , 4, 3, 2
2024/2/19, 55, 28, , 7, 4, 2
2024/2/20, 57, 26, , 8, 3, 3
2024/2/21, 65, 29, , 10, 2, 3
2024/2/22, 75, 30, , 6, 3, 4
2024/2/23, 83, 43, , 5, 5, 5
2024/2/24, 100, 77, , 8, 5, 5
2024/2/25, 157, 32, , 5, 3, 2
2024/2/26, 60, 45, , 6, 4, 4
2024/2/27, 88, 60, , 10, 3, 5
2024/2/28, 146, 50, , 7, 3, 3
2024/2/29, 82, 35, , 4, 3, 2
2024/3/1, 47, 36, , 6, 3, 3
2024/3/2, 76, 26, , 4, 3, 2
2024/3/3, 55, 26, , 6, 3, 3
2024/3/4, 58, 20, , 5, 3, 2
2024/3/5, 57, 30, , 8, 4, 3
2024/3/6, 73, 31, , 4, 3, 3
2024/3/7, 68, 20, , 4, 2, 2
2024/3/8, 47, 28, , 5, 3, 3
2024/3/9, 69, 48, , 6, 4, 6
2024/3/10, 107, 59, , 8, 3, 6
2024/3/11, 119, 32, , 5, 2, 2
2024/3/12, 69, 41, , 5, 3, 2
2024/3/13, 84, 48, , 7, 4, 3
2024/3/14, 112, 61, , 6, 4, 4
2024/3/15, 101, 63, , 5, 4, 4
2024/3/16, 117, 17, , 3, 3, 1
2024/3/17, 38, 34, , 5, 3, 2
2024/3/18, 84, 27, , 6, 3, 2
2024/3/19, 67, 28, , 7, 3, 3
2024/3/20, 69, 31, , 3, 3, 3
2024/3/21, 84, 28, , 3, 3, 3
2024/3/22, 77, 42, , 5, 3, 5
2024/3/23, 99, 13, , 1, 3, 2
2024/3/24, 27, 17, , 2, 3, 2
2024/3/25, 48, 22, , 3, 3, 2
2024/3/26, 51, 55, , 4, 4, 4
2024/3/27, 135, 237, , 2, 3, 2
2024/3/28, 89, 79, , 2, 3, 1
2024/3/29, 47, 46, , 3, 3, 2
2024/3/30, 52, 40, , 4, 3, 2
2024/3/31, 66, 54, , 7, 3, 4
2023/10/1, 33, 17, 28, 5, 3, 1
2023/10/2, 29, 32, 56, 4, 3, 3
2023/10/3, 57, 13, 27, 3, 3, 1
2023/10/4, 23, 14, 24, 6, 3, 1
2023/10/5, 19, 23, 28, 6, 3, 2
2023/10/6, 39, 14, 31, 4, 3, 1
2023/10/7, 26, 21, 40, 4, 3, 1
2023/10/8, 53, 32, 18, 10, 3, 3
2023/10/9, 79, 21, 31, 7, 3, 2
2023/10/10, 46, 29, 41, 6, 3, 2
2023/10/11, 55, 31, 38, 7, 3, 3
2023/10/12, 65, 34, 53, 6, 3, 4
2023/10/13, 77, 27, 45, 5, 3, 3
2023/10/14, 62, 34, 22, 6, 3, 3
2023/10/15, 43, 29, 24, 10, 3, 2
2023/10/16, 37, 25, 30, 6, 3, 2
2023/10/17, 52, 29, 24, 6, 3, 3
2023/10/18, 60, 23, 22, 8, 3, 1
2023/10/19, 29, 16, 19, 6, 3, 1
2023/10/20, 16, 18, 22, 4, 3, 1
2023/10/21, 25, 31, 22, 8, 4, 3
2023/10/22, 48, 38, 50, 5, 4, 4
2023/10/23, 93, 62, 58, 7, 4, 6
2023/10/24, 139, 62, 65, 8, 4, 6
2023/10/25, 128, 32, 23, 8, 4, 2
2023/10/26, 25, 27, 24, 8, 3, 2
2023/10/27, 51, 34, 33, 5, 4, 3
2023/10/28, 82, 72, 53, 10, 5, 6
2023/10/29, 159, 78, 31, 11, 4, 5
2023/10/30, 128, 70, 32, 7, 4, 4
2023/10/31, 110, 69, 20, 8, 3, 3
2023/11/1, 157, 44, 45, 6, 4, 4
2023/11/2, 104, 31, 18, 6, 4, 2
2023/11/3, 68, 45, 21, 5, 4, 4
2023/11/4, 115, 96, 8, 12, 4, 8
2023/11/5, 198, 21, 21, 4, 2, 3
2023/11/6, 42, 17, 23, 3, 2, 1
2023/11/7, 38, 27, 17, 9, 3, 4
2023/11/8, 80, 25, 24, 12, 4, 3
2023/11/9, 86, , , , , 
2023/11/13, 85, 43, , 9, 4, 7
2023/11/14, 120, 51, , 9, 4, 7
2023/11/15, 141, 17, , 6, 2, 2
2023/11/16, 43, 28, , 9, 3, 2
2023/11/17, 74, 28, , 7, 3, 3
2023/11/18, 73, 21, , 8, 3, 3
2023/11/19, 55, 17, , 4, 2, 3
2023/11/20, 49, 41, , 9, 6, 5
2023/11/21, 111, 50, , 12, 3, 7
2023/11/22, 143, 14, , 5, 2, 1
2023/11/23, 28, 16, , 5, 3, 1
2023/11/24, 38, 18, , 4, 3, 2
2023/11/25, 46, 28, , 6, 2, 4
2023/11/26, 88, 53, , 14, 4, 6
2023/11/27, 138, 21, , 6, 3, 2
2023/11/28, 51, 18, , 6, 2, 2
2023/11/29, 47, 29, , 8, 2, 3
2023/11/30, 64, 28, , 7, 3, 3
2023/12/1, 65, 28, , 5, 3, 3
2023/12/2, 65, 24, , 3, 2, 3
2023/12/3, 59, 34, , 8, 3, 5
2023/12/4, 76, 49, , 5, 2, 6
2023/12/5, 135, 23, , 6, 2, 3
2023/12/6, 87, 21, , 4, 2, 2
2023/12/7, 39, 69, , 4, 2, 4
2023/12/8, 77, 20, , 3, 3, 1
2023/12/9, 35, 24, , 7, 4, 2
2023/12/10, 55, 21, , 3, 2, 4
2023/12/11, 54, 38, , 6, 3, 6
2023/12/12, 102, 33, , 7, 3, 4
2023/12/13, 93, 45, , 10, 5, 5
2023/12/14, 124, 29, , 4, 3, 3
2023/12/15, 61, 19, , 7, 5, 4
2023/12/16, 51, 22, , 6, 3, 4
2023/12/17, 55, 30, , 9, 5, 6
2023/12/18, 84, 50, , 10, 3, 5
2023/12/19, 124, 48, , 12, 3, 3
2023/12/20, 124, 49, , 13, 3, 3
2023/12/21, 116, 43, , 10, 4, 2
2023/12/22, 102, 53, , 12, 4, 5
2023/12/23, 132, 56, , 11, 5, 5
2023/12/24, 132, 50, , 8, 4, 2
2023/12/25, 116, 39, , 11, 5, 3
2023/12/26, 86, 34, , 4, 2, 4
2023/12/27, 90, 61, , 15, 5, 11
2023/12/28, 137, 52, , 9, 4, 8
2023/12/29, 129, 63, , 10, 4, 12
2023/12/30, 157, 36, , 8, 4, 4
2023/12/31, 88, 53, , 10, 5, 7
2023/7/1, 32, 12, 56, 5, 1, 2
2023/7/2, 20, 28, 63, 7, 1, 3
2023/7/3, 57, 22, 48, 5, 1, 3
2023/7/4, 54, 15, 57, 2, 1, 2
2023/7/5, 25, 36, 55, 4, 1, 3
2023/7/6, 51, 26, 45, 2, 1, 3
2023/7/7, 49, 17, 42, 2, 1, 3
2023/7/8, 36, 13, 34, 2, 1, 3
2023/7/9, 23, 14, 31, 3, 1, 2
2023/7/10, 23, 13, 30, 3, 1, 2
2023/7/11, 19, 15, 38, 1, 1, 1
2023/7/12, 24, 19, 42, 3, 1, 3
2023/7/13, 39, 11, 23, 2, , 2
2023/7/14, 19, 12, 23, 3, , 1
2023/7/15, 13, 7, 18, 2, , 1
2023/7/16, 10, 11, 21, 4, 1, 1
2023/7/17, 11, 16, 39, 3, 1, 1
2023/7/18, 26, 20, 41, 2, 1, 3
2023/7/19, 44, 32, 51, 3, 1, 4
2023/7/20, 60, 17, 30, 4, 1, 2
2023/7/21, 26, 26, 33, 3, 1, 4
2023/7/22, 59, 9, 34, 1, 1, 2
2023/7/23, 23, 10, 37, 2, 1, 2
2023/7/24, 25, 31, 17, 2, 2, 4
2023/7/25, 67, 26, 43, 1, 2, 3
2023/7/26, 57, 20, 41, 2, , 2
2023/7/27, 43, 15, 35, 2, 2, 1
2023/7/28, 33, 16, 29, 2, , 1
2023/7/29, 38, 14, 18, 2, 2, 1
2023/7/30, 29, 21, 36, 4, 2, 2
2023/7/31, 51, 23, 25, 3, , 1
2023/8/1, 54, 21, 39, 2, 2, 3
2023/8/2, 54, 23, 37, 2, 2, 3
2023/8/3, 49, 27, 28, 3, 2, 3
2023/8/4, 60, 8, 23, 3, 2, 1
2023/8/5, 18, 7, 19, 2, 2, 
2023/8/6, 13, 13, 13, 4, 2, 1
2023/8/7, 24, 17, 24, 4, 2, 2
2023/8/8, 25, 13, 31, 3, 2, 2
2023/8/9, 22, 12, 35, 3, 2, 3
2023/8/10, 19, 10, 24, 2, 2, 1
2023/8/11, 19, 7, 14, 2, 2, 2
2023/8/12, 12, 7, 19, 1, , 1
2023/8/13, 9, 11, 34, 1, , 2
2023/8/14, 17, 12, 34, 2, , 2
2023/8/15, 18, 12, 35, 2, 2, 2
2023/8/16, 15, 14, 34, 3, 2, 2
2023/8/17, 24, 24, 45, 3, 2, 4
2023/8/18, 45, 10, 34, 2, 2, 1
2023/8/19, 21, 20, 50, 3, 2, 2
2023/8/20, 40, 20, 31, 3, 2, 3
2023/8/21, 43, 14, 40, 3, , 2
2023/8/22, 18, 11, 34, 3, 2, 2
2023/8/23, 16, 13, 42, 3, 2, 1
2023/8/24, 17, 16, 34, 5, 2, 2
2023/8/25, 22, 15, 23, 6, 2, 1
2023/8/26, 23, 11, 32, 3, 3, 1
2023/8/27, 12, 11, 30, 3, 2, 1
2023/8/28, 16, 7, 21, 3, 2, 2
2023/8/29, 17, 7, 20, 3, 2, 1
2023/8/30, 15, 14, 33, 3, 2, 2
2023/8/31, 27, 17, 30, 4, 2, 2
2023/9/1, 36, 15, 39, 3, 2, 1
2023/9/2, 29, 16, 43, 3, 2, 2
2023/9/3, 32, 23, 38, 3, 2, 3
2023/9/4, 53, 13, 29, 3, 2, 1
2023/9/5, 27, 15, 36, 4, 2, 2
2023/9/6, 22, 16, 40, 2, 2, 1
2023/9/7, 45, 37, 37, 4, 3, 4
2023/9/8, 59, 17, 29, 4, 3, 1
2023/9/9, 24, 25, 33, 3, 3, 3
2023/9/10, 43, 23, 41, 3, 2, 3
2023/9/11, 46, 14, 24, 5, 2, 1
2023/9/12, 12, 11, 34, 2, 3, 1
2023/9/13, 9, 13, 35, 4, , 1
2023/9/14, 20, 17, 44, 4, 3, 2
2023/9/15, 35, 23, 43, 3, 3, 3
2023/9/16, 57, 31, 59, 5, 3, 3
2023/9/17, 69, 26, 48, 3, 3, 3
2023/9/18, 59, 9, 20, 4, , 2
2023/9/19, 13, 11, 23, 5, 3, 2
2023/9/20, 10, 13, 34, 5, 3, 2
2023/9/21, 20, 16, 28, 4, 3, 3
2023/9/22, 26, 10, 29, 2, 3, 3
2023/9/23, 12, 18, 38, 4, 3, 3
2023/9/24, 33, 15, 26, 3, 3, 3
2023/9/25, 49, 13, 34, 2, 3, 3
2023/9/26, 41, 26, 36, 5, 3, 2
2023/9/27, 35, 20, 28, 6, 3, 1
2023/9/28, 10, 14, 37, 3, 3, 2
2023/9/29, 19, 14, 26, 4, , 1
2023/9/30, 24, 18, 28, 6, 3, 2
2023/4/1, 153, 70, 75, 8, 3, 5
2023/4/2, 124, 71, 68, 8, 3, 5
2023/4/3, 120, 80, 37, 14, 5, 6
2023/4/4, 183, 208, 85, 32, 12, 15
2023/4/5, 391, 163, 47, 27, 8, 13
2023/4/6, 358, 94, 34, 2, 1, 1
2023/4/7, 30, 36, 42, 4, 1, 2
2023/4/8, 52, 105, 59, 4, 2, 4
2023/4/9, 92, 100, 56, 3, 2, 3
2023/4/10, 111, 432, 32, 1, 1, 1
2023/4/11, 119, 104, 35, 2, 1, 1
2023/4/12, 68, 143, 54, 5, 2, 4
2023/4/13, 133, 52, 46, 3, 2, 3
2023/4/14, 92, 89, 52, 4, 3, 4
2023/4/15, 129, 86, 50, 6, 2, 4
2023/4/16, 148, 65, 45, 3, 1, 3
2023/4/17, 109, 81, 41, 2, 1, 2
2023/4/18, 66, 64, 56, 2, 2, 4
2023/4/19, 68, 262, 37, 1, 1, 1
2023/4/20, 109, 171, 38, 1, 1, 1
2023/4/21, 82, 42, 37, 3, 1, 2
2023/4/22, 56, 33, 39, 3, 1, 2
2023/4/23, 45, 33, 43, 1, 1, 2
2023/4/24, 50, 44, 40, 3, 2, 4
2023/4/25, 68, 14, 40, 2, 1, 1
2023/4/26, 36, 33, 48, 3, 2, 3
2023/4/27, 64, 21, 38, 2, , 3
2023/4/28, 55, 24, 37, 3, 2, 3
2023/4/29, 52, 14, 37, 2, 1, 2
2023/4/30, 62, 24, 35, 5, 1, 2
2023/5/1, 70, 38, 49, 2, 2, 2
2023/5/2, 51, 44, 75, 4, 2, 2
2023/5/3, 61, 43, 40, 5, 2, 3
2023/5/4, 77, 30, 39, 4, 2, 1
2023/5/5, 34, 24, 44, 4, 2, 1
2023/5/6, 68, 32, 43, 8, 2, 2
2023/5/7, 67, 50, 44, 8, 1, 2
2023/5/8, 48, 32, 36, 7, 1, 2
2023/5/9, 36, 22, 42, 3, 2, 1
2023/5/10, 31, 28, 51, 5, 2, 2
2023/5/11, 57, 39, 55, 5, 2, 3
2023/5/12, 80, 21, 52, 3, 2, 4
2023/5/13, 66, 23, 57, 3, 1, 3
2023/5/14, 53, 35, 57, 4, 2, 3
2023/5/15, 55, 48, 67, 7, 2, 3
2023/5/16, 75, 24, 19, 5, 1, 2
2023/5/17, 60, 16, 39, 2, 1, 1
2023/5/18, 30, 18, 47, 3, 1, 1
2023/5/19, 31, 391, 31, 2, 1, 1
2023/5/20, 158, 99, 33, 3, 1, 
2023/5/21, 83, 21, 38, 4, 1, 1
2023/5/22, 39, 21, 54, 5, 1, 2
2023/5/23, 44, 44, 80, 4, 2, 3
2023/5/24, 47, 48, 71, 2, 2, 2
2023/5/25, 55, 39, 66, 3, 2, 3
2023/5/26, 51, 33, 65, 4, 2, 3
2023/5/27, 65, 35, 49, 6, 2, 3
2023/5/28, 69, 16, 38, 4, 2, 1
2023/5/29, 13, 16, 43, 4, 2, 1
2023/5/30, 24, 26, 61, 8, 2, 2
2023/5/31, 54, 40, 48, 6, 2, 3
2023/6/1, 62, 23, 37, 4, 2, 1
2023/6/2, 49, 21, 35, 9, 1, 2
2023/6/3, 35, 16, 36, 6, 1, 1
2023/6/4, 33, 20, 50, 10, 1, 2
2023/6/5, 43, 14, 43, 8, , 1
2023/6/6, 34, 23, 51, 8, 2, 3
2023/6/7, 42, 12, 37, 3, 1, 2
2023/6/8, 24, 16, 28, 8, 1, 2
2023/6/9, 30, 12, 33, 8, 1, 2
2023/6/10, 44, 14, 23, 7, 2, 2
2023/6/11, 43, 17, 45, 3, 1, 3
2023/6/12, 43, 20, 47, 5, 1, 3
2023/6/13, 53, 15, 75, 6, 1, 3
2023/6/14, 40, 26, 108, 12, 1, 4
2023/6/15, 60, 37, 116, 9, 2, 5
2023/6/16, 71, 37, 102, 13, 2, 4
2023/6/17, 80, 25, 101, 9, 2, 3
2023/6/18, 50, 31, 115, 10, 2, 3
2023/6/19, 56, 20, 29, 6, 1, 2
2023/6/20, 50, 15, 27, 6, 1, 4
2023/6/21, 43, 11, 48, 4, 1, 3
2023/6/22, 31, 11, 65, 6, 1, 2
2023/6/23, 24, 27, 110, 11, 2, 4
2023/6/24, 47, 23, 97, 5, 2, 4
2023/6/25, 55, 25, 77, 7, 1, 3
2023/6/26, 56, 11, 28, 3, 1, 3
2023/6/27, 24, 29, 96, 5, 2, 4
2023/6/28, 57, 27, 57, 5, 1, 4
2023/6/29, 60, 14, 51, 5, 1, 1
2023/6/30, 32, 18, 54, 6, 1, 2
2023/1/2, 66, 43, 19, 11, 3, 5
2023/1/3, 84, 49, 27, 8, 2, 5
2023/1/4, 99, 57, 24, 10, 5, 8
2023/1/5, 119, 82, 21, 15, 3, 12
2023/1/6, 156, 89, 27, 18, 4, 9
2023/1/7, 160, 75, 24, 11, 4, 7
2023/1/8, 123, 46, 22, 12, 3, 4
2023/1/9, 74, 36, 30, 5, 2, 4
2023/1/10, 68, 45, 31, 7, 3, 6
2023/1/11, 74, 30, 30, 3, 2, 4
2023/1/12, 64, 31, 30, 3, 1, 3
2023/1/13, 60, 12, 29, 1, 1, 2
2023/1/14, 18, 24, 25, 4, 2, 4
2023/1/15, 52, 27, 27, 5, 1, 4
2023/1/16, 54, 37, 22, 5, 3, 4
2023/1/17, 60, 44, 27, 3, 2, 3
2023/1/18, 57, 63, 21, 6, 3, 4
2023/1/19, 77, 41, 21, 2, 2, 3
2023/1/20, 61, 47, 25, 3, 4, 5
2023/1/21, 79, 93, 21, 5, 5, 7
2023/1/22, 178, 26, 21, 3, 6, 3
2023/1/23, 62, 27, 26, 2, 2, 4
2023/1/24, 53, 36, 25, 3, 3, 4
2023/1/25, 64, 57, 23, 7, 7, 6
2023/1/26, 107, 41, 24, 6, 6, 5
2023/1/27, 85, 26, 23, 4, 3, 4
2023/1/28, 53, 46, 20, 7, 4, 5
2023/1/29, 93, 42, 25, 6, 2, 5
2023/1/30, 93, 35, 27, 4, 2, 4
2023/1/31, 78, 57, 26, 10, 4, 5
2023/2/1, 128, 39, 25, 8, 2, 4
2023/2/2, 84, 43, 29, 6, 3, 5
2023/2/3, 83, 40, 27, 7, 2, 5
2023/2/4, 89, 63, 27, 8, 5, 5
2023/2/5, 114, 72, 25, 8, 5, 4
2023/2/6, 150, 48, 23, 8, 2, 4
2023/2/7, 98, 34, 26, 8, 2, 4
2023/2/8, 61, 39, 32, 4, 2, 4
2023/2/9, 69, 49, 25, 6, 2, 5
2023/2/10, 108, 62, 32, 7, 2, 7
2023/2/11, 131, 63, 29, 13, 6, 6
2023/2/12, 172, 49, 27, 13, 3, 5
2023/2/13, 120, 31, 28, 8, 2, 3
2023/2/14, 63, 22, 28, 2, 2, 3
2023/2/15, 55, 51, 31, 6, 4, 6
2023/2/16, 94, 55, 30, 9, 2, 6
2023/2/17, 94, 33, 27, 8, 3, 4
2023/2/18, 62, 31, 26, 6, 2, 3
2023/2/19, 51, 34, 28, 6, 2, 3
2023/2/20, 54, 42, 28, 6, 2, 4
2023/2/21, 66, 56, 28, 6, 3, 7
2023/2/22, 77, 58, 32, 10, 2, 6
2023/2/23, 90, 27, 30, 6, 2, 3
2023/2/24, 52, 44, 29, 9, 2, 4
2023/2/25, 68, 52, 31, 5, 2, 5
2023/2/26, 80, 121, 47, 6, 3, 6
2023/2/27, 112, 57, 41, 5, 3, 4
2023/2/28, 95, 36, 30, 4, 1, 2
2023/3/1, 35, 45, 30, 6, 1, 3
2023/3/2, 79, 57, 33, 8, 2, 3
2023/3/3, 107, 38, 38, 3, 2, 3
2023/3/4, 82, 42, 37, 4, 2, 4
2023/3/5, 100, , , , , 
2023/3/11, 87, 31, 28, 5, 1, 1
2023/3/12, 46, 47, 31, 8, 2, 3
2023/3/13, 100, 61, 24, 6, 1, 3
2023/3/14, 109, 62, 30, 2, 1, 1
2023/3/15, 40, 33, 33, 4, 1, 2
2023/3/16, 64, 38, 36, 5, 1, 2
2023/3/17, 81, 52, 38, 9, 2, 4
2023/3/18, 109, 71, 46, 10, 3, 5
2023/3/19, 142, 68, 59, 6, 2, 5
2023/3/20, 157, 82, 58, 6, 2, 5
2023/3/21, 155, 539, 42, 4, 1, 3
2023/3/22, 148, 132, 33, 3, 1, 1
2023/3/23, 72, 60, 33, 7, 2, 3
2023/3/24, 92, 46, 38, 6, 2, 3
2023/3/25, 80, 50, 37, 8, 1, 3
2023/3/26, 100, 54, 45, 7, 2, 4
2023/3/27, 108, 59, 45, 8, 2, 5
2023/3/28, 116, 111, 87, 11, 4, 8
2023/3/29, 181, 66, 48, 9, 3, 7
2023/3/30, 119, 74, 84, 9, 3, 6
2023/3/31, 152, 85, 90, 9, 4, 7
2022/10/1, 69, 31, 39, 5, 2, 4
2022/10/2, 58, 17, 17, 5, 2, 2
2022/10/3, 37, 9, 21, 4, 2, 1
2022/10/4, 16, 14, 23, 6, 2, 1
2022/10/5, 21, 16, 25, 6, 2, 1
2022/10/6, 26, 17, 30, 5, 2, 1
2022/10/7, 28, 30, 40, 6, 2, 3
2022/10/8, 40, 10, 26, 3, 2, 2
2022/10/9, 27, 15, 20, 5, 2, 
2022/10/10, 20, 17, 22, 6, 2, 2
2022/10/11, 25, 22, 34, 6, 3, 3
2022/10/12, 37, 36, 52, 7, 3, 4
2022/10/13, 55, 48, 45, 8, 3, 7
2022/10/14, 81, 58, 32, 14, 2, 6
2022/10/15, 100, 20, 19, 10, 2, 1
2022/10/16, 15, 20, 13, 10, 2, 1
2022/10/17, 14, 25, 20, 11, 2, 3
2022/10/18, 33, 28, 25, 7, 3, 3
2022/10/19, 37, 48, 52, 7, 3, 5
2022/10/20, 67, 47, 43, 8, 3, 3
2022/10/21, 55, 30, 15, 12, 2, 2
2022/10/22, 51, 19, 22, 8, 3, 2
2022/10/23, 32, 19, 21, 9, 2, 2
2022/10/24, 29, 31, 33, 7, 2, 3
2022/10/25, 44, 35, 33, 8, 2, 3
2022/10/26, 61, 20, 20, 7, 2, 2
2022/10/27, 38, 21, 19, 8, 2, 2
2022/10/28, 45, 24, 28, 5, 3, 4
2022/10/29, 51, 40, 25, 9, 3, 5
2022/10/30, 66, 50, 23, 8, 3, 5
2022/10/31, 73, 20, 21, 6, 2, 1
2022/11/1, 21, 21, 21, 7, 3, 2
2022/11/2, 27, 34, 16, 11, 3, 2
2022/11/3, 35, 36, 20, 10, 3, 3
2022/11/4, 41, 30, 22, 10, 3, 4
2022/11/5, 43, 41, 26, 10, 3, 5
2022/11/6, 66, 45, 21, 13, 2, 6
2022/11/7, 73, 32, 24, 6, 3, 2
2022/11/8, 45, 50, 33, 11, 3, 5
2022/11/9, 110, 65, 33, 11, 3, 4
2022/11/10, 147, 52, 28, 9, 3, 5
2022/11/11, 122, 59, 17, 6, 2, 3
2022/11/12, 140, 45, 19, 10, 4, 3
2022/11/13, 117, 50, 28, 11, 3, 7
2022/11/14, 138, 50, 26, 10, 3, 6
2022/11/15, 135, 37, 22, 9, 3, 4
2022/11/16, 96, 36, 23, 9, 4, 5
2022/11/17, 108, 27, 19, 8, 2, 3
2022/11/18, 70, 25, 27, 5, 2, 3
2022/11/19, 65, 20, 16, 5, 2, 1
2022/11/20, 33, 26, 14, 9, 3, 3
2022/11/21, 64, 21, 18, 4, 3, 2
2022/11/22, 52, 43, 11, 12, 4, 6
2022/11/23, 92, 50, 21, 7, 4, 6
2022/11/24, 129, 58, 25, 4, 2, 4
2022/11/25, 72, 31, 21, 2, 2, 2
2022/11/26, 29, 23, 17, 3, 2, 4
2022/11/27, 56, 43, 12, 8, 3, 5
2022/11/28, 101, 40, 18, 2, 3, 2
2022/11/29, 37, 22, 20, 1, 3, 
2022/11/30, 24, 15, 20, 2, 4, 2
2022/12/1, 28, 26, 23, 3, 3, 4
2022/12/2, 52, 25, 21, 4, 4, 4
2022/12/3, 44, 22, 20, 4, 4, 4
2022/12/4, 41, 27, 23, 5, 4, 5
2022/12/5, 57, 30, 23, 4, 3, 3
2022/12/6, 45, 40, 21, 6, 3, 2
2022/12/7, 37, 25, 22, 6, 3, 3
2022/12/8, 57, 36, 23, 11, 4, 4
2022/12/9, 74, 36, 21, 10, 3, 4
2022/12/10, 69, 38, 24, 8, 4, 4
2022/12/11, 77, 214, 27, 2, 3, 4
2022/12/12, 79, 63, 24, 2, 3, 1
2022/12/13, 62, 38, 21, 3, 1, 1
2022/12/14, 62, 35, 18, 9, 3, 2
2022/12/15, 63, 29, 19, 6, 2, 2
2022/12/16, 46, 24, 19, 4, 2, 1
2022/12/17, 34, 33, 21, 8, 2, 3
2022/12/18, 51, 34, 20, 5, 2, 4
2022/12/19, 62, 37, 23, 4, 3, 5
2022/12/20, 71, 36, 18, 7, 4, 5
2022/12/21, 83, 27, 19, 9, 5, 2
2022/12/22, 57, 26, 17, 12, 8, 3
2022/12/23, 54, 45, 16, 16, 3, 6
2022/12/24, 110, 64, 16, 22, 4, 8
2022/12/25, 150, 58, 22, 11, 3, 6
2022/12/26, 136, 64, 26, 11, 4, 7
2022/12/27, 141, 64, 21, 12, 2, 6
2022/12/28, 142, 38, 20, 8, 3, 5
2022/12/29, 83, 41, 28, 6, 4, 5
2022/12/30, 87, 48, 22, 11, 4, 7
2022/12/31, 98, 40, 21, 10, 2, 4
2023/1/1, 70, 39, 21, 8, 2, 5
2022/7/1, 30, 14, 34, 2, 1, 2
2022/7/2, 30, 22, 43, 3, 1, 2
2022/7/3, 50, 28, 37, 3, 1, 2
2022/7/4, 65, 21, 21, 4, 1, 2
2022/7/5, 52, 19, 20, 4, , 2
2022/7/6, 44, 9, 42, 2, 1, 1
2022/7/7, 22, 34, 30, 2, , 1
2022/7/8, 33, 12, 36, 3, , 1
2022/7/9, 20, 21, 30, 4, , 1
2022/7/10, 29, 19, 44, 3, 1, 4
2022/7/11, 45, 26, 42, 5, 1, 3
2022/7/12, 43, 11, 26, 2, , 2
2022/7/13, 25, 7, 34, 2, 2, 2
2022/7/14, 13, 7, 31, 1, 2, 2
2022/7/15, 11, 9, 19, 2, 2, 2
2022/7/16, 10, 11, 24, 2, 2, 2
2022/7/17, 14, 16, 19, 6, 2, 3
2022/7/18, 24, 15, 18, 5, 2, 2
2022/7/19, 22, 14, 28, 2, , 2
2022/7/20, 18, 22, 16, 7, , 3
2022/7/21, 39, 17, 32, 3, 3, 2
2022/7/22, 30, 15, 24, 1, 3, 3
2022/7/23, 12, 11, 26, 2, 2, 2
2022/7/24, 18, 21, 40, 1, 3, 3
2022/7/25, 39, 34, 43, 1, 2, 4
2022/7/26, 71, 31, 42, 1, 1, 2
2022/7/27, 65, 23, 34, 2, 1, 1
2022/7/28, 43, 14, 27, 1, 1, 1
2022/7/29, 25, 17, 38, 1, 1, 1
2022/7/30, 35, 19, 27, 1, 1, 1
2022/7/31, 33, 19, 35, 1, 2, 1
2022/8/1, 37, 30, 45, 1, 2, 2
2022/8/2, 66, 25, 35, 2, 1, 3
2022/8/3, 59, 33, 37, 1, , 4
2022/8/4, 64, 21, 39, 1, , 2
2022/8/5, 43, 17, 45, 1, 2, 1
2022/8/6, 36, 15, 31, 1, , 2
2022/8/7, 25, 12, 25, 2, 2, 1
2022/8/8, 17, 14, 33, 3, 2, 1
2022/8/9, 19, 25, 43, 2, 2, 3
2022/8/10, 41, 22, 38, 2, 2, 2
2022/8/11, 30, 22, 27, 4, 2, 3
2022/8/12, 33, 18, 40, 3, 2, 2
2022/8/13, 26, 21, 19, 3, 2, 2
2022/8/14, 32, 11, 22, 1, 2, 1
2022/8/15, 19, 11, 35, 1, 2, 1
2022/8/16, 19, 14, 34, 1, 2, 
2022/8/17, 22, 35, 59, 1, 2, 4
2022/8/18, 55, 13, 34, 1, 2, 2
2022/8/19, 30, 20, 28, 3, 2, 1
2022/8/20, 34, 27, 51, 2, 2, 4
2022/8/21, 42, 13, 37, 1, 2, 1
2022/8/22, 23, 12, 19, 4, 2, 1
2022/8/23, 13, 17, 24, 6, 2, 2
2022/8/24, 17, 13, 27, 6, 2, 2
2022/8/25, 24, 14, 18, 7, 2, 1
2022/8/26, 23, 14, 21, 6, 2, 1
2022/8/27, 16, 17, 26, 5, 2, 1
2022/8/28, 17, 17, 17, 4, 2, 2
2022/8/29, 28, 17, 37, 4, 2, 3
2022/8/30, 40, 26, 41, 4, 2, 3
2022/8/31, 43, 13, 24, 5, , 2
2022/9/1, 14, 17, 33, 3, , 2
2022/9/2, 27, 26, 40, 5, 2, 3
2022/9/3, 34, 23, 13, 4, , 3
2022/9/4, 38, 16, 22, 4, , 3
2022/9/5, 28, 19, 19, 5, 2, 1
2022/9/6, 17, 20, 29, 5, 2, 2
2022/9/7, 33, 25, 45, 5, 3, 3
2022/9/8, 39, 28, 79, 3, 3, 3
2022/9/9, 51, 31, 55, 4, 2, 4
2022/9/10, 55, 33, 47, 3, 3, 3
2022/9/11, 57, 26, 47, 5, 2, 3
2022/9/12, 51, 24, 30, 6, 3, 2
2022/9/13, 41, 24, 28, 5, 2, 2
2022/9/14, 35, 13, 23, 3, 2, 1
2022/9/15, 27, 12, 16, 4, 2, 2
2022/9/16, 20, 14, 19, 5, 2, 1
2022/9/17, 25, 37, 26, 6, 2, 1
2022/9/18, 36, 24, 27, 5, 2, 1
2022/9/19, 17, 20, 25, 8, 2, 1
2022/9/20, 19, 27, 42, 4, 3, 2
2022/9/21, 33, 21, 44, 3, 2, 2
2022/9/22, 35, 12, 20, 4, , 1
2022/9/23, 24, 10, 26, 5, 2, 1
2022/9/24, 17, 31, 61, 6, 3, 3
2022/9/25, 44, 36, 44, 8, 2, 4
2022/9/26, 64, 53, 88, 6, 4, 7
2022/9/27, 83, 56, 97, 8, 4, 7
2022/9/28, 80, 50, 83, 6, 3, 5
2022/9/29, 82, 48, 88, 5, 3, 5
2022/9/30, 80, 34, 14, 5, 2, 3
2022/4/1, 59, 25, 42, 3, 3, 3
2022/4/2, 66, 33, 54, 3, 3, 5
2022/4/3, 78, 54, 80, 4, 4, 5
2022/4/4, 121, 50, 63, 2, 3, 4
2022/4/5, 64, 14, 39, 2, 4, 5
2022/4/6, 17, 48, 42, 9, 6, 6
2022/4/25, 96, 52, , , , 
2022/4/26, 40, 24, , , , 
2022/4/27, 51, 38, , , , 
2022/4/28, 88, 55, , , , 
2022/4/29, 126, 14, 30, 4, 2, 8
2022/4/30, 32, 22, 39, 3, 2, 7
2022/5/1, 57, 29, 45, 3, 2, 7
2022/5/2, 76, 48, 72, 4, 4, 8
2022/5/3, 69, 53, 83, 3, 4, 4
2022/5/4, 75, 51, 78, 2, 3, 3
2022/5/5, 69, 16, 40, 3, 2, 2
2022/5/6, 42, 19, 41, 5, 2, 2
2022/5/7, 42, 34, 52, 6, 3, 2
2022/5/8, 73, 40, 62, 7, 3, 3
2022/5/9, 87, 33, 59, 3, 3, 4
2022/5/10, 63, 22, 36, 2, 2, 3
2022/5/11, 53, 17, 33, 2, 2, 2
2022/5/12, 40, 30, 42, 3, 2, 3
2022/5/13, 57, 18, 38, 3, 2, 3
2022/5/14, 43, 21, 40, 3, 3, 2
2022/5/15, 45, 17, 42, 3, 3, 2
2022/5/16, 44, 31, 50, 3, 3, 3
2022/5/17, 56, 26, 47, 2, , 3
2022/5/18, 58, 30, 43, 2, 3, 4
2022/5/19, 59, 34, 62, 3, 3, 5
2022/5/20, 63, 42, 49, 2, 3, 5
2022/5/21, 69, 12, 42, 2, 2, 3
2022/5/22, 19, 41, 96, 4, 4, 5
2022/5/23, 70, 50, 83, 3, 4, 4
2022/5/24, 78, 9, 22, 2, , 2
2022/5/25, 23, 11, 19, 2, 2, 2
2022/5/26, 31, 14, 37, 1, 2, 
2022/5/27, 30, 33, 62, 4, 3, 4
2022/5/28, 54, 35, 72, 4, 3, 3
2022/5/29, 58, 12, 32, 1, 2, 1
2022/5/30, 28, 13, 31, 3, 1, 1
2022/5/31, 22, 16, 35, 6, 1, 2
2022/6/1, 29, 14, 39, 4, 1, 2
2022/6/2, 35, 14, 34, 5, , 
2022/6/3, 34, 19, 39, 3, 1, 3
2022/6/4, 48, 17, 41, , 1, 2
2022/6/5, 43, 9, 21, 1, 1, 2
2022/6/6, 21, 12, 23, 2, 1, 3
2022/6/7, 16, 18, 33, 3, 1, 4
2022/6/8, 33, 22, 28, 6, 1, 3
2022/6/9, 46, 17, 41, 2, 1, 4
2022/6/10, 39, 28, 41, 5, 1, 5
2022/6/11, 52, 27, 35, 6, 1, 4
2022/6/12, 49, 19, 35, , 1, 3
2022/6/13, 40, 17, 34, 3, 1, 4
2022/6/14, 30, 27, 35, 7, 1, 4
2022/6/15, 44, 35, 48, 8, 1, 5
2022/6/16, 60, 39, 48, 6, 1, 4
2022/6/17, 59, 26, 57, 9, 1, 3
2022/6/18, 45, 42, 61, 8, 1, 5
2022/6/19, 74, 47, 67, 8, 1, 4
2022/6/20, 70, 52, 40, 9, 1, 4
2022/6/21, 71, 49, 36, 8, 1, 4
2022/6/22, 63, 14, 42, 1, 1, 2
2022/6/23, 25, 14, 42, 4, 1, 1
2022/6/24, 23, 11, 39, 4, 1, 1
2022/6/25, 20, 17, 37, 5, 2, 1
2022/6/26, 31, 19, 35, 5, 1, 2
2022/6/27, 41, 8, 25, 1, 1, 1
2022/6/28, 18, 14, 27, 2, 1, 1
2022/6/29, 22, 16, 32, 4, 1, 2
2022/6/30, 31, 15, 29, 3, 1, 1
2022/1/3, 85, 44, 20, 13, 3, 5
2022/1/4, 90, 51, 27, 10, 1, 5
2022/1/5, 120, 62, 12, 17, 7, 5
2022/1/6, 152, 57, 26, 11, 2, 7
2022/1/7, 136, 64, 24, 15, 3, 8
2022/1/8, 165, 55, 25, 11, , 5
2022/1/9, 130, 60, 22, 12, 2, 5
2022/1/10, 138, 31, 18, 11, 3, 3
2022/1/11, 80, 46, 21, 10, 1, 4
2022/1/12, 118, 43, 21, 13, 4, 5
2022/1/13, 104, 41, 27, 6, 1, 4
2022/1/14, 97, 51, 27, 10, 2, 5
2022/1/15, 122, 51, 22, 12, 1, 5
2022/1/16, 107, 40, 24, 9, 3, 4
2022/1/17, 104, 49, 27, 9, 1, 5
2022/1/18, 128, 59, 23, 14, 7, 5
2022/1/19, 146, 45, 24, 12, 2, 3
2022/1/20, 110, 49, 31, 7, , 5
2022/1/21, 123, 67, 29, 11, 1, 7
2022/1/22, 162, 56, 32, 11, 1, 5
2022/1/23, 130, 57, 36, 10, 1, 6
2022/1/24, 144, 75, 23, 16, 3, 6
2022/1/25, 166, 63, 26, 13, 3, 5
2022/1/26, 133, 47, 22, 11, 4, 4
2022/1/27, 101, 42, 24, 8, 3, 4
2022/1/28, 96, 36, 26, 7, 3, 2
2022/1/29, 70, 34, 27, 8, 4, 3
2022/1/30, 74, 34, 31, 7, 3, 4
2022/1/31, 90, 105, 28, 9, 8, 5
2022/2/1, 225, 28, 28, 4, 2, 3
2022/2/2, 89, 32, 30, 5, 1, 3
2022/2/3, 95, 31, 29, 5, 1, 3
2022/2/4, 73, 35, 31, 4, 1, 3
2022/2/5, 64, 32, 31, 5, 1, 4
2022/2/6, 79, 32, 30, 5, 1, 4
2022/2/7, 77, 39, 29, 7, 4, 4
2022/2/8, 86, 51, 34, 9, 5, 6
2022/2/9, 111, 65, 43, 10, 6, 9
2022/2/10, 163, 65, 29, 10, 5, 6
2022/2/11, 142, 24, 27, 8, 5, 2
2022/2/12, 68, 33, 31, 7, 3, 4
2022/2/13, 91, 41, 28, 8, 6, 4
2022/2/14, 101, 44, 27, 11, 6, 4
2022/2/15, 97, 59, 26, 11, 5, 4
2022/2/16, 137, 36, 26, 11, 6, 4
2022/2/17, 97, 44, 28, 8, 5, 5
2022/2/18, 105, 36, 29, 9, 4, 4
2022/2/19, 86, 38, 29, 10, 5, 4
2022/2/20, 87, 27, 32, 8, 3, 4
2022/2/21, 65, 36, 29, 12, 5, 4
2022/2/22, 86, 47, 29, 9, 3, 4
2022/2/23, 97, 52, 32, 8, 4, 4
2022/2/24, 93, 64, 36, 9, 5, 6
2022/2/25, 115, 29, 27, 7, 3, 2
2022/2/26, 52, 36, 33, 8, 3, 3
2022/2/27, 59, 24, 29, 8, 4, 3
2022/2/28, 56, 19, 32, 8, 4, 3
2022/3/1, 57, 31, 31, 8, 4, 3
2022/3/2, 61, 29, 34, 7, 2, 2
2022/3/3, 58, 76, 36, 5, 3, 3
2022/3/4, 62, 47, 32, 4, 3, 2
2022/3/5, 39, 22, 32, 7, 3, 2
2022/3/6, 44, 36, 37, 9, 4, 6
2022/3/7, 74, 66, 42, 13, 5, 8
2022/3/8, 142, 63, 46, 14, 3, 6
2022/3/9, 133, 70, 49, 8, 4, 6
2022/3/10, 130, 38, 35, 6, 3, 2
2022/3/11, 33, 35, 27, 5, 3, 4
2022/3/12, 68, 37, 23, 7, 3, 4
2022/3/13, 101, 27, 31, 6, 3, 3
2022/3/14, 81, 25, 35, 6, 2, 3
2022/3/15, 74, 20, 38, 5, 3, 2
2022/3/16, 57, 22, 38, 6, 5, 2
2022/3/17, 59, 20, 40, 4, 3, 2
2022/3/18, 58, 25, 43, 6, 4, 2
2022/3/19, 62, 28, 43, 6, 4, 3
2022/3/20, 82, 25, 40, 5, 4, 4
2022/3/21, 76, 22, 39, 3, 3, 2
2022/3/22, 61, 31, 43, 3, 4, 4
2022/3/23, 79, 45, 41, 4, 3, 5
2022/3/24, 113, 47, 42, 3, 3, 3
2022/3/25, 77, 16, 41, 2, 3, 2
2022/3/26, 42, 13, 38, 2, 3, 2
2022/3/27, 37, 65, 51, 4, 3, 4
2022/3/28, 84, 26, 42, 3, 3, 3
2022/3/29, 64, 17, 38, 3, 3, 2
2022/3/30, 53, 21, 42, 3, 3, 2
2022/3/31, 51, 20, 41, 3, 3, 3
2021/10/1, 37, 18, 23, 6, 2, 3
2021/10/2, 33, 31, 37, 5, 2, 5
2021/10/3, 41, 11, 24, 3, , 3
2021/10/4, 27, 21, 27, 8, 3, 3
2021/10/5, 40, 18, 25, 7, 2, 1
2021/10/6, 37, 34, 26, 13, 2, 2
2021/10/7, 56, 21, 31, 7, 2, 1
2021/10/8, 43, 19, 19, 7, 2, 3
2021/10/9, 39, 35, 25, 4, 2, 3
2021/10/10, 33, 18, 21, 9, 2, 3
2021/10/11, 28, 15, 28, 5, 2, 3
2021/10/12, 37, 25, 30, 7, 2, 4
2021/10/13, 45, 25, 20, 10, 2, 3
2021/10/14, 51, 27, 24, 5, 2, 2
2021/10/15, 32, 20, 20, 5, 2, 3
2021/10/16, 22, 27, 19, 8, 3, 4
2021/10/17, 36, 26, 15, 8, 3, 5
2021/10/18, 56, 28, 20, 13, 3, 5
2021/10/19, 61, 31, 22, 14, 2, 4
2021/10/20, 66, 26, 21, 10, 2, 3
2021/10/21, 62, 28, 25, 12, 2, 3
2021/10/22, 59, 35, 27, 12, 2, 3
2021/10/23, 67, 41, 34, 9, 3, 6
2021/10/24, 91, 46, 44, 7, 3, 6
2021/10/25, 130, 46, 32, 11, 2, 5
2021/10/26, 121, 39, 23, 12, 3, 2
2021/10/27, 46, 21, 23, 8, 2, 2
2021/10/28, 42, 30, 26, 9, 2, 3
2021/10/29, 56, 52, 40, 13, 3, 5
2021/10/30, 117, 40, 10, 12, 5, 3
2021/10/31, 72, 40, 7, 12, 4, 3
2021/11/1, 84, 46, 22, 10, 2, 5
2021/11/2, 113, 49, 26, 9, 2, 5
2021/11/3, 119, 54, 32, 8, 2, 6
2021/11/4, 146, 60, 46, 8, 3, 6
2021/11/5, 151, 23, 15, 5, 2, 3
2021/11/6, 43, 25, 17, 5, 3, 3
2021/11/7, 48, 18, 16, 4, 2, 3
2021/11/8, 52, 16, 19, 5, 3, 4
2021/11/9, 49, 14, 19, 7, 3, 4
2021/11/10, 50, 12, 22, 9, 4, 5
2021/11/11, 63, 26, 20, 10, 3, 6
2021/11/12, 76, 29, 24, 10, 4, 8
2021/11/13, 85, 35, 17, 16, 3, 7
2021/11/14, 106, 47, 20, 18, 2, 8
2021/11/15, 147, 39, 22, 11, 3, 6
2021/11/16, 101, 41, 29, 7, 3, 4
2021/11/17, 98, 38, 17, 11, 4, 4
2021/11/18, 102, 21, 13, 9, 4, 1
2021/11/19, 50, 36, 15, 11, 5, 3
2021/11/20, 93, 47, 15, 10, 3, 3
2021/11/21, 130, 40, 19, 7, 4, 1
2021/11/22, 52, 17, 22, 5, 3, 1
2021/11/23, 36, 22, 20, 9, 3, 2
2021/11/24, 54, 29, 21, 12, 3, 3
2021/11/25, 74, 39, 16, 16, 4, 5
2021/11/26, 112, 34, 27, 8, 3, 4
2021/11/27, 91, 34, 31, 6, 4, 5
2021/11/28, 105, 45, 20, 8, 4, 5
2021/11/29, 125, 32, 20, 7, 4, 3
2021/11/30, 88, 25, 20, 8, 4, 3
2021/12/1, 67, 24, 22, 5, 4, 3
2021/12/2, 41, 19, 20, 9, 3, 3
2021/12/3, 48, 28, 22, 7, 4, 3
2021/12/4, 72, 29, 27, 5, 4, 4
2021/12/5, 82, 29, 20, 11, 4, 5
2021/12/6, 82, 24, 21, 6, 3, 3
2021/12/7, 66, 34, 24, 6, 4, 5
2021/12/8, 86, 31, 25, 5, 4, 4
2021/12/9, 84, 41, 19, 8, 3, 6
2021/12/10, 125, 47, 19, 8, 3, 4
2021/12/11, 122, 16, 23, 4, 3, 2
2021/12/12, 26, 24, 23, 5, 3, 3
2021/12/13, 51, 42, 17, 11, 4, 7
2021/12/14, 100, 53, 20, 13, 3, 6
2021/12/15, 130, 49, 20, 8, 4, 6
2021/12/16, 106, 31, 21, 8, 4, 5
2021/12/17, 73, 38, 21, 9, 6, 7
2021/12/18, 89, 37, 22, 8, 4, 6
2021/12/19, 75, 38, 21, 9, 5, 6
2021/12/20, 73, 23, 20, 7, 6, 3
2021/12/21, 51, 28, 20, 6, 3, 3
2021/12/22, 74, 45, 18, 9, 6, 4
2021/12/23, 105, 29, 21, 8, 6, 4
2021/12/24, 71, 27, 20, 8, 5, 4
2021/12/25, 71, 38, 18, 8, 4, 5
2021/12/26, 91, 41, 22, 12, 6, 6
2021/12/27, 90, 53, 25, 14, 6, 8
2021/12/28, 118, 54, 20, 15, 9, 6
2021/12/29, 134, 27, 29, 7, 5, 4
2021/12/30, 60, 31, 26, 8, 4, 6
2021/12/31, 76, 46, 25, 6, 5, 8
2022/1/1, 102, 34, 24, 7, 4, 5
2022/1/2, 71, 39, 23, 9, 5, 6
2021/7/1, 42, 22, 58, 8, 2, 3
2021/7/2, 49, 26, 37, 10, 2, 4
2021/7/3, 55, 10, 21, 4, 2, 2
2021/7/4, 26, 14, 38, 7, 2, 2
2021/7/5, 25, 19, 39, 7, 2, 4
2021/7/6, 45, 20, 30, 5, 1, 5
2021/7/7, 50, 23, 31, 3, 1, 6
2021/7/8, 61, 16, 35, 3, 1, 5
2021/7/9, 38, 18, 34, 3, 1, 5
2021/7/10, 39, 32, 57, 3, 1, 7
2021/7/11, 68, 33, 50, 4, 1, 6
2021/7/12, 70, 26, 51, 4, 1, 3
2021/7/13, 58, 17, 30, 3, 1, 2
2021/7/14, 42, 14, 33, 4, 1, 2
2021/7/15, 31, 15, 29, 6, 1, 3
2021/7/16, 26, 18, 42, 5, 1, 2
2021/7/17, 33, 21, 43, 6, 1, 2
2021/7/18, 46, 17, 42, 5, 1, 2
2021/7/19, 41, 14, 34, 5, 1, 2
2021/7/20, 34, 18, 40, 4, 1, 3
2021/7/21, 31, 24, 44, 7, 1, 3
2021/7/22, 47, 31, 46, 5, 2, 5
2021/7/23, 64, 30, 48, 5, 2, 4
2021/7/24, 53, 27, 45, 5, 1, 4
2021/7/25, 57, 23, 42, 5, 1, 3
2021/7/26, 46, 22, 40, 3, 1, 3
2021/7/27, 46, 29, 64, 6, 1, 
2021/7/28, 56, 23, 50, 5, 1, 
2021/7/29, 48, 19, 26, 5, 1, 
2021/7/30, 44, 10, 36, 3, , 3
2021/7/31, 23, 11, 37, 3, , 4
2021/8/1, 18, 6, 11, 3, 1, 2
2021/8/2, 16, 9, 29, 2, 1, 3
2021/8/3, 16, 20, 39, 3, 1, 5
2021/8/4, 43, 23, 45, 3, 2, 4
2021/8/5, 54, 29, 41, 5, 1, 6
2021/8/6, 65, 24, 41, 5, 1, 4
2021/8/7, 51, 33, 50, 5, 1, 5
2021/8/8, 77, 35, 47, 3, 2, 6
2021/8/9, 81, , , , , 
2021/8/20, 34, 11, 23, 3, , 3
2021/8/21, 28, 13, 39, 4, , 3
2021/8/22, 26, 33, 51, 3, 2, 6
2021/8/23, 67, 20, 47, 2, 2, 3
2021/8/24, 42, 12, 33, 3, 2, 3
2021/8/25, 21, 15, 42, 2, 2, 4
2021/8/26, 27, 15, 30, 3, 2, 4
2021/8/27, 27, 20, 23, 5, 2, 2
2021/8/28, 17, 16, 19, 7, 2, 2
2021/8/29, 17, 17, 25, 6, 2, 2
2021/8/30, 18, 13, 29, 3, 2, 3
2021/8/31, 30, 22, 38, 5, 2, 3
2021/9/1, 55, 21, 38, 6, 2, 3
2021/9/2, 44, 19, 41, 5, 2, 3
2021/9/3, 43, 26, 37, 4, 2, 3
2021/9/4, 47, 13, 33, 3, 2, 3
2021/9/5, 22, 17, 19, 4, 2, 3
2021/9/6, 37, 12, 26, 4, 2, 2
2021/9/7, 31, 10, 27, 4, 2, 3
2021/9/8, 19, 12, 39, 3, 2, 3
2021/9/9, 29, 14, 38, 4, 2, 3
2021/9/10, 30, 14, 25, 5, 2, 3
2021/9/11, 35, 10, 24, 6, 2, 2
2021/9/12, 17, 14, 26, 6, , 4
2021/9/13, 29, 14, 23, 6, 2, 3
2021/9/14, 42, 11, 29, 4, 2, 3
2021/9/15, 24, 16, 20, 7, 2, 3
2021/9/16, 37, 10, 28, 5, , 3
2021/9/17, 26, 19, 35, 6, 2, 3
2021/9/18, 32, 22, 41, 5, 2, 3
2021/9/19, 41, 21, 23, 5, 2, 3
2021/9/20, 47, 7, 24, 2, 2, 3
2021/9/21, 16, 5, 14, 4, 2, 3
2021/9/22, 12, 8, 23, 3, 1, 2
2021/9/23, 14, 11, 27, 3, 2, 2
2021/9/24, 16, 12, 27, 4, , 4
2021/9/25, 33, 19, 24, 3, 2, 5
2021/9/26, 45, 19, 23, 4, 2, 5
2021/9/27, 51, 14, 29, 3, 2, 5
2021/9/28, 34, 17, 21, 7, 2, 4
2021/9/29, 27, 20, 21, 7, 2, 4
2021/9/30, 26, 16, 23, 7, 2, 4
2021/4/1, 54, 63, 46, 8, 5, 7
2021/4/2, 113, 35, 39, 4, 2, 4
2021/4/3, 41, 35, 43, 6, 2, 5
2021/4/4, 70, 63, 42, 7, 3, 5
2021/4/5, 97, 48, 43, 9, 2, 3
2021/4/6, 70, 50, 45, 8, 3, 4
2021/4/7, 97, 62, 54, 10, 3, 5
2021/4/8, 155, 86, 80, 11, 4, 7
2021/4/9, 209, 77, 70, 12, 5, 7
2021/4/10, 168, 77, 63, 6, 3, 5
2021/4/11, 102, 46, 51, 4, 2, 4
2021/4/12, 60, 12, 34, 3, 2, 3
2021/4/13, 27, 30, 39, 6, 2, 3
2021/4/14, 57, 58, 58, 6, 4, 4
2021/4/15, 110, 81, 42, 2, 2, 2
2021/4/16, 45, 68, 27, 6, 2, 3
2021/4/17, 85, 33, 42, 8, 2, 4
2021/4/18, 74, 79, 78, 10, 4, 6
2021/4/19, 125, 45, 64, 8, 4, 5
2021/4/20, 130, 74, 85, 9, 4, 6
2021/4/21, 140, 48, 58, 7, 3, 4
2021/4/22, 90, 35, 34, 8, 2, 3
2021/4/23, 99, 35, 36, 7, 2, 3
2021/4/24, 85, 49, 50, 13, 2, 4
2021/4/25, 104, 52, 58, 6, 3, 4
2021/4/26, 114, 71, 38, 5, 2, 4
2021/4/27, 103, 59, 40, 5, 2, 3
2021/4/28, 56, 50, 42, 6, 2, 3
2021/4/29, 70, 19, 32, 6, 2, 3
2021/4/30, 55, 24, 42, 4, 2, 3
2021/5/1, 62, 43, 52, 11, 2, 4
2021/5/2, 87, 48, 55, 6, 3, 4
2021/5/3, 78, 30, 41, 4, 2, 4
2021/5/4, 56, 49, 34, 5, 2, 2
2021/5/5, 46, 64, 65, 4, 3, 4
2021/5/6, 71, 101, 34, 4, 2, 3
2021/5/7, 116, 14, 30, 3, 2, 3
2021/5/8, 28, 12, 38, 4, 2, 2
2021/5/9, 26, 21, 44, 6, 2, 3
2021/5/10, 46, 28, 52, 5, 2, 4
2021/5/11, 66, 42, 45, 5, 2, 4
2021/5/12, 53, 37, 57, 7, 3, 6
2021/5/13, 85, 39, 63, 6, 3, 6
2021/5/14, 71, 22, 29, 6, 2, 4
2021/5/15, 48, 20, 42, 6, 2, 3
2021/5/16, 41, 35, 49, 7, 2, 4
2021/5/17, 51, 38, 68, 5, 3, 5
2021/5/18, 55, 56, 99, 5, 4, 5
2021/5/19, 71, 48, 99, 5, 3, 5
2021/5/20, 85, 46, 67, 8, 3, 6
2021/5/21, 122, 51, 98, 6, 3, 6
2021/5/22, 118, 73, 57, 6, 2, 3
2021/5/23, 96, 53, 32, 4, 2, 2
2021/5/24, 66, 27, 36, 6, 2, 1
2021/5/25, 24, 29, 37, 5, 2, 3
2021/5/26, 42, 19, 46, 4, 2, 2
2021/5/27, 46, 30, 37, 9, 2, 3
2021/5/28, 57, 23, 41, 7, 2, 3
2021/5/29, 43, 28, 38, 8, 2, 3
2021/5/30, 53, 28, 61, 6, 2, 5
2021/5/31, 56, 22, 39, 6, , 3
2021/6/1, 57, 14, 36, 5, 2, 3
2021/6/2, 35, 13, 33, 2, 2, 2
2021/6/3, 31, 16, 35, 5, 2, 2
2021/6/4, 31, 11, 31, 4, 2, 4
2021/6/5, 29, 14, 28, 7, 2, 3
2021/6/6, 28, 13, 47, 2, 2, 3
2021/6/7, 22, 16, 60, 4, 2, 6
2021/6/8, 39, 31, 60, 8, 2, 4
2021/6/9, 63, 27, 28, 6, 2, 4
2021/6/10, 64, 22, 47, 3, 2, 4
2021/6/11, 52, 39, 102, 7, 2, 6
2021/6/12, 72, 31, 50, 7, 2, 5
2021/6/13, 67, 23, 48, 5, 2, 4
2021/6/14, 50, 20, 38, 7, 2, 3
2021/6/15, 49, 29, 54, 11, 2, 6
2021/6/16, 71, 10, 30, 5, 2, 7
2021/6/17, 29, 13, 29, 4, 2, 2
2021/6/18, 11, 13, 32, 5, 2, 2
2021/6/19, 19, 10, 37, 5, 2, 3
2021/6/20, 21, 15, 29, 7, 2, 3
2021/6/21, 35, 10, 36, 5, 2, 3
2021/6/22, 17, 13, 47, 5, 2, 
2021/6/23, 27, 14, 52, 7, 2, 2
2021/6/24, 27, 33, 80, 14, 2, 3
2021/6/25, 60, 21, 35, 11, 2, 3
2021/6/26, 50, 17, 29, 5, 2, 3
2021/6/27, 43, 21, 36, 4, 2, 4
2021/6/28, 54, 13, 43, 4, 2, 3
2021/6/29, 38, 18, 42, 6, 2, 4
2021/6/30, 46, 20, 53, 6, 2, 4
2021/1/4, 78, 29, 28, 8, 3, 5
2021/1/5, 71, 40, 23, 7, 5, 5
2021/1/6, 93, 28, 26, 7, 5, 3
2021/1/7, 66, 31, 26, 7, 4, 4
2021/1/8, 75, 35, 25, 8, 4, 5
2021/1/9, 86, 46, 23, 9, 4, 6
2021/1/10, 107, 39, 27, 9, 5, 6
2021/1/11, 88, 49, 26, 10, 4, 7
2021/1/12, 108, 60, 23, 15, 5, 5
2021/1/13, 126, 28, 31, 6, 3, 3
2021/1/14, 61, 47, 27, 10, 7, 5
2021/1/15, 105, 54, 23, 12, 4, 6
2021/1/16, 133, 42, 26, 9, 4, 5
2021/1/17, 97, 24, 25, 8, 6, 4
2021/1/18, 64, 29, 30, 4, 3, 4
2021/1/19, 80, 42, 32, 5, 5, 4
2021/1/20, 84, 61, 25, 12, 4, 7
2021/1/21, 159, 49, 36, 11, 5, 5
2021/1/22, 116, 57, 41, 8, 6, 7
2021/1/23, 140, 62, 45, 8, 5, 8
2021/1/24, 156, 79, 34, 17, 6, 13
2021/1/25, 187, 81, 35, 13, 5, 8
2021/1/26, 164, 23, 32, 6, 4, 2
2021/1/27, 52, 34, 28, 8, 7, 3
2021/1/28, 84, 33, 31, 4, 4, 3
2021/1/29, 70, 50, 27, 10, 7, 5
2021/1/30, 123, 63, 35, 6, 5, 7
2021/1/31, 155, 53, 30, 11, 8, 6
2021/2/1, 127, 31, 29, 6, 4, 4
2021/2/2, 80, 27, 34, 4, 4, 5
2021/2/3, 68, 29, 39, 3, 5, 5
2021/2/4, 69, 63, 33, 11, 8, 9
2021/2/5, 134, 74, 47, 9, 6, 9
2021/2/6, 168, 55, 38, 7, 4, 7
2021/2/7, 133, 53, 31, 8, 4, 7
2021/2/8, 133, 41, 34, 6, 6, 8
2021/2/9, 114, 68, 36, 9, 5, 11
2021/2/10, 176, 45, 48, 4, 5, 5
2021/2/11, 111, 75, 44, 5, 6, 6
2021/2/12, 165, 65, 25, 5, 5, 7
2021/2/13, 163, 29, 32, 2, 5, 3
2021/2/14, 72, 24, 31, 3, 5, 3
2021/2/15, 62, 29, 30, 4, 6, 4
2021/2/16, 73, 30, 27, 4, 5, 3
2021/2/17, 54, 33, 32, 6, 5, 3
2021/2/18, 67, 74, 36, 4, 5, 5
2021/2/19, 78, 32, 33, 4, 3, 2
2021/2/20, 45, 30, 37, 6, 6, 4
2021/2/21, 79, 26, 32, 5, 4, 3
2021/2/22, 56, 23, 30, 5, 4, 3
2021/2/23, 54, 38, 38, 5, 4, 6
2021/2/24, 89, 36, 32, 7, 5, 5
2021/2/25, 87, 41, 40, 6, 4, 6
2021/2/26, 104, 69, 45, 6, 5, 8
2021/2/27, 128, 36, 33, 5, 5, 6
2021/2/28, 78, 23, 38, 3, 4, 5
2021/3/1, 61, 28, 36, 4, 4, 4
2021/3/2, 78, 49, 37, 4, 4, 5
2021/3/3, 120, 59, 41, 4, 3, 4
2021/3/4, 90, 38, 34, 4, 3, 4
2021/3/5, 59, 28, 28, 8, 5, 4
2021/3/6, 65, 34, 36, 6, 4, 6
2021/3/7, 83, 55, 47, 8, 6, 9
2021/3/8, 144, 55, 33, 10, 4, 7
2021/3/9, 108, 52, 38, 9, 2, 3
2021/3/10, 54, 30, 37, 11, 5, 7
2021/3/11, 153, 61, 47, 9, 3, 5
2021/3/12, 144, 39, 42, 11, 3, 3
2021/3/13, 92, 62, 60, 8, 4, 6
2021/3/14, 156, 180, 44, 3, 2, 3
2021/3/15, 97, 150, 35, 2, 2, 2
2021/3/16, 54, 25, 37, 2, 2, 2
2021/3/17, 53, 40, 38, 8, 3, 3
2021/3/18, 83, 38, 44, 5, 2, 3
2021/3/19, 86, 43, 21, 14, 3, 5
2021/3/20, 108, 23, 32, 5, 2, 3
2021/3/21, 60, 22, 32, 4, 2, 3
2021/3/22, 50, 102, 22, 10, 4, 7
2021/3/23, 105, 52, 38, 11, 3, 6
2021/3/24, 89, 51, 40, 6, 4, 3
2021/3/25, 82, 49, 59, 6, 3, 4
2021/3/26, 112, 58, 60, 6, 3, 5
2021/3/27, 134, 225, 39, 7, 2, 6
2021/3/28, 121, 81, 29, 5, 2, 4
2021/3/29, 44, 36, 39, 10, 2, 6
2021/3/30, 64, 54, 52, 8, 3, 7
2021/3/31, 113, 28, 44, 5, 4, 5
2020/10/1, 71, 24, 26, 4, 1, 3
2020/10/2, 39, 18, 28, 5, 2, 2
2020/10/3, 32, 18, 24, 4, 1, 2
2020/10/4, 25, 10, 19, 4, 1, 2
2020/10/5, 23, 23, 25, 7, 1, 2
2020/10/6, 42, 42, 36, 12, 2, 3
2020/10/7, 83, 45, 64, 9, 2, 5
2020/10/8, 100, 40, 48, 7, 2, 3
2020/10/9, 81, 45, 61, 7, 2, 4
2020/10/10, 92, 33, 61, 8, 1, 3
2020/10/11, 82, 15, 29, 7, 1, 
2020/10/12, 29, 30, 22, 5, 1, 2
2020/10/13, 38, 24, 24, 6, 1, 4
2020/10/14, 22, 30, 30, 7, 2, 5
2020/10/15, 62, 29, 30, 7, 1, 5
2020/10/16, 60, 35, 28, 8, 3, 6
2020/10/17, 51, 26, , 11, 1, 5
2020/10/18, 40, 40, 30, 10, 3, 7
2020/10/19, 74, 58, 64, 7, 3, 9
2020/10/20, 154, 77, 56, 6, 2, 4
2020/10/21, 91, 34, 48, 10, 2, 3
2020/10/22, 35, 42, 25, 13, 1, 5
2020/10/23, 54, 41, 26, 16, 2, 6
2020/10/24, 65, 40, 23, 17, 4, 6
2020/10/25, 69, 51, 38, 12, 2, 7
2020/10/26, 108, 36, 32, 11, 2, 5
2020/10/27, 42, 35, 24, 14, 2, 4
2020/10/28, 45, 33, 18, 11, 2, 5
2020/10/29, 58, 47, 23, 8, 2, 6
2020/10/30, 87, 66, 29, 9, 2, 8
2020/10/31, 134, 37, 21, 7, 1, 6
2020/11/1, 40, 31, 18, 6, 1, 5
2020/11/2, 29, 29, 20, 8, 1, 4
2020/11/3, 43, 36, 21, 9, 2, 2
2020/11/4, 55, 61, 23, 13, 3, 6
2020/11/5, 129, 55, 25, 10, 2, 5
2020/11/6, 101, 60, 18, 12, 2, 2
2020/11/7, 56, 25, 17, 7, 2, 3
2020/11/8, 32, 24, 18, 10, 2, 3
2020/11/9, 40, 32, 18, 10, 2, 3
2020/11/10, 65, 62, 34, 10, 5, 7
2020/11/11, 141, 58, 35, 9, 3, 5
2020/11/12, 110, 37, 15, 13, 2, 3
2020/11/13, 46, 53, 27, 10, 2, 6
2020/11/14, 115, 66, 23, 13, 4, 7
2020/11/15, 144, 52, 27, 10, 2, 5
2020/11/16, 121, 90, 29, 16, 3, 9
2020/11/17, 189, 29, 13, 9, 3, 8
2020/11/18, 137, 6, 15, 4, , 
2020/11/19, 15, , , , , 
2020/11/21, 129, 32, 16, 14, 6, 3
2020/11/22, 83, 24, 22, 8, 5, 3
2020/11/23, 65, 36, 22, 10, 5, 5
2020/11/24, 109, 51, 17, 17, 5, 7
2020/11/25, 138, 51, 11, 19, 5, 6
2020/11/26, 135, 41, 15, 17, 6, 6
2020/11/27, 99, 41, 12, 18, 5, 6
2020/11/28, 101, 49, 15, 15, 4, 6
2020/11/29, 125, 31, 20, 13, 4, 5
2020/11/30, 82, 31, 17, 14, 6, 5
2020/12/1, 81, 38, 23, 12, 5, 4
2020/12/2, 100, 28, 25, 11, 6, 4
2020/12/3, 69, 25, 24, 8, 6, 3
2020/12/4, 64, 40, 20, 12, 5, 6
2020/12/5, 97, 42, 25, 11, 6, 6
2020/12/6, 108, 28, 23, 10, 4, 4
2020/12/7, 70, 29, 24, 7, 4, 4
2020/12/8, 67, 45, 23, 11, 6, 7
2020/12/9, 103, 41, 26, 12, 5, 5
2020/12/10, 93, 52, 17, 19, 6, 6
2020/12/11, 116, 50, 19, 18, 6, 6
2020/12/12, 120, 43, 19, 13, 5, 5
2020/12/13, 105, 31, 19, 9, 4, 5
2020/12/14, 73, 29, 20, 11, 6, 4
2020/12/15, 70, 43, 20, 11, 5, 5
2020/12/16, 111, 45, 18, 12, 6, 6
2020/12/17, 102, 37, 21, 9, 5, 3
2020/12/18, 52, 33, 22, 11, 4, 5
2020/12/19, 80, 41, 22, 10, 7, 6
2020/12/20, 99, 51, 24, 13, 7, 8
2020/12/21, 111, 53, 25, 12, 7, 9
2020/12/22, 129, 110, 28, 8, 6, 7
2020/12/23, 133, 48, 22, 10, 5, 4
2020/12/24, 104, 34, 22, 11, 5, 4
2020/12/25, 76, 33, 26, 8, 4, 5
2020/12/26, 82, 55, 21, 13, 7, 7
2020/12/27, 129, 44, 26, 11, 7, 5
2020/12/28, 115, 47, 22, 11, 4, 4
2020/12/29, 93, 35, 25, 7, 4, 3
2020/12/30, 56, 26, 28, 6, 2, 3
2020/12/31, 51, 29, 27, 10, 4, 4
2021/1/1, 67, 35, 27, 6, 5, 5
2021/1/2, 90, 28, 28, 8, 3, 5
2021/1/3, 74, 30, 28, 9, 3, 6
2020/7/1, 28, 16, 58, 4, 1, 3
2020/7/2, 38, 27, 68, 8, 1, 5
2020/7/3, 55, 30, 48, 6, 1, 5
2020/7/4, 77, 25, 48, 3, , 5
2020/7/5, 63, 16, 45, 3, , 4
2020/7/6, 35, 21, 31, 5, 1, 3
2020/7/7, 55, 30, 45, 9, , 3
2020/7/8, 59, 23, 56, 5, 1, 4
2020/7/9, 63, 30, 73, 4, 2, 4
2020/7/10, 65, 27, 43, 7, 1, 4
2020/7/11, 59, 26, 75, 3, 1, 3
2020/7/12, 51, 20, 69, 4, 1, 3
2020/7/13, 45, 14, 47, 3, 1, 3
2020/7/14, 23, 26, 43, 8, 1, 4
2020/7/15, 51, 36, 80, 5, 1, 5
2020/7/16, 72, 48, 98, 5, 1, 7
2020/7/17, 96, 44, 98, 5, 1, 6
2020/7/18, 86, 27, 100, 7, 1, 7
2020/7/19, 61, 14, 33, 4, 1, 6
2020/7/20, 30, 16, 52, 5, 1, 3
2020/7/21, 31, 37, 94, 5, 1, 5
2020/7/22, 69, 31, 79, 3, 1, 5
2020/7/23, 66, 23, 74, 3, 1, 5
2020/7/24, 46, 14, 53, 3, 1, 4
2020/7/25, 29, 20, 68, 3, 1, 4
2020/7/26, 35, 24, 74, 6, 1, 5
2020/7/27, 44, 16, 44, 3, 1, 4
2020/7/28, 35, 15, 39, 4, 1, 4
2020/7/29, 26, 20, 48, 3, 1, 5
2020/7/30, 37, 47, 74, 4, 1, 6
2020/7/31, 87, 18, 50, 3, , 3
2020/8/1, 36, 11, 37, 4, , 3
2020/8/2, 16, 19, 64, 4, , 4
2020/8/3, 43, 17, 64, 3, 1, 3
2020/8/4, 35, 20, 40, 5, , 3
2020/8/5, 41, 20, 43, 7, 1, 3
2020/8/6, 30, 14, 38, 6, 1, 3
2020/8/7, 26, 21, 51, 5, 1, 5
2020/8/8, 37, 18, 57, 4, 1, 4
2020/8/9, 44, 18, 58, 4, 1, 6
2020/8/10, 50, 21, 69, 5, 1, 5
2020/8/11, 73, 13, 49, 5, 1, 4
2020/8/12, 65, 12, 45, 4, 1, 4
2020/8/13, 30, 12, 36, 3, , 4
2020/8/14, 27, 10, 39, 7, 1, 3
2020/8/15, 15, 10, 47, 6, , 3
2020/8/16, 27, 16, 28, 6, 1, 4
2020/8/17, 43, 21, 57, 3, 1, 5
2020/8/18, 58, 8, 30, 4, , 3
2020/8/19, 23, 10, 27, 4, 1, 2
2020/8/20, 22, 11, 39, 4, 1, 2
2020/8/21, 17, 16, 48, 3, 1, 3
2020/8/22, 36, 24, 50, 5, 1, 4
2020/8/23, 61, 11, 32, 6, 1, 4
2020/8/24, 38, 14, 40, 2, 1, 4
2020/8/25, 38, 17, 34, 4, 1, 5
2020/8/26, 50, 9, 31, 3, 1, 4
2020/8/27, 28, 10, 21, 2, , 4
2020/8/28, 25, 9, 17, 3, , 3
2020/8/29, 20, 13, 34, 3, , 3
2020/8/30, 17, 27, 59, 4, 1, 6
2020/8/31, 59, 33, 45, 3, , 4
2020/9/1, 46, 33, 37, 6, 1, 3
2020/9/2, 73, 9, 32, 3, 1, 1
2020/9/3, 50, 10, 26, 2, 1, 4
2020/9/4, 31, 18, 59, 2, 1, 4
2020/9/5, 44, 26, 59, 3, 1, 5
2020/9/6, 57, 22, 38, 3, 1, 5
2020/9/7, 59, 5, 35, 2, 1, 4
2020/9/8, 18, 4, 25, 1, , 4
2020/9/9, 10, 9, 17, 2, 1, 4
2020/9/10, 17, 10, 33, 2, 1, 4
2020/9/11, 27, 10, 24, 3, 1, 4
2020/9/12, 24, 10, 25, 4, 1, 3
2020/9/13, 19, 33, 13, 5, 1, 5
2020/9/14, 52, 19, 35, 4, 1, 4
2020/9/15, 50, 14, 41, 3, 1, 3
2020/9/16, 36, 11, 30, 3, 1, 2
2020/9/17, 19, 11, 25, 5, , 2
2020/9/18, 32, 11, 16, 7, , 3
2020/9/19, 28, 13, 17, 6, , 3
2020/9/20, 36, 10, 25, 3, 1, 2
2020/9/21, 26, 17, 25, 5, 1, 4
2020/9/22, 49, 21, 32, 6, , 4
2020/9/23, 54, 27, 31, 3, 1, 4
2020/9/24, 58, 26, 37, 3, 1, 4
2020/9/25, 63, 20, 42, 2, 1, 3
2020/9/26, 51, 30, 53, 5, 1, 4
2020/9/27, 60, 42, 53, 6, 1, 6
2020/9/28, 87, 28, 32, 8, 1, 3
2020/9/29, 57, 31, 33, 6, 1, 3
2020/9/30, 71, 30, 30, 5, 1, 4
2020/4/1, 156, 55, 68, 6, 3, 3
2020/4/2, 110, 128, 53, 6, 3, 4
2020/4/3, 117, 61, 42, 5, 4, 3
2020/4/4, 101, 123, 94, 20, 5, 9
2020/4/5, 274, 97, 96, 14, 7, 7
2020/4/6, 237, 60, 96, 14, 2, 4
2020/4/7, 108, 37, 33, 10, 3, 3
2020/4/8, 99, 23, 44, 6, 2, 3
2020/4/9, 73, 70, 60, 16, 3, 6
2020/4/10, 176, 77, 66, 19, 4, 8
2020/4/11, 201, 57, 107, 7, 4, 5
2020/4/12, 134, 116, 96, 20, 6, 10
2020/4/13, 277, 113, 101, 15, 6, 8
2020/4/14, 202, 300, 84, 33, 15, 17
2020/4/15, 462, 162, 103, 25, 10, 12
2020/4/16, 305, 148, 83, 22, 4, 11
2020/4/17, 282, 97, 81, 21, 3, 7
2020/4/18, 195, 93, 81, 9, 4, 7
2020/4/19, 171, 12, 73, 3, 2, 4
2020/4/20, 32, 28, 26, 3, 2, 3
2020/4/21, 36, 11, 24, 4, 2, 3
2020/4/22, 36, 12, 37, 4, 2, 3
2020/4/23, 37, 21, 42, 3, 2, 4
2020/4/24, 52, 20, 40, 4, 2, 3
2020/4/25, 46, 20, 37, 6, 2, 3
2020/4/26, 48, 33, 46, 9, 2, 4
2020/4/27, 68, 42, 57, 7, 4, 6
2020/4/28, 96, 36, 48, 5, 3, 5
2020/4/29, 96, 46, 75, 6, 3, 5
2020/4/30, 105, 66, 111, 5, 4, 6
2020/5/1, 112, 62, 111, 6, 5, 6
2020/5/2, 112, 34, 71, 6, 2, 3
2020/5/3, 75, 16, 41, 4, 2, 2
2020/5/4, 44, 28, 45, 7, 2, 3
2020/5/5, 68, 26, 55, 5, 2, 3
2020/5/6, 69, 45, 66, 6, 3, 4
2020/5/7, 101, 40, 49, 5, 2, 5
2020/5/8, 89, 24, 53, 4, 2, 4
2020/5/9, 61, 92, 55, 4, 2, 3
2020/5/10, 78, 38, 39, 3, 2, 2
2020/5/11, 52, 11, 39, 3, 2, 2
2020/5/12, 30, 21, 44, 8, 2, 2
2020/5/13, 40, 79, 87, 5, 3, 4
2020/5/14, 77, 28, 61, 4, 2, 2
2020/5/15, 49, 26, 47, 8, 2, 3
2020/5/16, 52, 27, 47, 4, 2, 4
2020/5/17, 55, 19, 31, 3, 2, 3
2020/5/18, 52, 7, 27, 1, 2, 3
2020/5/19, 15, 9, 27, 1, 2, 2
2020/5/20, 27, 25, 37, 4, 2, 5
2020/5/21, 66, 15, 33, 3, 2, 4
2020/5/22, 45, 10, 27, 2, 2, 4
2020/5/23, 39, 15, 44, 4, 2, 4
2020/5/24, 42, 16, 44, 4, 2, 2
2020/5/25, 31, 11, 39, 6, 2, 2
2020/5/26, 28, 22, 43, 8, 2, 2
2020/5/27, 43, 16, 56, 3, 2, 3
2020/5/28, 42, 19, 63, 4, 2, 3
2020/5/29, 43, 34, 100, 5, 2, 3
2020/5/30, 66, 32, 84, 4, 2, 3
2020/5/31, 73, 10, 58, 4, 2, 2
2020/6/1, 29, 20, 59, 6, 2, 4
2020/6/2, 58, 19, 59, 4, 2, 3
2020/6/3, 36, 14, 42, 6, 2, 2
2020/6/4, 30, 18, , 7, 2, 3
2020/6/5, 38, 18, 57, 10, 2, 2
2020/6/6, 42, 74, 94, 10, 2, 3
2020/6/7, 57, 53, 128, 9, 3, 6
2020/6/8, 81, 50, 95, 11, 4, 6
2020/6/9, 90, 37, 74, 10, 2, 4
2020/6/10, 69, 25, 52, 6, 2, 2
2020/6/11, 20, 36, 102, 15, 3, 4
2020/6/12, 57, 51, 121, 12, 3, 5
2020/6/13, 73, 14, 121, 3, 2, 2
2020/6/14, 25, 13, 39, 8, 2, 2
2020/6/15, 21, 25, 43, 14, 2, 4
2020/6/16, 33, 26, 76, 12, 3, 3
2020/6/17, 45, 12, 45, 7, 2, 2
2020/6/18, 28, 18, 45, 9, 2, 2
2020/6/19, 31, 57, 107, 11, 2, 4
2020/6/20, 57, 49, 101, 5, 3, 6
2020/6/21, 105, 28, 76, 3, 2, 5
2020/6/22, 63, 31, 55, 7, 2, 5
2020/6/23, 61, 18, 45, 8, , 4
2020/6/24, 44, 20, 40, 6, , 3
2020/6/25, 37, 21, 28, 10, 1, 3
2020/6/26, 37, 18, 37, 8, , 3
2020/6/27, 26, 18, 49, 8, , 3
2020/6/28, 35, 30, 61, 9, , 4
2020/6/29, 55, 16, 42, 6, , 3
2020/6/30, 35, 14, 39, 6, , 3
2020/1/1, 143, 62, 28, 12, 7, 7
2020/1/2, 142, 76, 28, 22, 9, 11
2020/1/3, 173, 87, 29, 24, 8, 11
2020/1/4, 182, 57, 38, 10, 6, 7
2020/1/5, 139, 56, 38, 9, 7, 9
2020/1/6, 148, 99, 29, 22, 17, 12
2020/1/7, 210, 62, 23, 15, 17, 6
2020/1/8, 145, 58, 35, 13, 5, 6
2020/1/9, 151, 55, 32, 12, 7, 7
2020/1/10, 145, 75, 28, 21, 7, 9
2020/1/11, 165, 79, 28, 18, 5, 9
2020/1/12, 165, 64, 28, 17, 6, 8
2020/1/13, 158, 76, 26, 21, 9, 9
2020/1/14, 176, 71, 38, 8, 4, 8
2020/1/15, 164, 104, 35, 22, 6, 12
2020/1/16, 205, 66, 37, 9, 4, 8
2020/1/17, 157, 65, 43, 6, 7, 8
2020/1/18, 156, 95, 45, 15, 9, 12
2020/1/19, 191, 75, 38, 9, 3, 8
2020/1/20, 165, 35, 39, 2, 3, 4
2020/1/21, 70, 59, 40, 10, 7, 7
2020/1/22, 141, 69, 39, 9, 4, 8
2020/1/23, 163, 43, 36, 6, 4, 5
2020/1/24, 106, 76, 43, 4, 5, 9
2020/1/25, 164, 111, 57, 6, 4, 12
2020/1/26, 221, 61, 50, 5, 3, 9
2020/1/27, 143, 87, 56, 9, 11, 10
2020/1/28, 186, 78, 39, 7, 13, 8
2020/1/29, 160, 52, 35, 7, 15, 6
2020/1/30, 123, 57, 45, 4, 4, 6
2020/1/31, 143, 67, 36, 6, 3, 9
2020/2/1, 154, 28, 27, 3, 2, 4
2020/2/2, 68, 32, 31, 2, 2, 6
2020/2/3, 86, 21, 31, 3, 6, 4
2020/2/4, 63, 50, 29, 5, 6, 7
2020/2/5, 127, 34, 36, 1, 2, 6
2020/2/6, 92, 50, 35, 6, 7, 8
2020/2/7, 123, 43, 44, 3, 9, 6
2020/2/8, 108, 47, 43, 4, 8, 6
2020/2/9, 115, 45, 47, 4, 5, 5
2020/2/10, 118, 53, 55, 3, 5, 6
2020/2/11, 135, 40, 49, 4, 3, 3
2020/2/12, 112, 48, 43, 5, 4, 6
2020/2/13, 130, 16, 28, 1, 3, 1
2020/2/14, 45, 25, 33, 2, 3, 3
2020/2/15, 74, 25, 32, 1, 2, 2
2020/2/16, 57, 23, 31, 5, 11, 3
2020/2/17, 64, 35, 34, 5, 3, 5
2020/2/18, 93, 39, 36, 5, 4, 5
2020/2/19, 96, 34, 41, 3, 3, 4
2020/2/20, 94, 47, 36, 5, 4, 7
2020/2/21, 122, 37, 32, 4, 3, 4
2020/2/22, 83, 32, 38, 3, 4, 5
2020/2/23, 71, 25, 36, 5, 5, 4
2020/2/24, 65, 28, 38, 3, 4, 4
2020/2/25, 86, 31, 35, 4, 5, 3
2020/2/26, 89, 29, 36, 4, 3, 3
2020/2/27, 80, 35, 32, 6, 4, 5
2020/2/28, 102, 42, 37, 6, 4, 4
2020/2/29, 106, 46, 33, 9, 6, 4
2020/3/1, 123, 51, 37, 9, 4, 5
2020/3/2, 137, 56, , 4, 3, 5
2020/3/3, 153, 42, 40, 7, 7, 4
2020/3/4, 108, 29, 43, 4, 3, 3
2020/3/5, 81, 34, 46, 3, 4, 4
2020/3/6, 92, 53, 46, 5, 2, 6
2020/3/7, 143, 46, 41, 5, 2, 6
2020/3/8, 126, 35, 37, 4, 4, 4
2020/3/9, 99, 36, 37, 8, 5, 4
2020/3/10, 91, 26, 38, 6, 4, 3
2020/3/11, 70, 160, 34, 3, 3, 2
2020/3/12, 63, 29, 33, 2, 3, 2
2020/3/13, 37, 38, , 5, 2, 3
2020/3/14, 59, 30, 31, 3, 3, 2
2020/3/15, 45, 41, 41, 6, 3, 3
2020/3/16, 72, 38, 28, 6, 2, 4
2020/3/17, 93, 43, 55, 4, 5, 4
2020/3/18, 77, 31, 37, 5, 3, 3
2020/3/19, 59, 43, 41, 7, 2, 4
2020/3/20, 91, 45, 43, 7, 3, 4
2020/3/21, 84, 39, 47, 7, 3, 4
2020/3/22, 81, 29, 44, 9, 2, 4
2020/3/23, 73, 38, 47, 5, 3, 4
2020/3/24, 89, 48, 64, 5, 3, 4
2020/3/25, 103, 72, 45, 5, 2, 3
2020/3/26, 50, 53, 34, 2, 2, 2
2020/3/27, 35, 35, 37, 4, 2, 2
2020/3/28, 55, 44, 42, 5, 5, 5
2020/3/29, 88, , , , , 
2019/10/1, 107, 48, 89, 5, 1, 6
2019/10/2, 97, 35, 57, 4, 1, 3
2019/10/3, 47, 11, 17, 4, , 2
2019/10/4, 22, 17, 25, 6, 1, 3
2019/10/5, 35, 14, 31, 4, 1, 4
2019/10/6, 38, 30, 40, 5, 2, 7
2019/10/7, 58, 18, 29, 4, 1, 3
2019/10/8, 25, 37, 37, 6, 2, 5
2019/10/9, 55, 33, 42, 7, 2, 5
2019/10/10, 73, 18, 28, 6, 1, 3
2019/10/11, 23, 24, 26, 5, 1, 3
2019/10/12, 40, 24, 24, 8, 1, 3
2019/10/13, 43, 28, 23, 12, 1, 4
2019/10/14, 48, 38, 27, 8, 2, 4
2019/10/15, 57, 44, 27, 14, 3, 5
2019/10/16, 87, 45, 31, 11, 2, 5
2019/10/17, 90, 50, 44, 10, 2, 7
2019/10/18, 105, 48, 47, 10, 2, 7
2019/10/19, 110, 75, 44, 11, 2, 8
2019/10/20, 133, 21, 42, 7, 1, 4
2019/10/21, 24, 49, 40, 8, 2, 6
2019/10/22, 84, 61, 56, 9, 2, 7
2019/10/23, 134, 60, 57, 10, 2, 6
2019/10/24, 136, 19, 48, 8, 2, 3
2019/10/25, 54, 20, 21, 8, 1, 2
2019/10/26, 48, 38, 29, 10, 3, 5
2019/10/27, 82, 40, 40, 8, 2, 5
2019/10/28, 89, 16, 27, 6, 1, 3
2019/10/29, 41, 35, 27, 7, 3, 4
2019/10/30, 70, 64, 28, 9, 3, 4
2019/10/31, 76, 28, 26, 11, 2, 1
2019/11/1, 50, 25, 29, 6, 3, 2
2019/11/2, 55, 18, 25, 5, 3, 2
2019/11/3, 42, 26, 26, 7, 2, 3
2019/11/4, 68, 39, 11, 14, 2, 4
2019/11/5, 74, 41, 21, 11, 3, 3
2019/11/6, 73, 24, 25, 9, 2, 3
2019/11/7, 58, 46, 24, 13, 5, 4
2019/11/8, 91, 46, 29, 10, 3, 6
2019/11/9, 102, 52, 28, 9, 3, 7
2019/11/10, 129, 23, 27, 10, 3, 4
2019/11/11, 55, 37, 22, 11, 2, 6
2019/11/12, 77, 43, 19, 10, 3, 5
2019/11/13, 81, 18, 24, 4, 2, 4
2019/11/14, 42, 25, 22, 10, 2, 5
2019/11/15, 65, 30, 21, 13, 4, 5
2019/11/16, 67, 33, 20, 9, 3, 6
2019/11/17, 96, 57, 23, 5, 2, 4
2019/11/18, 40, 30, , 7, 2, 4
2019/11/19, 57, 38, 23, 9, 4, 6
2019/11/20, 79, 41, 26, 7, 4, 7
2019/11/21, 90, 40, 32, 3, 3, 6
2019/11/22, 78, 81, 31, 6, 2, 5
2019/11/23, 102, 22, 26, 7, 6, 3
2019/11/24, 54, 19, 20, 6, 3, 3
2019/11/25, 45, 29, 21, 5, 3, 5
2019/11/26, 53, 26, 19, 7, 4, 2
2019/11/27, 52, 35, 19, 9, 2, 4
2019/11/28, 80, 38, 21, 10, 2, 5
2019/11/29, 90, 39, 23, 8, 3, 6
2019/11/30, 88, 24, 25, 5, 2, 4
2019/12/1, 60, 24, 23, 6, 2, 4
2019/12/2, 60, 19, 22, 8, 4, 5
2019/12/3, 42, 21, 20, 10, 5, 5
2019/12/4, 56, 43, 19, 13, 4, 7
2019/12/5, 95, 36, 23, 7, 4, 7
2019/12/6, 73, 45, 24, 14, 4, 9
2019/12/7, 111, 29, 24, 6, 5, 7
2019/12/8, 91, 60, 28, 12, 4, 12
2019/12/9, 153, 50, 22, 10, 5, 10
2019/12/10, 126, 60, 22, 13, 11, 7
2019/12/11, 139, 36, 26, 6, 3, 4
2019/12/12, 96, 37, 25, 12, 5, 6
2019/12/13, 93, 53, 25, 13, 3, 6
2019/12/14, 139, 33, 28, 6, 4, 5
2019/12/15, 80, 32, 23, 5, 4, 6
2019/12/16, 82, 27, 24, 11, 6, 6
2019/12/17, 96, 47, 22, 12, 3, 6
2019/12/18, 117, 57, 20, 15, 5, 7
2019/12/19, 146, 38, 25, 7, 5, 6
2019/12/20, 101, 39, 24, 10, 5, 6
2019/12/21, 100, 46, 24, 11, 5, 7
2019/12/22, 129, 116, 19, 31, 16, 13
2019/12/23, 224, 103, 26, 17, 7, 12
2019/12/24, 206, 94, 33, 23, 13, 11
2019/12/25, 200, 123, 15, 28, 12, 13
2019/12/26, 244, 96, 33, 14, 7, 11
2019/12/27, 199, 79, 27, 20, 9, 11
2019/12/28, 167, 78, 25, 18, 11, 10
2019/12/29, 176, , , , , 
2019/7/1, 25, 19, 54, 5, 1, 3
2019/7/2, 46, 20, 43, 5, , 5
2019/7/3, 54, 25, 66, 4, 1, 5
2019/7/4, 59, 38, 75, 6, 1, 6
2019/7/5, 87, 27, 71, 5, 1, 5
2019/7/6, 64, 36, , 5, 1, 5
2019/7/7, 79, 17, 76, 5, 1, 4
2019/7/8, 39, 20, 58, 6, 1, 4
2019/7/9, 45, 19, 58, 4, 1, 5
2019/7/10, 46, 23, 60, 6, 1, 5
2019/7/11, 49, 24, 40, 6, , 5
2019/7/12, 52, 17, 49, 3, , 5
2019/7/13, 33, 21, 49, 3, 1, 6
2019/7/14, 48, 24, 44, 4, , 5
2019/7/15, 56, 31, 65, 4, , 7
2019/7/16, 68, 39, 59, 5, 1, 7
2019/7/17, 86, 41, 65, 4, , 6
2019/7/18, 95, 42, 66, 3, , 6
2019/7/19, 98, 34, 59, 3, 1, 5
2019/7/20, 75, 17, 42, 4, , 3
2019/7/21, 34, 23, 45, 4, 1, 4
2019/7/22, 43, 31, 47, 4, , 5
2019/7/23, 74, 23, 44, 2, , 5
2019/7/24, 60, 17, 43, 3, , 4
2019/7/25, 32, 27, 50, 2, , 5
2019/7/26, 57, 45, 55, 3, , 7
2019/7/27, 100, 33, 53, 3, , 5
2019/7/28, 70, 25, 45, 3, , 4
2019/7/29, 60, 14, 44, 2, , 4
2019/7/30, 33, 31, 64, 3, , 7
2019/7/31, 66, 23, 61, 3, , 7
2019/8/1, 49, 29, 54, 4, , 7
2019/8/2, 60, 19, 36, 3, , 6
2019/8/3, 42, 13, 31, 2, , 5
2019/8/4, 25, 27, 45, 2, 1, 7
2019/8/5, 58, 27, 37, 2, 1, 6
2019/8/6, 68, 30, 29, 3, , 5
2019/8/7, 59, 22, 28, 4, , 5
2019/8/8, 47, 14, 34, 3, , 4
2019/8/9, 25, 20, 35, 3, , 4
2019/8/10, 50, 12, 31, 2, , 4
2019/8/11, 22, 14, 22, 2, , 4
2019/8/12, 25, 14, 22, 2, 1, 5
2019/8/13, 25, 8, 26, 2, , 4
2019/8/14, 15, 11, 21, 1, , 4
2019/8/15, 21, 9, 17, 3, , 4
2019/8/16, 17, 6, 13, 4, , 4
2019/8/17, 12, 12, 18, 2, , 4
2019/8/18, 21, 15, 29, 2, , 4
2019/8/19, 32, 17, 25, 3, 1, 7
2019/8/20, 40, 16, 36, 1, , 5
2019/8/21, 38, 17, 32, 3, , 4
2019/8/22, 35, 18, 23, 8, , 5
2019/8/23, 44, 18, 28, 6, , 5
2019/8/24, 41, 13, 38, 2, , 4
2019/8/25, 25, 23, 49, 3, 1, 6
2019/8/26, 51, 14, 46, 2, , 4
2019/8/27, 33, 11, 41, 2, , 3
2019/8/28, 22, 12, 36, 3, , 4
2019/8/29, 37, 16, 27, 7, , 5
2019/8/30, 35, 20, 31, 5, , 4
2019/8/31, 38, 23, 50, 3, 1, 5
2019/9/1, 44, 33, 65, 3, 1, 6
2019/9/2, 63, 43, 77, 3, 2, 8
2019/9/3, 93, 34, 82, 3, 1, 7
2019/9/4, 79, 18, 47, 4, 1, 5
2019/9/5, 34, 15, 33, 2, 1, 4
2019/9/6, 31, 15, 27, 2, , 5
2019/9/7, 33, 18, 36, 4, , 4
2019/9/8, 37, 20, 32, 7, , 3
2019/9/9, 27, 20, 23, 7, 1, 3
2019/9/10, 31, 12, 28, 3, 1, 3
2019/9/11, 22, 16, 27, 3, 1, 4
2019/9/12, 37, 18, 27, 3, 1, 5
2019/9/13, 41, 13, 30, 4, , 4
2019/9/14, 32, 13, 36, 2, 1, 3
2019/9/15, 28, 14, 30, 4, 1, 2
2019/9/16, 28, 18, 29, 4, 1, 3
2019/9/17, 41, 15, 32, 4, 1, 2
2019/9/18, 27, 21, 28, 6, 1, 3
2019/9/19, 36, 36, 36, 8, 1, 7
2019/9/20, 74, 15, 31, 8, 1, 3
2019/9/21, 30, 12, 33, 2, 1, 3
2019/9/22, 33, 21, 35, 9, 2, 4
2019/9/23, 48, 17, 30, 4, 1, 2
2019/9/24, 38, 20, 32, 4, 1, 3
2019/9/25, 39, 43, 65, 6, 2, 7
2019/9/26, 75, 37, 62, 6, 1, 5
2019/9/27, 71, 41, 70, 5, 2, 6
2019/9/28, 84, 31, 68, 7, 1, 4
2019/9/29, 52, 49, 80, 6, 2, 7
2019/9/30, 93, 54, 95, 4, 2, 7
2019/4/1, 80, 42, 101, 13, 4, 4
2019/4/2, 82, 48, 46, 7, 2, 5
2019/4/3, 75, 161, 45, 9, 3, 7
2019/4/4, 113, 58, 44, 4, 1, 3
2019/4/5, 69, 41, 43, 6, 1, 4
2019/4/6, 55, 36, 42, 10, 1, 4
2019/4/7, 52, 32, 43, 13, 1, 4
2019/4/8, 57, 35, 47, 9, 1, 4
2019/4/9, 75, 38, 53, 7, 1, 4
2019/4/10, 92, 34, 54, 5, 1, 3
2019/4/11, 73, 49, 53, 5, 2, 4
2019/4/12, 79, 54, 51, 6, 2, 4
2019/4/13, 92, 42, 49, 6, , 2
2019/4/14, 44, 54, 51, 5, 2, 4
2019/4/15, 71, 89, 84, 5, 4, 5
2019/4/16, 124, 130, 78, 3, 1, 3
2019/4/17, 78, 51, 55, 2, , 2
2019/4/18, 37, 34, 57, 6, 1, 3
2019/4/19, 92, 57, 51, 9, 2, 6
2019/4/20, 111, 80, 56, 9, 1, 4
2019/4/21, 110, 88, 68, 6, 1, 5
2019/4/22, 98, 68, 73, 4, 2, 5
2019/4/23, 115, 64, 49, 3, 1, 2
2019/4/24, 64, 27, 42, 3, 1, 2
2019/4/25, 49, 34, 43, 8, 1, 3
2019/4/26, 65, 106, 50, 7, 1, 3
2019/4/27, 69, 36, 55, 3, 1, 4
2019/4/28, 73, 30, 77, 4, 1, 4
2019/4/29, 76, 37, 51, 6, 1, 4
2019/4/30, 100, 53, 43, 4, , 3
2019/5/1, 43, 35, 47, 4, 1, 3
2019/5/2, 48, 34, 52, 4, 1, 3
2019/5/3, 60, 64, 95, 4, 3, 5
2019/5/4, 93, 28, 93, 5, 1, 3
2019/5/5, 47, 21, 44, 6, , 3
2019/5/6, 41, 32, 46, 6, 1, 3
2019/5/7, 58, 53, 50, 6, 2, 5
2019/5/8, 90, 52, 49, 9, 1, 4
2019/5/9, 87, 68, 84, 7, 2, 6
2019/5/10, 112, 51, 85, 5, 2, 5
2019/5/11, 97, 38, 82, 4, 1, 4
2019/5/12, 63, 62, 66, 4, 1, 4
2019/5/13, 85, 50, 55, 4, 2, 4
2019/5/14, 62, 54, 81, 4, 2, 5
2019/5/15, 73, 96, 72, 3, 1, 6
2019/5/16, 133, 36, 59, 2, 2, 5
2019/5/17, 55, 25, 50, 3, 1, 5
2019/5/18, 56, 19, 45, 3, 1, 5
2019/5/19, 51, 10, 43, 2, , 4
2019/5/20, 17, 16, 34, 6, , 4
2019/5/21, 25, 12, 38, 4, , 4
2019/5/22, 30, 20, 51, 3, 1, 4
2019/5/23, 43, 53, 121, 5, 2, 7
2019/5/24, 74, 53, 119, 3, 3, 6
2019/5/25, 78, 22, 60, 6, 1, 5
2019/5/26, 57, 8, 32, 2, , 4
2019/5/27, 18, 23, 32, 4, 5, 3
2019/5/28, 23, 21, 39, 5, , 3
2019/5/29, 26, 37, 36, 4, 1, 3
2019/5/30, 35, 21, 35, 6, , 3
2019/5/31, 32, 11, 45, 3, 1, 3
2019/6/1, 26, 38, 78, 5, 2, 5
2019/6/2, 81, 14, 62, 2, , 4
2019/6/3, 41, 24, 47, 3, 1, 5
2019/6/4, 67, 31, 72, 4, 1, 6
2019/6/5, 58, 22, 68, 7, 1, 4
2019/6/6, 43, 28, 63, 9, 1, 5
2019/6/7, 56, 19, 46, 2, , 5
2019/6/8, 41, 18, 38, 2, , 5
2019/6/9, 44, 13, 41, 2, , 5
2019/6/10, 36, 23, 44, 6, , 5
2019/6/11, 61, 23, 69, 4, 2, 6
2019/6/12, 55, 32, 59, 8, 1, 7
2019/6/13, 83, 24, 38, 4, , 5
2019/6/14, 52, 8, 29, 3, , 4
2019/6/15, 15, 9, 36, 2, , 3
2019/6/16, 14, 14, 48, 6, , 3
2019/6/17, 32, 23, 66, 13, 1, 4
2019/6/18, 53, 35, 73, 10, 1, 5
2019/6/19, 74, 19, 68, 8, , 4
2019/6/20, 58, 12, 42, 6, , 3
2019/6/21, 19, 21, 40, 8, 1, 3
2019/6/22, 38, 17, 50, 6, 1, 4
2019/6/23, 42, 24, 79, 12, 1, 4
2019/6/24, 51, 35, 98, 13, 1, 5
2019/6/25, 71, 27, 83, 8, 1, 4
2019/6/26, 55, 36, 94, 12, 2, 5
2019/6/27, 69, 22, 88, 8, 1, 4
2019/6/28, 54, 22, 37, 6, , 3
2019/6/29, 53, 11, 22, 5, , 2
2019/6/30, 21, 13, 20, 5, , 2
2019/1/1, 128, 56, 27, 14, 6, 6
2019/1/2, 124, 44, 31, 8, 6, 5
2019/1/3, 96, 54, 31, 10, 5, 6
2019/1/4, 94, 37, 29, 11, 6, 5
2019/1/5, 72, 47, 30, 9, 5, 6
2019/1/6, 102, 54, 31, 11, 4, 7
2019/1/7, 118, 37, 30, 12, 5, 6
2019/1/8, 73, 60, 32, 7, 3, 6
2019/1/9, 75, 53, 30, 17, 6, 10
2019/1/10, 122, 63, 35, 14, 8, 9
2019/1/11, 155, 93, 29, 19, 8, 14
2019/1/12, 191, 124, 22, 27, 4, 21
2019/1/13, 230, 86, 31, 16, 5, 13
2019/1/14, 177, 42, 31, 9, 6, 5
2019/1/15, 59, 44, , 4, 4, 5
2019/1/16, 64, 45, 22, 5, 9, 8
2019/1/17, 103, 37, 25, 3, 3, 9
2019/1/18, 91, , 24, 8, 3, 10
2019/1/19, 160, 47, 28, 5, 3, 4
2019/1/20, 97, 46, 29, 11, 7, 4
2019/1/21, 89, 62, 33, 12, 5, 5
2019/1/22, 132, 35, 31, 13, 7, 4
2019/1/23, 78, 59, 33, 13, 5, 6
2019/1/24, 139, 33, 26, 12, 7, 4
2019/1/25, 72, 58, 32, 17, 5, 7
2019/1/26, 152, 80, 32, 12, 7, 7
2019/1/27, 133, 39, 30, 8, 6, 4
2019/1/28, 81, 109, 35, 22, 7, 11
2019/1/29, 222, 89, 38, 6, 5, 4
2019/1/30, 81, 40, 38, 10, 5, 6
2019/1/31, 126, 71, 39, 13, 7, 9
2019/2/1, 161, 83, 43, 13, 8, 11
2019/2/2, 186, 72, 39, 10, 9, 7
2019/2/3, 134, 27, 39, 2, 5, 4
2019/2/4, 68, 43, 41, 3, 5, 4
2019/2/5, 99, 48, 40, 6, 9, 6
2019/2/6, 129, 31, 36, 4, 8, 5
2019/2/7, 89, 40, , 5, 5, 5
2019/2/8, 108, 55, 37, 8, 6, 7
2019/2/9, 143, 56, 41, 10, 5, 8
2019/2/10, 167, 63, 41, 9, 8, 7
2019/2/11, 136, 50, 40, 11, 6, 7
2019/2/12, 146, 67, 46, 13, 7, 9
2019/2/13, 187, 79, 54, 9, 5, 8
2019/2/14, 167, 68, 43, 14, 6, 9
2019/2/15, 170, 45, 42, 9, 5, 7
2019/2/16, 123, 31, 42, 5, 4, 5
2019/2/17, 63, 44, 40, 7, 7, 9
2019/2/18, 97, 80, 43, 13, 7, 11
2019/2/19, 166, 75, 47, 12, 4, 11
2019/2/20, 175, 47, 43, 9, 4, 8
2019/2/21, 117, 57, 52, 16, 7, 8
2019/2/22, 136, 63, 45, 12, 5, 6
2019/2/23, 136, 59, 44, 10, 5, 5
2019/2/24, 117, 51, 44, 9, 3, 5
2019/2/25, 112, 62, 49, 11, 4, 7
2019/2/26, 183, 88, 47, 10, 4, 8
2019/2/27, 187, 67, 47, 11, 4, 7
2019/2/28, 142, 66, 52, 12, 4, 6
2019/3/1, 136, 84, 62, 8, 6, 8
2019/3/2, 171, 93, 78, 13, 8, 12
2019/3/3, 201, 83, 68, 21, 10, 9
2019/3/4, 173, 69, 58, 10, 3, 9
2019/3/5, 165, 39, 49, 7, 4, 4
2019/3/6, 58, 54, 52, 13, 3, 6
2019/3/7, 117, 57, 49, 6, 4, 6
2019/3/8, 96, 66, 47, 6, 4, 5
2019/3/9, 106, 50, 45, 6, 2, 4
2019/3/10, 96, 63, 48, 6, 2, 4
2019/3/11, 105, 37, 40, 3, 2, 3
2019/3/12, 44, 44, 37, 6, 2, 4
2019/3/13, 58, 37, 40, 5, 3, 4
2019/3/14, 74, 39, 44, 11, 2, 4
2019/3/15, 85, 36, , 5, 3, 4
2019/3/16, 83, 55, 45, 10, 2, 6
2019/3/17, 106, 94, 48, 5, 3, 6
2019/3/18, 106, 71, 74, 5, 4, 7
2019/3/19, 144, 168, 70, 18, 5, 11
2019/3/20, 292, 60, 47, 7, 3, 4
2019/3/21, 104, 56, 50, 7, 2, 4
2019/3/22, 103, 30, 44, 7, 2, 4
2019/3/23, 76, 41, 40, 5, 3, 5
2019/3/24, 65, 85, 43, 9, 4, 6
2019/3/25, 107, 35, 40, 7, 4, 3
2019/3/26, 41, 30, 42, 4, 2, 3
2019/3/27, 70, 37, 43, 10, 3, 4
2019/3/28, 75, 44, 48, 6, 2, 4
2019/3/29, 101, 49, 50, 3, 3, 4
2019/3/30, 101, 32, 46, 7, 3, 3
2019/3/31, 66, 39, 42, 11, 2, 4
2018/10/1, 37, 21, 36, 5, 1, 4
2018/10/2, 37, 28, 34, 7, 2, 5
2018/10/3, 54, 32, 59, 5, 3, 6
2018/10/4, 65, 30, 53, 4, 2, 5
2018/10/5, 60, 31, 34, 10, 1, 4
2018/10/6, 43, 27, 31, 7, 1, 3
2018/10/7, 34, 27, 15, 8, 1, 3
2018/10/8, 29, 23, 27, 10, 1, 3
2018/10/9, 37, 13, 22, 7, 1, 3
2018/10/10, 32, 14, 20, 8, 1, 3
2018/10/11, 38, 23, 35, 7, 2, 4
2018/10/12, 48, 30, 41, 6, 3, 6
2018/10/13, 73, 42, 40, 10, 2, 5
2018/10/14, 61, 29, 32, 10, 1, 4
2018/10/15, 40, 26, 31, 9, 1, 4
2018/10/16, 39, 32, 30, 13, 2, 5
2018/10/17, 47, 40, 26, 21, 2, 4
2018/10/18, 66, 34, 39, 8, 2, 3
2018/10/19, 62, 49, 49, 10, 4, 5
2018/10/20, 97, 57, 73, 9, 4, 9
2018/10/21, 131, 59, 63, 7, 4, 7
2018/10/22, 142, 37, 50, 6, 2, 4
2018/10/23, 71, 39, 35, 12, 2, 5
2018/10/24, 67, 51, 48, 12, 3, 7
2018/10/25, 102, 40, 43, 5, 2, 3
2018/10/26, 42, 23, 31, 5, 1, 3
2018/10/27, 24, 12, 21, 7, 2, 3
2018/10/28, 27, 15, 17, 9, 2, 3
2018/10/29, 41, 16, 17, 9, 2, 4
2018/10/30, 42, 23, 22, 10, 3, 5
2018/10/31, 54, 29, 27, 9, 3, 5
2018/11/1, 63, 40, 41, 9, 5, 8
2018/11/2, 93, 67, 75, 12, 7, 11
2018/11/3, 161, 20, 49, 6, 2, 5
2018/11/4, 40, 14, 26, 5, 2, 4
2018/11/5, 31, 32, 27, 8, 2, 6
2018/11/6, 95, 33, 30, 8, 2, 6
2018/11/7, 75, 37, 28, 8, 2, 6
2018/11/8, 81, 35, 24, 13, 2, 4
2018/11/9, 89, 34, 24, 8, 3, 3
2018/11/10, 76, 36, 19, 11, 4, 4
2018/11/11, 71, 23, 27, 5, 2, 3
2018/11/12, 58, 22, 28, 3, 4, 3
2018/11/13, 65, 30, 29, 6, 2, 5
2018/11/14, 77, 33, 23, 11, 3, 6
2018/11/15, 93, 18, 26, 5, 3, 4
2018/11/16, 36, 29, 24, 8, 5, 6
2018/11/17, 66, 44, 22, 13, 6, 9
2018/11/18, 98, 56, 24, 15, 4, 8
2018/11/19, 125, 40, 22, 10, 4, 7
2018/11/20, 88, 27, 24, 4, 2, 7
2018/11/21, 65, 22, 25, 7, 4, 5
2018/11/22, 41, 26, 26, 5, 3, 3
2018/11/23, 65, 39, 27, 7, 3, 6
2018/11/24, 107, 41, 27, 8, 3, 6
2018/11/25, 113, 65, 48, 7, 6, 7
2018/11/26, 138, 56, 37, 4, 3, 2
2018/11/27, 21, 30, 27, 9, 4, 3
2018/11/28, 43, 34, 16, 14, 5, 5
2018/11/29, 78, 41, 18, 10, 7, 3
2018/11/30, 43, 30, 28, 7, 3, 2
2018/12/1, 58, 42, 35, 5, 3, 3
2018/12/2, 82, 70, 31, 8, 5, 3
2018/12/3, 77, 20, 23, 7, 4, 1
2018/12/4, 35, 22, 25, 7, 3, 2
2018/12/5, 51, 28, 24, 10, 5, 3
2018/12/6, 59, 25, 24, 5, 5, 2
2018/12/7, 51, 26, 26, 5, 4, 3
2018/12/8, 47, 34, 27, 9, 4, 4
2018/12/9, 63, 41, 22, 13, 6, 5
2018/12/10, 90, 49, 26, 16, 6, 6
2018/12/11, 108, 43, 29, 8, 3, 6
2018/12/12, 96, 53, 23, 14, 11, 6
2018/12/13, 105, 41, 26, 6, 3, 4
2018/12/14, 101, 51, 24, 8, 5, 5
2018/12/15, 119, 58, 26, 15, 6, 8
2018/12/16, 139, 41, 24, 10, 5, 4
2018/12/17, 67, 26, 27, 10, 6, 3
2018/12/18, 55, 40, 25, 11, 5, 4
2018/12/19, 86, 50, 25, 10, 8, 6
2018/12/20, 116, 45, 28, 10, 4, 7
2018/12/21, 119, 50, 28, 12, 5, 8
2018/12/22, 114, 20, 27, 7, 5, 4
2018/12/23, 43, 35, 26, 7, 3, 5
2018/12/24, 64, 50, 26, 7, 6, 5
2018/12/25, 53, 34, 24, 4, 4, 4
2018/12/26, 41, 34, 28, 6, 4, 3
2018/12/27, 50, 38, 28, 9, 3, 3
2018/12/28, 61, 39, 30, 13, 4, 4
2018/12/29, 77, 49, 27, 15, 5, 5
2018/12/30, 103, , , , , 
2018/7/1, 71, 36, 79, 18, 1, 5
2018/7/2, 75, 34, 62, 11, 1, 5
2018/7/3, 59, 18, 49, 6, 1, 4
2018/7/4, 30, 16, 45, 6, 1, 3
2018/7/5, 27, 18, 48, 6, 2, 4
2018/7/6, 27, 21, 45, 5, 1, 4
2018/7/7, 47, 17, 26, 4, , 4
2018/7/8, 33, 16, 32, 2, 1, 3
2018/7/9, 32, 27, 54, 3, 1, 4
2018/7/10, 55, 16, 37, 5, 1, 4
2018/7/11, 38, 17, 34, 3, 1, 4
2018/7/12, 36, 24, 33, 3, 1, 4
2018/7/13, 50, 16, 33, 3, 1, 4
2018/7/14, 41, 34, 55, 3, , 6
2018/7/15, 77, 17, 41, 3, , 4
2018/7/16, 44, 23, 41, 4, 1, 3
2018/7/17, 59, 21, 41, 5, 1, 3
2018/7/18, 57, 29, 53, 4, 1, 4
2018/7/19, 58, 23, 53, 5, 1, 3
2018/7/20, 51, 29, 56, 5, 1, 4
2018/7/21, 59, 44, 69, 6, 1, 5
2018/7/22, 95, 46, 68, 5, , 5
2018/7/23, 94, 36, 60, 5, , 4
2018/7/24, 74, 21, 37, 4, , 3
2018/7/25, 40, 11, 26, 5, , 4
2018/7/26, 19, , , , , 
2018/8/2, 47, 34, 111, 4, 2, 5
2018/8/3, 63, 43, 110, 4, 1, 6
2018/8/4, 81, 9, 46, 3, 1, 3
2018/8/5, 24, 12, 39, 3, 1, 4
2018/8/6, 22, 19, 29, 6, 1, 5
2018/8/7, 48, 27, 30, 8, 1, 5
2018/8/8, 46, 20, 56, 3, 1, 4
2018/8/9, 33, 20, 58, 5, 1, 4
2018/8/10, 32, 14, 43, 3, 1, 3
2018/8/11, 21, 13, 36, 2, 1, 4
2018/8/12, 28, 15, 36, 2, 1, 5
2018/8/13, 34, 10, 41, 1, , 4
2018/8/14, 18, 15, 41, 3, 1, 4
2018/8/15, 23, 15, 31, 2, 1, 3
2018/8/16, 21, 17, 35, 4, 1, 4
2018/8/17, 20, 30, 41, 5, 1, 5
2018/8/18, 58, 23, 46, 3, 1, 5
2018/8/19, 53, 28, 41, 4, 1, 5
2018/8/20, 58, 16, 39, 4, 1, 4
2018/8/21, 32, 23, 44, 5, 1, 4
2018/8/22, 32, 21, 34, 4, 1, 4
2018/8/23, 39, 8, 50, 2, 1, 3
2018/8/24, 17, 8, 45, 2, 1, 4
2018/8/25, 18, 9, 23, 3, 1, 3
2018/8/26, 18, 21, 33, 6, 1, 4
2018/8/27, 39, 21, 27, 3, 1, 5
2018/8/28, 39, 14, 29, 4, 1, 4
2018/8/29, 28, 19, 27, 6, 1, 4
2018/8/30, 34, 19, 24, 6, 1, 4
2018/8/31, 31, 19, 29, 4, 1, 4
2018/9/1, 36, 18, 29, 3, 1, 4
2018/9/2, 37, 17, 41, 2, 1, 5
2018/9/3, 40, 14, 37, 4, 1, 4
2018/9/4, 34, 12, 22, 5, 1, 4
2018/9/5, 18, 18, 29, 4, 1, 4
2018/9/6, 29, 17, 34, 6, 1, 4
2018/9/7, 28, 15, 29, 7, 1, 3
2018/9/8, 20, 16, 33, 4, 1, 4
2018/9/9, 27, 15, 36, 4, 1, 3
2018/9/10, 32, 23, 44, 4, 1, 4
2018/9/11, 47, 23, 45, 3, 1, 4
2018/9/12, 47, 33, 73, 4, 2, 6
2018/9/13, 77, 36, 65, 4, 2, 6
2018/9/14, 77, 20, 44, 7, 2, 5
2018/9/15, 46, 23, 36, 5, 1, 4
2018/9/16, 51, 26, 37, 11, 1, 4
2018/9/17, 42, 25, 57, 6, 2, 4
2018/9/18, 38, 45, 45, 12, 2, 6
2018/9/19, 69, 26, 47, 4, 2, 5
2018/9/20, 59, 30, 47, 8, 2, 7
2018/9/21, 77, 19, 30, 4, 1, 4
2018/9/22, 20, 14, 22, 4, 1, 4
2018/9/23, 33, 13, 20, 6, 1, 4
2018/9/24, 39, 12, 30, 5, 1, 4
2018/9/25, 30, 18, 37, 4, 1, 4
2018/9/26, 32, 15, 39, 3, 1, 4
2018/9/27, 35, 21, 32, 5, 2, 4
2018/9/28, 47, 27, 37, 6, 1, 4
2018/9/29, 46, 16, 35, 10, 1, 4
2018/9/30, 44, 61, 28, 11, 1, 4
2018/4/1, 157, 78, 59, 5, 2, 7
2018/4/2, 123, 44, 45, 5, 2, 5
2018/4/3, 71, 54, 48, 8, 3, 6
2018/4/4, 124, 61, 44, 7, 3, 7
2018/4/5, 130, 66, 43, 10, 4, 7
2018/4/6, 125, 44, 42, 9, 3, 6
2018/4/7, 79, 49, 43, 7, 3, 6
2018/4/8, 82, 59, 49, 8, 4, 8
2018/4/9, 129, 47, 43, 6, 3, 8
2018/4/10, 106, 140, 41, 4, 1, 6
2018/4/11, 67, 51, 40, 7, 2, 5
2018/4/12, 71, 52, 50, 6, 2, 5
2018/4/13, 106, 77, 42, 4, 1, 5
2018/4/14, 70, 30, 53, 6, 1, 4
2018/4/15, 64, 52, 63, 6, 3, 6
2018/4/16, 69, 86, 79, 5, 4, 6
2018/4/17, 95, 73, 94, 7, 4, 8
2018/4/18, 125, 61, 79, 8, 2, 6
2018/4/19, 104, 79, 88, 7, 3, 6
2018/4/20, 103, 43, 72, 7, 2, 5
2018/4/21, 100, 24, 47, 5, 1, 3
2018/4/22, 43, 29, 56, 4, 3, 3
2018/4/23, 53, 42, 65, 7, 3, 4
2018/4/24, 82, 42, 57, 7, 2, 4
2018/4/25, 75, 58, 53, 6, 3, 5
2018/4/26, 68, 45, 50, 9, 2, 3
2018/4/27, 65, 92, 73, 6, 4, 6
2018/4/28, 97, 85, 95, 6, 3, 6
2018/4/29, 109, 26, 71, 6, 3, 3
2018/4/30, 44, 40, 52, 6, 2, 3
2018/5/1, 48, 35, 47, 5, 2, 4
2018/5/2, 67, 52, 48, 7, 2, 3
2018/5/3, 62, 48, 56, 8, 2, 4
2018/5/4, 78, 92, 45, 7, 2, 5
2018/5/5, 80, 62, 43, 7, 1, 3
2018/5/6, 47, 37, 46, 7, 2, 4
2018/5/7, 45, 44, 49, 10, 2, 4
2018/5/8, 65, 20, 49, 5, 2, 4
2018/5/9, 52, 61, 72, 7, 4, 6
2018/5/10, 84, 59, 68, 9, 3, 7
2018/5/11, 95, 34, 55, 6, 1, 6
2018/5/12, 89, 48, 76, 7, 2, 8
2018/5/13, 100, 57, 84, 7, 2, 8
2018/5/14, 104, 43, 77, 4, 2, 7
2018/5/15, 80, 24, 51, 6, 2, 6
2018/5/16, 57, 15, 38, 6, 2, 4
2018/5/17, 30, 15, 46, 4, 2, 4
2018/5/18, 29, 14, 49, 4, 1, 3
2018/5/19, 29, 25, 47, 5, 1, 4
2018/5/20, 43, 28, 52, 5, 2, 4
2018/5/21, 46, 33, 50, 6, 2, 5
2018/5/22, 48, 82, 40, 4, 1, 4
2018/5/23, 67, 60, 48, 8, 3, 6
2018/5/24, 67, 16, 43, 5, 1, 4
2018/5/25, 33, 20, 64, 4, 2, 4
2018/5/26, 37, 22, 57, 5, 1, 6
2018/5/27, 67, 12, 43, 4, 1, 4
2018/5/28, 37, 11, 41, 3, 1, 4
2018/5/29, 30, 19, 56, 7, 1, 5
2018/5/30, 53, 28, 70, 10, 2, 6
2018/5/31, 69, 41, 108, 7, 3, 7
2018/6/1, 81, 51, 118, 6, 3, 7
2018/6/2, 71, 52, 125, 6, 3, 6
2018/6/3, 82, 45, 110, 4, 2, 5
2018/6/4, 81, 57, 100, 6, 3, 6
2018/6/5, 208, 46, 91, 8, 1, 7
2018/6/6, 54, 38, 70, 9, 2, 10
2018/6/7, 90, 20, 67, 8, 1, 5
2018/6/8, 37, 21, 77, 10, 2, 5
2018/6/9, 50, 16, 68, 11, 1, 5
2018/6/10, 39, 14, 70, 7, 1, 6
2018/6/11, 41, 14, 59, 6, 2, 5
2018/6/12, 29, 26, 84, 12, 1, 6
2018/6/13, 59, 17, 77, 8, 1, 6
2018/6/14, 45, 10, 53, 5, 1, 5
2018/6/15, 25, 26, 66, 7, 1, 5
2018/6/16, 63, 39, 66, 7, 1, 7
2018/6/17, 88, 36, 82, 5, 1, 6
2018/6/18, 79, 28, 63, 5, 1, 5
2018/6/19, 56, 18, 45, 5, 1, 5
2018/6/20, 30, 16, 49, 8, 1, 4
2018/6/21, 54, 46, 111, 13, 3, 6
2018/6/22, 97, 48, 124, 9, 3, 9
2018/6/23, 104, 16, 70, 9, 1, 5
2018/6/24, 30, 40, 73, 15, 2, 8
2018/6/25, 78, 29, 94, 8, 1, 6
2018/6/26, 65, 18, 84, 5, 1, 6
2018/6/27, 45, 18, 65, 7, 1, 5
2018/6/28, 41, 22, 93, 11, 1, 4
2018/6/29, 39, 33, 112, 7, 2, 5
2018/6/30, 59, 30, 109, 12, 1, 5
2018/1/1, 93, 52, 23, 9, 8, 5
2018/1/2, 87, 51, 25, 10, 9, 5
2018/1/3, 100, 59, 30, 11, 10, 6
2018/1/4, 123, 61, 32, 10, 8, 5
2018/1/5, 137, 62, 32, 10, 9, 5
2018/1/6, 131, 51, 34, 8, 12, 4
2018/1/7, 118, 44, 31, 11, 12, 5
2018/1/8, 106, 24, 31, 9, 17, 2
2018/1/9, 64, 22, 28, 9, 12, 2
2018/1/10, 61, 46, 32, 15, 10, 5
2018/1/11, 121, 35, 36, 5, 11, 4
2018/1/12, 90, 52, 37, 11, 19, 10
2018/1/13, 118, 39, , 8, 12, 6
2018/1/14, 100, 40, 35, 9, 10, 6
2018/1/15, 107, 51, 32, 13, 10, 8
2018/1/16, 125, 72, 28, 18, 12, 12
2018/1/17, 154, 47, 33, 13, 6, 7
2018/1/18, 101, 51, 35, 13, 11, 8
2018/1/19, 103, 28, 33, 9, 11, 3
2018/1/20, 48, 42, 28, 14, 18, 5
2018/1/21, 85, 42, 27, 14, 13, 6
2018/1/22, 103, 27, 27, 7, 5, 5
2018/1/23, 68, 33, 29, 9, 9, 5
2018/1/24, 79, 36, 29, 13, 10, 6
2018/1/25, 92, 45, 29, 12, 12, 6
2018/1/26, 106, 40, 33, 7, 10, 4
2018/1/27, 89, 28, 31, 6, 8, 2
2018/1/28, 49, 33, 29, 7, 9, 5
2018/1/29, 72, 33, 33, 10, 9, 7
2018/1/30, 73, 33, 30, 8, 8, 7
2018/1/31, 75, 41, 36, 12, 16, 9
2018/2/1, 97, 43, 33, 13, 7, 7
2018/2/2, 105, 59, 23, 17, 15, 8
2018/2/3, 145, 47, 27, 15, 13, 8
2018/2/4, 121, 45, 28, 11, 9, 8
2018/2/5, 111, 41, 31, 7, 12, 7
2018/2/6, 103, 55, 30, 14, 17, 9
2018/2/7, 136, 52, 59, 6, 10, 7
2018/2/8, 100, 51, 36, 8, 11, 7
2018/2/9, 98, 43, 32, 6, 8, 5
2018/2/10, 60, 37, 32, 4, 5, 4
2018/2/11, 48, 33, 33, 4, 8, 4
2018/2/12, 51, 23, 33, 3, 7, 5
2018/2/13, 58, 28, 31, 5, 13, 6
2018/2/14, 61, 34, 34, 3, 8, 6
2018/2/15, 68, 56, 32, 4, 11, 6
2018/2/16, 90, 28, 31, 3, 6, 6
2018/2/17, 59, 31, 34, 6, 13, 6
2018/2/18, 70, 28, 35, 5, 11, 7
2018/2/19, 76, 31, 34, 5, 12, 6
2018/2/20, 64, 39, 37, 3, 6, 7
2018/2/21, 81, 40, 36, 7, 13, 7
2018/2/22, 93, 37, 32, 6, 10, 5
2018/2/23, 93, 48, 37, 9, 8, 6
2018/2/24, 116, 45, 41, 5, 8, 6
2018/2/25, 108, 43, 41, 6, 8, 6
2018/2/26, 105, 36, 44, 6, 6, 5
2018/2/27, 89, 54, 41, 8, 9, 9
2018/2/28, 140, 45, 39, 9, 13, 5
2018/3/1, 84, 45, 43, 5, 7, 5
2018/3/2, 69, 42, 37, 6, 7, 6
2018/3/3, 93, 27, 34, 9, 10, 4
2018/3/4, 66, 19, 35, 9, 7, 5
2018/3/5, 121, 27, 33, 8, 8, 5
2018/3/6, 86, 50, 38, 6, 7, 7
2018/3/7, 114, 41, 41, 10, 10, 5
2018/3/8, 141, 38, 56, 5, 6, 6
2018/3/9, 87, 43, 48, 16, 17, 6
2018/3/10, 101, 39, 44, 7, 5, 5
2018/3/11, 96, 62, 52, 6, 6, 7
2018/3/12, 116, 59, 49, 9, 6, 8
2018/3/13, 132, 77, 29, 12, 5, 11
2018/3/14, 165, 19, 38, 3, 3, 4
2018/3/15, 36, 24, 43, 4, 3, 3
2018/3/16, 61, 33, 45, 7, 8, 6
2018/3/17, 81, 51, 38, 11, 4, 7
2018/3/18, 140, 20, 39, 6, 2, 3
2018/3/19, 44, 28, 46, 5, 3, 4
2018/3/20, 61, 44, 53, 9, 4, 5
2018/3/21, 105, 63, 62, 10, 5, 6
2018/3/22, 151, 66, 49, 11, 7, 9
2018/3/23, 161, 61, 48, 12, 3, 9
2018/3/24, 144, 79, 66, 12, 6, 10
2018/3/25, 154, 72, 95, 9, 6, 9
2018/3/26, 153, 70, 95, 8, 5, 8
2018/3/27, 131, 134, 74, 9, 3, 5
2018/3/28, 93, 67, 48, 15, 3, 8
2018/3/29, 158, 112, 64, 20, 2, 13
2018/3/30, 290, 66, 53, 7, 2, 8
2018/3/31, 142, 78, 59, 6, 2, 9
2017/10/1, 63, 26, 32, 11, 3, 6
2017/10/2, 34, 29, 32, 12, 3, 6
2017/10/3, 41, 29, 36, 9, 3, 7
2017/10/4, 54, 42, 65, 6, 6, 9
2017/10/5, 75, 38, , 5, 4, 8
2017/10/6, 78, 49, 55, 10, 4, 10
2017/10/7, 115, 60, 57, 12, 4, 12
2017/10/8, 131, 44, 40, 11, 4, 7
2017/10/9, 87, 34, 32, 8, 4, 6
2017/10/10, 64, 33, 41, 7, 3, 6
2017/10/11, 75, 52, 40, 8, 3, 7
2017/10/12, 112, 46, 36, 7, 4, 8
2017/10/13, 111, 53, 39, 13, 4, 8
2017/10/14, 115, 61, 41, 12, 5, 9
2017/10/15, 135, 58, 31, 14, 4, 9
2017/10/16, 125, 46, 36, 11, 4, 8
2017/10/17, 97, 77, 53, 18, 7, 13
2017/10/18, 207, 87, 57, 18, 8, 14
2017/10/19, 187, 82, 51, 17, 5, 14
2017/10/20, 198, 39, 38, 8, 6, 7
2017/10/21, 78, 41, 42, 4, 6, 6
2017/10/22, 83, 44, 40, 5, 7, 7
2017/10/23, 101, 53, 54, 5, 6, 8
2017/10/24, 115, 65, 44, 13, 11, 13
2017/10/25, 143, 107, 63, 12, 10, 21
2017/10/26, 225, 76, 74, 8, 8, 14
2017/10/27, 177, 84, 54, 7, 8, 10
2017/10/28, 118, 49, 33, 9, 12, 7
2017/10/29, 82, , , , , 
2017/10/31, 139, 84, 48, 13, 11, 10
2017/11/1, 187, 60, 22, 10, 5, 4
2017/11/2, 100, 67, 25, 11, 4, 7
2017/11/3, 176, 78, 26, 14, 5, 8
2017/11/4, 153, 77, 44, 10, 9, 10
2017/11/5, 155, 107, 50, 15, 8, 12
2017/11/6, 220, 99, 35, 12, 6, 11
2017/11/7, 202, 38, 26, 8, 5, 6
2017/11/8, 107, 62, 28, 7, 3, 7
2017/11/9, 141, 37, 24, 6, 4, 4
2017/11/10, 74, 32, 25, 9, 5, 5
2017/11/11, 108, 46, 32, 7, 4, 7
2017/11/12, 113, 53, 34, 9, 4, 7
2017/11/13, 107, 47, 31, 4, 3, 4
2017/11/14, 66, 56, 33, 9, 5, 7
2017/11/15, 125, 74, 34, 12, 5, 8
2017/11/16, 148, 52, 35, 10, 7, 4
2017/11/17, 118, 41, 33, 8, 8, 3
2017/11/18, 88, 46, 32, 9, 6, 3
2017/11/19, 101, 38, 33, 8, 6, 3
2017/11/20, 82, 60, 38, 5, 7, 4
2017/11/21, 93, 46, 28, 5, 5, 2
2017/11/22, 37, 33, 25, 13, 13, 4
2017/11/23, 113, 45, 27, 8, 4, 4
2017/11/24, 81, 41, 27, 9, 8, 5
2017/11/25, 85, 45, 30, 8, 4, 5
2017/11/26, 88, 44, 33, 3, 4, 4
2017/11/27, 63, 73, , 5, 6, 5
2017/11/28, 77, 36, 31, 5, 4, 3
2017/11/29, 37, 28, 33, 8, 11, 4
2017/11/30, 52, 41, 28, 9, 7, 5
2017/12/1, 80, 57, 23, 13, 13, 9
2017/12/2, 103, 59, 23, 14, 9, 7
2017/12/3, 133, 66, 31, 10, 7, 6
2017/12/4, 94, 37, 34, 7, 6, 5
2017/12/5, 66, 65, 28, 16, 12, 9
2017/12/6, 130, 79, 28, 16, 7, 10
2017/12/7, 153, 53, 24, 9, 4, 6
2017/12/8, 107, 51, 31, 11, 6, 7
2017/12/9, 97, 51, 27, 12, 19, 6
2017/12/10, 88, 26, 23, 10, 20, 5
2017/12/11, 52, 45, 28, 10, 8, 6
2017/12/12, 80, 63, 24, 15, 11, 9
2017/12/13, 129, 59, 33, 8, 9, 9
2017/12/14, 118, 54, 30, 11, 10, 7
2017/12/15, 103, 42, 26, 10, 7, 5
2017/12/16, 82, 44, 29, 7, 6, 5
2017/12/17, 71, 40, 25, 15, 13, 6
2017/12/18, 74, 40, 29, 9, 10, 5
2017/12/19, 75, 50, 28, 9, 12, 8
2017/12/20, 87, 47, 52, 9, 11, 7
2017/12/21, 85, 60, 28, 14, 12, 9
2017/12/22, 138, 56, 32, 8, 7, 6
2017/12/23, 140, 50, 28, 15, 13, 6
2017/12/24, 108, 44, 28, 9, 7, 5
2017/12/25, 78, 39, 26, 13, 14, 5
2017/12/26, 80, 52, 27, 12, 8, 6
2017/12/27, 109, 50, 30, 7, 11, 7
2017/12/28, 102, 59, 32, 14, 10, 8
2017/12/29, 131, 68, 34, 13, 16, 9
2017/12/30, 148, 87, 31, 20, 24, 10
2017/12/31, 172, 75, 31, 10, 12, 6
2017/7/1, 124, 42, 70, 6, 3, 14
2017/7/2, 96, 15, 54, 5, 2, 14
2017/7/3, 40, 24, 61, 8, 3, 8
2017/7/4, 56, 23, 85, 6, 2, 8
2017/7/5, 67, 23, 98, 6, 2, 6
2017/7/6, 61, 27, 83, 5, 2, 4
2017/7/7, 69, 37, 84, 2, 2, 5
2017/7/8, 92, , 69, , , 
2017/7/10, 40, 35, 97, 3, 3, 7
2017/7/11, 74, 49, 109, 3, 4, 7
2017/7/12, 106, 35, 94, 2, 2, 6
2017/7/13, 78, 22, 67, 2, , 6
2017/7/14, 64, 28, 78, 5, 3, 6
2017/7/15, 74, 32, 70, 3, , 5
2017/7/16, 73, 29, 82, 3, 2, 5
2017/7/17, 72, 34, 92, 4, 3, 5
2017/7/18, 85, 41, 73, 4, 2, 8
2017/7/19, 98, 11, 44, 3, 3, 6
2017/7/20, 35, 13, 55, 3, 4, 5
2017/7/21, 27, 16, 50, 2, 5, 5
2017/7/22, 39, 21, 61, 5, 4, 5
2017/7/23, 45, 26, 56, 9, 4, 4
2017/7/24, 49, 27, 55, 10, 4, 4
2017/7/25, 45, 18, 50, 4, 4, 4
2017/7/26, 39, 26, 67, 6, 5, 6
2017/7/27, 58, 13, 54, 4, 4, 5
2017/7/28, 38, 13, 57, 2, 5, 6
2017/7/29, 38, 29, 88, 5, 5, 7
2017/7/30, 63, 32, 88, 4, 5, 8
2017/7/31, 71, 28, 76, 4, 5, 7
2017/8/1, 65, 18, 48, 4, 5, 7
2017/8/2, 50, 12, 37, 2, 3, 6
2017/8/3, 35, 10, 35, 2, , 6
2017/8/4, 25, 16, 42, 2, , 6
2017/8/5, 40, 14, 75, 4, 2, 6
2017/8/6, 35, 16, 64, 5, , 6
2017/8/7, 31, 15, 54, 2, 2, 6
2017/8/8, 27, 17, 61, 3, 2, 6
2017/8/9, 35, 17, 53, 2, 2, 6
2017/8/10, 40, 21, 47, 1, 2, 7
2017/8/11, 46, 17, 52, 2, 2, 6
2017/8/12, 38, 26, 51, 1, , 7
2017/8/13, 53, 25, 47, 2, 3, 7
2017/8/14, 59, 17, 32, 3, 2, 6
2017/8/15, 37, 14, 34, 2, 3, 6
2017/8/16, 24, 14, 46, 2, 3, 5
2017/8/17, 23, 12, 34, 2, 2, 5
2017/8/18, 20, 13, 31, 2, 2, 6
2017/8/19, 22, 14, 40, 2, 2, 6
2017/8/20, 33, 19, 43, 2, 3, 6
2017/8/21, 40, 38, 65, 4, 3, 9
2017/8/22, 82, 12, 51, 4, 2, 5
2017/8/23, 35, 23, 40, 5, 2, 6
2017/8/24, 53, 30, 31, 5, 2, 6
2017/8/25, 44, 18, 34, 4, 2, 5
2017/8/26, 19, 28, 72, 4, 4, 7
2017/8/27, 37, 22, 50, 6, 2, 6
2017/8/28, 36, 17, 31, 5, 2, 5
2017/8/29, 33, 15, 27, 6, 2, 5
2017/8/30, 38, 20, 37, 5, 3, 6
2017/8/31, 59, 25, 55, 5, 3, 7
2017/9/1, 59, 15, 48, 4, 3, 6
2017/9/2, 36, 23, 53, 3, 3, 8
2017/9/3, 54, 30, 57, 4, 2, 9
2017/9/4, 71, 23, 54, 3, 2, 8
2017/9/5, 89, 18, , 6, , 7
2017/9/6, 52, , , , , 
2017/9/11, 26, 17, 33, 8, 3, 6
2017/9/12, 37, 20, 29, 8, 3, 7
2017/9/13, 43, 15, 34, 6, 3, 6
2017/9/14, 33, 18, 31, 4, 2, 6
2017/9/15, 41, 36, 60, 5, 3, 8
2017/9/16, 69, 17, 57, 4, 3, 6
2017/9/17, 35, 22, 43, 7, 4, 7
2017/9/18, 60, 22, 47, 5, 3, 7
2017/9/19, 47, 21, 36, 9, 3, 6
2017/9/20, 47, 20, 47, 4, 3, 7
2017/9/21, 47, 22, 47, 4, 3, 7
2017/9/22, 46, 35, 54, 4, 4, 8
2017/9/23, 49, 26, 50, 5, 3, 7
2017/9/24, 40, 17, 46, 4, 4, 7
2017/9/25, 39, 25, 47, 6, 3, 8
2017/9/26, 56, 15, 33, 8, 3, 7
2017/9/27, 34, 23, 30, 9, 3, 6
2017/9/28, 33, 26, 30, 7, 3, 5
2017/9/29, 33, 25, 35, 8, 3, 6
2017/9/30, 39, 64, 57, 5, 3, 7
2017/4/1, 166, 83, 74, 8, 7, 10
2017/4/2, 154, 82, 98, 8, 8, 11
2017/4/3, 168, 77, 98, 6, 8, 10
2017/4/4, 145, 79, 98, 7, 8, 11
2017/4/5, 168, 90, 102, 13, 6, 10
2017/4/6, 177, 90, 96, 12, 4, 10
2017/4/7, 192, 36, 64, 7, 7, 6
2017/4/8, 69, 50, 50, 12, 6, 7
2017/4/9, 90, 68, 70, 6, 5, 7
2017/4/10, 122, 52, 53, 5, 3, 5
2017/4/11, 55, 49, 45, 5, 3, 5
2017/4/12, 45, 79, 50, 7, 4, 6
2017/4/13, 101, 65, 74, 7, 6, 9
2017/4/14, 130, 78, 86, 7, 6, 8
2017/4/15, 120, 59, 68, 7, 5, 5
2017/4/16, 81, 77, 61, 10, 7, 9
2017/4/17, 152, 46, 47, 6, 3, 5
2017/4/18, 63, 24, 53, 7, 3, 4
2017/4/19, 48, 45, 53, 6, 3, 6
2017/4/20, 103, 38, 56, 12, 3, 7
2017/4/21, 99, 49, 59, 7, 4, 7
2017/4/22, 75, 24, 49, 4, 3, 5
2017/4/23, 41, 19, 43, 3, 3, 5
2017/4/24, 42, 23, 45, 3, 3, 5
2017/4/25, 41, 32, 41, 8, 3, 8
2017/4/26, 45, 39, 47, 9, 3, 3
2017/4/27, 52, 29, 61, 6, 3, 3
2017/4/28, 51, 137, 58, 5, 3, 4
2017/4/29, 80, 38, 58, 5, 3, 3
2017/4/30, 45, 31, 64, 5, 3, 3
2017/5/1, 53, 59, 94, 4, 4, 4
2017/5/2, 82, 47, 105, 3, 3, 3
2017/5/3, 67, 40, 78, 5, 4, 6
2017/5/4, 83, 122, 54, 3, 2, 7
2017/5/5, 108, 429, 50, 3, 2, 5
2017/5/6, 108, 104, 51, 4, , 5
2017/5/7, 76, 21, 64, 3, 2, 6
2017/5/8, 43, 58, 108, 5, 4, 8
2017/5/9, 83, 47, 103, 4, 3, 7
2017/5/10, 69, 67, 93, 4, 3, 8
2017/5/11, 92, 79, 80, 3, 2, 5
2017/5/12, 63, 32, 45, 4, 2, 6
2017/5/13, 58, 11, 41, 4, , 6
2017/5/14, 41, 13, 39, 4, 2, 6
2017/5/15, 47, 20, 61, 3, 2, 6
2017/5/16, 55, 29, 81, 4, 3, 7
2017/5/17, 54, 59, 135, 5, 4, 8
2017/5/18, 91, 59, 133, 6, 5, 8
2017/5/19, 125, 41, 131, 6, 4, 6
2017/5/20, 95, 21, 89, 3, 2, 5
2017/5/21, 37, 11, 47, 5, 2, 5
2017/5/22, 40, 21, 52, 5, 2, 5
2017/5/23, 51, 23, 57, 7, 3, 5
2017/5/24, 41, 15, 47, 4, 3, 5
2017/5/25, 25, 18, 49, 7, 3, 7
2017/5/26, 35, 18, 62, 7, 3, 6
2017/5/27, 39, 44, 92, 11, 4, 7
2017/5/28, 59, 51, 71, 12, 3, 6
2017/5/29, 53, 30, 46, 6, 3, 6
2017/5/30, 39, 30, 62, 11, 3, 7
2017/5/31, 76, 21, 44, 6, 3, 6
2017/6/1, 39, 13, 31, 7, 3, 6
2017/6/2, 32, 25, 37, 10, 2, 7
2017/6/3, 51, 11, 43, 6, 3, 6
2017/6/4, 35, 14, 61, 8, 3, 6
2017/6/5, 49, 34, 86, 19, 4, 8
2017/6/6, 65, 37, 62, 7, 2, 8
2017/6/7, 97, 24, 46, 9, 3, 6
2017/6/8, 55, 29, 40, 10, 2, 6
2017/6/9, 25, 23, 32, 12, 3, 7
2017/6/10, 32, 15, 28, 9, 3, 6
2017/6/11, 36, 13, 35, 8, 3, 6
2017/6/12, 34, 22, 62, 10, 3, 6
2017/6/13, 43, 41, 76, 12, 4, 7
2017/6/14, 61, 24, 66, 15, 3, 6
2017/6/15, 47, 16, 103, 12, 2, 5
2017/6/16, 30, 48, 121, 12, 4, 9
2017/6/17, 104, 49, 110, 8, 4, 8
2017/6/18, 103, 39, 100, 6, 3, 8
2017/6/19, 82, 21, 82, 3, 2, 6
2017/6/20, 43, 16, 62, 7, 2, 5
2017/6/21, 48, 18, 51, 8, 2, 5
2017/6/22, 48, 18, 70, 9, 3, 5
2017/6/23, 44, 31, 79, 14, 3, 5
2017/6/24, 59, 27, 61, 15, 3, 5
2017/6/25, 66, 12, 49, 4, 2, 4
2017/6/26, 35, 29, 96, 9, 3, 5
2017/6/27, 67, 28, 98, 10, 3, 4
2017/6/28, 67, 39, 98, 9, 3, 5
2017/6/29, 76, 51, 109, 8, 3, 9
2017/6/30, 119, 57, 99, 7, 4, 10
2017/1/2, 133, 52, 32, 12, 14, 12
2017/1/3, 116, 53, 28, 17, 15, 11
2017/1/4, 111, 67, 33, 10, 13, 14
2017/1/5, 157, 71, 37, 15, 21, 16
2017/1/6, 156, 118, 37, 32, 23, 24
2017/1/7, 225, 150, 27, 36, 31, 27
2017/1/8, 276, 46, 31, 12, 18, 12
2017/1/9, 83, 40, 31, 9, 15, 10
2017/1/10, 57, 30, 32, 8, 13, 10
2017/1/11, 67, 32, 31, 10, 12, 11
2017/1/12, 72, 41, 27, 11, 18, 9
2017/1/13, 60, 30, 25, 13, 28, 8
2017/1/14, 64, 48, 29, 17, 15, 12
2017/1/15, 125, 76, 34, 17, 27, 14
2017/1/16, 168, 77, 40, 10, 18, 15
2017/1/17, 172, 113, 31, 28, 20, 20
2017/1/18, 223, 71, 21, 18, 20, 13
2017/1/19, 160, 61, 26, 13, 19, 11
2017/1/20, 140, 55, 30, 8, 17, 12
2017/1/21, 131, 59, 28, 18, 29, 14
2017/1/22, 146, 72, 34, 13, 17, 14
2017/1/23, 165, 65, 39, 11, 19, 13
2017/1/24, 135, 61, 45, 9, 24, 13
2017/1/25, 150, 65, 43, 5, 15, 12
2017/1/26, 119, 46, 38, 4, 12, 9
2017/1/27, 63, 63, 42, 5, 17, 12
2017/1/28, 146, 54, 41, 7, 20, 11
2017/1/29, 123, 50, 36, 6, 14, 11
2017/1/30, 120, 48, 39, 6, 18, 11
2017/1/31, 95, 37, 41, 5, 17, 9
2017/2/1, 82, 57, 44, 6, 15, 11
2017/2/2, 126, 73, 49, 10, 19, 19
2017/2/3, 164, 84, 60, 9, 24, 18
2017/2/4, 190, 78, 41, 14, 28, 14
2017/2/5, 150, 28, 35, 10, 20, 9
2017/2/6, 72, 60, 32, 15, 17, 12
2017/2/7, 147, 53, 36, 12, 15, 11
2017/2/8, 125, 38, 28, 11, 16, 10
2017/2/9, 87, 33, 25, 13, 27, 9
2017/2/10, 66, 43, 34, 11, 17, 10
2017/2/11, 100, 71, 46, 6, 14, 11
2017/2/12, 159, 85, 48, 16, 22, 14
2017/2/13, 178, 65, 52, 7, 10, 13
2017/2/14, 148, 56, 55, 6, 16, 13
2017/2/15, 135, 75, 66, 4, 8, 9
2017/2/16, 72, 30, 38, 5, 10, 9
2017/2/17, 55, 37, 34, 9, 14, 10
2017/2/18, 77, 43, 36, 6, 11, 11
2017/2/19, 97, 30, 36, 9, 17, 9
2017/2/20, 78, 37, 45, 4, 11, 9
2017/2/21, 87, 29, 41, 7, 16, 9
2017/2/22, 77, 32, 41, 11, 15, 9
2017/2/23, 92, 34, 47, 6, 10, 9
2017/2/24, 89, 34, 42, 11, 16, 9
2017/2/25, 85, 41, 43, 6, 10, 9
2017/2/26, 106, 37, 53, 4, 11, 10
2017/2/27, 91, 36, 47, 5, 10, 10
2017/2/28, 100, 24, 39, 8, 16, 9
2017/3/1, 42, 34, 40, 5, 7, 9
2017/3/2, 69, 41, , 8, 15, 10
2017/3/3, 94, 23, 41, 2, 7, 8
2017/3/4, 56, 40, 39, 12, 15, 10
2017/3/5, 104, 38, 37, 9, 11, 10
2017/3/6, 100, 27, 35, 7, 8, 9
2017/3/7, 60, 37, 44, 8, 7, 10
2017/3/8, 75, 46, 42, 10, 8, 11
2017/3/9, 89, 48, 51, 6, 9, 10
2017/3/10, 107, 58, 62, 7, 13, 13
2017/3/11, 132, 62, 45, 8, 8, 9
2017/3/12, 76, 30, 41, 10, 10, 10
2017/3/13, 68, 36, 44, 12, 9, 10
2017/3/14, 83, 30, 55, 3, 8, 8
2017/3/15, 92, 51, 81, 6, 11, 10
2017/3/16, 128, 86, 93, 9, 18, 15
2017/3/17, 184, 81, 84, 12, 10, 14
2017/3/18, 182, 45, 61, 7, 11, 8
2017/3/19, 73, 48, 49, 7, 7, 10
2017/3/20, 92, 61, 49, 17, 9, 11
2017/3/21, 123, 51, 48, 11, 8, 10
2017/3/22, 110, 55, 45, 17, 10, 11
2017/3/23, 114, 56, 56, 10, 8, 10
2017/3/24, 133, 53, 66, 4, 7, 10
2017/3/25, 124, 63, 70, 6, 7, 11
2017/3/26, 149, 49, 66, 6, 5, 10
2017/3/27, 121, 74, 65, 7, 5, 10
2017/3/28, 135, 71, 57, 5, 5, 8
2017/3/29, 97, 72, 65, 15, 7, 10
2017/3/30, 152, 74, 69, 22, 12, 11
2017/3/31, 165, 79, 77, 18, 9, 11
2016/10/1, 85, 54, 82, 5, 4, 8
2016/10/2, 131, 27, 73, 4, 2, 6
2016/10/3, 75, 16, 31, 2, 1, 4
2016/10/4, 54, 25, 28, 4, 2, 5
2016/10/5, 64, 33, 30, 7, 2, 6
2016/10/6, 76, 39, 25, 6, 2, 7
2016/10/7, 90, 12, 20, 5, 1, 6
2016/10/8, 38, 17, 28, 5, 1, 5
2016/10/9, 44, 30, 31, 6, 2, 7
2016/10/10, 74, 22, 33, 8, 2, 7
2016/10/11, 56, 28, 29, 8, 2, 8
2016/10/12, 62, 60, 29, 11, 3, 12
2016/10/13, 155, 71, 50, 7, 4, 14
2016/10/14, 165, 70, 82, 8, 5, 14
2016/10/15, 145, 57, 61, 4, 4, 12
2016/10/16, 141, 19, 41, 6, 2, 9
2016/10/17, 40, 49, 36, 11, 4, 11
2016/10/18, 104, 62, 32, 14, 5, 12
2016/10/19, 149, 22, 29, 5, 3, 8
2016/10/20, 55, 47, 36, 12, 4, 12
2016/10/21, 121, 39, 32, 5, 2, 10
2016/10/22, 82, 28, 29, 6, 3, 8
2016/10/23, 76, 53, 35, 14, 9, 8
2016/10/24, 133, 73, 34, 19, 9, 10
2016/10/25, 160, 34, 32, 10, 7, 6
2016/10/26, 71, 62, 43, 13, 5, 9
2016/10/27, 153, 62, 40, 17, 14, 9
2016/10/28, 125, 50, 32, 16, 8, 9
2016/10/29, 117, 81, 23, 23, 12, 13
2016/10/30, 190, 28, 25, 5, 9, 8
2016/10/31, 63, 37, 30, 8, 7, 9
2016/11/1, 83, 36, 31, 8, 9, 11
2016/11/2, 85, 52, 35, 13, 11, 12
2016/11/3, 156, 126, 31, 29, 14, 19
2016/11/4, 281, 102, 45, 14, 7, 15
2016/11/5, 277, 76, 43, 9, 5, 13
2016/11/6, 176, 81, 37, 11, 9, 14
2016/11/7, 183, 45, 33, 16, 25, 12
2016/11/8, 110, 43, 27, 12, 7, 13
2016/11/9, 121, 39, 27, 5, 8, 11
2016/11/10, 124, 31, 30, 6, 4, 9
2016/11/11, 112, 42, 28, 8, 8, 10
2016/11/12, 102, 50, 28, 6, 6, 12
2016/11/13, 120, 53, 33, 5, 10, 10
2016/11/14, 91, 43, 27, 11, 7, 11
2016/11/15, 97, 70, 30, 13, 8, 14
2016/11/16, 166, 88, 36, 12, 7, 14
2016/11/17, 180, 77, 30, 12, 10, 11
2016/11/18, 168, 41, 22, 12, 15, 8
2016/11/19, 107, 27, 28, 6, 10, 8
2016/11/20, 75, 22, 28, 10, 16, 8
2016/11/21, 63, 32, 30, 11, 8, 9
2016/11/22, 78, 34, 29, 10, 8, 9
2016/11/23, 82, 39, , 11, 9, 10
2016/11/24, 95, 41, 33, 6, 11, 10
2016/11/25, 92, 58, 27, 10, 15, 12
2016/11/26, 125, 44, 23, 18, 27, 9
2016/11/27, 102, 43, 26, 10, 13, 9
2016/11/28, 98, 32, 29, 3, 6, 8
2016/11/29, 77, 33, 29, 4, 7, 9
2016/11/30, 74, 29, 26, 6, 8, 7
2016/12/1, 56, 54, 22, 12, 15, 10
2016/12/2, 98, 68, 41, 9, 12, 12
2016/12/3, 145, 51, 34, 9, 13, 10
2016/12/4, 108, 36, 25, 17, 25, 8
2016/12/5, 82, 36, 26, 11, 8, 8
2016/12/6, 83, 67, 27, 17, 13, 12
2016/12/7, 157, 62, 18, 17, 18, 12
2016/12/8, 142, 76, 22, 24, 14, 14
2016/12/9, 168, 50, 23, 22, 16, 11
2016/12/10, 114, 57, 26, 18, 17, 13
2016/12/11, 130, 57, 25, 20, 19, 13
2016/12/12, 135, 56, 22, 14, 11, 12
2016/12/13, 116, 61, 23, 18, 11, 13
2016/12/14, 142, 68, 25, 18, 17, 13
2016/12/15, 125, 50, 23, 11, 17, 12
2016/12/16, 115, 69, 27, 12, 18, 17
2016/12/17, 147, 84, 36, 9, 18, 17
2016/12/18, 176, 85, 33, 10, 15, 17
2016/12/19, 176, 86, 30, 11, 18, 14
2016/12/20, 173, 77, 27, 12, 15, 14
2016/12/21, 163, 49, 28, 8, 10, 11
2016/12/22, 96, 44, 30, 15, 19, 11
2016/12/23, 97, 60, 36, 10, 19, 12
2016/12/24, 137, 57, 32, 12, 25, 13
2016/12/25, 136, 48, 28, 14, 22, 11
2016/12/26, 119, 82, 25, 21, 19, 14
2016/12/27, 174, 71, 29, 8, 15, 10
2016/12/28, 91, 60, 28, 12, 15, 10
2016/12/29, 102, 51, 26, 15, 19, 14
2016/12/30, 109, 79, 30, 13, 20, 17
2016/12/31, 168, , , , , 
2016/7/1, 28, 24, 49, 4, 3, 2
2016/7/2, 54, 28, 73, 6, 3, 3
2016/7/3, 56, 29, 56, 5, 2, 3
2016/7/4, 52, 37, 58, 5, 2, 2
2016/7/5, 39, 28, 64, 4, 2, 3
2016/7/6, 36, 44, 81, 6, 2, 5
2016/7/7, 82, 57, 75, 6, 2, 5
2016/7/8, 93, 78, 70, 7, 2, 5
2016/7/9, 119, 104, 66, 5, 1, 5
2016/7/10, 118, 102, 87, 5, 1, 6
2016/7/11, 130, 44, 74, 6, 2, 4
2016/7/12, 74, 20, 46, 5, 2, 3
2016/7/13, 56, 28, 44, 4, 2, 3
2016/7/14, 74, 22, 60, 6, 3, 4
2016/7/15, 97, 17, 39, 5, 2, 4
2016/7/16, 60, 24, 43, 6, 2, 4
2016/7/17, 67, 30, 70, 6, 2, 4
2016/7/18, 69, 38, 82, 4, 2, 5
2016/7/19, 95, 38, 61, 4, 2, 6
2016/7/20, 100, 34, 40, 5, 1, 5
2016/7/21, 82, 11, 36, 2, 1, 4
2016/7/22, 28, 15, 39, 2, 1, 5
2016/7/23, 87, 25, 48, 4, 1, 5
2016/7/24, 77, 15, 38, 4, 1, 3
2016/7/25, 36, 14, 50, 3, 2, 3
2016/7/26, 37, 17, 51, 4, 2, 4
2016/7/27, 58, 29, 47, 5, 1, 5
2016/7/28, 83, 19, 48, 4, 1, 5
2016/7/29, 55, 28, 51, 3, , 5
2016/7/30, 81, 38, 43, 5, 1, 6
2016/7/31, 99, 21, 54, 3, , 4
2016/8/1, 63, 34, 53, 4, , 5
2016/8/2, 92, 30, 52, 6, 3, 4
2016/8/3, 76, 37, 81, 4, 1, 4
2016/8/4, 100, 48, 84, 3, 1, 6
2016/8/5, 130, 44, 79, 4, , 6
2016/8/6, 107, 15, 58, 4, , 3
2016/8/7, 39, 23, 56, 3, 2, 3
2016/8/8, 49, 110, 47, 4, 2, 3
2016/8/9, 56, 41, 59, 5, 2, 7
2016/8/10, 120, 45, 70, 4, 1, 5
2016/8/11, 119, 50, 56, 5, 2, 6
2016/8/12, 139, 38, 60, 5, , 5
2016/8/13, 89, 28, 45, 10, 2, 3
2016/8/14, 46, 24, 43, 10, 3, 3
2016/8/15, 44, 22, 41, 8, 2, 3
2016/8/16, 46, 19, 53, 4, 2, 3
2016/8/17, 48, 24, 39, 5, 2, 4
2016/8/18, 65, 13, 48, 1, 2, 3
2016/8/19, 43, 23, 49, 3, 2, 3
2016/8/20, 62, 34, 66, 9, 2, 4
2016/8/21, 67, 32, 65, 8, 2, 4
2016/8/22, 67, 43, 57, 2, 2, 4
2016/8/23, 80, 40, 65, 5, 4, 7
2016/8/24, 91, 17, 41, 6, 2, 3
2016/8/25, 34, 18, 37, 9, 3, 3
2016/8/26, 35, 16, 48, 6, 2, 4
2016/8/27, 38, 19, 47, 6, 3, 4
2016/8/28, 42, 24, 44, 7, 3, 4
2016/8/29, 43, 18, 28, 6, 2, 3
2016/8/30, 37, 6, 14, 4, 2, 3
2016/8/31, 17, 9, 17, 4, 2, 3
2016/9/1, 24, 24, 34, 3, 2, 4
2016/9/2, 67, 25, 43, 4, 3, 5
2016/9/3, 69, 12, 42, 4, 2, 3
2016/9/4, 38, 23, 54, 3, 2, 4
2016/9/5, 57, 18, 46, 4, 2, 4
2016/9/6, 85, 27, 38, 4, 2, 4
2016/9/7, 71, 13, 40, 3, 1, 3
2016/9/8, 35, 17, 30, 9, 1, 4
2016/9/9, 45, 16, 38, 6, 1, 3
2016/9/10, 44, 21, 35, 4, 1, 3
2016/9/11, 60, 33, 36, 7, 1, 6
2016/9/12, 96, 38, 39, 5, 2, 5
2016/9/13, 89, 27, 50, 3, 2, 4
2016/9/14, 62, 29, 47, 3, 2, 5
2016/9/15, 69, 12, 39, 5, 2, 3
2016/9/16, 24, 25, 30, 8, 2, 4
2016/9/17, 53, 17, 31, 8, 2, 3
2016/9/18, 38, 31, 39, 11, 2, 3
2016/9/19, 59, 27, 41, 6, 2, 4
2016/9/20, 67, 34, 54, 4, 3, 5
2016/9/21, 73, 30, 51, 3, 2, 4
2016/9/22, 70, 36, 48, 4, 2, 5
2016/9/23, 91, 37, 62, 3, 2, 5
2016/9/24, 80, 34, 52, 5, 1, 5
2016/9/25, 90, 55, 42, 6, 2, 8
2016/9/26, 151, 31, 44, 6, 3, 6
2016/9/27, 85, 18, 30, 8, 2, 4
2016/9/28, 40, 18, 35, 5, 2, 4
2016/9/29, 48, 41, 45, 6, 3, 6
2016/9/30, 95, 50, 101, 4, 4, 7
2016/4/1, 118, 63, 62, 5, 3, 3
2016/4/2, 46, 53, 41, 6, 4, 3
2016/4/3, 53, 55, 53, 9, 7, 5
2016/4/4, 106, 49, 49, 9, 5, 4
2016/4/5, 75, 66, 80, 6, 6, 5
2016/4/6, 117, 84, 67, 5, 4, 3
2016/4/7, 74, 99, 49, 4, 3, 2
2016/4/8, 72, 59, 42, 6, 4, 2
2016/4/9, 56, 39, 43, 4, 2, 3
2016/4/10, 66, 52, 52, 14, 4, 4
2016/4/11, 103, 58, 48, 7, 2, 5
2016/4/12, 124, 54, 45, 6, 4, 6
2016/4/13, 100, 54, 49, 9, 3, 5
2016/4/14, 117, 50, 48, 9, 4, 5
2016/4/15, 107, 71, 53, 9, 3, 5
2016/4/16, 115, 45, 42, 10, 2, 5
2016/4/17, 75, 30, 47, 8, 3, 4
2016/4/18, 61, 38, 59, 7, 3, 4
2016/4/19, 74, 41, 57, 7, 3, 4
2016/4/20, 70, 57, 73, 7, 3, 4
2016/4/21, 84, 99, 48, 6, 2, 2
2016/4/22, 76, 59, 41, 6, 2, 3
2016/4/23, 52, 48, 54, 6, 3, 4
2016/4/24, 64, 60, 38, 8, 4, 4
2016/4/25, 84, 27, 44, 4, 2, 3
2016/4/26, 48, 52, 65, 15, 3, 5
2016/4/27, 97, 35, 67, 6, 3, 3
2016/4/28, 58, 46, 63, 12, 3, 3
2016/4/29, 67, 32, 54, 6, 2, 4
2016/4/30, 68, 69, 74, 8, 4, 7
2016/5/1, 129, 65, 65, 8, 3, 5
2016/5/2, 109, 33, 41, 5, 2, 3
2016/5/3, 32, 36, 44, 6, 3, 3
2016/5/4, 30, 47, 70, 7, 4, 4
2016/5/5, 61, 71, 57, 5, 2, 3
2016/5/6, 72, 47, 45, 6, 2, 3
2016/5/7, 60, 48, 67, 6, 3, 3
2016/5/8, 57, 58, 73, 8, 5, 4
2016/5/9, 73, 59, 75, 13, 3, 4
2016/5/10, 80, 56, 102, 7, 4, 4
2016/5/11, 83, 46, 93, 6, 3, 4
2016/5/12, 76, 30, 62, 5, 4, 4
2016/5/13, 64, 33, 56, 6, 4, 4
2016/5/14, 56, 30, 49, 6, 2, 4
2016/5/15, 67, 33, 45, 7, 3, 3
2016/5/16, 78, 37, 103, 7, 5, 5
2016/5/17, 75, 51, 112, 7, 6, 5
2016/5/18, 86, 46, 105, 7, 4, 4
2016/5/19, 81, 41, 102, 10, 4, 4
2016/5/20, 74, 39, 103, 10, 4, 3
2016/5/21, 71, 25, 60, 8, 3, 2
2016/5/22, 42, 41, 62, 9, 2, 3
2016/5/23, 87, 33, 62, 5, 1, 4
2016/5/24, 58, 28, 54, 5, 2, 3
2016/5/25, 52, 32, 47, 6, 3, 4
2016/5/26, 57, 47, 83, 8, 3, 3
2016/5/27, 50, 52, 114, 9, 6, 5
2016/5/28, 68, 34, 98, 6, 3, 2
2016/5/29, 61, 30, 50, 9, 3, 2
2016/5/30, 37, 23, 43, 5, 2, 2
2016/5/31, 32, 27, 61, 16, 3, 3
2016/6/1, 45, 25, 67, 11, 2, 3
2016/6/2, 39, 35, 116, 11, 4, 5
2016/6/3, 70, 55, 125, 11, 4, 4
2016/6/4, 95, 61, 116, 14, 4, 5
2016/6/5, 111, 45, 110, 15, 3, 4
2016/6/6, 77, 25, 84, 6, 2, 2
2016/6/7, 38, 54, 50, 12, 2, 2
2016/6/8, 41, 66, 78, 13, 3, 5
2016/6/9, 75, 56, 68, 11, 3, 5
2016/6/10, 87, 31, 48, 6, 2, 4
2016/6/11, 54, 17, 48, 8, 3, 3
2016/6/12, 38, 17, 52, 8, 3, 3
2016/6/13, 40, 21, 61, 12, 3, 3
2016/6/14, 49, 54, 51, 11, 2, 4
2016/6/15, 79, 37, 66, 9, 3, 4
2016/6/16, 67, 64, 52, 11, 3, 6
2016/6/17, 81, 90, 72, 6, 3, 5
2016/6/18, 96, 23, 70, 4, 2, 4
2016/6/19, 40, 31, 75, 5, 3, 4
2016/6/20, 53, 72, 77, 7, 2, 5
2016/6/21, 112, 79, 55, 6, 2, 4
2016/6/22, 88, 12, 50, 6, 2, 2
2016/6/23, 23, 18, 41, 9, 3, 2
2016/6/24, 33, 21, 37, 8, 2, 3
2016/6/25, 42, 22, 55, 11, 2, 2
2016/6/26, 46, 36, 70, 7, 2, 2
2016/6/27, 48, 58, 99, 8, 3, 5
2016/6/28, 107, 36, 84, 5, 2, 4
2016/6/29, 71, 53, 60, 4, 2, 4
2016/6/30, 68, 15, 35, 4, 2, 3
2016/1/4, 83, 38, 29, 6, 9, 5
2016/1/5, 72, 60, 27, 15, 20, 7
2016/1/6, 124, 52, 32, 7, 9, 6
2016/1/7, 114, 60, 31, 11, 11, 7
2016/1/8, 124, 51, 34, 11, 17, 6
2016/1/9, 107, 69, 35, 14, 15, 9
2016/1/10, 144, 63, , 11, 15, 8
2016/1/11, 133, 58, 34, 9, 12, 7
2016/1/12, 113, 48, 35, 10, 10, 6
2016/1/13, 91, 45, 37, 7, 9, 5
2016/1/14, 97, 63, 33, 11, 19, 7
2016/1/15, 136, 125, 34, 21, 20, 13
2016/1/16, 230, 99, 31, 24, 40, 11
2016/1/17, 184, 66, 26, 18, 30, 7
2016/1/18, 137, 70, 22, 20, 47, 8
2016/1/19, 148, 74, 23, 18, 26, 9
2016/1/20, 156, 57, 33, 8, 14, 5
2016/1/21, 137, 60, 36, 13, 25, 6
2016/1/22, 141, 66, 28, 18, 32, 7
2016/1/23, 143, 72, 31, 11, 12, 7
2016/1/24, 121, 76, 35, 12, 19, 7
2016/1/25, 120, 54, 34, 9, 10, 6
2016/1/26, 92, 53, 35, 8, 10, 6
2016/1/27, 93, 58, 34, 8, 17, 6
2016/1/28, 128, 48, 27, 8, 16, 6
2016/1/29, 115, 63, 31, 12, 12, 7
2016/1/30, 136, 52, 35, 9, 17, 6
2016/1/31, 114, 53, 38, 6, 10, 6
2016/2/1, 125, 61, 41, 8, 15, 7
2016/2/2, 140, 66, 41, 9, 20, 7
2016/2/3, 134, 55, 41, 6, 9, 5
2016/2/4, 79, 54, 38, 11, 20, 6
2016/2/5, 128, 69, 39, 9, 12, 8
2016/2/6, 142, 53, 41, 8, 15, 7
2016/2/7, 119, 79, 39, 11, 21, 9
2016/2/8, 159, 78, 44, 10, 12, 8
2016/2/9, 159, 45, 45, 6, 13, 7
2016/2/10, 96, 38, 50, 5, 10, 6
2016/2/11, 80, 48, 44, 9, 10, 7
2016/2/12, 112, 42, 36, 5, 8, 5
2016/2/13, 74, 37, 34, 6, 15, 5
2016/2/14, 60, 39, 41, 5, 8, 6
2016/2/15, 76, 35, 37, 7, 14, 6
2016/2/16, 59, 40, 37, 5, 7, 5
2016/2/17, 68, 47, 39, 7, 8, 5
2016/2/18, 85, 33, 40, 5, 6, 3
2016/2/19, 46, 38, 37, 4, 7, 3
2016/2/20, 57, 39, 36, 4, 6, 4
2016/2/21, 66, 53, 35, 8, 16, 6
2016/2/22, 114, 46, 40, 6, 8, 5
2016/2/23, 105, 37, 39, 7, 12, 5
2016/2/24, 79, 42, 38, 6, 7, 5
2016/2/25, 98, 38, 39, 7, 8, 5
2016/2/26, 82, 38, 39, 5, 7, 4
2016/2/27, 86, 54, 40, 9, 13, 6
2016/2/28, 127, 44, 39, 8, 12, 5
2016/2/29, 92, 48, 40, 6, 7, 5
2016/3/1, 91, 83, 35, 14, 15, 9
2016/3/2, 145, 55, 41, 8, 6, 6
2016/3/3, 116, 64, 44, 6, 8, 6
2016/3/4, 135, 136, 37, 12, 7, 7
2016/3/5, 155, 79, 34, 6, 5, 4
2016/3/6, 79, 48, 37, 8, 10, 4
2016/3/7, 76, 51, 37, 3, 4, 3
2016/3/8, 58, 37, 36, 5, 6, 3
2016/3/9, 58, 31, 36, 5, 4, 3
2016/3/10, 61, 29, 39, 5, 5, 3
2016/3/11, 60, 51, 44, 8, 10, 6
2016/3/12, 103, 46, 43, 6, 7, 3
2016/3/13, 60, 48, 46, 8, 6, 5
2016/3/14, 99, 80, 60, 11, 12, 9
2016/3/15, 145, 131, 70, 12, 14, 9
2016/3/16, 195, 56, 76, 6, 8, 5
2016/3/17, 154, 67, 69, 8, 8, 5
2016/3/18, 115, 44, 55, 7, 9, 3
2016/3/19, 81, 77, 70, 13, 11, 6
2016/3/20, 167, 84, 82, 10, 9, 6
2016/3/21, 165, 49, 47, 8, 9, 4
2016/3/22, 88, 56, 48, 8, 9, 4
2016/3/23, 106, 59, 46, 9, 9, 4
2016/3/24, 125, 96, 68, 23, 13, 8
2016/3/25, 174, 92, 77, 16, 11, 7
2016/3/26, 174, 84, 76, 11, 9, 6
2016/3/27, 165, 245, 63, 8, 10, 6
2016/3/28, 147, 97, 54, 6, 5, 3
2016/3/29, 68, 66, 47, 8, 4, 4
2016/3/30, 101, 130, 88, 9, 11, 7
2016/3/31, 148, 115, 79, 6, 5, 5
2015/10/1, 57, 26, 36, 5, 2, 4
2015/10/2, 33, 31, 33, 6, 2, 4
2015/10/3, 35, 26, 42, 7, 3, 5
2015/10/4, 49, 32, 96, 8, 6, 9
2015/10/5, 115, 70, 104, 7, 4, 10
2015/10/6, 161, 67, 100, 7, 4, 9
2015/10/7, 153, 57, 84, 9, 2, 7
2015/10/8, 87, 42, 47, 8, 2, 5
2015/10/9, 84, 33, 37, 8, 3, 4
2015/10/10, 61, 40, 27, 12, 2, 4
2015/10/11, 91, 25, 28, 10, 2, 4
2015/10/12, 63, 20, 29, 9, 2, 4
2015/10/13, 54, 40, 45, 10, 3, 9
2015/10/14, 128, 75, 101, 16, 9, 12
2015/10/15, 185, 82, 95, 12, 7, 10
2015/10/16, 191, 82, 86, 11, 7, 10
2015/10/17, 169, 48, 49, 4, 2, 3
2015/10/18, 58, 50, 42, 15, 5, 8
2015/10/19, 166, 72, 34, 17, 5, 7
2015/10/20, 143, 66, 42, 20, 7, 8
2015/10/21, 182, 85, 51, 17, 5, 7
2015/10/22, 219, 76, 42, 18, 8, 8
2015/10/23, 187, 62, 37, 11, 7, 5
2015/10/24, 99, 87, 50, 21, 6, 10
2015/10/25, 267, 123, 43, 24, 8, 12
2015/10/26, 284, 59, 36, 4, 2, 2
2015/10/27, 67, 39, 32, 8, 4, 4
2015/10/28, 72, 34, 32, 12, 4, 5
2015/10/29, 165, 181, 35, 20, 6, 10
2015/10/30, 231, 117, 46, 21, 7, 10
2015/10/31, 200, 102, 56, 20, 12, 10
2015/11/1, 188, 226, 64, 30, 13, 19
2015/11/2, 308, 259, 79, 33, 14, 21
2015/11/3, 321, 109, 75, 13, 12, 11
2015/11/4, 172, 84, 54, 14, 9, 9
2015/11/5, 140, 274, 57, 36, 15, 17
2015/11/6, 354, 251, 47, 31, 11, 17
2015/11/7, 330, 524, 37, 36, 10, 20
2015/11/8, 434, 420, 40, 30, 16, 15
2015/11/9, 420, 63, 48, 8, 8, 5
2015/11/10, 146, 59, 54, 6, 4, 5
2015/11/11, 153, 87, 48, 11, 4, 8
2015/11/12, 168, 60, 39, 8, 5, 7
2015/11/13, 124, 42, , 9, 6, 6
2015/11/14, 91, 55, 29, 11, 12, 7
2015/11/15, 109, 51, 24, 9, 7, 5
2015/11/16, 102, 67, 26, 11, 9, 6
2015/11/17, 146, 49, 28, 5, 5, 4
2015/11/18, 104, 51, 25, 8, 7, 4
2015/11/19, 111, 72, 28, 16, 13, 6
2015/11/20, 151, 65, 26, 19, 19, 6
2015/11/21, 141, 59, 29, 12, 10, 6
2015/11/22, 133, 44, 27, 8, 8, 4
2015/11/23, 96, 38, 26, 10, 11, 5
2015/11/24, 90, 50, 31, 9, 11, 5
2015/11/25, 118, 63, 31, 12, 15, 6
2015/11/26, 137, 59, 32, 13, 10, 6
2015/11/27, 130, 74, 28, 12, 10, 8
2015/11/28, 160, 74, 28, 13, 12, 9
2015/11/29, 160, 75, 26, 13, 9, 8
2015/11/30, 148, 54, 30, 8, 12, 9
2015/12/1, 120, 51, 103, 8, 8, 8
2015/12/2, 120, 45, 25, 7, 9, 5
2015/12/3, 95, 37, 28, 6, 8, 4
2015/12/4, 75, 29, 29, 10, 21, 4
2015/12/5, 73, 37, 33, 8, 8, 5
2015/12/6, 91, 62, 40, 10, 19, 8
2015/12/7, 141, 86, 41, 15, 27, 12
2015/12/8, 172, 82, 34, 10, 13, 9
2015/12/9, 157, 57, 31, 11, 9, 8
2015/12/10, 120, 64, 28, 11, 14, 6
2015/12/11, 148, 90, 28, 13, 10, 10
2015/12/12, 177, 124, 40, 19, 12, 15
2015/12/13, 216, 129, 27, 21, 16, 16
2015/12/14, 228, 57, 26, 14, 19, 7
2015/12/15, 108, 38, 21, 16, 33, 5
2015/12/16, 86, 51, 24, 8, 10, 6
2015/12/17, 121, 59, 24, 14, 23, 8
2015/12/18, 121, 48, 32, 4, 11, 5
2015/12/19, 110, 43, 32, 4, 11, 6
2015/12/20, 99, 85, 29, 18, 19, 11
2015/12/21, 160, 116, 24, 20, 26, 14
2015/12/22, 204, 116, 20, 21, 24, 15
2015/12/23, 191, 83, 26, 15, 17, 8
2015/12/24, 156, 52, 24, 7, 13, 6
2015/12/25, 118, 66, 20, 15, 30, 7
2015/12/26, 137, 57, 22, 7, 11, 7
2015/12/27, 134, 70, 25, 13, 21, 9
2015/12/28, 149, 71, 30, 12, 25, 10
2015/12/29, 159, 110, 27, 21, 33, 15
2015/12/30, 199, 150, 37, 24, 26, 16
2015/12/31, 225, , , , , 
2015/7/1, 35, 24, 43, 7, 1, 3
2015/7/2, 84, 19, 48, 6, 2, 3
2015/7/3, 62, 21, 61, 6, 2, 4
2015/7/4, 65, 21, 74, 4, 2, 3
2015/7/5, 54, 43, 103, 8, 3, 5
2015/7/6, 112, 40, 103, 6, 2, 4
2015/7/7, 101, 39, 93, 7, 2, 4
2015/7/8, 97, 30, 94, 5, 3, 3
2015/7/9, 66, 47, 120, 8, 4, 5
2015/7/10, 86, 42, 113, 6, 2, 5
2015/7/11, 104, 53, 90, 6, 3, 5
2015/7/12, 148, 31, 72, 7, 2, 3
2015/7/13, 95, 24, 49, 7, 2, 3
2015/7/14, 50, 15, 48, 6, 2, 3
2015/7/15, 43, 13, 59, 5, 3, 3
2015/7/16, 21, 20, 65, 5, 2, 3
2015/7/17, 43, 37, 112, 7, 3, 4
2015/7/18, 64, 45, 109, 6, 2, 4
2015/7/19, 84, 46, 98, 6, 3, 5
2015/7/20, 109, 51, 76, 9, 3, 5
2015/7/21, 117, 47, 84, 5, 2, 6
2015/7/22, 132, , 77, 4, 1, 5
2015/7/23, 147, 46, 71, 6, 1, 6
2015/7/24, 158, , 53, 6, 2, 6
2015/7/25, 158, 40, 76, 7, 2, 5
2015/7/26, 126, 39, 73, 9, 2, 5
2015/7/27, 114, 58, 87, 8, 2, 6
2015/7/28, 124, 19, 74, 4, 1, 3
2015/7/29, 48, 18, 61, 6, 2, 3
2015/7/30, 54, 23, 68, 8, 2, 3
2015/7/31, 79, 18, 63, 5, 2, 3
2015/8/1, 49, 27, 57, 5, 1, 4
2015/8/2, 63, 51, 71, 4, 2, 5
2015/8/3, 117, 33, 81, 5, 2, 4
2015/8/4, 117, 19, 69, 6, 2, 4
2015/8/5, 46, 21, 58, 5, 1, 4
2015/8/6, 59, 16, 40, 3, 1, 3
2015/8/7, 51, 24, 54, 4, 2, 4
2015/8/8, 77, 21, 21, 5, 2, 3
2015/8/9, 62, 28, 51, 9, 2, 4
2015/8/10, 96, 22, 47, 6, 2, 4
2015/8/11, 53, 15, 49, 2, 1, 3
2015/8/12, 47, 25, 78, 5, 2, 4
2015/8/13, 63, 21, 73, 4, 2, 5
2015/8/14, 59, 37, 58, 4, 1, 5
2015/8/15, 93, 35, 64, 4, 2, 6
2015/8/16, 103, 55, 88, 4, 3, 8
2015/8/17, 147, 54, 74, 4, 2, 7
2015/8/18, 163, 43, 64, 3, 2, 6
2015/8/19, 115, 22, 60, 3, 1, 4
2015/8/20, 73, 24, 55, 7, 2, 4
2015/8/21, 63, 33, 43, 7, 2, 4
2015/8/22, 88, 20, 48, 4, 1, 4
2015/8/23, 56, 21, 57, 4, 2, 4
2015/8/24, 53, 18, 50, 3, 3, 3
2015/8/25, 83, 26, 35, 9, 2, 3
2015/8/26, 74, 23, 31, 10, 1, 3
2015/8/27, 54, 12, 25, 6, 1, 3
2015/8/28, 34, 18, 27, 9, 1, 4
2015/8/29, 52, 21, 30, 5, 1, 4
2015/8/30, 80, 21, 43, 4, 1, 4
2015/8/31, 64, 20, 49, 3, 1, 4
2015/9/1, 60, 30, 51, 9, 2, 5
2015/9/2, 80, 24, 46, 7, 2, 4
2015/9/3, 56, 20, 43, 7, 2, 4
2015/9/4, 46, 13, 40, 3, 2, 3
2015/9/5, 26, 16, 49, 5, 2, 3
2015/9/6, 58, 21, 58, 4, 1, 3
2015/9/7, 49, 32, 91, 6, 3, 5
2015/9/8, 60, 36, 76, 8, 3, 5
2015/9/9, 81, 21, 43, 7, 3, 3
2015/9/10, 50, 21, 36, 8, 2, 3
2015/9/11, 29, 27, 34, 12, 1, 4
2015/9/12, 39, 20, 42, 6, 2, 4
2015/9/13, 80, 34, 74, 6, 3, 6
2015/9/14, 68, 36, 86, 5, 4, 5
2015/9/15, 75, 48, 86, 6, 2, 6
2015/9/16, 87, 37, 87, 5, 2, 5
2015/9/17, 74, 44, 91, 6, 3, 8
2015/9/18, 94, 44, 46, 7, 1, 6
2015/9/19, 93, 26, 43, 8, 1, 5
2015/9/20, 59, 31, 70, 7, 3, 8
2015/9/21, 73, 43, 72, 4, 2, 6
2015/9/22, 73, 21, 31, 5, 1, 3
2015/9/23, 47, 16, 21, 6, 1, 3
2015/9/24, 62, 17, 32, 5, 1, 4
2015/9/25, 51, 19, 35, 7, 1, 4
2015/9/26, 56, 16, 30, 6, 2, 4
2015/9/27, 35, 17, 32, 10, 2, 3
2015/9/28, 84, 22, 38, 10, 2, 3
2015/9/29, 54, 28, 42, 8, 3, 6
2015/9/30, 65, 26, 34, 5, 2, 4
2015/4/1, 116, 57, 60, 8, 4, 5
2015/4/2, 134, 35, 48, 5, 3, 4
2015/4/3, 112, 29, 45, 6, 2, 5
2015/4/4, 79, 50, 35, 10, 5, 6
2015/4/5, 129, 27, 34, 6, 10, 3
2015/4/6, 64, 30, 41, 7, 10, 3
2015/4/7, 71, 43, 51, 5, 4, 4
2015/4/8, 101, 65, 60, 7, 7, 6
2015/4/9, 145, 27, 53, 6, 3, 3
2015/4/10, 80, 48, 56, 6, 2, 4
2015/4/11, 116, 51, 56, 7, 3, 4
2015/4/12, 123, 66, 83, 11, 3, 5
2015/4/13, 155, 54, 68, 7, 6, 4
2015/4/14, 123, 67, 93, 9, 5, 7
2015/4/15, 138, 170, 86, 5, 1, 4
2015/4/16, 106, 90, 46, 9, 2, 5
2015/4/17, 115, 70, 63, 11, 3, 5
2015/4/18, 125, 84, 58, 7, 3, 5
2015/4/19, 120, 93, 57, 8, 2, 5
2015/4/20, 128, 81, 53, 9, 2, 5
2015/4/21, 104, 47, 58, 6, 3, 3
2015/4/22, 74, 87, 58, 4, 3, 3
2015/4/23, 80, 45, 48, 8, 2, 2
2015/4/24, 53, 61, 85, 5, 5, 5
2015/4/25, 82, 94, 110, 6, 9, 8
2015/4/26, 137, 77, 119, 5, 9, 6
2015/4/27, 145, 60, 104, 6, 4, 2
2015/4/28, 125, 57, 91, 6, 4, 3
2015/4/29, 117, 66, 92, 7, 5, 5
2015/4/30, 102, 69, 104, 4, 3, 3
2015/5/1, 93, 52, 66, 6, 2, 3
2015/5/2, 94, 61, 48, 5, 1, 2
2015/5/3, 78, 106, 47, 5, 1, 1
2015/5/4, 87, 445, 43, 4, 3, 2
2015/5/5, 127, 171, 40, 4, 1, 1
2015/5/6, 115, 119, 55, 4, 2, 2
2015/5/7, 87, 23, 42, 4, 1, 2
2015/5/8, 51, 27, 39, 8, 1, 3
2015/5/9, 59, 24, 58, 4, 1, 3
2015/5/10, 50, 38, , 7, 2, 5
2015/5/11, 80, 14, 44, 4, 1, 5
2015/5/12, 47, 12, 48, 5, 1, 5
2015/5/13, 29, 19, 46, 7, 2, 6
2015/5/14, 82, 37, 54, 7, 1, 6
2015/5/15, 73, 38, 58, 6, 2, 5
2015/5/16, 61, 32, 53, 6, 2, 8
2015/5/17, 87, 36, 74, 4, 1, 8
2015/5/18, 99, 19, 60, 5, 1, 7
2015/5/19, 51, 19, 50, 8, 2, 7
2015/5/20, 52, 32, 58, 8, 2, 7
2015/5/21, 57, 43, 66, 8, 3, 6
2015/5/22, 72, 56, 112, 8, 6, 6
2015/5/23, 106, 57, 114, 7, 5, 5
2015/5/24, 89, 61, 132, 8, 7, 7
2015/5/25, 133, 55, 116, 10, 3, 6
2015/5/26, 147, 33, 95, 6, 1, 4
2015/5/27, 100, 48, 108, 11, 2, 3
2015/5/28, 84, 34, 83, 11, 2, 3
2015/5/29, 97, 16, 46, 8, 1, 1
2015/5/30, 30, 57, 101, 10, 3, 3
2015/5/31, 58, 52, 96, 5, 5, 3
2015/6/1, 85, 25, 56, 13, 1, 3
2015/6/2, 55, 12, 39, 8, 1, 3
2015/6/3, 40, 38, 69, 16, 4, 4
2015/6/4, 58, 23, 61, 7, 2, 3
2015/6/5, 54, 21, 45, 10, 2, 4
2015/6/6, 75, 13, 37, 4, 1, 4
2015/6/7, 40, 15, 40, 7, 1, 4
2015/6/8, 46, 16, 50, 14, 2, 4
2015/6/9, 48, 26, 55, 16, 2, 5
2015/6/10, 79, 25, 76, 7, 1, 5
2015/6/11, 63, 80, 64, 3, 1, 4
2015/6/12, 50, 80, 74, 6, 1, 4
2015/6/13, 48, 81, 75, 9, 2, 4
2015/6/14, 72, 46, 86, 16, 1, 4
2015/6/15, 74, 37, 108, 18, 2, 5
2015/6/16, 88, 49, 118, 19, 3, 8
2015/6/17, 120, 26, 81, 12, 1, 6
2015/6/18, 74, 23, 84, 7, 1, 5
2015/6/19, 78, 28, 85, 10, 1, 3
2015/6/20, 80, 30, 94, 13, 1, 3
2015/6/21, 79, 42, 118, 10, 3, 6
2015/6/22, 114, 33, 98, 9, 3, 4
2015/6/23, 98, 51, 110, 11, 2, 5
2015/6/24, 112, 50, 110, 9, 2, 5
2015/6/25, 140, , 54, 7, 1, 6
2015/6/26, 177, 57, 84, 7, 2, 5
2015/6/27, 165, 56, 106, 11, 3, 6
2015/6/28, 171, 55, 75, 6, 1, 2
2015/6/29, 70, 19, 48, 6, 1, 2
2015/6/30, 63, 14, 43, 5, 1, 2
2015/1/1, 137, 58, , 11, 15, 8
2015/1/2, 143, 38, , 6, 15, 6
2015/1/3, 86, 94, , 16, 18, 12
2015/1/4, 183, 80, , 11, 22, 8
2015/1/5, 112, 43, , 11, 18, 5
2015/1/6, 76, 73, 27, 19, 26, 7
2015/1/7, 152, 56, 32, 9, 13, 6
2015/1/8, 144, 81, 29, 21, 28, 10
2015/1/9, 178, 88, 24, 23, 38, 13
2015/1/10, 188, 102, 27, 25, 30, 12
2015/1/11, 199, 71, 34, 14, 20, 9
2015/1/12, 153, 57, 36, 8, 18, 9
2015/1/13, 144, 121, 24, 26, 39, 18
2015/1/14, 228, 78, 31, 15, 24, 11
2015/1/15, 171, 59, , 13, 26, 6
2015/1/16, 140, 54, 35, 9, 11, 5
2015/1/17, 121, 47, 32, 9, 20, 6
2015/1/18, 119, 78, 36, 18, 34, 9
2015/1/19, 172, 68, 45, 9, 18, 9
2015/1/20, 164, 106, 38, 25, 30, 14
2015/1/21, 224, 134, 46, 23, 26, 15
2015/1/22, 229, 88, 48, 14, 23, 14
2015/1/23, 181, 115, 44, 19, 27, 15
2015/1/24, 224, 100, 47, 13, 26, 14
2015/1/25, 195, 59, 39, 14, 31, 9
2015/1/26, 117, 58, 34, 10, 17, 7
2015/1/27, 123, 64, 36, 11, 18, 8
2015/1/28, 153, 56, 39, 12, 23, 7
2015/1/29, 130, 68, 31, 18, 28, 7
2015/1/30, 127, 57, 34, 10, 15, 6
2015/1/31, 131, 66, 42, 12, 29, 7
2015/2/1, 151, 67, 53, 10, 24, 8
2015/2/2, 157, 78, 67, 13, 27, 9
2015/2/3, 164, 136, 47, 34, 35, 16
2015/2/4, 264, 62, 45, 14, 16, 9
2015/2/5, 140, 60, 36, 12, 20, 7
2015/2/6, 132, 50, 30, 5, 16, 2
2015/2/7, 51, 43, 30, 6, 8, 4
2015/2/8, 85, 51, 30, 11, 20, 6
2015/2/9, 112, 39, 42, 4, 7, 4
2015/2/10, 94, 58, 46, 12, 16, 7
2015/2/11, 127, 30, 40, 10, 25, 4
2015/2/12, 70, 51, 42, 11, 16, 7
2015/2/13, 117, 72, 58, 14, 25, 12
2015/2/14, 165, 72, 85, 12, 20, 10
2015/2/15, 164, 112, 73, 21, 26, 18
2015/2/16, 228, 61, 48, 14, 20, 9
2015/2/17, 143, 50, 47, 9, 19, 6
2015/2/18, 101, 64, 59, 7, 8, 7
2015/2/19, 150, 34, 64, 3, 9, 6
2015/2/20, 89, 16, 51, 4, 3, 7
2015/2/21, 65, 225, 42, 2, 2, 6
2015/2/22, 148, 40, 43, 3, 5, 6
2015/2/23, 80, 49, 53, 5, 11, 8
2015/2/24, 110, 55, 55, 7, 9, 6
2015/2/25, 142, 56, 49, 10, 16, 4
2015/2/26, 132, 50, 51, 9, 8, 4
2015/2/27, 127, 61, 51, 5, 9, 4
2015/2/28, 92, 41, 48, 7, 7, 5
2015/3/1, 95, 36, 45, 8, 14, 4
2015/3/2, 87, 39, 50, 11, 14, 4
2015/3/3, 105, 42, 47, 16, 28, 5
2015/3/4, 105, 38, 55, 5, 5, 4
2015/3/5, 95, 49, 63, 5, 9, 5
2015/3/6, 115, 74, 53, 11, 14, 8
2015/3/7, 173, 47, 49, 11, 11, 6
2015/3/8, 112, 39, 42, 8, 13, 4
2015/3/9, 61, 44, 50, 13, 13, 5
2015/3/10, 102, 39, 45, 11, 12, 4
2015/3/11, 87, 38, 49, 8, 8, 3
2015/3/12, 73, 44, 50, 11, 9, 4
2015/3/13, 113, 37, 59, 4, 5, 4
2015/3/14, 92, 87, 48, 6, 8, 6
2015/3/15, 114, 80, 46, 6, 6, 6
2015/3/16, 131, 51, 49, 9, 6, 5
2015/3/17, 98, 32, 55, 4, 5, 4
2015/3/18, 78, 46, 53, 9, 8, 4
2015/3/19, 94, 38, 49, 6, 6, 2
2015/3/20, 84, 50, 47, 6, 9, 3
2015/3/21, 85, 96, 41, 5, 11, 2
2015/3/22, 55, 42, 40, 10, 16, 3
2015/3/23, 74, 57, 53, 11, 7, 5
2015/3/24, 131, 52, 64, 6, 8, 5
2015/3/25, 117, 96, 95, 8, 13, 9
2015/3/26, 169, 102, 98, 8, 12, 9
2015/3/27, 159, 100, 84, 14, 13, 9
2015/3/28, 172, 78, 71, 14, 3, 7
2015/3/29, 143, 125, 82, 10, 9, 9
2015/3/30, 172, 41, 60, 6, 3, 5
2015/3/31, 116, 48, 62, 7, 4, 3
2014/10/1, 59, 34, , 8, 1, 4
2014/10/2, 74, 43, , 13, 2, 4
2014/10/3, 95, 29, , 5, 2, 3
2014/10/4, 69, 68, , 19, 3, 6
2014/10/5, 134, 64, , 15, 4, 5
2014/10/6, 130, 60, , 12, 5, 6
2014/10/7, 124, 107, , 16, 7, 11
2014/10/8, 182, 83, , 10, 7, 9
2014/10/9, 171, 71, , 13, 3, 5
2014/10/10, 144, 95, , 15, 4, 8
2014/10/11, 193, 46, , 6, 1, 3
2014/10/12, 69, 122, , 15, 5, 7
2014/10/13, 132, 158, , 27, 5, 11
2014/10/14, 291, 122, , 18, 8, 9
2014/10/15, 230, 74, , 11, 2, 5
2014/10/16, 114, 123, , 22, 6, 11
2014/10/17, 204, 186, , 31, 11, 17
2014/10/18, 318, 82, , 5, 7, 10
2014/10/19, 167, 55, , 6, 2, 6
2014/10/20, 105, 120, , 17, 6, 8
2014/10/21, 194, 215, , 29, 6, 15
2014/10/22, 358, 149, , 22, 10, 14
2014/10/23, 273, 92, , 9, 6, 12
2014/10/24, 183, 273, , 18, 5, 17
2014/10/25, 300, 96, , 15, 7, 9
2014/10/26, 141, 64, , 17, 8, 8
2014/10/27, 127, 156, , 19, 6, 13
2014/10/28, 271, 179, , 24, 14, 18
2014/10/29, 288, 281, , 30, 13, 23
2014/10/30, 384, 183, , 18, 7, 18
2014/10/31, 321, 277, , 23, 7, 20
2014/11/1, 317, 53, , 17, 17, 14
2014/11/2, 124, 57, , 15, 5, 14
2014/11/3, 119, 70, , 10, 9, 16
2014/11/4, 143, 65, , 11, 19, 15
2014/11/5, 141, 42, , 11, 7, 10
2014/11/6, 90, 70, , 11, 6, 12
2014/11/7, 144, 66, , 9, 8, 12
2014/11/8, 157, 75, , 14, 16, 15
2014/11/9, 162, 74, , 14, 18, 18
2014/11/10, 165, 75, , 14, 17, 16
2014/11/11, 164, 39, , 11, 21, 11
2014/11/12, 82, 30, , 9, 11, 12
2014/11/13, 62, 41, , 12, 10, 13
2014/11/14, 84, 78, , 15, 11, 16
2014/11/15, 155, 67, , 14, 10, 15
2014/11/16, 154, 89, , 27, 22, 15
2014/11/17, 176, 81, , 13, 11, 6
2014/11/18, 170, 90, , 13, 14, 8
2014/11/19, 172, 60, , 6, 10, 6
2014/11/20, 150, 55, , 9, 4, 4
2014/11/21, 106, 32, , 9, 6, 3
2014/11/22, 75, 68, , 13, 8, 7
2014/11/23, 141, 57, , 12, 11, 5
2014/11/24, 130, 65, , 9, 4, 7
2014/11/25, 175, 62, , 6, 9, 7
2014/11/26, 121, 52, , 12, 17, 3
2014/11/27, 74, 55, , 14, 16, 5
2014/11/28, 115, 86, , 12, 15, 9
2014/11/29, 176, 78, , 17, 18, 10
2014/11/30, 178, 39, , 9, 25, 3
2014/12/1, 46, 37, , 5, 18, 3
2014/12/2, 53, 66, , 2, 4, 3
2014/12/3, 60, 44, , 8, 7, 3
2014/12/4, 91, 42, , 13, 18, 4
2014/12/5, 94, 37, , 14, 26, 4
2014/12/6, 92, 46, , 7, 8, 4
2014/12/7, 113, 56, , 10, 9, 6
2014/12/8, 138, 59, , 10, 18, 6
2014/12/9, 150, 62, , 12, 23, 8
2014/12/10, 149, 44, , 10, 20, 4
2014/12/11, 113, 61, , 18, 25, 7
2014/12/12, 145, 62, , 13, 11, 7
2014/12/13, 156, 65, , 15, 23, 7
2014/12/14, 152, 79, , 15, 20, 10
2014/12/15, 176, 92, , 26, 44, 10
2014/12/16, 185, 99, , 22, 23, 10
2014/12/17, 207, 62, , 11, 22, 7
2014/12/18, 154, 57, , 16, 27, 6
2014/12/19, 127, 74, , 18, 35, 7
2014/12/20, 170, 71, , 13, 16, 7
2014/12/21, 161, 49, , 13, 23, 5
2014/12/22, 118, 65, , 18, 28, 9
2014/12/23, 150, 84, , 16, 18, 8
2014/12/24, 185, 65, , 16, 13, 7
2014/12/25, 148, 57, , 11, 17, 6
2014/12/26, 133, 54, , 10, 22, 8
2014/12/27, 135, 69, , 15, 18, 9
2014/12/28, 154, , , , , 
2014/7/1, 74, 38, , 4, 1, 5
2014/7/2, 86, 53, , 4, 2, 6
2014/7/3, 111, 76, , 5, 2, 8
2014/7/4, 157, 68, , 3, 1, 7
2014/7/5, 148, 53, , 4, 2, 7
2014/7/6, 116, 36, , 3, 1, 5
2014/7/7, 69, 43, , 3, 5, 7
2014/7/8, 95, 39, , 2, 1, 3
2014/7/9, 82, 28, , 5, 1, 3
2014/7/10, 58, 21, , 4, , 3
2014/7/11, 56, 22, , 6, 1, 3
2014/7/12, 50, 27, , 6, 1, 4
2014/7/13, 60, 24, , 5, 1, 3
2014/7/14, 55, 45, , 3, 4, 7
2014/7/15, 84, 43, , 1, 1, 5
2014/7/16, 93, 25, , , 1, 4
2014/7/17, 63, 51, , 2, 1, 6
2014/7/18, 105, 58, , 1, , 6
2014/7/19, 121, 69, , 1, , 7
2014/7/20, 151, 45, , 1, 1, 5
2014/7/21, 101, 24, , 1, 8, 5
2014/7/22, 57, 33, , 3, 1, 4
2014/7/23, 68, 49, , 5, 1, 4
2014/7/24, 102, 95, , 4, 2, 8
2014/7/25, 183, 88, , 4, 1, 9
2014/7/26, 183, 50, , 4, 1, 7
2014/7/27, 157, 64, , 2, 3, 7
2014/7/28, 152, 63, , 1, 2, 6
2014/7/29, 134, 49, , 2, 4, 6
2014/7/30, 122, 39, , 1, 2, 4
2014/7/31, 92, 40, , 1, 1, 4
2014/8/1, 84, 43, , 2, 1, 6
2014/8/2, 79, 45, , 2, 1, 5
2014/8/3, 97, 41, , 5, 1, 4
2014/8/4, 77, 35, , 7, 4, 5
2014/8/5, 59, 29, , 4, , 3
2014/8/6, 57, 38, , 5, , 4
2014/8/7, 83, 38, , 1, 1, 4
2014/8/8, 81, 43, , 2, 1, 5
2014/8/9, 80, 38, , 3, , 5
2014/8/10, 68, 35, , 3, , 4
2014/8/11, 71, 32, , 3, , 5
2014/8/12, 75, 22, , 3, 4, 4
2014/8/13, 55, 30, , 5, 1, 4
2014/8/14, 60, 31, , 3, 1, 5
2014/8/15, 72, 32, , 3, 1, 5
2014/8/16, 73, 45, , 3, 1, 6
2014/8/17, 101, 46, , 3, , 6
2014/8/18, 102, 24, , 2, 5, 6
2014/8/19, 70, 27, , 2, 1, 3
2014/8/20, 60, 67, , 5, 3, 9
2014/8/21, 135, 62, , 7, 1, 6
2014/8/22, 122, 37, , 5, 1, 4
2014/8/23, 75, 41, , 2, 1, 6
2014/8/24, 85, 33, , 2, , 5
2014/8/25, 81, 23, , 4, , 4
2014/8/26, 55, 28, , 4, 4, 6
2014/8/27, 60, 37, , 3, 1, 5
2014/8/28, 71, 46, , 5, 1, 7
2014/8/29, 103, 45, , 7, 1, 5
2014/8/30, 85, 42, , 6, 1, 5
2014/8/31, 82, 41, , 4, 1, 5
2014/9/1, 87, 40, , 6, 4, 6
2014/9/2, 80, 18, , 3, , 2
2014/9/3, 59, 15, , 4, , 3
2014/9/4, 52, 17, , 4, , 3
2014/9/5, 54, 19, , 3, 1, 3
2014/9/6, 54, 34, , 4, 1, 4
2014/9/7, 63, 43, , 2, , 4
2014/9/8, 90, 23, , 6, , 3
2014/9/9, 50, 29, , 8, 1, 3
2014/9/10, 51, 25, , 4, 8, 4
2014/9/11, 56, 16, , 1, , 3
2014/9/12, 50, 22, , 3, 1, 3
2014/9/13, 51, 30, , 4, 1, 4
2014/9/14, 52, 26, , 6, 1, 3
2014/9/15, 52, 33, , 8, 4, 3
2014/9/16, 103, 29, , 6, 1, 2
2014/9/17, 67, 32, , 6, 1, 2
2014/9/18, 66, 28, , 4, 2, 2
2014/9/19, 59, 39, , 6, 2, 4
2014/9/20, 70, 35, , 6, 1, 4
2014/9/21, 72, 25, , 4, 1, 3
2014/9/22, 60, 50, , 8, 5, 8
2014/9/23, 92, 24, , 6, 1, 3
2014/9/24, 63, 26, , 10, 2, 3
2014/9/25, 56, 29, , 4, 2, 4
2014/9/26, 56, 29, , 5, , 4
2014/9/27, 65, 23, , 4, 6, 4
2014/9/28, 57, 25, , 4, , 2
2014/9/29, 53, 25, , 7, , 2
2014/9/30, 61, 25, , 4, , 3
2014/4/1, 148, 60, , 6, 3, 3
2014/4/2, 120, 42, , 9, 3, 2
2014/4/3, 80, 40, , 7, 5, 3
2014/4/4, 80, 43, , 9, 8, 2
2014/4/5, 80, 55, , 11, 3, 3
2014/4/6, 80, 66, , 13, 5, 5
2014/4/7, 121, 62, , 7, 6, 5
2014/4/8, 132, 79, , 11, 5, 5
2014/4/9, 139, 55, , 14, 7, 4
2014/4/10, 113, 45, , 5, 2, 3
2014/4/11, 102, 44, , 4, 3, 3
2014/4/12, 83, 54, , 5, 10, 4
2014/4/13, 108, 92, , 8, 7, 8
2014/4/14, 150, 49, , 6, 5, 5
2014/4/15, 79, 51, , 6, 2, 3
2014/4/16, 85, 42, , 4, 4, 2
2014/4/17, 73, 49, , 6, 4, 3
2014/4/18, 85, 52, , 7, 5, 3
2014/4/19, 107, 57, , 7, 4, 4
2014/4/20, 98, 44, , 9, 1, 3
2014/4/21, 72, 46, , 7, 2, 3
2014/4/22, 77, 65, , 5, 8, 6
2014/4/23, 94, 68, , 5, 7, 5
2014/4/24, 127, 61, , 5, 5, 5
2014/4/25, 104, 71, , 7, 4, 6
2014/4/26, 111, 48, , 7, 2, 4
2014/4/27, 68, 47, , 4, 1, 5
2014/4/28, 79, 46, , 9, 2, 4
2014/4/29, 64, 59, , 7, 4, 4
2014/4/30, 90, 84, , 9, 10, 7
2014/5/1, 142, 60, , 8, 2, 3
2014/5/2, 101, 31, , 5, 2, 4
2014/5/3, 72, 33, , 6, 1, 4
2014/5/4, 60, 25, , 6, 5, 3
2014/5/5, 55, 38, , 10, 3, 3
2014/5/6, 69, 43, , 6, 3, 4
2014/5/7, 87, 22, , 4, 1, 3
2014/5/8, 58, 42, , 12, 3, 4
2014/5/9, 58, 36, , 6, 2, 4
2014/5/10, 66, 56, , 11, 3, 6
2014/5/11, 105, 12, , 3, 1, 4
2014/5/12, 58, 22, , 5, 1, 5
2014/5/13, 53, 25, , 9, 2, 4
2014/5/14, 63, 16, , 5, 1, 3
2014/5/15, 47, 23, , 10, 1, 3
2014/5/16, 65, 25, , 4, 6, 2
2014/5/17, 86, 32, , 7, 5, 2
2014/5/18, 76, 29, , 5, 13, 7
2014/5/19, 77, 31, , 5, 2, 5
2014/5/20, 78, 27, , 8, 2, 4
2014/5/21, 68, 40, , 12, 2, 3
2014/5/22, 70, 59, , 8, 4, 5
2014/5/23, 104, 68, , 10, 5, 5
2014/5/24, 137, 39, , 6, 1, 2
2014/5/25, 80, 36, , 8, 2, 2
2014/5/26, 66, 23, , 8, 1, 1
2014/5/27, 51, 28, , 10, 5, 3
2014/5/28, 45, 37, , 16, 2, 2
2014/5/29, 48, 25, , 10, 2, 2
2014/5/30, 45, 63, , 14, 6, 5
2014/5/31, 93, 90, , 22, 11, 8
2014/6/1, 155, 78, , 16, 5, 6
2014/6/2, 141, 39, , 13, 2, 4
2014/6/3, 75, 38, , 10, 8, 5
2014/6/4, 74, 52, , 10, 2, 5
2014/6/5, 102, 40, , 19, 2, 4
2014/6/6, 87, 36, , 10, 2, 4
2014/6/7, 81, 22, , 4, 1, 4
2014/6/8, 62, 26, , 5, 2, 4
2014/6/9, 65, 40, , 9, 6, 6
2014/6/10, 105, 43, , 10, 1, 5
2014/6/11, 103, 27, , 8, 1, 3
2014/6/12, 67, 19, , 8, 1, 3
2014/6/13, 47, 33, , 13, 1, 3
2014/6/14, 51, 27, , 7, 2, 4
2014/6/15, 53, 29, , 5, 1, 3
2014/6/16, 52, 79, , 10, 8, 7
2014/6/17, 92, 30, , 5, 1, 5
2014/6/18, 80, 35, , 5, 1, 4
2014/6/19, 78, 18, , 7, 2, 3
2014/6/20, 46, 31, , 8, 1, 4
2014/6/21, 59, 21, , 6, 1, 3
2014/6/22, 57, 42, , 10, 2, 4
2014/6/23, 78, 31, , 13, 8, 5
2014/6/24, 60, 53, , 10, 10, 6
2014/6/25, 98, 42, , 6, 1, 5
2014/6/26, 112, 33, , 3, 1, 5
2014/6/27, 79, 29, , 4, 1, 5
2014/6/28, 68, 36, , 6, 1, 5
2014/6/29, 88, 29, , 5, 1, 5
2014/6/30, 72, 38, , 6, 1, 6
2014/1/1, 66, 58, , 7, 12, 7
2014/1/2, 98, 79, , 18, 35, 9
2014/1/3, 159, 58, , 7, 12, 5
2014/1/4, 126, 93, , 17, 26, 10
2014/1/5, 185, 82, , 12, 31, 9
2014/1/6, 166, 61, , 14, 25, 7
2014/1/7, 141, 49, , 10, 18, 5
2014/1/8, 101, 59, , 14, 12, 7
2014/1/9, 125, 57, , 13, 12, 6
2014/1/10, 134, 59, , 13, 21, 5
2014/1/11, 134, 61, , 10, 24, 5
2014/1/12, 145, 62, , 8, 17, 5
2014/1/13, 141, 74, , 10, 23, 8
2014/1/14, 160, 82, , 17, 34, 10
2014/1/15, 169, 83, , 11, 17, 8
2014/1/16, 172, 85, , 9, 16, 9
2014/1/17, 172, 108, , 13, 23, 8
2014/1/18, 175, 64, , 8, 14, 8
2014/1/19, 145, 77, , 15, 29, 9
2014/1/20, 169, 92, , 13, 16, 12
2014/1/21, 172, 70, , 11, 33, 8
2014/1/22, 157, 65, , 8, 23, 7
2014/1/23, 155, 92, , 14, 27, 10
2014/1/24, 182, 88, , 16, 30, 10
2014/1/25, 167, 43, , 5, 12, 6
2014/1/26, 115, 60, , 7, 27, 4
2014/1/27, 84, 44, , 5, 14, 4
2014/1/28, 86, 62, , 7, 22, 5
2014/1/29, 102, 56, , 10, 34, 5
2014/1/30, 126, 80, , 6, 20, 6
2014/1/31, 160, 97, , 9, 21, 10
2014/2/1, 183, 135, , 4, 19, 5
2014/2/2, 113, 32, , 3, 16, 3
2014/2/3, 60, 36, , 6, 22, 4
2014/2/4, 75, 49, , 5, 16, 5
2014/2/5, 107, 54, , 9, 19, 6
2014/2/6, 121, 54, , 8, 13, 6
2014/2/7, 111, 62, , 6, 13, 6
2014/2/8, 135, 47, , 5, 18, 4
2014/2/9, 115, 40, , 4, 13, 4
2014/2/10, 99, 45, , 4, 9, 5
2014/2/11, 99, 61, , 8, 12, 6
2014/2/12, 139, 61, , 9, 15, 7
2014/2/13, 145, 81, , 11, 19, 9
2014/2/14, 162, 87, , 15, 33, 8
2014/2/15, 170, 76, , 12, 17, 7
2014/2/16, 167, 70, , 9, 11, 6
2014/2/17, 161, 55, , 7, 11, 6
2014/2/18, 121, 56, , 9, 15, 5
2014/2/19, 118, 56, , 6, 13, 5
2014/2/20, 131, 58, , 6, 11, 6
2014/2/21, 133, 68, , 8, 19, 6
2014/2/22, 153, 62, , 9, 13, 5
2014/2/23, 133, 106, , 16, 31, 12
2014/2/24, 186, 143, , 19, 30, 15
2014/2/25, 241, 105, , 9, 21, 9
2014/2/26, 190, 48, , 9, 14, 3
2014/2/27, 86, 47, , 12, 33, 4
2014/2/28, 81, 45, , 7, 13, 4
2014/3/1, 86, 44, , 9, 8, 4
2014/3/2, 99, 45, , 6, 7, 3
2014/3/3, 86, 46, , 7, 17, 6
2014/3/4, 86, 48, , 8, 18, 4
2014/3/5, 93, 43, , 7, 13, 4
2014/3/6, 77, 47, , 9, 18, 5
2014/3/7, 77, 49, , 7, 16, 5
2014/3/8, 88, 62, , 17, 28, 6
2014/3/9, 114, 60, , 10, 10, 7
2014/3/10, 121, 67, , 8, 18, 9
2014/3/11, 130, 74, , 14, 26, 7
2014/3/12, 165, 78, , 15, 6, 6
2014/3/13, 146, 59, , 7, 8, 5
2014/3/14, 128, 76, , 10, 13, 7
2014/3/15, 147, 60, , 12, 6, 5
2014/3/16, 140, 64, , 8, 7, 6
2014/3/17, 128, 44, , 7, 12, 6
2014/3/18, 94, 47, , 8, 8, 4
2014/3/19, 91, 42, , 7, 6, 3
2014/3/20, 88, 48, , 15, 13, 5
2014/3/21, 95, 49, , 10, 11, 4
2014/3/22, 97, 65, , 8, 6, 5
2014/3/23, 138, 107, , 10, 16, 8
2014/3/24, 164, 103, , 13, 15, 9
2014/3/25, 183, 132, , 16, 11, 11
2014/3/26, 210, 100, , 10, 14, 10
2014/3/27, 179, 92, , 8, 7, 8
2014/3/28, 161, 38, , 4, 2, 5
2014/3/29, 102, 58, , 10, 6, 5
2014/3/30, 102, 52, , 14, 8, 3
2014/3/31, 90, 77, , 10, 14, 9
2025/12/31, , 42, 4, 9, 3, 4
2026/2/4, , 94, , 6, 2, 3
2025/7/20, , 30, , 3, 1, 1
2024/12/31, , 27, , 5, 3, 2
2024/7/26, , 10, , 1, 2, 2
2024/7/27, , 8, , 1, 1, 1
2024/7/28, , 13, , 2, 1, 2
2024/9/2, , 11, , 1, 2, 2
2024/9/3, , 18, , 2, 2, 4
2024/9/6, , 19, , 3, 3, 2
2024/6/24, , 13, , 4, 2, 1
2023/11/12, , 31, , 8, 2, 4
2023/3/10, , 59, 18, 5, 2, 2
2022/4/7, , 200, 62, 5, 5, 7
2022/4/8, , 52, 49, 4, 4, 5
2022/4/9, , 98, 77, 13, 7, 9
2022/4/10, , 65, 23, 6, 4, 7
2022/4/11, , 9, 37, 2, 2, 3
2022/4/12, , 23, 46, 2, 3, 3
2022/4/13, , 45, 59, 5, 4, 5
2022/4/14, , 52, , , , 
2022/4/15, , 45, , , , 
2022/4/16, , 78, , , , 
2022/4/17, , 90, , , , 
2022/4/18, , 65, , , , 
2022/4/19, , 66, , , , 
2022/4/20, , 55, , , , 
2022/4/21, , 10, , , , 
2022/4/22, , 63, , , , 
2022/4/23, , 40, , , , 
2022/4/24, , 59, , , , 
2021/8/19, , 17, 29, 3, 2, 3
2020/11/20, , 59, 19, 29, 5, 6
2020/3/31, , 71, 49, 18, 7, 6
2019/12/31, , 61, 28, 15, 6, 7
2018/12/31, , 56, 30, 12, 5, 7
2018/8/1, , 23, 65, 3, 1, 4
2017/10/30, , 78, , 12, 11, 11
2017/7/9, , 15, 52, 2, , 5
2017/9/10, , 16, 68, 6, 3, 6
2017/1/1, , 59, 28, 15, 15, 13
2016/1/3, , 41, 28, 8, 9, 6
2014/12/31, , 57, , 10, 11, 7
2013/12/31, , 33, , 8, 23, 5