date, pm25, pm10, o3, no2, so2, co
2026/5/1, 69, 27, 36, 5, 3, 2
2026/5/2, 43, 27, 42, 5, 3, 2
2026/5/3, 54, 33, 40, 5, 3, 2
2026/5/4, 49, 94, 58, 4, 4, 3
2026/5/5, 77, 22, 36, 5, 3, 3
2026/5/6, 50, 22, 37, 5, 2, 3
2026/5/7, 61, 14, 29, 4, , 2
2026/5/8, 49, , , , , 
2026/4/1, 111, 81, 54, 16, 4, 6
2026/4/2, 164, 216, 30, 16, 5, 11
2026/4/3, 265, 33, 38, 6, 3, 3
2026/4/4, 94, 40, 37, 5, 3, 3
2026/4/5, 88, 22, 28, 4, , 2
2026/4/6, 75, 21, 37, 4, 3, 2
2026/4/7, 62, 153, 53, 5, 3, 4
2026/4/8, 103, 50, 37, 13, 3, 5
2026/4/9, 115, 41, 35, 7, 3, 3
2026/4/10, 108, 26, 33, 4, 2, 1
2026/4/11, 32, 64, 52, 6, 3, 1
2026/4/12, 74, 27, 36, 6, 3, 1
2026/4/13, 61, 40, 43, 8, 3, 1
2026/4/14, 92, 49, 50, 9, 3, 3
2026/4/15, 117, 54, 50, 8, 3, 4
2026/4/16, 123, 36, 52, 5, 3, 2
2026/4/17, 80, 31, 43, 6, 3, 1
2026/4/18, 91, 84, 70, 5, 4, 2
2026/4/19, 99, 175, 36, 3, , 1
2026/4/20, 86, 50, 39, 3, 3, 1
2026/4/21, 53, 23, 35, 5, 3, 2
2026/4/22, 42, 36, 44, 7, 3, 2
2026/4/23, 68, 67, 72, 10, 4, 4
2026/4/24, 142, 55, 43, 10, 3, 3
2026/4/25, 106, 19, 40, 5, 3, 2
2026/4/26, 55, 27, 35, 9, 3, 3
2026/4/27, 58, 20, 39, 6, 3, 2
2026/4/28, 54, 27, 40, 6, 3, 2
2026/4/29, 53, 30, 52, 5, 3, 2
2026/4/30, 56, 37, 41, 5, 3, 2
2026/1/1, 101, 53, , 13, 6, 4
2026/1/2, 125, 64, , 16, 6, 7
2026/1/3, 148, 59, , 17, 5, 7
2026/1/4, 139, 42, , 10, 5, 3
2026/1/5, 90, 41, , 10, 6, 5
2026/1/6, 85, 32, , 7, 4, 2
2026/1/7, 66, 37, , 10, 4, 5
2026/1/8, 90, 50, , 12, 5, 5
2026/1/9, 108, 47, , 10, 4, 5
2026/1/10, 125, 42, , 8, 5, 5
2026/1/11, 101, 37, , 8, 5, 6
2026/1/12, 84, 28, , 6, 5, 5
2026/1/13, 65, 38, , 12, 6, 7
2026/1/14, 103, 39, , 10, 5, 4
2026/1/15, 104, 50, , 15, 6, 5
2026/1/16, 129, 39, , 11, 5, 4
2026/1/17, 113, 39, , 10, 5, 5
2026/1/18, 104, 33, , 8, 5, 4
2026/1/19, 76, 42, , 10, 5, 5
2026/1/20, 74, 37, , 13, 5, 6
2026/1/21, 86, 35, , 11, 5, 5
2026/1/22, 78, 33, , 11, 5, 4
2026/1/23, 81, 47, , 12, 5, 4
2026/1/24, 110, 46, , 13, 4, 4
2026/1/25, 120, 59, , 17, 6, 6
2026/1/26, 144, 47, , 18, 4, 6
2026/1/27, 123, 53, , 19, 5, 7
2026/1/28, 131, 51, , 13, 5, 4
2026/1/29, 127, 62, , 21, 8, 6
2026/1/30, 144, 55, , 16, 7, 7
2026/1/31, 130, 53, , 15, 7, 6
2026/2/1, 134, 58, , 21, 6, 7
2026/2/2, 154, , , , , 
2026/2/5, 87, 34, , 6, 4, 4
2026/2/6, 71, 44, , 11, 5, 6
2026/2/7, 103, 41, , 12, 7, 5
2026/2/8, 90, 52, , 11, 6, 6
2026/2/9, 121, 61, , 11, 6, 6
2026/2/10, 149, 50, , 14, 5, 5
2026/2/11, 118, 71, , 20, 7, 9
2026/2/12, 165, 84, , 14, 7, 9
2026/2/13, 179, 81, , 5, 4, 4
2026/2/14, 117, 34, , 4, 3, 1
2026/2/15, 55, 42, , 4, 5, 1
2026/2/16, 78, 73, , 6, 8, 3
2026/2/17, 151, 33, , 4, 3, 2
2026/2/18, 95, 45, , 4, 5, 2
2026/2/19, 97, 56, , 3, 5, 2
2026/2/20, 125, 62, , 2, 4, 2
2026/2/21, 148, 218, , 1, 3, 1
2026/2/22, 71, 69, , , 2, 1
2026/2/23, 45, 35, , 5, 3, 3
2026/2/24, 69, 90, , 6, 3, 2
2026/2/25, 140, 37, , 4, 2, 1
2026/2/26, 59, 37, , 5, 3, 2
2026/2/27, 86, 37, , 5, 3, 2
2026/2/28, 95, 54, 35, 7, 3, 4
2026/3/1, 126, 65, 35, 9, 3, 5
2026/3/2, 150, 83, 23, 11, 4, 6
2026/3/3, 163, 35, 32, 6, 3, 4
2026/3/4, 101, 44, 33, 11, 3, 4
2026/3/5, 116, 27, 31, 8, 4, 2
2026/3/6, 72, 40, 35, 11, 4, 3
2026/3/7, 99, 54, 37, 11, 4, 4
2026/3/8, 136, 42, 37, 9, 4, 3
2026/3/9, 107, 62, 39, 11, 4, 5
2026/3/10, 125, 48, 36, 7, 3, 3
2026/3/11, 116, 56, 36, 15, 4, 5
2026/3/12, 141, 74, 49, 9, 5, 5
2026/3/13, 138, 41, 35, 5, 3, 3
2026/3/14, 78, 106, 56, 15, 5, 7
2026/3/15, 194, 74, 53, 12, 5, 5
2026/3/16, 155, 125, 63, 14, 7, 8
2026/3/17, 230, 54, 33, 5, 3, 2
2026/3/18, 70, 57, 36, 7, 3, 3
2026/3/19, 91, 105, 57, 10, 5, 6
2026/3/20, 195, 132, 55, 12, 7, 8
2026/3/21, 221, 100, 48, 13, 4, 7
2026/3/22, 186, 77, 42, 15, 4, 6
2026/3/23, 160, 67, 59, 9, 5, 4
2026/3/24, 160, 103, 64, 12, 5, 8
2026/3/25, 183, 92, 42, 15, 4, 8
2026/3/26, 186, 61, 42, 10, 3, 5
2026/3/27, 130, 75, 45, 12, 4, 7
2026/3/28, 160, 78, 34, 9, 5, 7
2026/3/29, 145, 38, 40, 8, 3, 5
2026/3/30, 92, 85, 60, 17, 4, 9
2026/3/31, 179, 59, 46, 8, 3, 4
2025/10/1, 95, 48, , 10, 1, 6
2025/10/2, 101, 45, , 11, 1, 4
2025/10/3, 82, 36, , 7, 1, 3
2025/10/4, 64, 19, , 8, 1, 1
2025/10/5, 24, 24, , 10, 1, 2
2025/10/6, 42, 32, , 8, 1, 2
2025/10/7, 49, 18, , 8, 1, 1
2025/10/8, 38, 35, , 13, 1, 2
2025/10/9, 79, 41, , 13, 2, 2
2025/10/10, 86, 38, , 16, 1, 4
2025/10/11, 83, 30, , 10, 1, 2
2025/10/12, 58, 74, , 18, 2, 5
2025/10/13, 161, 62, , 15, 1, 6
2025/10/14, 176, 47, , 13, 1, 2
2025/10/15, 113, 47, , 10, 1, 1
2025/10/16, 127, 50, , 13, 1, 2
2025/10/17, 138, 27, , 8, 1, 1
2025/10/18, 81, 21, , 10, 2, 1
2025/10/19, 53, 18, , 12, 3, 1
2025/10/20, 47, 31, , 18, 2, 2
2025/10/21, 68, 44, , 20, 4, 4
2025/10/22, 89, 34, , 17, 3, 2
2025/10/23, 80, 46, , 21, 2, 5
2025/10/24, 109, 61, , 20, 4, 5
2025/10/25, 144, 31, , 8, 4, 1
2025/10/26, 60, 30, , 8, 3, 1
2025/10/27, 62, 48, , 15, 3, 3
2025/10/28, 112, 100, , 17, 4, 8
2025/10/29, 251, 48, , 11, 3, 2
2025/10/30, 71, 43, , 17, 2, 2
2025/10/31, 94, 62, , 13, 3, 3
2025/11/1, 132, 28, , 7, 2, 1
2025/11/2, 64, 29, , 10, 3, 3
2025/11/3, 79, 46, , 15, 3, 5
2025/11/4, 128, 82, , 16, 3, 7
2025/11/5, 189, 57, , 15, 3, 5
2025/11/6, 149, 115, , 11, 4, 8
2025/11/7, 266, 114, , 16, 3, 8
2025/11/8, 211, 45, , 6, 2, 2
2025/11/9, 74, 30, , 12, 3, 5
2025/11/10, 91, 83, , 21, 4, 7
2025/11/11, 180, 71, , 10, 4, 6
2025/11/12, 152, 40, , 10, 4, 3
2025/11/13, 88, 67, 21, 17, 4, 7
2025/11/14, 151, 78, 27, 16, 6, 8
2025/11/15, 182, 49, 18, 6, 2, 3
2025/11/16, 74, 96, 36, 8, 2, 7
2025/11/17, 155, 49, 19, 9, 3, 4
2025/11/18, 103, 42, 24, 8, 5, 5
2025/11/19, 80, 36, 23, 7, 3, 3
2025/11/20, 67, 54, 30, 9, 4, 4
2025/11/21, 105, 69, 33, 10, 6, 6
2025/11/22, 143, 76, 28, 16, 6, 8
2025/11/23, 174, 85, 35, 16, 4, 8
2025/11/24, 268, 91, 20, 16, 3, 7
2025/11/25, 196, 98, 17, 16, 5, 8
2025/11/26, 203, 35, 22, 8, 3, 3
2025/11/27, 94, 39, 21, 10, 3, 5
2025/11/28, 101, 60, 26, 5, 3, 3
2025/11/29, 96, 40, 16, 10, 3, 2
2025/11/30, 93, 47, 21, 11, 3, 4
2025/12/1, 108, 27, 23, 3, 2, 2
2025/12/2, 38, 23, 22, 5, 3, 3
2025/12/3, 54, 33, 16, 10, 4, 5
2025/12/4, 75, 38, 18, 10, 4, 6
2025/12/5, 71, 44, 18, 9, 4, 6
2025/12/6, 108, 50, 18, 15, 5, 8
2025/12/7, 116, 33, 21, 8, 3, 4
2025/12/8, 71, 49, 17, 16, 4, 6
2025/12/9, 115, 62, 17, 16, 3, 7
2025/12/10, 138, 30, 20, 5, 3, 2
2025/12/11, 72, 47, 19, 11, 3, 4
2025/12/12, 101, 60, 10, 18, 5, 7
2025/12/13, 128, 71, 18, 16, 5, 8
2025/12/14, 147, 56, 16, 14, 5, 7
2025/12/15, 130, 43, 16, 10, 3, 3
2025/12/16, 108, 53, 15, 16, 4, 5
2025/12/17, 126, 54, 24, 11, 4, 4
2025/12/18, 133, 55, 25, 6, 3, 1
2025/12/19, 104, 34, 18, 5, 3, 1
2025/12/20, 58, 35, 18, 8, 3, 1
2025/12/21, 67, 36, 17, 8, 3, 1
2025/12/22, 80, 41, 18, 10, 3, 2
2025/12/23, 102, 46, 15, 19, 4, 4
2025/12/24, 112, 28, 15, 7, 4, 3
2025/12/25, 75, 41, 13, 14, 4, 7
2025/12/26, 108, 43, 14, 14, 5, 7
2025/12/27, 115, 54, 17, 11, 5, 8
2025/12/28, 154, , , , , 
2025/7/1, 37, 23, , 3, 1, 4
2025/7/2, 50, 20, , 4, 1, 4
2025/7/3, 37, 15, , 8, 1, 4
2025/7/4, 22, 30, , 6, 1, 4
2025/7/5, 47, 12, , 4, 2, 2
2025/7/6, 24, 28, , 11, 2, 2
2025/7/7, 30, 33, , 13, 4, 3
2025/7/8, 55, 38, , 9, 1, 7
2025/7/9, 78, 41, , 7, 1, 5
2025/7/10, 72, 35, , 5, 1, 3
2025/7/11, 67, 39, , 4, 1, 3
2025/7/12, 69, 15, , 4, 1, 1
2025/7/13, 33, 19, , 6, 1, 1
2025/7/14, 19, 20, , 6, 2, 1
2025/7/15, 26, 17, , 5, 2, 3
2025/7/16, 53, 22, , 5, 1, 5
2025/7/17, 47, 27, , 9, 1, 4
2025/7/18, 43, 25, , 6, 1, 5
2025/7/19, 45, 15, , 4, 1, 5
2025/7/20, 35, 17, , 4, 1, 7
2025/7/21, 39, 25, , 5, 2, 5
2025/7/22, 51, 20, , 3, 1, 4
2025/7/23, 39, 17, , 3, 1, 2
2025/7/24, 28, 22, , 5, 1, 3
2025/7/25, 44, 29, , 5, 1, 4
2025/7/26, 67, 18, , 4, 1, 3
2025/7/27, 37, 26, , 7, 1, 3
2025/7/28, 52, 16, , 4, 1, 2
2025/7/29, 38, 15, , 4, 1, 2
2025/7/30, 28, 16, , 5, 1, 3
2025/7/31, 41, 24, , 7, 2, 4
2025/8/1, 42, 30, , 7, 1, 4
2025/8/2, 52, 15, , 3, 1, 3
2025/8/3, 36, 15, , 6, 2, 3
2025/8/4, 15, 20, , 10, 1, 3
2025/8/5, 25, 17, , 8, 1, 4
2025/8/6, 36, 15, , 6, 2, 3
2025/8/7, 35, 23, , 8, 1, 4
2025/8/8, 58, 18, , 6, 1, 3
2025/8/9, 38, 15, , 6, 1, 3
2025/8/10, 28, 23, , 9, 3, 3
2025/8/11, 30, 29, , 6, 2, 4
2025/8/12, 56, 25, , 5, 2, 3
2025/8/13, 54, 21, , 5, 2, 3
2025/8/14, 42, 35, , 4, 2, 5
2025/8/15, 61, 24, , 4, 2, 4
2025/8/16, 57, 13, , 4, 2, 1
2025/8/17, 24, 24, , 7, 2, 4
2025/8/18, 50, 26, , 4, 3, 3
2025/8/19, 57, 24, , 9, 2, 3
2025/8/20, 31, 18, , 7, 1, 4
2025/8/21, 31, 17, , 3, 1, 4
2025/8/22, 31, 25, , 4, 2, 6
2025/8/23, 49, 15, , 4, 1, 4
2025/8/24, 36, 21, , 8, 2, 4
2025/8/25, 32, 19, , 6, 2, 3
2025/8/26, 30, 22, , 7, 2, 3
2025/8/27, 25, 16, , 6, 2, 3
2025/8/28, 39, 17, , 6, 2, 4
2025/8/29, 34, 33, , 6, 2, 6
2025/8/30, 66, 32, , 6, 2, 6
2025/8/31, 65, 21, , 6, 2, 4
2025/9/1, 72, 33, , 7, 1, 6
2025/9/2, 57, 33, , 5, 2, 5
2025/9/3, 56, 28, , 7, 2, 6
2025/9/4, 53, 32, , 8, 2, 5
2025/9/5, 55, 15, , 3, 2, 4
2025/9/6, 39, 18, , 5, 2, 4
2025/9/7, 27, 20, , 7, 2, 3
2025/9/8, 22, 27, , 13, 2, 4
2025/9/9, 43, 21, , 10, 2, 3
2025/9/10, 52, 31, , 9, 2, 6
2025/9/11, 73, 36, , 8, 2, 5
2025/9/12, 73, 37, , 11, 2, 5
2025/9/13, 72, 32, , 5, 2, 5
2025/9/14, 58, 11, , 6, 2, 4
2025/9/15, 20, 22, , 6, 2, 4
2025/9/16, 32, 17, , 9, 2, 4
2025/9/17, 27, 23, , 13, 3, 4
2025/9/18, 69, 21, , 12, 2, 3
2025/9/19, 47, 33, , 16, 3, 4
2025/9/20, 62, 26, , 14, 3, 3
2025/9/21, 55, 23, , 11, 3, 3
2025/9/22, 46, 26, , 9, 3, 6
2025/9/23, 57, 18, , 7, 2, 5
2025/9/24, 46, 21, , 9, 2, 3
2025/9/25, 43, 20, , 13, 1, 3
2025/9/26, 41, 31, , 15, 1, 4
2025/9/27, 64, 27, , 11, 2, 4
2025/9/28, 59, 38, , 12, 2, 6
2025/9/29, 82, 42, , 9, 2, 4
2025/9/30, 72, 37, , 9, 1, 4
2025/4/1, 143, 37, , 13, 3, 4
2025/4/2, 101, 62, , 14, 4, 5
2025/4/3, 150, 59, , 7, 4, 4
2025/4/4, 136, 32, , 4, 3, 3
2025/4/5, 72, 41, , 8, 3, 3
2025/4/6, 115, 45, , 6, 3, 4
2025/4/7, 95, 46, , 6, 3, 4
2025/4/8, 127, 65, , 10, 4, 6
2025/4/9, 150, 65, , 8, 4, 5
2025/4/10, 128, 66, , 7, 5, 5
2025/4/11, 134, 28, , 5, 3, 3
2025/4/12, 65, 17, , 7, 3, 4
2025/4/13, 44, 21, , 8, 2, 4
2025/4/14, 60, 20, , 7, 3, 3
2025/4/15, 54, 25, , 8, 3, 2
2025/4/16, 58, 45, , 9, 4, 3
2025/4/17, 111, 20, , 4, 3, 1
2025/4/18, 70, 23, , 5, 3, 1
2025/4/19, 49, 47, , 12, 4, 5
2025/4/20, 101, 45, , 9, 4, 4
2025/4/21, 85, 13, , 4, 3, 1
2025/4/22, 39, 37, , 4, 3, 2
2025/4/23, 50, 62, , 4, 3, 4
2025/4/24, 90, 22, , 4, 3, 2
2025/4/25, 38, 36, , 13, 3, 4
2025/4/26, 83, 35, , 6, 3, 3
2025/4/27, 64, 42, , 6, 3, 4
2025/4/28, 92, 61, , 7, 4, 4
2025/4/29, 108, 35, , 7, 3, 2
2025/4/30, 64, 18, , 5, 3, 1
2025/5/1, 49, 24, , 7, 3, 2
2025/5/2, 55, 18, , 8, 2, 1
2025/5/3, 46, 18, , 7, 2, 2
2025/5/4, 47, 31, , 7, 3, 3
2025/5/5, 67, 21, , 8, 2, 2
2025/5/6, 56, 32, , 7, 3, 3
2025/5/7, 85, 37, , 6, 3, 4
2025/5/8, 65, 30, , 5, 3, 4
2025/5/9, 73, 25, , 6, 3, 4
2025/5/10, 59, 42, , 11, 3, 4
2025/5/11, 75, 52, , 6, 4, 5
2025/5/12, 94, 48, , 3, 3, 5
2025/5/13, 73, 42, , 5, 3, 3
2025/5/14, 117, 37, , 6, 3, 4
2025/5/15, 99, 20, , 5, 3, 3
2025/5/16, 41, 18, , 2, 2, 2
2025/5/17, 49, 28, , 4, 3, 3
2025/5/18, 63, 26, , 6, 3, 3
2025/5/19, 50, 29, , 14, 3, 3
2025/5/20, 72, 39, , 14, 4, 4
2025/5/21, 86, 35, , 14, 3, 4
2025/5/22, 67, 33, , 14, 3, 4
2025/5/23, 58, 25, , 8, 3, 2
2025/5/24, 42, 30, , 9, 3, 2
2025/5/25, 52, 32, , 9, 3, 3
2025/5/26, 62, 42, , 10, 3, 4
2025/5/27, 95, 36, , 9, 3, 4
2025/5/28, 74, 40, , 10, 3, 5
2025/5/29, 80, 49, , 9, 3, 5
2025/5/30, 83, 49, , 7, 4, 5
2025/5/31, 101, 22, , 8, 3, 3
2025/6/1, 42, 37, , 12, 3, 5
2025/6/2, 90, 17, , 6, 3, 3
2025/6/3, 25, 21, , 10, 3, 2
2025/6/4, 50, 26, , 7, 3, 2
2025/6/5, 46, 27, , 10, 3, 1
2025/6/6, 45, 19, , 9, 3, 2
2025/6/7, 42, 32, , 12, 3, 3
2025/6/8, 37, 23, , 8, 3, 1
2025/6/9, 46, 10, , 5, 2, 2
2025/6/10, 29, 23, , 4, 3, 2
2025/6/11, 51, 25, , 8, 3, 2
2025/6/12, 49, 31, , 8, 4, 4
2025/6/13, 43, 27, , 8, 3, 4
2025/6/14, 54, 29, , 8, 2, 5
2025/6/15, 61, 19, , 5, 2, 4
2025/6/16, 45, 22, , 13, 2, 5
2025/6/17, 44, 31, , 10, 3, 5
2025/6/18, 67, 26, , 4, 2, 4
2025/6/19, 55, 29, , 3, 2, 3
2025/6/20, 28, 20, , 8, 2, 3
2025/6/21, 23, 23, , 7, 2, 4
2025/6/22, 43, 33, , 11, 3, 4
2025/6/23, 55, 40, , 14, 3, 5
2025/6/24, 73, 59, , 19, 3, 5
2025/6/25, 103, 29, , 13, 3, 3
2025/6/26, 56, 46, , 11, 2, 5
2025/6/27, 75, 37, , 9, 2, 4
2025/6/28, 83, 35, , 5, 2, 5
2025/6/29, 68, 21, , 8, , 4
2025/6/30, 46, 19, , 4, 1, 4
2025/1/1, 68, 28, , 9, 6, 3
2025/1/2, 69, 28, , 11, 7, 4
2025/1/3, 65, 51, , 18, 8, 7
2025/1/4, 104, 56, , 16, 5, 7
2025/1/5, 138, 64, , 20, 6, 8
2025/1/6, 155, 54, , 13, 5, 6
2025/1/7, 118, 32, , 11, 5, 4
2025/1/8, 87, 45, , 13, 5, 4
2025/1/9, 113, 58, , 20, 7, 6
2025/1/10, 142, 59, , 22, 5, 7
2025/1/11, 140, 68, , 23, 6, 9
2025/1/12, 155, 65, , 19, 9, 8
2025/1/13, 155, 38, , 14, 5, 4
2025/1/14, 102, 42, , 9, 6, 3
2025/1/15, 72, 49, , 12, 5, 3
2025/1/16, 83, 50, , 15, 9, 5
2025/1/17, 93, 63, , 14, 9, 5
2025/1/18, 116, 50, , 13, 6, 4
2025/1/19, 123, 58, , 17, 8, 5
2025/1/20, 139, 65, , 12, 5, 6
2025/1/21, 156, 63, , 12, 4, 4
2025/1/22, 150, 68, , 20, 6, 6
2025/1/23, 155, 60, , 16, 5, 5
2025/1/24, 150, 65, , 14, 8, 6
2025/1/25, 159, 62, , 19, 10, 7
2025/1/26, 153, 64, , 11, 5, 8
2025/1/27, 163, 40, , 6, 5, 3
2025/1/28, 99, 60, , 4, 7, 3
2025/1/29, 131, 43, , 7, 8, 5
2025/1/30, 101, 54, , 13, 10, 7
2025/1/31, 138, 65, , 18, 8, 8
2025/2/1, 169, 78, , 16, 7, 8
2025/2/2, 172, 48, , 8, 5, 4
2025/2/3, 123, 51, , 9, 5, 5
2025/2/4, 126, 49, , 12, 8, 5
2025/2/5, 124, 48, , 12, 6, 5
2025/2/6, 121, 34, , 8, 6, 4
2025/2/7, 88, 29, , 8, 7, 4
2025/2/8, 75, 44, , 13, 9, 6
2025/2/9, 101, 51, , 19, 9, 9
2025/2/10, 125, 59, , 12, 8, 8
2025/2/11, 152, 63, , 6, 7, 3
2025/2/12, 97, 59, , 9, 8, 4
2025/2/13, 120, 52, , 14, 7, 6
2025/2/14, 118, 62, , 9, 7, 6
2025/2/15, 135, 31, , 4, 4, 3
2025/2/16, 80, 27, , 7, 4, 4
2025/2/17, 70, 32, , 6, 4, 4
2025/2/18, 60, 32, , 11, 4, 4
2025/2/19, 74, 36, , 10, 4, 3
2025/2/20, 79, 34, , 10, 4, 2
2025/2/21, 76, 38, , 11, 4, 3
2025/2/22, 88, 37, , 11, 5, 3
2025/2/23, 82, 47, , 9, 7, 3
2025/2/24, 81, 114, , 6, 6, 3
2025/2/25, 81, 58, , 8, 6, 2
2025/2/26, 67, 72, , 11, 8, 7
2025/2/27, 139, 79, , 13, 6, 7
2025/2/28, 176, 45, , 14, 5, 4
2025/3/1, 99, 22, , 6, 5, 3
2025/3/2, 58, 39, , 10, 6, 3
2025/3/3, 89, 36, , 11, 6, 4
2025/3/4, 82, 55, , 15, 6, 5
2025/3/5, 133, 49, , 12, 3, 3
2025/3/6, 128, 47, , 9, 4, 2
2025/3/7, 114, 64, , 11, 5, 4
2025/3/8, 136, 79, , 14, 4, 7
2025/3/9, 171, 107, , 6, 4, 5
2025/3/10, 160, 59, , 6, 4, 5
2025/3/11, 152, 121, , 4, 3, 3
2025/3/12, 85, 31, , 5, 3, 1
2025/3/13, 66, 33, , 9, 4, 2
2025/3/14, 86, 36, , 9, 3, 3
2025/3/15, 91, 40, , 8, 3, 2
2025/3/16, 101, 50, , 14, 3, 4
2025/3/17, 126, 43, , 9, 4, 3
2025/3/18, 109, 68, , 13, 7, 5
2025/3/19, 134, 72, , 13, 6, 5
2025/3/20, 151, 59, , 8, 3, 2
2025/3/21, 88, 76, , 11, 5, 4
2025/3/22, 172, 86, , 13, 6, 5
2025/3/23, 186, 62, , 7, 4, 3
2025/3/24, 102, 87, , 13, 4, 5
2025/3/25, 185, 63, , 12, 3, 5
2025/3/26, 150, 36, , 5, 3, 2
2025/3/27, 55, 23, , 3, 3, 1
2025/3/28, 51, 20, , 3, 3, 1
2025/3/29, 46, 28, , 3, 3, 1
2025/3/30, 63, 53, , 9, 5, 3
2025/3/31, 122, 63, , 8, 4, 3
2024/10/1, 39, 21, , 7, 2, 1
2024/10/2, 38, 25, , 7, 3, 1
2024/10/3, 44, 38, , 8, 3, 3
2024/10/4, 59, 44, , 10, 3, 4
2024/10/5, 88, 32, , 9, 2, 2
2024/10/6, 67, 29, , 11, 2, 2
2024/10/7, 73, 44, , 15, 3, 4
2024/10/8, 87, 41, , 13, 2, 3
2024/10/9, 72, 24, , 7, 2, 1
2024/10/10, 45, 32, , 9, 3, 3
2024/10/11, 45, 46, , 18, 2, 5
2024/10/12, 74, 53, , 14, 4, 4
2024/10/13, 94, 56, , 6, 3, 3
2024/10/14, 88, , , 6, 2, 1
2024/10/15, 37, 30, , 13, 2, 3
2024/10/16, 51, 58, , 17, 4, 6
2024/10/17, 105, 28, , 7, 3, 4
2024/10/18, 76, 19, , 5, 5, 2
2024/10/19, 34, 38, , 11, 4, 3
2024/10/20, 59, 34, , 7, 4, 3
2024/10/21, 72, 28, , 10, 4, 2
2024/10/22, 59, 35, , 10, 3, 3
2024/10/23, 79, 47, , 15, 6, 5
2024/10/24, 109, 57, , 11, 4, 7
2024/10/25, 142, 57, , 12, 3, 5
2024/10/26, 114, 29, , 9, 5, 4
2024/10/27, 82, 45, , 17, 4, 8
2024/10/28, 86, 53, , 17, 5, 7
2024/10/29, 112, 57, , 13, 3, 6
2024/10/30, 155, 59, , 16, 5, 7
2024/10/31, 144, 36, , 12, 5, 5
2024/11/1, 101, 44, , 13, 4, 5
2024/11/2, 103, 62, , 16, 5, 8
2024/11/3, 160, 23, , 9, 4, 4
2024/11/4, 61, 22, , 10, 4, 3
2024/11/5, 53, 30, , 13, 7, 2
2024/11/6, 65, 46, , 15, 4, 5
2024/11/7, 96, 60, , 19, 5, 7
2024/11/8, 139, 52, , 10, 5, 5
2024/11/9, 131, 48, , 8, 4, 3
2024/11/10, 111, 71, , 14, 4, 4
2024/11/11, 150, 50, , 14, 7, 2
2024/11/12, 105, 69, , 17, 6, 6
2024/11/13, 137, 55, , 13, 5, 5
2024/11/14, 112, 33, , 11, 3, 5
2024/11/15, 95, 52, , 9, 4, 4
2024/11/16, 114, 50, , 7, 5, 3
2024/11/17, 106, 80, , 11, 5, 4
2024/11/18, 172, 54, , 12, 5, 6
2024/11/19, 122, 54, , 19, 9, 8
2024/11/20, 119, 72, , 16, 6, 7
2024/11/21, 172, 52, , 10, 4, 4
2024/11/22, 117, 72, , 18, 4, 8
2024/11/23, 163, 53, , 15, 5, 7
2024/11/24, 133, 46, , 10, 4, 6
2024/11/25, 125, 37, , 8, 4, 5
2024/11/26, 92, 24, , 6, 6, 4
2024/11/27, 45, 39, , 10, 6, 5
2024/11/28, 75, 27, , 12, 7, 4
2024/11/29, 109, 48, , 21, 8, 6
2024/11/30, 113, 29, , 15, 6, 5
2024/12/1, 97, 19, , 8, 5, 3
2024/12/2, 47, 26, , 7, 5, 2
2024/12/3, 45, 24, , 6, 4, 2
2024/12/4, 42, 29, , 9, 5, 2
2024/12/5, 43, 32, , 13, 5, 3
2024/12/6, 72, 34, , 13, 6, 4
2024/12/7, 84, 38, , 14, 9, 4
2024/12/8, 78, 54, , 19, 9, 6
2024/12/9, 109, 49, , 19, 7, 7
2024/12/10, 121, 29, , 13, 6, 3
2024/12/11, 70, 43, , 19, 8, 4
2024/12/12, 89, 49, , 21, 7, 4
2024/12/13, 112, 37, , 12, 6, 2
2024/12/14, 80, 27, , 11, 6, 2
2024/12/15, 61, 27, , 12, 7, 2
2024/12/16, 67, 41, , 15, 6, 4
2024/12/17, 91, 36, , 16, 5, 5
2024/12/18, 99, 44, , 18, 8, 6
2024/12/19, 90, 61, , 18, 6, 8
2024/12/20, 146, 53, , 17, 5, 7
2024/12/21, 136, 39, , 15, 6, 6
2024/12/22, 87, 36, , 14, 5, 6
2024/12/23, 83, 34, , 12, 5, 3
2024/12/24, 66, 53, , 10, 6, 4
2024/12/25, 103, 28, , 8, 4, 4
2024/12/26, 64, 30, , 9, 5, 4
2024/12/27, 61, 33, , 11, 5, 6
2024/12/28, 73, 44, , 14, 8, 7
2024/12/29, 88, , , , , 
2024/7/1, 147, 50, , 18, 3, 3
2024/7/2, 111, 16, , 6, 2, 2
2024/7/3, 39, 33, , 5, 2, 3
2024/7/4, 63, 28, , 4, 2, 3
2024/7/5, 79, 22, , 7, 1, 4
2024/7/6, 68, 39, , 6, 1, 4
2024/7/7, 100, 51, , 7, 1, 5
2024/7/8, 124, 47, , 8, 2, 3
2024/7/9, 111, 59, , 15, 2, 7
2024/7/10, 131, 63, , 19, 2, 6
2024/7/11, 146, 61, , 13, 2, 6
2024/7/12, 145, 65, , 13, 2, 7
2024/7/13, 149, 58, , 12, 2, 8
2024/7/14, 134, 54, , 9, 1, 6
2024/7/15, 126, 33, , 5, 1, 4
2024/7/16, 78, 13, , 4, 2, 3
2024/7/17, 36, 28, , 7, 2, 4
2024/7/18, 63, 40, , 5, 2, 6
2024/7/19, 80, 27, , 4, 1, 4
2024/7/20, 59, 30, , 5, 1, 5
2024/7/21, 57, 20, , 5, 1, 4
2024/7/22, 48, 20, , 6, 1, 4
2024/7/23, 22, 14, , 5, 1, 2
2024/7/24, 28, 20, , 7, 1, 2
2024/7/25, 39, 7, , 3, 1, 1
2024/7/26, 17, 11, , 2, 1, 2
2024/7/28, 22, 13, , 3, 1, 3
2024/7/29, 25, 21, , 7, 1, 3
2024/7/30, 32, 15, , 4, , 3
2024/7/31, 35, 11, , 3, , 4
2024/8/1, 26, 16, , 5, 1, 4
2024/8/2, 24, 24, , 8, 1, 4
2024/8/3, 42, 24, , 5, , 4
2024/8/4, 48, 15, , 3, , 4
2024/8/5, 29, 22, , 5, 1, 5
2024/8/6, 46, 33, , 9, 1, 5
2024/8/7, 62, 30, , 5, 1, 5
2024/8/8, 65, 24, , 9, , 4
2024/8/9, 44, 27, , 8, , 4
2024/8/10, 49, 23, , 3, , 3
2024/8/11, 48, 20, , 4, , 3
2024/8/12, 46, 15, , 4, 1, 3
2024/8/13, 26, 21, , 6, 1, 3
2024/8/14, 39, 24, , 8, 1, 3
2024/8/15, 44, 36, , 12, 1, 5
2024/8/16, 66, 47, , 21, 1, 6
2024/8/17, 69, 38, , 9, 1, 4
2024/8/18, 62, 19, , 7, 1, 4
2024/8/19, 48, 22, , 7, 1, 4
2024/8/20, 43, 16, , 6, 1, 4
2024/8/21, 28, 10, , 4, 1, 4
2024/8/22, 17, 19, , 6, 1, 4
2024/8/23, 37, 30, , 9, 1, 4
2024/8/24, 59, 24, , 4, 1, 4
2024/8/25, 51, 17, , 6, 1, 4
2024/8/26, 38, 16, , 7, 1, 4
2024/8/27, 28, 21, , 11, 1, 4
2024/8/28, 38, 28, , 10, 2, 4
2024/8/29, 44, 33, , 9, 1, 3
2024/8/30, 58, 19, , 7, 1, 1
2024/8/31, 13, 13, , 4, 1, 1
2024/9/1, 25, 15, , 10, 1, 3
2024/9/2, 24, 23, , 11, 1, 3
2024/9/3, 31, 26, , 7, 1, 4
2024/9/4, 49, 14, , 5, 1, 4
2024/9/5, 35, 21, , 9, 1, 2
2024/9/6, 20, 25, , 8, 2, 3
2024/9/7, 37, 28, , 10, 2, 4
2024/9/8, 51, 28, , 8, 1, 4
2024/9/9, 54, 23, , 6, 1, 2
2024/9/10, 39, 26, , 13, 2, 3
2024/9/11, 28, 28, , 14, 1, 4
2024/9/12, 37, 28, , 8, 2, 3
2024/9/13, 33, 13, , 8, 1, 2
2024/9/14, 24, 29, , 13, 2, 3
2024/9/15, 51, 23, , 10, 3, 3
2024/9/16, 46, 33, , 11, 2, 4
2024/9/17, 65, 33, , 13, 2, 4
2024/9/18, 66, 36, , 10, 2, 3
2024/9/19, 48, 15, , 8, 2, 1
2024/9/20, 28, 16, , 7, 2, 1
2024/9/21, 29, 26, , 15, 3, 2
2024/9/22, 47, 31, , 15, 2, 2
2024/9/23, 57, 28, , 10, 2, 3
2024/9/24, 53, 25, , 9, 2, 3
2024/9/25, 50, 41, , 16, 2, 6
2024/9/26, 75, 48, , 19, 2, 6
2024/9/27, 87, 34, , 17, 2, 5
2024/9/28, 61, 34, , 6, 2, 4
2024/9/29, 62, 18, , 4, 2, 3
2024/9/30, 36, 16, , 8, 2, 2
2024/4/1, 92, 72, , 19, 5, 5
2024/4/2, 154, 42, , 8, 4, 2
2024/4/3, 73, 47, , 11, 4, 4
2024/4/4, 110, 105, , 21, 6, 8
2024/4/5, 181, 65, , 9, 6, 5
2024/4/6, 106, 60, , 9, 4, 4
2024/4/7, 71, 46, , 8, 4, 4
2024/4/8, 101, 48, , 16, 5, 4
2024/4/9, 117, 102, , 21, 6, 7
2024/4/10, 193, 64, , 9, 4, 3
2024/4/11, 138, 118, , 7, 4, 2
2024/4/12, 107, 55, , 7, 4, 1
2024/4/13, 81, 43, , 6, 4, 2
2024/4/14, 76, 75, , 18, 4, 6
2024/4/15, 156, 117, , 9, 3, 3
2024/4/16, 82, 59, , 13, 3, 4
2024/4/17, 82, 59, , 9, 4, 4
2024/4/18, 80, 57, , 16, 6, 6
2024/4/19, 169, 114, , 21, 6, 9
2024/4/20, 270, 75, , 21, 4, 8
2024/4/21, 236, 60, , 14, 4, 5
2024/4/22, 82, 51, , 16, 4, 5
2024/4/23, 94, 36, , 9, 4, 4
2024/4/24, 89, 42, , 7, 4, 4
2024/4/25, 61, 40, , 12, 4, 4
2024/4/26, 89, 38, , 10, 4, 4
2024/4/27, 106, 31, , 9, 3, 3
2024/4/28, 59, 56, , 14, 4, 5
2024/4/29, 133, 37, , 12, 3, 4
2024/4/30, 94, 37, , 9, 4, 3
2024/5/1, 58, 51, , 11, 5, 4
2024/5/2, 77, 58, , 8, 5, 4
2024/5/3, 83, 48, , 6, 4, 3
2024/5/4, 77, 36, , 7, 4, 3
2024/5/5, 56, 55, , 8, 4, 3
2024/5/6, 106, 42, , 10, 3, 2
2024/5/7, 61, 43, , 16, 2, 3
2024/5/8, 71, 55, , 7, 2, 2
2024/5/9, 47, 44, , 7, 2, 3
2024/5/10, 79, 52, , 5, 1, 1
2024/5/11, 26, 22, , 7, 2, 2
2024/5/12, 66, 31, , 9, 2, 2
2024/5/13, 55, 41, , 6, 2, 2
2024/5/14, 105, 16, , 7, 2, 1
2024/5/15, 37, 30, , 14, 2, 3
2024/5/16, 54, 42, , 13, 3, 3
2024/5/17, 75, 38, , 8, 3, 2
2024/5/18, 75, 22, , 6, 2, 1
2024/5/19, 45, 19, , 9, 2, 1
2024/5/20, 52, 30, , 7, 3, 2
2024/5/21, 57, 42, , 7, 3, 4
2024/5/22, 75, 21, , 8, 3, 1
2024/5/23, 48, 19, , 10, 2, 1
2024/5/24, 47, 31, , 16, 2, 2
2024/5/25, 64, 9, , 5, 2, 1
2024/5/26, 35, 17, , 5, 2, 2
2024/5/27, 33, 19, , 7, 2, 2
2024/5/28, 51, 25, , 9, 2, 2
2024/5/29, 70, 24, , 8, 2, 3
2024/5/30, 61, 12, , 5, 2, 1
2024/5/31, 35, 16, , 8, 2, 2
2024/6/1, 49, 17, , 10, 2, 3
2024/6/2, 50, 29, , 14, 3, 4
2024/6/3, 59, 38, , 17, 3, 3
2024/6/4, 73, 41, , 11, 4, 3
2024/6/5, 70, 30, , 8, 3, 2
2024/6/6, 58, 31, , 9, 3, 2
2024/6/7, 66, 21, , 6, 2, 2
2024/6/8, 62, 17, , 6, 2, 2
2024/6/9, 49, 27, , 15, 3, 3
2024/6/10, 51, 38, , 11, 3, 3
2024/6/11, 68, 18, , 7, 2, 3
2024/6/12, 56, 34, , 13, 2, 4
2024/6/13, 73, 17, , 7, 2, 3
2024/6/14, 53, 14, , 4, 2, 2
2024/6/15, 35, 18, , 10, 2, 2
2024/6/16, 48, 17, , 8, 3, 2
2024/6/17, 44, 31, , 18, 3, 3
2024/6/18, 53, 43, , 16, 3, 3
2024/6/19, 68, 33, , 11, 3, 4
2024/6/20, 62, 35, , 18, 2, 4
2024/6/21, 68, 70, , 6, 2, 3
2024/6/22, 80, 9, , 5, 2, 2
2024/6/23, 30, 7, , 4, 2, 2
2024/6/24, 24, 17, , 7, 2, 3
2024/6/25, 42, 28, , 11, 3, 3
2024/6/26, 61, 42, , 8, 4, 3
2024/6/27, 66, 34, , 6, 3, 3
2024/6/28, 60, 29, , 6, 3, 2
2024/6/29, 51, 33, , 12, 3, 3
2024/6/30, 64, 59, , 9, 3, 4
2024/1/1, 154, 69, , 27, 13, 12
2024/1/2, 173, 65, , 22, 12, 10
2024/1/3, 156, 46, , 10, 6, 6
2024/1/4, 118, 35, , 12, 6, 3
2024/1/5, 82, 48, , 17, 7, 5
2024/1/6, 114, 27, , 8, 6, 3
2024/1/7, 57, 38, , 12, 6, 5
2024/1/8, 82, 45, , 16, 6, 6
2024/1/9, 115, 34, , 11, 6, 4
2024/1/10, 71, 51, , 14, 9, 6
2024/1/11, 134, 45, , 16, 7, 4
2024/1/12, 107, 47, , 13, 6, 5
2024/1/13, 117, 32, , 7, 7, 2
2024/1/14, 54, 35, , 13, 9, 3
2024/1/15, 64, 47, , 14, 6, 6
2024/1/16, 98, 55, , 15, 6, 7
2024/1/17, 143, 43, , 16, 5, 5
2024/1/18, 106, 54, , 18, 6, 7
2024/1/19, 136, 41, , 10, 5, 5
2024/1/20, 98, 28, , 9, 5, 4
2024/1/21, 67, 32, , 13, 10, 5
2024/1/22, 86, 48, , 18, 12, 6
2024/1/23, 130, 27, , 16, 8, 4
2024/1/24, 82, 52, , 23, 18, 8
2024/1/25, 133, 56, , 22, 15, 7
2024/1/26, 134, 56, , 25, 9, 7
2024/1/27, 133, 58, , 20, 8, 8
2024/1/28, 145, 51, , 17, 6, 5
2024/1/29, 117, 72, , 28, 10, 9
2024/1/30, 165, 41, , 16, 9, 5
2024/1/31, 115, 58, , 24, 15, 5
2024/2/1, 133, 62, , 28, 13, 9
2024/2/2, 144, 69, , 28, 9, 8
2024/2/3, 156, 66, , 27, 9, 10
2024/2/4, 145, 65, , 17, 8, 7
2024/2/5, 159, 63, , 16, 9, 7
2024/2/6, 149, 75, , 28, 8, 10
2024/2/7, 165, 65, , 24, 12, 9
2024/2/8, 161, 73, , 16, 8, 9
2024/2/9, 189, 162, , 15, 13, 9
2024/2/10, 277, 55, , 8, 8, 6
2024/2/11, 118, 51, , 5, 6, 7
2024/2/12, 109, 77, , 6, 7, 7
2024/2/13, 131, 34, , 5, 3, 2
2024/2/14, 36, 43, , 9, 5, 4
2024/2/15, 105, 54, , 5, 6, 5
2024/2/16, 82, 41, , 4, 5, 4
2024/2/17, 77, 19, , 6, 5, 4
2024/2/18, 59, 27, , 6, 4, 3
2024/2/19, 60, 27, , 7, 6, 2
2024/2/20, 61, 24, , 9, 7, 2
2024/2/21, 63, 31, , 18, 8, 4
2024/2/22, 79, 37, , 17, 5, 6
2024/2/23, 93, 71, , 15, 9, 5
2024/2/24, 129, 67, , 11, 7, 4
2024/2/25, 156, 37, , 10, 5, 3
2024/2/26, 73, 50, , 14, 6, 5
2024/2/27, 93, 57, , 12, 4, 4
2024/2/28, 141, 53, , 13, 5, 3
2024/2/29, 92, 38, , 8, 7, 3
2024/3/1, 57, 39, , 11, 7, 3
2024/3/2, 77, 28, , 10, 7, 3
2024/3/3, 55, 28, , 11, 5, 3
2024/3/4, 60, 29, , 19, 5, 4
2024/3/5, 64, 34, , 16, 4, 5
2024/3/6, 76, 39, , 14, 6, 4
2024/3/7, 79, 22, , 9, 4, 3
2024/3/8, 55, 41, , 20, 7, 5
2024/3/9, 93, 55, , 18, 6, 7
2024/3/10, 119, 57, , 19, 5, 6
2024/3/11, 119, 41, , 18, 6, 4
2024/3/12, 81, 45, , 12, 6, 4
2024/3/13, 93, 51, , 11, 5, 4
2024/3/14, 100, 69, , 12, 6, 5
2024/3/15, 116, 67, , 12, 5, 5
2024/3/16, 116, 19, , 6, 4, 2
2024/3/17, 36, 37, , 8, 5, 2
2024/3/18, 86, 30, , 10, 3, 3
2024/3/19, 70, 29, , 13, 6, 3
2024/3/20, 65, 43, , 16, 4, 4
2024/3/21, 97, 33, , 9, 4, 3
2024/3/22, 73, 45, , 10, 4, 4
2024/3/23, 107, 19, , 6, 3, 2
2024/3/24, 35, 30, , 10, 4, 2
2024/3/25, 61, 38, , 13, 5, 4
2024/3/26, 73, 63, , 11, 4, 5
2024/3/27, 135, 244, , 6, 3, 3
2024/3/28, 90, 74, , 5, 3, 2
2024/3/29, 47, 49, , 5, 3, 2
2024/3/30, 44, 40, , 7, 4, 3
2024/3/31, 62, 50, , 12, 4, 4
2023/10/1, 58, 28, 28, 14, 3, 4
2023/10/2, 51, 45, 55, 11, 4, 4
2023/10/3, 58, 16, 25, 5, 3, 1
2023/10/4, 20, 16, 25, 7, 3, 3
2023/10/5, 30, 33, 27, 12, 4, 3
2023/10/6, 52, 40, 26, 18, 4, 4
2023/10/7, 64, 45, 33, 21, 4, 7
2023/10/8, 79, 47, 18, 22, 4, 6
2023/10/9, 91, 42, 28, 20, 4, 6
2023/10/10, 69, 53, 36, 22, 4, 9
2023/10/11, 93, 57, 31, 23, 4, 11
2023/10/12, 104, 54, 47, 18, 4, 8
2023/10/13, 102, 45, 42, 18, 4, 6
2023/10/14, 94, 40, 25, 8, 3, 3
2023/10/15, 51, 31, 21, 14, 3, 3
2023/10/16, 48, 44, 32, 14, 4, 4
2023/10/17, 70, 31, 28, 12, 4, 4
2023/10/18, 53, 23, 19, 10, 4, 2
2023/10/19, 30, 18, 18, 7, 5, 1
2023/10/20, 23, 21, 20, 8, 6, 2
2023/10/21, 28, 37, 20, 14, 6, 5
2023/10/22, 54, 57, 51, 15, 5, 6
2023/10/23, 119, 61, 54, 14, 6, 8
2023/10/24, 134, 78, 62, 21, 5, 11
2023/10/25, 150, 33, 22, 10, 5, 3
2023/10/26, 35, 56, 16, 22, 5, 6
2023/10/27, 106, 58, 26, 21, 5, 7
2023/10/28, 111, 75, 51, 16, 6, 7
2023/10/29, 163, 68, 38, 12, 5, 5
2023/10/30, 119, 74, 33, 12, 5, 5
2023/10/31, 122, 73, 17, 19, 5, 3
2023/11/1, 163, 50, 44, 11, 4, 4
2023/11/2, 113, 31, 19, 9, 4, 1
2023/11/3, 74, 52, 15, 15, 6, 3
2023/11/4, 111, 128, 9, 22, 6, 9
2023/11/5, 240, 24, 22, 7, 3, 3
2023/11/6, 49, 17, 22, 11, 6, 4
2023/11/7, 42, 27, 11, 19, 5, 6
2023/11/8, 90, 38, 26, 21, 7, 7
2023/11/9, 119, , , , , 
2023/11/13, 96, 45, , 23, 10, 8
2023/11/14, 130, 65, , 19, 8, 10
2023/11/15, 163, 22, , 11, 3, 4
2023/11/16, 50, 21, , 12, 5, 4
2023/11/17, 93, 32, , 12, 6, 4
2023/11/18, 84, 24, , 12, 6, 4
2023/11/19, 63, 25, , 13, 8, 5
2023/11/20, 61, 44, , 16, 5, 6
2023/11/21, 124, 59, , 20, 4, 8
2023/11/22, 157, 12, , 6, 2, 1
2023/11/23, 28, 17, , 8, 3, 3
2023/11/24, 45, 20, , 10, 6, 3
2023/11/25, 51, 30, , 19, 6, 7
2023/11/26, 112, 53, , 19, 9, 8
2023/11/27, 147, 23, , 14, 7, 4
2023/11/28, 59, 20, , 10, 5, 2
2023/11/29, 53, 26, , 15, 6, 3
2023/11/30, 60, 33, , 16, 8, 4
2023/12/1, 71, 35, , 14, 6, 4
2023/12/2, 85, 33, , 15, 6, 5
2023/12/3, 74, 39, , 18, 6, 7
2023/12/4, 101, 55, , 16, 5, 8
2023/12/5, 160, 25, , 10, 4, 3
2023/12/6, 77, 22, , 15, 5, 3
2023/12/7, 45, 72, , 9, 4, 4
2023/12/8, 84, 21, , 8, 5, 2
2023/12/9, 46, 23, , 8, 3, 2
2023/12/10, 54, 28, , 10, 3, 3
2023/12/11, 66, 45, , 15, 3, 5
2023/12/12, 103, 47, , 14, 5, 5
2023/12/13, 116, 54, , 15, 5, 5
2023/12/14, 128, 29, , 8, 2, 3
2023/12/15, 62, 21, , 11, 5, 5
2023/12/16, 58, 28, , 12, 7, 4
2023/12/17, 59, 40, , 21, 11, 7
2023/12/18, 97, 53, , 19, 6, 6
2023/12/19, 135, 42, , 17, 8, 5
2023/12/20, 120, 38, , 15, 6, 5
2023/12/21, 95, 44, , 23, 12, 6
2023/12/22, 106, 56, , 28, 16, 9
2023/12/23, 137, 58, , 21, 11, 8
2023/12/24, 137, 55, , 19, 8, 7
2023/12/25, 118, 41, , 17, 7, 5
2023/12/26, 107, 48, , 20, 7, 7
2023/12/27, 123, 60, , 23, 9, 10
2023/12/28, 150, 57, , 23, 8, 9
2023/12/29, 139, 57, , 23, 6, 11
2023/12/30, 179, 38, , 16, 5, 5
2023/12/31, 94, 63, , 19, 7, 8
2023/7/1, 34, 30, 57, 15, 2, 2
2023/7/2, 36, 40, 62, 11, 2, 4
2023/7/3, 57, 37, 50, 10, 2, 4
2023/7/4, 62, 22, 55, 6, 2, 3
2023/7/5, 31, 51, 59, 10, 2, 5
2023/7/6, 61, 31, 57, 7, 2, 4
2023/7/7, 53, 22, 49, 8, 2, 4
2023/7/8, 41, 17, 41, 7, , 4
2023/7/9, 37, 18, 35, 8, 1, 3
2023/7/10, 36, 14, 37, 8, 1, 4
2023/7/11, 31, 26, 47, 12, 1, 3
2023/7/12, 44, 31, 51, 13, 1, 4
2023/7/13, 51, 12, 34, 6, 1, 3
2023/7/14, 35, 13, 26, 7, 1, 2
2023/7/15, 19, 9, 16, 6, 1, 2
2023/7/16, 15, 14, 20, 6, 1, 2
2023/7/17, 39, 22, 38, 9, 1, 3
2023/7/18, 38, 38, 48, 14, 1, 5
2023/7/19, 57, 39, 56, 8, 1, 5
2023/7/20, 67, 29, 36, 10, 2, 2
2023/7/21, 37, 36, 34, 12, 1, 5
2023/7/22, 64, 13, 34, 4, , 3
2023/7/23, 19, 19, 38, 7, 1, 4
2023/7/24, 26, 30, 40, 12, 1, 6
2023/7/25, 51, 32, 48, 7, 1, 4
2023/7/26, 57, 32, 46, 5, 1, 3
2023/7/27, 51, 24, 38, 5, 1, 2
2023/7/28, 34, 25, 34, 4, 1, 3
2023/7/29, 46, 21, 19, 5, 1, 3
2023/7/30, 34, 29, 38, 6, 1, 3
2023/7/31, 54, 33, 28, 6, 1, 4
2023/8/1, 67, 33, 39, 5, 1, 4
2023/8/2, 56, 33, 47, 4, , 4
2023/8/3, 62, 31, 35, 5, 1, 4
2023/8/4, 62, 7, 24, 3, 1, 2
2023/8/5, 11, 11, 22, 6, 1, 2
2023/8/6, 17, 14, 11, 8, 1, 3
2023/8/7, 30, 16, 27, 7, 2, 3
2023/8/8, 34, 14, 27, 7, 2, 2
2023/8/9, 29, 19, 36, 7, 2, 3
2023/8/10, 28, 15, 25, 5, 2, 2
2023/8/11, 23, 14, 14, 7, 2, 3
2023/8/12, 23, 10, 17, 9, , 3
2023/8/13, 18, 22, 41, 10, 2, 5
2023/8/14, 43, 30, 43, 13, 2, 5
2023/8/15, 45, 28, 33, 11, 2, 4
2023/8/16, 34, 37, 44, 16, 2, 6
2023/8/17, 52, 37, 41, 10, 1, 5
2023/8/18, 68, 18, 36, 8, , 4
2023/8/19, 24, 33, 58, 10, , 5
2023/8/20, 51, 30, 34, 7, , 6
2023/8/21, 54, 17, 36, 8, , 4
2023/8/22, 26, 23, 34, 13, 2, 4
2023/8/23, 23, 28, 38, 12, 2, 3
2023/8/24, 32, 19, 32, 8, 2, 3
2023/8/25, 27, 17, 22, 7, 2, 2
2023/8/26, 22, 24, 30, 11, 2, 3
2023/8/27, 34, 24, 28, 8, 2, 3
2023/8/28, 27, 13, 17, 5, 2, 3
2023/8/29, 23, 12, 23, 5, 2, 3
2023/8/30, 21, 23, 29, 10, 2, 3
2023/8/31, 39, 26, 30, 8, 2, 4
2023/9/1, 46, 31, 39, 12, 3, 3
2023/9/2, 47, 26, 40, 9, 2, 4
2023/9/3, 48, 29, 35, 10, 2, 4
2023/9/4, 62, 20, 27, 7, 2, 3
2023/9/5, 33, 28, 37, 14, 2, 4
2023/9/6, 31, 36, 40, 10, 2, 3
2023/9/7, 62, 42, 38, 6, 3, 4
2023/9/8, 61, 24, 30, 8, 3, 2
2023/9/9, 28, 42, 41, 13, 3, 4
2023/9/10, 53, 36, 40, 7, 3, 4
2023/9/11, 51, 17, 24, 8, 2, 3
2023/9/12, 17, 26, 34, 12, 3, 2
2023/9/13, 27, 25, 36, 12, 3, 2
2023/9/14, 31, 28, 45, 9, 3, 3
2023/9/15, 44, 42, 46, 12, 3, 4
2023/9/16, 69, 51, 73, 15, 3, 5
2023/9/17, 87, 35, 56, 6, 3, 4
2023/9/18, 65, 11, 20, 6, , 2
2023/9/19, 15, 20, 24, 13, 3, 3
2023/9/20, 32, 28, 35, 13, 3, 3
2023/9/21, 38, 23, 26, 9, 3, 3
2023/9/22, 41, 31, 26, 16, 3, 4
2023/9/23, 46, 32, 40, 11, 3, 3
2023/9/24, 44, 23, 30, 6, 3, 3
2023/9/25, 44, 22, 37, 7, 3, 4
2023/9/26, 44, 32, 35, 7, 3, 3
2023/9/27, 45, 19, 28, 10, 3, 3
2023/9/28, 17, 28, 38, 10, 3, 3
2023/9/29, 33, 22, 27, 9, 3, 3
2023/9/30, 35, 33, 27, 13, 3, 4
2023/4/1, 152, 68, 74, 13, 5, 6
2023/4/2, 122, 69, 58, 12, 4, 5
2023/4/3, 118, 80, 49, 25, 9, 8
2023/4/4, 224, 231, 90, 39, 14, 15
2023/4/5, 403, 105, 41, 31, 9, 14
2023/4/6, 316, 86, 30, 8, 2, 1
2023/4/7, 57, 38, 33, 10, 2, 1
2023/4/8, 60, 95, 57, 9, 4, 4
2023/4/9, 102, 102, 50, 8, 3, 3
2023/4/10, 136, 409, 29, 7, 2, 2
2023/4/11, 156, 95, 29, 11, 2, 2
2023/4/12, 80, 137, 46, 17, 3, 4
2023/4/13, 128, 57, 42, 16, 3, 4
2023/4/14, 108, 88, 48, 18, 5, 5
2023/4/15, 136, 85, 47, 20, 3, 5
2023/4/16, 158, 71, 43, 15, 2, 5
2023/4/17, 116, 78, 38, 10, 2, 3
2023/4/18, 81, 75, 51, 12, 3, 4
2023/4/19, 73, 226, 35, 4, 2, 3
2023/4/20, 110, 159, 35, 5, 3, 3
2023/4/21, 127, 44, 37, 18, 3, 4
2023/4/22, 42, 37, 37, 11, 3, 3
2023/4/23, 64, 48, 36, 17, 3, 4
2023/4/24, 70, 44, 37, 9, 4, 4
2023/4/25, 67, 25, 35, 8, 2, 3
2023/4/26, 60, 44, 46, 8, 2, 4
2023/4/27, 84, 28, 37, 8, 1, 4
2023/4/28, 73, 29, 33, 11, 1, 3
2023/4/29, 62, 17, 33, 7, 1, 2
2023/4/30, 30, 35, 40, 16, 1, 4
2023/5/1, 57, 50, 65, 6, 1, 2
2023/5/2, 61, 56, 72, 7, 2, 3
2023/5/3, 75, 50, 36, 10, 1, 4
2023/5/4, 102, 34, 36, 7, 1, 2
2023/5/5, 38, 23, 41, 10, 1, 3
2023/5/6, 43, 47, 40, 19, 1, 6
2023/5/7, 77, 54, 41, 13, 1, 3
2023/5/8, 61, 37, 33, 13, 1, 3
2023/5/9, 50, 25, 39, 8, 1, 2
2023/5/10, 49, 48, 46, 18, 1, 3
2023/5/11, 79, 51, 54, 10, 2, 3
2023/5/12, 89, 38, 51, 7, 1, 4
2023/5/13, 83, 33, 59, 6, 1, 3
2023/5/14, 61, 44, 46, 10, 1, 3
2023/5/15, 55, 62, 58, 19, 3, 4
2023/5/16, 90, 43, 21, 19, 3, 4
2023/5/17, 73, 27, 36, 10, 2, 2
2023/5/18, 36, 42, 43, 16, 3, 3
2023/5/19, 48, 483, 32, 6, 2, 1
2023/5/20, 182, 97, 31, 7, 2, 2
2023/5/21, 85, 38, 36, 12, 2, 2
2023/5/22, 59, 46, 44, 17, 2, 2
2023/5/23, 75, 60, 76, 7, 3, 2
2023/5/24, 62, 70, 59, 5, 2, 2
2023/5/25, 69, 49, 53, 8, 3, 3
2023/5/26, 98, 51, 61, 10, 3, 4
2023/5/27, 99, 40, 47, 8, 3, 3
2023/5/28, 74, 18, 37, 7, 3, 2
2023/5/29, 21, 30, 40, 11, 3, 1
2023/5/30, 36, 42, 55, 15, 3, 2
2023/5/31, 41, 44, 46, 10, 3, 3
2023/6/1, 55, 23, 34, 9, 2, 2
2023/6/2, 34, 26, 33, 11, 2, 1
2023/6/3, 16, 26, 33, 14, 3, 3
2023/6/4, 33, 38, 46, 17, 3, 3
2023/6/5, 44, 29, 39, 13, 3, 2
2023/6/6, 29, 45, 46, 10, 4, 3
2023/6/7, 36, 31, 34, 8, 3, 1
2023/6/8, 38, 27, 27, 15, 3, 2
2023/6/9, 42, 23, 31, 16, 3, 3
2023/6/10, 48, 20, 29, 18, 3, 3
2023/6/11, 46, 21, 32, 13, , 3
2023/6/12, 37, 39, 60, 20, 3, 5
2023/6/13, 62, 36, 72, 18, 3, 5
2023/6/14, 48, 48, 100, 17, 3, 5
2023/6/15, 65, 54, 103, 15, 4, 6
2023/6/16, 69, 54, 91, 14, 3, 5
2023/6/17, 75, 39, 81, 17, 4, 3
2023/6/18, 48, 54, 105, 17, 3, 4
2023/6/19, 61, 23, 43, 10, 2, 3
2023/6/20, 48, 19, 45, 8, 3, 4
2023/6/21, 41, 23, 48, 12, 2, 4
2023/6/22, 41, 21, 65, 11, 2, 3
2023/6/23, 31, 43, 110, 12, 3, 5
2023/6/24, 51, 48, 90, 8, 3, 4
2023/6/25, 57, 39, 76, 10, 2, 4
2023/6/26, 56, 19, 36, 7, 2, 3
2023/6/27, 34, 43, 99, 9, 3, 5
2023/6/28, 66, 34, 61, 8, 2, 3
2023/6/29, 61, 30, 56, 16, 2, 3
2023/6/30, 47, 36, 52, 9, 2, 2
2023/1/2, 81, 49, 15, 23, 14, 5
2023/1/3, 104, 63, 13, 28, 12, 9
2023/1/4, 143, 65, 14, 30, 13, 11
2023/1/5, 158, 107, 10, 31, 9, 14
2023/1/6, 209, 82, 17, 30, 12, 10
2023/1/7, 189, 81, 18, 23, 8, 8
2023/1/8, 147, 47, 19, 20, 9, 4
2023/1/9, 95, 50, 22, 17, 7, 5
2023/1/10, 87, 53, 24, 16, 8, 6
2023/1/11, 107, 36, 23, 12, 5, 5
2023/1/12, 102, 37, 26, 9, 4, 4
2023/1/13, 91, 15, 26, 4, 2, 2
2023/1/14, 36, 33, 19, 15, 10, 4
2023/1/15, 76, 35, 20, 15, 10, 4
2023/1/16, 73, 45, 19, 14, 11, 5
2023/1/17, 92, 55, 24, 12, 7, 4
2023/1/18, 73, 59, 19, 11, 8, 3
2023/1/19, 93, 44, 19, 7, 6, 3
2023/1/20, 77, 47, 21, 9, 11, 4
2023/1/21, 92, 93, 18, 10, 12, 7
2023/1/22, 186, 29, 21, 6, 6, 3
2023/1/23, 83, 28, 22, 7, 9, 2
2023/1/24, 66, 40, 19, 11, 11, 5
2023/1/25, 75, 64, 20, 17, 13, 6
2023/1/26, 139, 59, 22, 16, 15, 6
2023/1/27, 138, 35, 21, 12, 11, 4
2023/1/28, 80, 47, 19, 14, 10, 5
2023/1/29, 111, 53, 18, 19, 9, 7
2023/1/30, 129, 45, 20, 18, 11, 5
2023/1/31, 105, 60, 26, 19, 8, 5
2023/2/1, 153, 36, 21, 15, 8, 4
2023/2/2, 89, 49, 23, 17, 7, 5
2023/2/3, 113, 55, 24, 16, 7, 7
2023/2/4, 126, 66, 27, 15, 10, 8
2023/2/5, 141, 66, 19, 23, 12, 8
2023/2/6, 164, 55, 19, 22, 11, 6
2023/2/7, 125, 36, 23, 14, 6, 1
2023/2/8, 78, 50, 26, 17, 8, 3
2023/2/9, 103, 50, 20, 16, 7, 4
2023/2/10, 135, 82, 31, 14, 4, 6
2023/2/11, 167, 63, 27, 19, 5, 4
2023/2/12, 160, 47, 26, 21, 10, 3
2023/2/13, 120, 31, 26, 12, 6, 2
2023/2/14, 80, 32, 22, 17, 10, 3
2023/2/15, 81, 54, 25, 17, 9, 7
2023/2/16, 111, 51, 23, 19, 9, 5
2023/2/17, 122, 31, 26, 13, 5, 2
2023/2/18, 69, 33, 25, 11, 6, 2
2023/2/19, 62, 34, 26, 10, 5, 2
2023/2/20, 67, 51, 24, 19, 9, 4
2023/2/21, 87, 67, 24, 17, 8, 8
2023/2/22, 104, 70, 28, 18, 6, 7
2023/2/23, 121, 33, 27, 14, 5, 4
2023/2/24, 73, 51, 25, 20, 10, 5
2023/2/25, 96, 62, 27, 18, 11, 7
2023/2/26, 105, 254, 45, 12, 6, 7
2023/2/27, 140, 63, 39, 12, 5, 5
2023/2/28, 117, 39, 29, 9, 2, 2
2023/3/1, 58, 64, 27, 16, 2, 4
2023/3/2, 76, 62, 28, 20, 2, 5
2023/3/3, 107, 52, 33, 24, 8, 6
2023/3/4, 93, 70, 74, 12, 6, 6
2023/3/5, 132, 71, 42, 18, 8, 7
2023/3/6, 165, 119, 46, 16, 5, 7
2023/3/7, 161, 36, 29, 14, 3, 3
2023/3/8, 81, 63, 35, 25, 5, 7
2023/3/9, 123, 128, 51, 19, 5, 6
2023/3/10, 127, 83, 28, 8, 2, 2
2023/3/11, 70, 31, 28, 8, 3, 3
2023/3/12, 58, 52, 33, 17, 5, 5
2023/3/13, 107, 66, 21, 20, 4, 6
2023/3/14, 118, 60, 27, 8, 3, 2
2023/3/15, 56, 38, 30, 10, 3, 3
2023/3/16, 74, 42, 33, 14, 5, 4
2023/3/17, 90, 54, 33, 18, 7, 5
2023/3/18, 128, 75, 42, 20, 10, 7
2023/3/19, 154, 72, 57, 12, 5, 7
2023/3/20, 161, 85, 54, 12, 5, 7
2023/3/21, 165, 531, 43, 9, 3, 4
2023/3/22, 180, 121, 30, 7, 3, 3
2023/3/23, 105, 55, 32, 11, 4, 4
2023/3/24, 98, 52, 36, 16, 5, 4
2023/3/25, 103, 54, 35, 15, 5, 5
2023/3/26, 112, 62, 44, 17, 5, 6
2023/3/27, 130, 70, 41, 19, 6, 6
2023/3/28, 137, 89, 67, 14, 5, 6
2023/3/29, 155, 70, 44, 17, 4, 6
2023/3/30, 135, 87, 68, 22, 6, 7
2023/3/31, 171, 83, 84, 13, 6, 6
2022/10/1, 80, 47, 32, 15, 1, 5
2022/10/2, 80, 26, 15, 6, 1, 2
2022/10/3, 57, 12, 19, 7, 1, 1
2022/10/4, 32, 22, 22, 12, 1, 2
2022/10/5, 42, 29, 23, 14, 1, 2
2022/10/6, 55, 39, 24, 16, 1, 2
2022/10/7, 54, 41, 46, 11, 1, 3
2022/10/8, 63, 25, 27, 12, 1, 3
2022/10/9, 57, 17, 17, 7, 1, 1
2022/10/10, 43, 23, 20, 11, 1, 2
2022/10/11, 44, 31, 43, 10, 2, 3
2022/10/12, 57, 51, 47, 12, 3, 5
2022/10/13, 103, 60, 45, 16, 3, 8
2022/10/14, 139, 64, 37, 16, 2, 9
2022/10/15, 147, 25, 18, 7, 2, 1
2022/10/16, 41, 20, 14, 9, , 2
2022/10/17, 43, 35, 18, 17, 2, 3
2022/10/18, 57, 47, 27, 14, 3, 4
2022/10/19, 50, 58, 51, 14, 6, 6
2022/10/20, 115, 57, 41, 11, 4, 5
2022/10/21, 93, 30, 16, 14, 2, 4
2022/10/22, 94, 22, 20, 11, 2, 3
2022/10/23, 54, 40, 12, 23, 4, 6
2022/10/24, 74, 37, 37, 12, 2, 2
2022/10/25, 56, 47, 29, 11, 3, 3
2022/10/26, 94, 22, 20, 11, 3, 2
2022/10/27, 67, 39, 19, 20, 8, 4
2022/10/28, 83, 57, 17, 26, 8, 7
2022/10/29, 115, 64, 17, 26, 6, 5
2022/10/30, 99, 56, 21, 12, 4, 5
2022/10/31, 98, 33, 18, 12, 6, 1
2022/11/1, 60, 28, 21, 14, 5, 2
2022/11/2, 49, 34, 15, 13, 6, 1
2022/11/3, 38, 38, 17, 14, 8, 2
2022/11/4, 68, 38, 21, 15, 6, 3
2022/11/5, 84, 55, 21, 22, 5, 6
2022/11/6, 107, 60, 21, 23, 9, 6
2022/11/7, 106, 48, 24, 15, 7, 4
2022/11/8, 64, 59, 32, 18, 6, 7
2022/11/9, 134, 87, 26, 27, 8, 8
2022/11/10, 170, 57, 25, 15, 4, 8
2022/11/11, 137, 59, 18, 9, 2, 4
2022/11/12, 149, 37, 15, 17, 4, 4
2022/11/13, 112, 44, 22, 22, 6, 7
2022/11/14, 146, 56, 17, 27, 5, 9
2022/11/15, 137, 42, 16, 24, 9, 6
2022/11/16, 111, 40, 17, 22, 5, 8
2022/11/17, 123, 38, 8, 23, 9, 6
2022/11/18, 83, 32, 26, 12, 4, 4
2022/11/19, 74, 20, 14, 9, 4, 2
2022/11/20, 33, 31, 9, 14, 6, 4
2022/11/21, 68, 33, 13, 17, 5, 4
2022/11/22, 65, 49, 9, 21, 8, 7
2022/11/23, 104, 62, 16, 16, 6, 8
2022/11/24, 155, 69, 21, 12, 5, 5
2022/11/25, 102, 36, 19, 8, 5, 2
2022/11/26, 40, 25, 15, 12, 4, 6
2022/11/27, 67, 44, 15, 12, 5, 7
2022/11/28, 115, 43, 17, 5, 5, 3
2022/11/29, 52, 27, 18, 4, 6, 1
2022/11/30, 40, 18, 19, 6, 7, 1
2022/12/1, 39, 34, 21, 14, 8, 2
2022/12/2, 57, 26, 20, 8, 7, 1
2022/12/3, 60, 20, 20, 9, 9, 2
2022/12/4, 50, 29, 21, 13, 8, 3
2022/12/5, 65, 33, 21, 12, 7, 2
2022/12/6, 57, 40, 19, 10, 7, 2
2022/12/7, 50, 32, 19, 15, 9, 3
2022/12/8, 67, 35, 20, 15, 9, 3
2022/12/9, 74, 32, 19, 15, 11, 3
2022/12/10, 67, 43, 21, 17, 10, 4
2022/12/11, 82, 223, 22, 8, 5, 3
2022/12/12, 98, 65, 19, 5, 6, 1
2022/12/13, 66, 40, 20, 9, 8, 2
2022/12/14, 65, 33, 19, 10, 8, 3
2022/12/15, 71, 29, 18, 10, 8, 3
2022/12/16, 60, 30, 18, 10, 10, 3
2022/12/17, 53, 37, 19, 13, 14, 4
2022/12/18, 76, 41, 18, 14, 9, 5
2022/12/19, 79, 46, 22, 17, 11, 5
2022/12/20, 99, 40, 19, 12, 5, 5
2022/12/21, 110, 26, 21, 9, 4, 3
2022/12/22, 73, 27, 19, 10, 8, 3
2022/12/23, 69, 38, 17, 18, 13, 5
2022/12/24, 107, 54, 18, 22, 16, 7
2022/12/25, 145, 70, 12, 29, 11, 10
2022/12/26, 161, 63, 18, 23, 9, 8
2022/12/27, 166, 59, 11, 20, 11, 6
2022/12/28, 146, 42, 15, 21, 14, 6
2022/12/29, 100, 46, 19, 20, 12, 6
2022/12/30, 106, 49, 16, 20, 12, 6
2022/12/31, 123, 40, 17, 13, 10, 2
2023/1/1, 69, 45, 16, 18, 13, 4
2022/7/1, 52, 18, 38, 7, , 4
2022/7/2, 42, 32, 52, 7, 1, 4
2022/7/3, 53, 35, 40, 7, , 4
2022/7/4, 71, 30, 26, 11, , 3
2022/7/5, 63, 30, 25, 12, , 4
2022/7/6, 56, 12, 45, 8, , 3
2022/7/7, 38, 21, 43, 10, , 4
2022/7/8, 37, 27, 43, 9, , 4
2022/7/9, 44, 28, 40, 12, , 4
2022/7/10, 46, 33, 57, 15, , 5
2022/7/11, 55, 35, 53, 17, 1, 5
2022/7/12, 56, 16, 27, 9, 1, 5
2022/7/13, 36, 11, 35, 6, 1, 4
2022/7/14, 28, 9, 35, 4, 1, 3
2022/7/15, 27, 12, 23, 4, 1, 3
2022/7/16, 28, 21, 26, 10, 2, 4
2022/7/17, 33, 23, 28, 14, 2, 5
2022/7/18, 45, 20, 22, 13, 2, 4
2022/7/19, 40, 28, 37, 16, 1, 4
2022/7/20, 46, 24, 30, 11, 1, 4
2022/7/21, 47, 19, 32, 7, 1, 3
2022/7/22, 38, 30, 30, 10, 1, 4
2022/7/23, 41, 13, 28, 9, 1, 3
2022/7/24, 33, 26, 49, 9, 1, 5
2022/7/25, 46, 46, 66, 7, 1, 5
2022/7/26, 77, 42, 48, 10, , 4
2022/7/27, 72, 35, 36, 9, 1, 4
2022/7/28, 60, 16, 22, 7, 1, 4
2022/7/29, 41, 26, 36, 5, , 4
2022/7/30, 50, 28, 27, 7, , 3
2022/7/31, 55, 36, 39, 11, , 4
2022/8/1, 53, 42, 41, 14, , 4
2022/8/2, 73, 39, 35, 12, , 5
2022/8/3, 69, 40, 45, 7, , 6
2022/8/4, 68, 28, 36, 6, , 4
2022/8/5, 66, 28, 37, 10, 1, 4
2022/8/6, 48, 22, 35, 7, , 5
2022/8/7, 50, 16, 20, 6, 1, 3
2022/8/8, 106, 23, 31, 9, 1, 4
2022/8/9, 26, 31, 33, 9, 1, 4
2022/8/10, 41, 19, 31, 7, 1, 3
2022/8/11, 24, 30, 24, 12, 1, 4
2022/8/12, 39, 22, 40, 8, 1, 4
2022/8/13, 41, 30, 26, 14, 1, 5
2022/8/14, 44, 13, 25, 6, 1, 3
2022/8/15, 15, 17, 32, 9, 1, 3
2022/8/16, 32, 32, 34, 13, 1, 4
2022/8/17, 41, 42, 63, 9, 1, 5
2022/8/18, 49, 17, 35, 6, 1, 3
2022/8/19, 46, 24, 25, 12, 1, 2
2022/8/20, 43, 35, 46, 12, 2, 4
2022/8/21, 43, 19, 39, 7, 1, 2
2022/8/22, 22, 18, 19, 8, 1, 2
2022/8/23, 29, 33, 22, 12, 1, 2
2022/8/24, 54, 20, 23, 12, 2, 2
2022/8/25, 43, 20, 17, 12, 1, 2
2022/8/26, 23, 16, 19, 8, 2, 2
2022/8/27, 26, 30, 28, 11, 2, 2
2022/8/28, 38, 25, 19, 12, 2, 3
2022/8/29, 51, 28, 41, 9, 2, 4
2022/8/30, 53, 43, 34, 18, 2, 3
2022/8/31, 61, 18, 22, 9, 2, 2
2022/9/1, 28, 27, 32, 13, 2, 3
2022/9/2, 32, 36, 45, 15, 2, 3
2022/9/3, 44, 28, 20, 14, 2, 3
2022/9/4, 52, 20, 22, 7, 2, 2
2022/9/5, 34, 27, 19, 11, 2, 2
2022/9/6, 45, 32, 26, 10, 2, 2
2022/9/7, 30, 40, 51, 10, 4, 3
2022/9/8, 48, 44, 87, 14, 4, 4
2022/9/9, 62, 48, 75, 15, 3, 5
2022/9/10, 64, 46, 49, 14, 3, 4
2022/9/11, 69, 38, 53, 9, 2, 4
2022/9/12, 52, 25, 29, 8, 2, 2
2022/9/13, 41, 47, 27, 21, 3, 4
2022/9/14, 52, 21, 23, 13, 2, 3
2022/9/15, 45, 16, 17, 8, 2, 2
2022/9/16, 26, 23, 29, 9, 2, 2
2022/9/17, 31, 41, 26, 6, 2, 1
2022/9/18, 46, 27, 25, 6, 2, 1
2022/9/19, 31, 32, 21, 15, 3, 2
2022/9/20, 34, 42, 43, 8, 4, 3
2022/9/21, 35, 30, 41, 7, 3, 3
2022/9/22, 40, 15, 22, 6, 3, 2
2022/9/23, 34, 21, 24, 7, 3, 2
2022/9/24, 22, 38, 62, 10, 4, 4
2022/9/25, 52, 51, 37, 17, 3, 6
2022/9/26, 81, 65, 91, 17, 4, 8
2022/9/27, 110, 65, 90, 16, 3, 6
2022/9/28, 101, 57, 82, 13, 2, 5
2022/9/29, 97, 57, 90, 9, 2, 5
2022/9/30, 87, 37, 13, 9, 1, 3
2022/4/1, 63, 27, 40, 5, 7, 3
2022/4/2, 64, 35, 50, 5, 5, 4
2022/4/3, 71, 60, 75, 6, 5, 4
2022/4/4, 106, 50, 62, 4, 4, 3
2022/4/25, 81, 49, 36, 2, 3, 4
2022/4/26, 36, 27, 43, 3, 2, 7
2022/4/27, 61, 44, 46, 8, 2, 6
2022/4/28, 106, 56, 61, 7, 2, 6
2022/4/29, 129, 15, 31, 2, 2, 5
2022/4/30, 35, 24, 38, 5, 2, 6
2022/5/1, 64, 32, 45, 5, 2, 6
2022/5/2, 80, 54, 71, 6, 3, 7
2022/5/3, 76, 61, 81, 4, 3, 6
2022/5/4, 78, 66, 73, 3, 3, 5
2022/5/5, 71, 31, 37, 2, 2, 4
2022/5/6, 44, 24, 36, 5, 2, 5
2022/5/7, 42, 38, 40, 9, 2, 5
2022/5/8, 75, 35, 59, 10, 3, 6
2022/5/9, 88, 40, 54, 5, 2, 5
2022/5/10, 66, 25, 35, 3, 2, 3
2022/5/11, 55, 24, 30, 6, 2, 2
2022/5/12, 49, 30, 40, 7, 2, 3
2022/5/13, 53, 22, 37, 6, 2, 3
2022/5/14, 50, 28, 35, 9, 2, 3
2022/5/15, 51, 22, 40, 9, 2, 3
2022/5/16, 45, 38, 48, 7, 2, 3
2022/5/17, 71, 36, 51, 7, 2, 3
2022/5/18, 62, 35, 45, 7, 2, 4
2022/5/19, 62, 44, 60, 10, 3, 4
2022/5/20, 70, 41, 53, 4, 3, 5
2022/5/21, 76, 20, 48, 7, 2, 3
2022/5/22, 35, 45, 102, 9, 4, 6
2022/5/23, 66, 51, 84, 8, 3, 5
2022/5/24, 79, 10, 23, 5, 2, 2
2022/5/25, 32, 10, 23, 6, 2, 2
2022/5/26, 20, 18, 38, 8, 2, 3
2022/5/27, 33, 37, 57, 11, 3, 5
2022/5/28, 57, 38, 70, 7, 2, 4
2022/5/29, 60, 17, 32, 6, 2, 3
2022/5/30, 35, 21, 30, 9, 2, 3
2022/5/31, 38, 23, 32, 14, 2, 4
2022/6/1, 39, 21, 35, 16, 2, 4
2022/6/2, 39, 24, 36, 12, 2, 3
2022/6/3, 43, 22, 34, 11, 2, 5
2022/6/4, 48, 19, 41, 7, 2, 5
2022/6/5, 46, 14, 23, 7, 2, 4
2022/6/6, 30, 16, 23, 10, 2, 4
2022/6/7, 30, 20, 39, 8, 2, 4
2022/6/8, 37, 27, 33, 11, 2, 4
2022/6/9, 54, 40, 37, 19, 2, 6
2022/6/10, 58, 51, 48, 20, 2, 6
2022/6/11, 74, 41, 40, 16, 2, 5
2022/6/12, 66, 26, 40, 8, 2, 4
2022/6/13, 52, 24, 38, 10, 2, 4
2022/6/14, 44, 35, 38, 12, 2, 3
2022/6/15, 51, 46, 39, 14, 2, 5
2022/6/16, 70, 50, 47, 12, 2, 4
2022/6/17, 68, 46, 55, 19, 1, 4
2022/6/18, 65, 48, 59, 12, 1, 4
2022/6/19, 71, 55, 75, 13, 1, 5
2022/6/20, 79, 57, 44, 13, 1, 4
2022/6/21, 72, 53, 40, 14, 1, 6
2022/6/22, 73, 17, 39, 7, 1, 4
2022/6/23, 40, 14, 43, 8, 1, 2
2022/6/24, 35, 14, 34, 9, 1, 3
2022/6/25, 30, 23, 41, 15, 1, 3
2022/6/26, 35, 30, 50, 17, 1, 4
2022/6/27, 54, 12, 26, 6, 1, 3
2022/6/28, 30, 15, 32, 7, 1, 4
2022/6/29, 30, 23, 40, 13, 1, 4
2022/6/30, 36, 31, 42, 15, 1, 5
2022/1/3, 101, 40, 16, 17, 12, 4
2022/1/4, 83, 55, 14, 21, 12, 5
2022/1/5, 116, 60, 8, 22, 11, 5
2022/1/6, 142, 62, 11, 23, 11, 8
2022/1/7, 140, 67, 20, 20, 6, 9
2022/1/8, 168, 58, 16, 23, 10, 6
2022/1/9, 138, 57, 20, 18, 8, 6
2022/1/10, 138, 32, 16, 13, 7, 4
2022/1/11, 82, 47, 12, 19, 11, 6
2022/1/12, 103, 47, 19, 15, 10, 5
2022/1/13, 109, 43, 18, 16, 11, 5
2022/1/14, 90, 53, 21, 14, 8, 6
2022/1/15, 126, 47, 18, 17, 11, 5
2022/1/16, 106, 42, 21, 17, 8, 5
2022/1/17, 97, 53, 19, 21, 18, 6
2022/1/18, 127, 54, 19, 16, 10, 5
2022/1/19, 135, 55, 9, 25, 14, 7
2022/1/20, 126, 64, 15, 26, 15, 10
2022/1/21, 139, 97, 16, 29, 27, 12
2022/1/22, 184, 63, 23, 20, 12, 7
2022/1/23, 150, 87, 17, 29, 28, 11
2022/1/24, 186, 86, 21, 28, 18, 10
2022/1/25, 179, 64, 22, 17, 12, 6
2022/1/26, 144, 48, 21, 17, 8, 6
2022/1/27, 100, 45, 22, 14, 8, 4
2022/1/28, 95, 41, 25, 11, 10, 3
2022/1/29, 75, 36, 27, 10, 8, 4
2022/1/30, 77, 51, 27, 15, 11, 6
2022/1/31, 118, 156, 28, 12, 15, 7
2022/2/1, 234, 28, 28, 6, 9, 2
2022/2/2, 75, 35, 29, 8, 9, 4
2022/2/3, 85, 34, 28, 8, 10, 3
2022/2/4, 79, 35, 30, 8, 10, 3
2022/2/5, 70, 42, 28, 14, 9, 6
2022/2/6, 97, 35, 26, 13, 11, 6
2022/2/7, 79, 42, 28, 15, 11, 6
2022/2/8, 95, 61, 28, 15, 7, 8
2022/2/9, 128, 89, 28, 29, 14, 14
2022/2/10, 176, 62, 29, 15, 5, 8
2022/2/11, 152, 43, 18, 17, 11, 3
2022/2/12, 99, 48, 28, 14, 12, 3
2022/2/13, 125, 44, 27, 10, 6, 2
2022/2/14, 111, 45, 25, 12, 7, 2
2022/2/15, 104, 53, 24, 14, 9, 4
2022/2/16, 133, 37, 18, 19, 11, 4
2022/2/17, 97, 47, 23, 15, 9, 5
2022/2/18, 93, 41, 29, 11, 7, 3
2022/2/19, 100, 43, 26, 17, 10, 4
2022/2/20, 104, 32, 29, 14, 7, 4
2022/2/21, 71, 31, 28, 12, 5, 3
2022/2/22, 74, 49, 26, 22, 8, 4
2022/2/23, 95, 53, 27, 16, 8, 4
2022/2/24, 91, 72, 31, 18, 8, 6
2022/2/25, 121, 29, 32, 9, 6, 3
2022/2/26, 62, 37, 31, 10, 6, 4
2022/2/27, 62, 33, 21, 15, 12, 4
2022/2/28, 70, 26, 27, 11, 7, 4
2022/3/1, 62, 39, 27, 12, 6, 7
2022/3/2, 69, 37, 28, 13, 5, 4
2022/3/3, 68, 80, 29, 7, 4, 3
2022/3/4, 72, 51, 30, 5, 4, 2
2022/3/5, 55, 33, 26, 11, 5, 3
2022/3/6, 61, 53, 30, 22, 8, 6
2022/3/7, 93, 79, 36, 22, 7, 9
2022/3/8, 152, 75, 38, 19, 5, 8
2022/3/9, 147, 77, 42, 11, 6, 5
2022/3/10, 138, 42, 31, 10, 6, 2
2022/3/11, 46, 36, 24, 11, 4, 4
2022/3/12, 66, 40, 20, 8, 6, 5
2022/3/13, 104, 31, 30, 7, 6, 4
2022/3/14, 88, 31, 32, 9, 3, 4
2022/3/15, 82, 22, 36, 6, 4, 3
2022/3/16, 60, 20, 35, 5, 4, 3
2022/3/17, 48, 27, 37, 6, 8, 3
2022/3/18, 65, 25, 41, 5, 3, 4
2022/3/19, 70, 30, 39, 8, 8, 4
2022/3/20, 76, 34, 38, 7, 9, 5
2022/3/21, 86, 22, 37, 5, 7, 4
2022/3/22, 55, 35, 41, 5, 6, 5
2022/3/23, 82, 48, 45, 5, 4, 6
2022/3/24, 119, 50, 40, 5, 5, 4
2022/3/25, 89, 27, 38, 6, 6, 3
2022/3/26, 53, 18, 36, 4, 4, 2
2022/3/27, 39, 82, 48, 6, 5, 4
2022/3/28, 79, 36, 41, 6, 4, 4
2022/3/29, 62, 21, 38, 4, 2, 3
2022/3/30, 52, 23, 40, 7, 7, 3
2022/3/31, 57, 25, 40, 6, 6, 4
2021/10/1, 51, 30, 20, 12, 2, 10
2021/10/2, 44, 35, 33, 6, 2, 9
2021/10/3, 51, 20, 23, 9, 3, 3
2021/10/4, 38, 28, 23, 13, 3, 3
2021/10/5, 47, 32, 20, 15, 3, 3
2021/10/6, 53, 34, 26, 16, 3, 4
2021/10/7, 62, 42, 23, 20, 3, 4
2021/10/8, 70, 23, 13, 12, 2, 4
2021/10/9, 41, 37, 22, 5, 2, 2
2021/10/10, 31, 27, 18, 11, 2, 4
2021/10/11, 38, 50, 16, 18, 2, 9
2021/10/12, 85, 41, 25, 14, 2, 5
2021/10/13, 69, 25, 17, 11, 2, 3
2021/10/14, 55, 38, 20, 11, 3, 2
2021/10/15, 43, 26, 17, 7, 4, 1
2021/10/16, 31, 28, 14, 9, 5, 1
2021/10/17, 37, 30, 13, 11, 4, 3
2021/10/18, 61, 35, 17, 16, 5, 5
2021/10/19, 64, 44, 18, 18, 8, 5
2021/10/20, 72, 66, 15, 25, 6, 9
2021/10/21, 110, 43, 22, 21, 4, 6
2021/10/22, 80, 53, 20, 22, 8, 7
2021/10/23, 90, 52, 26, 20, 10, 8
2021/10/24, 105, 56, 38, 13, 5, 8
2021/10/25, 146, 53, 28, 19, 6, 6
2021/10/26, 127, 42, 18, 15, 5, 3
2021/10/27, 47, 45, 17, 21, 4, 7
2021/10/28, 62, 45, 16, 23, 4, 6
2021/10/29, 64, 60, 32, 18, 4, 7
2021/10/30, 124, 36, 9, 10, 3, 3
2021/10/31, 66, 47, 6, 16, 4, 5
2021/11/1, 93, 60, 15, 21, 4, 6
2021/11/2, 122, 59, 18, 18, 5, 7
2021/11/3, 140, 75, 22, 24, 4, 11
2021/11/4, 161, 79, 35, 26, 4, 10
2021/11/5, 167, 32, 14, 7, 2, 4
2021/11/6, 50, 31, 11, 10, 4, 3
2021/11/7, 54, 18, 16, 10, 3, 4
2021/11/8, 56, 19, 15, 9, 3, 4
2021/11/9, 57, 16, 18, 10, 4, 4
2021/11/10, 50, 21, 21, 12, 4, 5
2021/11/11, 54, 37, 16, 18, 7, 6
2021/11/12, 89, 35, 17, 17, 8, 8
2021/11/13, 86, 47, 15, 19, 6, 8
2021/11/14, 115, 56, 8, 27, 6, 8
2021/11/15, 148, 40, 15, 24, 10, 6
2021/11/16, 82, 49, 25, 14, 6, 8
2021/11/17, 108, 47, 16, 17, 7, 7
2021/11/18, 111, 28, 14, 12, 5, 5
2021/11/19, 58, 53, 16, 18, 10, 8
2021/11/20, 116, 60, 12, 19, 10, 8
2021/11/21, 150, 32, 17, 9, 5, 4
2021/11/22, 61, 21, 19, 9, 7, 4
2021/11/23, 41, 25, 18, 14, 7, 4
2021/11/24, 47, 34, 15, 19, 8, 6
2021/11/25, 76, 52, 8, 27, 10, 8
2021/11/26, 115, 49, 18, 16, 6, 8
2021/11/27, 116, 44, 19, 14, 8, 8
2021/11/28, 123, 51, 15, 13, 6, 6
2021/11/29, 132, 36, 15, 11, 4, 4
2021/11/30, 97, 29, 17, 11, 5, 4
2021/12/1, 72, 31, 17, 9, 6, 4
2021/12/2, 48, 28, 15, 13, 7, 5
2021/12/3, 62, 37, 12, 14, 10, 5
2021/12/4, 79, 41, 19, 12, 7, 7
2021/12/5, 99, 39, 16, 14, 6, 6
2021/12/6, 90, 35, 13, 16, 7, 5
2021/12/7, 73, 48, 13, 17, 7, 7
2021/12/8, 108, 42, 16, 13, 7, 6
2021/12/9, 107, 49, 13, 12, 4, 6
2021/12/10, 139, 53, 9, 15, 4, 6
2021/12/11, 131, 21, 10, 7, 5, 3
2021/12/12, 38, 31, 17, 11, 7, 5
2021/12/13, 52, 49, 9, 17, 6, 7
2021/12/14, 116, 63, 6, 24, 10, 7
2021/12/15, 152, 48, 17, 14, 7, 4
2021/12/16, 113, 33, 16, 14, 7, 3
2021/12/17, 81, 47, 11, 18, 10, 7
2021/12/18, 95, 43, 13, 19, 9, 6
2021/12/19, 77, 46, 17, 17, 10, 8
2021/12/20, 85, 25, 17, 9, 6, 5
2021/12/21, 52, 49, 8, 21, 29, 7
2021/12/22, 101, 52, 12, 19, 13, 8
2021/12/23, 121, 24, 20, 8, 5, 6
2021/12/24, 66, 32, 18, 11, 8, 7
2021/12/25, 76, 43, 13, 16, 11, 7
2021/12/26, 87, 52, 17, 21, 13, 6
2021/12/27, 104, 58, 15, 20, 12, 8
2021/12/28, 123, 51, 17, 17, 9, 5
2021/12/29, 131, 34, 25, 11, 7, 4
2021/12/30, 69, 38, 24, 19, 11, 5
2021/12/31, 80, 50, 14, 18, 13, 7
2022/1/1, 107, 38, 18, 13, 10, 4
2022/1/2, 75, 49, 17, 18, 9, 6
2021/7/1, 51, 39, 49, 12, 2, 5
2021/7/2, 56, 35, 43, 12, 2, 5
2021/7/3, 60, 12, 23, 8, 2, 4
2021/7/4, 26, 15, 37, 7, 2, 3
2021/7/5, 26, 31, 36, 15, 2, 5
2021/7/6, 54, 24, 31, 12, 2, 7
2021/7/7, 57, 24, 35, 9, 2, 6
2021/7/8, 51, 24, 33, 11, 2, 6
2021/7/9, 50, 25, 40, 8, 2, 6
2021/7/10, 55, 42, 61, 10, , 8
2021/7/11, 84, 41, 56, 9, 1, 7
2021/7/12, 75, 31, 47, 6, 1, 5
2021/7/13, 60, 28, 28, 5, 1, 5
2021/7/14, 48, 18, 31, 7, 1, 4
2021/7/15, 33, 16, 29, 8, 1, 4
2021/7/16, 25, 30, 38, 12, 1, 4
2021/7/17, 42, 31, 42, 10, 1, 4
2021/7/18, 51, 28, 35, 8, 1, 4
2021/7/19, 48, 23, 31, 8, 1, 3
2021/7/20, 41, 27, 35, 13, 1, 4
2021/7/21, 45, 34, 37, 12, 1, 4
2021/7/22, 51, 36, 38, 6, 1, 5
2021/7/23, 66, 37, 44, 7, 1, 5
2021/7/24, 60, 32, 43, 7, 1, 4
2021/7/25, 61, 32, 40, 7, 1, 4
2021/7/26, 51, 32, 45, 6, 1, 5
2021/7/27, 53, 31, 40, 8, 1, 5
2021/7/28, 58, 34, 42, 11, 1, 6
2021/7/29, 51, 36, 28, 14, 1, 6
2021/7/30, 59, 18, 28, 8, , 6
2021/7/31, 35, 12, 25, 4, 1, 5
2021/8/1, 30, 8, 8, 4, 1, 4
2021/8/2, 22, 14, 23, 6, 1, 4
2021/8/3, 19, 31, 41, 7, 1, 6
2021/8/4, 56, 35, 43, 6, 1, 6
2021/8/5, 66, 38, 31, 12, 1, 7
2021/8/6, 71, 34, 42, 13, 1, 7
2021/8/7, 62, 53, 58, 15, 1, 8
2021/8/8, 93, 60, 45, 13, 2, 8
2021/8/9, 104, , , , , 
2021/8/20, 49, 17, 27, 10, 1, 6
2021/8/21, 40, 19, 41, 8, 1, 5
2021/8/22, 31, 44, 47, 7, 1, 8
2021/8/23, 77, 31, 41, 11, 1, 6
2021/8/24, 59, 20, 33, 7, 1, 5
2021/8/25, 32, 26, 41, 7, 2, 4
2021/8/26, 44, 23, 28, 6, 2, 4
2021/8/27, 37, 17, 18, 6, 2, 3
2021/8/28, 16, 18, 16, 9, 2, 3
2021/8/29, 22, 21, 21, 10, 2, 3
2021/8/30, 40, 30, 29, 15, 2, 4
2021/8/31, 39, 42, 38, 18, 2, 5
2021/9/1, 60, 41, 38, 16, 2, 6
2021/9/2, 58, 37, 42, 15, 2, 5
2021/9/3, 58, 43, 41, 17, 2, 6
2021/9/4, 66, 27, 35, 11, 2, 4
2021/9/5, 33, 32, 21, 14, 2, 4
2021/9/6, 38, 12, 25, 7, , 4
2021/9/7, 31, 20, 28, 11, 2, 4
2021/9/8, 32, 16, 31, 8, , 4
2021/9/9, 33, 22, 33, 8, 2, 4
2021/9/10, 45, 23, 23, 10, 2, 4
2021/9/11, 40, 21, 23, 13, 2, 4
2021/9/12, 30, 20, 21, 12, 2, 5
2021/9/13, 33, 31, 20, 16, 2, 6
2021/9/14, 53, 28, 28, 14, 2, 5
2021/9/15, 43, 19, 19, 11, 2, 5
2021/9/16, 39, 32, 26, 16, 2, 8
2021/9/17, 54, 43, 19, 18, 2, 9
2021/9/18, 83, 30, 44, 11, 2, 3
2021/9/19, 57, 39, 17, 11, 2, 6
2021/9/20, 54, 11, 19, 5, 2, 4
2021/9/21, 27, 6, 10, 6, 2, 3
2021/9/22, 16, 16, 21, 9, 2, 4
2021/9/23, 27, 34, 23, 15, 2, 5
2021/9/24, 43, 21, 14, 15, 2, 6
2021/9/25, 40, 32, 18, 15, 2, 7
2021/9/26, 58, 26, 21, 9, , 6
2021/9/27, 51, 23, 27, 8, , 5
2021/9/28, 50, 23, 23, 9, 2, 3
2021/9/29, 35, 27, 30, 17, 2, 4
2021/9/30, 51, 29, 22, 11, 2, 9
2021/4/1, 92, 73, 40, 19, 7, 6
2021/4/2, 110, 34, 36, 7, 3, 3
2021/4/3, 38, 44, 40, 15, 4, 3
2021/4/4, 85, 65, 35, 13, 4, 4
2021/4/5, 85, 45, 38, 13, 3, 3
2021/4/6, 68, 48, 23, 13, 3, 3
2021/4/7, 83, 83, 37, 20, 6, 8
2021/4/8, 174, 99, 72, 31, 5, 9
2021/4/9, 187, 80, 61, 21, 5, 7
2021/4/10, 159, 92, 51, 13, 3, 5
2021/4/11, 101, 46, 48, 8, 2, 2
2021/4/12, 46, 13, 35, 5, 2, 1
2021/4/13, 26, 29, 37, 14, 2, 3
2021/4/14, 63, 66, 56, 13, 4, 5
2021/4/15, 107, 78, 39, 7, 2, 3
2021/4/16, 29, 69, 22, 11, 2, 3
2021/4/17, 83, 37, 38, 15, 3, 2
2021/4/18, 79, 76, 68, 15, 4, 4
2021/4/19, 116, 65, 51, 20, 5, 4
2021/4/20, 149, 80, 86, 20, 5, 4
2021/4/21, 138, 50, 50, 16, 3, 2
2021/4/22, 79, 41, 31, 19, 3, 4
2021/4/23, 104, 35, 33, 15, 2, 3
2021/4/24, 76, 48, 46, 16, 3, 5
2021/4/25, 104, 56, 49, 15, 4, 4
2021/4/26, 114, 73, 32, 10, 3, 5
2021/4/27, 105, 60, 34, 12, 2, 3
2021/4/28, 49, 51, 34, 13, 3, 4
2021/4/29, 66, 20, 28, 11, 2, 3
2021/4/30, 52, 35, 36, 14, 2, 4
2021/5/1, 78, 37, 42, 14, 2, 3
2021/5/2, 89, 56, 43, 14, 3, 4
2021/5/3, 79, 37, 28, 11, 2, 3
2021/5/4, 57, 50, 26, 11, 2, 3
2021/5/5, 51, 71, 47, 16, 3, 4
2021/5/6, 70, 89, 31, 10, 2, 3
2021/5/7, 95, 15, 23, 8, , 2
2021/5/8, 19, 12, 31, 8, 2, 3
2021/5/9, 26, 38, 32, 21, 3, 5
2021/5/10, 61, 40, 43, 17, 2, 5
2021/5/11, 72, 38, 36, 12, 3, 4
2021/5/12, 52, 44, 44, 15, 3, 7
2021/5/13, 92, 48, 46, 15, 3, 7
2021/5/14, 70, 21, 23, 13, 2, 5
2021/5/15, 40, 39, 36, 19, 2, 5
2021/5/16, 54, 44, 40, 17, 3, 5
2021/5/17, 67, 44, 55, 10, 4, 6
2021/5/18, 55, 54, 76, 10, 5, 8
2021/5/19, 75, 48, 73, 11, 4, 8
2021/5/20, 85, 46, 66, 14, 4, 8
2021/5/21, 83, 58, 78, 9, 4, 6
2021/5/22, 100, 75, 47, 8, 2, 3
2021/5/23, 89, 58, 25, 13, 2, 3
2021/5/24, 68, 32, 31, 14, 2, 2
2021/5/25, 39, 42, 31, 10, 3, 3
2021/5/26, 42, 31, 38, 12, 2, 3
2021/5/27, 53, 30, 29, 12, 2, 3
2021/5/28, 57, 32, 33, 16, 2, 3
2021/5/29, 65, 50, 29, 22, 3, 5
2021/5/30, 81, 42, 48, 14, 2, 4
2021/5/31, 67, 27, 32, 12, 2, 2
2021/6/1, 53, 22, 27, 16, 2, 4
2021/6/2, 49, 17, 28, 7, 2, 2
2021/6/3, 38, 17, 28, 11, 2, 2
2021/6/4, 32, 11, 26, 9, 2, 4
2021/6/5, 25, 15, 25, 11, 2, 5
2021/6/6, 26, 22, 41, 15, 2, 6
2021/6/7, 47, 35, 53, 18, 2, 7
2021/6/8, 59, 39, 45, 15, 3, 7
2021/6/9, 64, 31, 24, 13, 3, 8
2021/6/10, 61, 26, 34, 14, 2, 6
2021/6/11, 55, 46, 82, 19, 3, 9
2021/6/12, 72, 46, 44, 18, 2, 9
2021/6/13, 73, 33, 42, 11, 2, 7
2021/6/14, 53, 25, 33, 12, 2, 7
2021/6/15, 49, 33, 52, 15, 2, 7
2021/6/16, 61, 26, 29, 7, 2, 6
2021/6/17, 29, 22, 23, 8, 2, 5
2021/6/18, 22, 19, 28, 9, 2, 2
2021/6/19, 26, 15, 34, 9, 2, 3
2021/6/20, 26, 19, 26, 10, 3, 4
2021/6/21, 37, 21, 36, 13, 3, 4
2021/6/22, 30, 43, 42, 18, 3, 5
2021/6/23, 49, 42, 45, 24, 3, 6
2021/6/24, 51, 46, 67, 23, 3, 6
2021/6/25, 70, 32, 33, 15, 2, 5
2021/6/26, 48, 20, 32, 9, 2, 5
2021/6/27, 43, 35, 41, 15, 2, 5
2021/6/28, 61, 27, 43, 9, 2, 5
2021/6/29, 35, 26, 39, 12, 2, 5
2021/6/30, 51, 27, 51, 9, 2, 6
2021/1/4, 83, 36, 14, 18, 10, 5
2021/1/5, 86, 42, 15, 15, 8, 4
2021/1/6, 94, 25, 16, 10, 7, 4
2021/1/7, 56, 30, 14, 17, 13, 4
2021/1/8, 79, 34, 15, 18, 11, 5
2021/1/9, 90, 51, 17, 19, 12, 6
2021/1/10, 133, 38, 16, 19, 12, 6
2021/1/11, 103, 56, 19, 17, 7, 7
2021/1/12, 120, 57, 22, 16, 9, 5
2021/1/13, 121, 34, 21, 14, 11, 3
2021/1/14, 63, 49, 24, 16, 9, 5
2021/1/15, 117, 56, 17, 23, 14, 6
2021/1/16, 137, 42, 21, 19, 13, 4
2021/1/17, 93, 24, 23, 9, 6, 2
2021/1/18, 66, 36, 25, 13, 8, 4
2021/1/19, 91, 46, 20, 11, 9, 5
2021/1/20, 91, 77, 14, 22, 7, 12
2021/1/21, 173, 55, 19, 23, 20, 7
2021/1/22, 130, 61, 27, 25, 12, 8
2021/1/23, 148, 77, 26, 27, 8, 13
2021/1/24, 172, 131, 13, 40, 10, 25
2021/1/25, 245, 78, 27, 19, 11, 9
2021/1/26, 153, 28, 26, 13, 9, 4
2021/1/27, 57, 33, 27, 11, 7, 4
2021/1/28, 82, 37, 26, 11, 9, 5
2021/1/29, 73, 58, 25, 18, 8, 9
2021/1/30, 141, 64, 20, 23, 15, 10
2021/1/31, 150, 55, 29, 12, 7, 6
2021/2/1, 133, 34, 27, 9, 9, 2
2021/2/2, 74, 27, 27, 10, 9, 2
2021/2/3, 66, 32, 26, 14, 11, 3
2021/2/4, 74, 63, 23, 18, 12, 7
2021/2/5, 137, 87, 40, 24, 13, 8
2021/2/6, 181, 57, 29, 20, 10, 5
2021/2/7, 136, 64, 24, 21, 11, 8
2021/2/8, 155, 50, 26, 17, 13, 7
2021/2/9, 123, 82, 22, 23, 11, 9
2021/2/10, 185, 58, 49, 10, 10, 3
2021/2/11, 124, 78, 37, 12, 13, 5
2021/2/12, 164, 80, 23, 14, 6, 7
2021/2/13, 171, 33, 28, 7, 6, 2
2021/2/14, 71, 23, 28, 6, 5, 2
2021/2/15, 63, 29, 26, 7, 9, 3
2021/2/16, 71, 32, 23, 4, 4, 3
2021/2/17, 50, 36, 23, 9, 10, 3
2021/2/18, 62, 74, 30, 10, 9, 6
2021/2/19, 76, 35, 25, 10, 5, 3
2021/2/20, 47, 36, 29, 12, 8, 5
2021/2/21, 88, 31, 27, 8, 8, 3
2021/2/22, 66, 24, 28, 7, 6, 2
2021/2/23, 56, 46, 30, 14, 7, 2
2021/2/24, 94, 38, 29, 11, 6, 2
2021/2/25, 90, 61, 29, 15, 11, 4
2021/2/26, 120, 100, 41, 13, 9, 6
2021/2/27, 149, 38, 27, 10, 6, 5
2021/2/28, 78, 28, 32, 11, 8, 6
2021/3/1, 77, 36, 29, 17, 8, 8
2021/3/2, 84, 60, 30, 12, 8, 9
2021/3/3, 131, 67, 33, 12, 7, 4
2021/3/4, 97, 24, 31, 6, 3, 3
2021/3/5, 58, 34, 26, 14, 8, 4
2021/3/6, 79, 42, 28, 17, 10, 4
2021/3/7, 94, 70, 39, 22, 9, 8
2021/3/8, 159, 59, 30, 17, 7, 8
2021/3/9, 103, 68, 29, 19, 5, 9
2021/3/10, 106, 76, 34, 20, 7, 11
2021/3/11, 167, 70, 40, 21, 9, 7
2021/3/12, 159, 55, 38, 24, 6, 6
2021/3/13, 125, 70, 48, 18, 6, 7
2021/3/14, 166, 151, 37, 7, 3, 4
2021/3/15, 88, 135, 32, 8, 3, 1
2021/3/16, 45, 50, 29, 21, 4, 4
2021/3/17, 88, 51, 34, 21, 4, 4
2021/3/18, 96, 58, 36, 20, 6, 4
2021/3/19, 116, 44, 17, 18, 4, 4
2021/3/20, 112, 23, 29, 6, 3, 2
2021/3/21, 58, 27, 25, 11, 6, 2
2021/3/22, 46, 107, 17, 19, 8, 5
2021/3/23, 101, 52, 36, 16, 5, 3
2021/3/24, 88, 53, 35, 12, 5, 4
2021/3/25, 83, 54, 50, 15, 5, 5
2021/3/26, 115, 63, 53, 16, 7, 7
2021/3/27, 137, 200, 28, 17, 4, 6
2021/3/28, 122, 80, 26, 10, 2, 2
2021/3/29, 26, 35, 40, 17, 4, 4
2021/3/30, 73, 61, 41, 22, 5, 6
2021/3/31, 116, 57, 31, 25, 14, 5
2020/10/1, 102, 25, 25, 6, 2, 3
2020/10/2, 49, 23, 26, 10, 2, 2
2020/10/3, 38, 19, 23, 7, 2, 2
2020/10/4, 35, 12, 18, 5, 1, 2
2020/10/5, 33, 34, 24, 13, 2, 5
2020/10/6, 66, 55, 35, 18, 3, 6
2020/10/7, 93, 61, 64, 17, 3, 8
2020/10/8, 136, 44, 45, 12, 2, 5
2020/10/9, 89, 55, 53, 13, 3, 6
2020/10/10, 110, 38, 47, 12, 2, 4
2020/10/11, 87, 22, 24, 12, 2, 1
2020/10/12, 37, 40, 24, 11, 2, 3
2020/10/13, 64, 22, 23, 9, 2, 4
2020/10/14, 42, 32, 28, 13, 3, 5
2020/10/15, 59, 35, 28, 15, 2, 5
2020/10/16, 67, 40, 25, 13, 4, 5
2020/10/17, 59, 27, 29, 14, 4, 4
2020/10/18, 47, 60, 27, 19, 8, 6
2020/10/19, 94, 66, 56, 13, 4, 11
2020/10/20, 165, 90, 56, 10, 3, 7
2020/10/21, 101, 24, 42, 9, 3, 3
2020/10/22, 50, 27, 23, 12, 3, 2
2020/10/23, 55, 31, 26, 14, 7, 2
2020/10/24, 59, 42, 22, 21, 7, 3
2020/10/25, 79, 67, 23, 28, 5, 9
2020/10/26, 144, 32, 21, 11, 4, 3
2020/10/27, 60, 26, 16, 12, 5, 3
2020/10/28, 52, 42, 15, 18, 7, 5
2020/10/29, 77, 53, 16, 17, 5, 6
2020/10/30, 107, 78, 25, 16, 5, 8
2020/10/31, 152, 33, 18, 9, 4, 4
2020/11/1, 47, 31, 18, 9, 4, 4
2020/11/2, 49, 28, 18, 9, 3, 5
2020/11/3, 45, 41, 14, 18, 7, 7
2020/11/4, 66, 63, 16, 22, 6, 11
2020/11/5, 140, 63, 21, 16, 6, 8
2020/11/6, 111, 59, 15, 15, 5, 6
2020/11/7, 68, 25, 15, 7, 3, 5
2020/11/8, 38, 24, 16, 10, 4, 4
2020/11/9, 50, 45, 10, 20, 6, 5
2020/11/10, 69, 63, 28, 19, 7, 9
2020/11/11, 152, 63, 27, 15, 5, 8
2020/11/12, 123, 34, 12, 17, 6, 8
2020/11/13, 67, 63, 18, 20, 5, 9
2020/11/14, 138, 69, 18, 18, 6, 10
2020/11/15, 152, 54, 13, 20, 6, 8
2020/11/16, 128, 84, 25, 24, 6, 9
2020/11/17, 193, 53, 11, 11, 2, 7
2020/11/18, 139, 15, 17, 6, 2, 3
2020/11/19, 42, 21, 16, 14, 4, 4
2020/11/20, 64, 41, 10, 21, 6, 6
2020/11/21, 119, 32, 15, 16, 5, 5
2020/11/22, 90, 29, 18, 19, 7, 5
2020/11/23, 79, 43, 12, 24, 8, 5
2020/11/24, 106, 51, 13, 24, 6, 6
2020/11/25, 140, 48, 7, 21, 7, 6
2020/11/26, 131, 40, 14, 19, 7, 4
2020/11/27, 107, 41, 10, 21, 7, 5
2020/11/28, 102, 53, 12, 21, 6, 6
2020/11/29, 145, 33, 14, 18, 8, 3
2020/11/30, 87, 35, 11, 22, 12, 3
2020/12/1, 89, 44, 14, 21, 10, 3
2020/12/2, 113, 31, 16, 18, 8, 2
2020/12/3, 78, 36, 15, 20, 10, 3
2020/12/4, 79, 45, 13, 23, 13, 4
2020/12/5, 103, 50, 16, 21, 10, 5
2020/12/6, 125, 34, 12, 17, 9, 4
2020/12/7, 80, 38, 15, 19, 11, 2
2020/12/8, 80, 52, 11, 23, 11, 7
2020/12/9, 113, 49, 13, 21, 12, 5
2020/12/10, 105, 45, 12, 21, 11, 4
2020/12/11, 101, 51, 12, 20, 11, 5
2020/12/12, 126, 47, 13, 16, 9, 5
2020/12/13, 118, 36, 13, 12, 9, 4
2020/12/14, 79, 35, 10, 15, 11, 4
2020/12/15, 72, 47, 9, 20, 12, 6
2020/12/16, 105, 47, 13, 19, 11, 6
2020/12/17, 102, 43, 16, 11, 6, 2
2020/12/18, 67, 34, 11, 16, 8, 2
2020/12/19, 74, 47, 12, 21, 12, 4
2020/12/20, 107, 53, 13, 22, 14, 6
2020/12/21, 115, 60, 11, 24, 13, 10
2020/12/22, 145, 117, 17, 19, 9, 9
2020/12/23, 140, 51, 13, 16, 9, 5
2020/12/24, 114, 41, 11, 15, 8, 4
2020/12/25, 85, 40, 12, 18, 8, 5
2020/12/26, 84, 63, 10, 20, 8, 10
2020/12/27, 123, 52, 13, 17, 13, 6
2020/12/28, 129, 43, 16, 13, 10, 4
2020/12/29, 79, 39, 14, 12, 9, 3
2020/12/30, 63, 29, 19, 12, 8, 3
2020/12/31, 61, 36, 22, 13, 8, 4
2021/1/1, 91, 45, 15, 17, 9, 6
2021/1/2, 105, 28, 18, 13, 8, 4
2021/1/3, 62, 30, 18, 14, 10, 5
2020/7/1, 37, 42, 56, 16, 1, 6
2020/7/2, 63, 49, 78, 13, 1, 5
2020/7/3, 71, 49, 68, 11, , 6
2020/7/4, 96, 39, 48, 7, , 5
2020/7/5, 72, 29, 43, 8, , 5
2020/7/6, 55, 28, 35, 7, , 5
2020/7/7, 65, 31, 51, 12, , 6
2020/7/8, 68, 43, 69, 17, 1, 7
2020/7/9, 78, 46, 68, 14, 1, 7
2020/7/10, 78, 42, 66, 14, 1, 7
2020/7/11, 71, 57, 74, 15, 1, 7
2020/7/12, 68, 60, 66, 14, 1, 4
2020/7/13, 58, 24, 47, 10, 1, 3
2020/7/14, 43, 38, 47, 18, , 5
2020/7/15, 67, 42, 84, 13, 1, 6
2020/7/16, 85, 51, 99, 9, 1, 7
2020/7/17, 114, 38, 99, 7, 1, 5
2020/7/18, 82, 29, 54, 13, 1, 5
2020/7/19, 63, 15, 34, 8, , 3
2020/7/20, 35, 23, 42, 11, , 3
2020/7/21, 42, 51, 102, 15, , 6
2020/7/22, 92, 46, 100, 13, , 6
2020/7/23, 87, 40, 79, 10, 1, 4
2020/7/24, 69, 25, 56, 8, , 3
2020/7/25, 41, 25, 72, 7, , 3
2020/7/26, 37, 32, 60, 11, 1, 4
2020/7/27, 56, 20, 42, 8, , 5
2020/7/28, 52, 19, 43, 8, , 4
2020/7/29, 42, 28, 61, 6, , 5
2020/7/30, 57, 54, 79, 8, , 7
2020/7/31, 106, 24, 58, 6, , 3
2020/8/1, 48, 20, 38, 6, , 3
2020/8/2, 29, 29, 55, 8, 1, 4
2020/8/3, 54, 22, 46, 7, 1, 3
2020/8/4, 43, 20, 42, 7, 1, 3
2020/8/5, 39, 24, 39, 11, 1, 3
2020/8/6, 42, 18, 32, 7, 1, 2
2020/8/7, 23, 33, 66, 13, 1, 4
2020/8/8, 54, 26, 40, 9, 1, 4
2020/8/9, 58, 33, 56, 10, 1, 6
2020/8/10, 61, 39, 66, 12, 1, 6
2020/8/11, 71, 30, 56, 5, 1, 5
2020/8/12, 72, 24, 44, 10, 1, 5
2020/8/13, 44, 17, 33, 5, 1, 4
2020/8/14, 31, 14, 35, 7, 1, 3
2020/8/15, 23, 35, 51, 16, 1, 4
2020/8/16, 51, 39, 36, 17, 1, 6
2020/8/17, 60, 29, 43, 7, , 6
2020/8/18, 67, 13, 33, 5, , 3
2020/8/19, 28, 18, 27, 7, 1, 3
2020/8/20, 28, 24, 36, 10, 1, 3
2020/8/21, 36, 39, 49, 16, 1, 6
2020/8/22, 56, 49, 48, 18, 1, 7
2020/8/23, 79, 21, 42, 10, 1, 5
2020/8/24, 48, 26, 44, 10, 1, 5
2020/8/25, 56, 34, 44, 14, 1, 5
2020/8/26, 63, 16, 19, 6, , 4
2020/8/27, 39, 15, 21, 6, , 5
2020/8/28, 28, 14, 17, 5, 1, 3
2020/8/29, 29, 29, 31, 10, 1, 4
2020/8/30, 43, 46, 79, 12, 1, 7
2020/8/31, 82, 25, 48, 8, 1, 4
2020/9/1, 61, 29, 40, 8, 1, 5
2020/9/2, 59, 18, 28, 6, 1, 3
2020/9/3, 35, 14, 24, 4, 1, 3
2020/9/4, 38, 24, 57, 6, 1, 3
2020/9/5, 56, 34, 57, 12, 1, 5
2020/9/6, 82, 40, 38, 14, 1, 5
2020/9/7, 80, 7, 35, 3, 1, 3
2020/9/8, 29, 9, 23, 7, 1, 3
2020/9/9, 12, 12, 15, 7, , 3
2020/9/10, 24, 19, 28, 7, 1, 3
2020/9/11, 43, 24, 20, 9, 2, 3
2020/9/12, 41, 26, 22, 10, 2, 4
2020/9/13, 41, 40, 31, 12, 2, 5
2020/9/14, 73, 38, 35, 14, 1, 6
2020/9/15, 68, 19, 35, 7, 1, 3
2020/9/16, 40, 22, 26, 7, 1, 2
2020/9/17, 27, 19, 23, 9, 1, 3
2020/9/18, 32, 16, 18, 9, 1, 3
2020/9/19, 40, 17, 17, 9, 1, 3
2020/9/20, 41, 26, 19, 13, 2, 4
2020/9/21, 47, 32, 19, 16, 1, 7
2020/9/22, 74, 31, 30, 14, 1, 6
2020/9/23, 76, 47, 34, 17, 1, 7
2020/9/24, 95, 53, 33, 17, 2, 8
2020/9/25, 103, 63, 36, 17, 2, 9
2020/9/26, 113, 42, 47, 14, 2, 5
2020/9/27, 76, 42, 47, 10, 2, 6
2020/9/28, 90, 27, 40, 11, 2, 3
2020/9/29, 60, 48, 33, 17, 2, 5
2020/9/30, 102, 47, 28, 14, 2, 5
2020/4/1, 135, 62, 59, 14, 5, 5
2020/4/2, 136, 150, 45, 13, 4, 5
2020/4/3, 136, 71, 41, 11, 4, 6
2020/4/4, 161, 116, 90, 22, 8, 10
2020/4/5, 239, 99, 79, 24, 5, 10
2020/4/6, 284, 57, 47, 14, 4, 4
2020/4/7, 137, 56, 30, 12, 2, 5
2020/4/8, 120, 34, 39, 11, 1, 4
2020/4/9, 80, 58, 54, 27, 4, 9
2020/4/10, 205, 76, 48, 22, 3, 8
2020/4/11, 177, 92, 71, 27, 5, 9
2020/4/12, 206, 93, 76, 39, 4, 12
2020/4/13, 295, 110, 89, 20, 6, 8
2020/4/14, 212, 170, 74, 45, 11, 17
2020/4/15, 432, 157, 103, 34, 8, 15
2020/4/16, 342, 127, 76, 29, 5, 14
2020/4/17, 329, 100, 71, 25, 4, 10
2020/4/18, 252, 94, 68, 15, 3, 7
2020/4/19, 200, 13, 46, 5, 1, 3
2020/4/20, 51, 22, 30, 6, , 2
2020/4/21, 40, 12, 23, 5, , 3
2020/4/22, 39, 17, 33, 8, 1, 3
2020/4/23, 50, 29, 32, 12, 1, 4
2020/4/24, 66, 23, 40, 6, 1, 3
2020/4/25, 56, 28, 37, 11, 1, 4
2020/4/26, 63, 47, 39, 18, 1, 6
2020/4/27, 95, 54, 49, 16, 2, 7
2020/4/28, 111, 47, 44, 15, 2, 8
2020/4/29, 112, 54, 70, 18, 2, 8
2020/4/30, 131, 92, 108, 9, 4, 9
2020/5/1, 139, 73, 108, 10, 4, 9
2020/5/2, 135, 45, 62, 10, 1, 6
2020/5/3, 89, 19, 39, 6, 1, 3
2020/5/4, 54, 32, 42, 12, 1, 2
2020/5/5, 76, 39, 50, 17, 1, 3
2020/5/6, 87, 54, 64, 16, 3, 4
2020/5/7, 89, 48, 45, 10, 2, 4
2020/5/8, 93, 39, 61, 14, 1, 4
2020/5/9, 78, 105, 57, 16, 1, 4
2020/5/10, 73, 41, 37, 6, 1, 2
2020/5/11, 41, 16, 36, 7, 1, 2
2020/5/12, 30, 26, 38, 11, 1, 2
2020/5/13, 39, 102, 78, 8, 2, 5
2020/5/14, 82, 47, 67, 9, 1, 4
2020/5/15, 59, 28, 46, 9, 1, 5
2020/5/16, 60, 30, 38, 10, 1, 6
2020/5/17, 55, 32, 29, 8, 1, 4
2020/5/18, 49, 15, 24, 6, 1, 2
2020/5/19, 16, 13, 22, 9, 1, 2
2020/5/20, 36, 29, 40, 11, 1, 4
2020/5/21, 78, 19, 35, 9, 1, 3
2020/5/22, 54, 11, 32, 9, , 4
2020/5/23, 42, 24, 41, 11, 1, 3
2020/5/24, 52, 22, 41, 10, 1, 2
2020/5/25, 32, 15, 35, 9, 1, 3
2020/5/26, 29, 37, 41, 17, 1, 3
2020/5/27, 57, 26, 51, 11, 1, 4
2020/5/28, 53, 36, 56, 13, 1, 4
2020/5/29, 57, 45, 85, 10, 1, 4
2020/5/30, 71, 106, 74, 7, 1, 4
2020/5/31, 74, 81, 52, 10, 1, 3
2020/6/1, 38, 33, 53, 14, 2, 4
2020/6/2, 64, 31, 53, 8, 1, 3
2020/6/3, 44, 21, 39, 8, 1, 2
2020/6/4, 28, 22, 37, 11, 1, 2
2020/6/5, 51, 35, 57, 19, 1, 3
2020/6/6, 49, 44, 90, 17, 1, 3
2020/6/7, 63, 66, 127, 12, 3, 5
2020/6/8, 91, 53, 99, 13, 4, 5
2020/6/9, 95, 47, 62, 22, 1, 4
2020/6/10, 79, 17, 46, 8, 1, 3
2020/6/11, 19, 44, 91, 20, 2, 4
2020/6/12, 61, 52, 112, 17, 2, 4
2020/6/13, 84, 17, 112, 5, 1, 1
2020/6/14, 29, 22, 40, 8, 1, 2
2020/6/15, 26, 25, 45, 14, 1, 3
2020/6/16, 38, 33, 76, 14, 2, 3
2020/6/17, 44, 23, 41, 11, 1, 3
2020/6/18, 27, 34, 43, 14, 1, 3
2020/6/19, 45, 42, 106, 18, 1, 6
2020/6/20, 62, 52, 92, 7, 2, 8
2020/6/21, 112, 40, 79, 10, , 6
2020/6/22, 82, 49, 53, 14, 1, 5
2020/6/23, 72, 32, 43, 13, 1, 4
2020/6/24, 50, 42, 39, 8, , 3
2020/6/25, 40, 17, 25, 10, , 3
2020/6/26, 33, 20, 37, 10, , 3
2020/6/27, 35, 33, 47, 15, 1, 4
2020/6/28, 49, 41, 63, 15, 1, 4
2020/6/29, 88, 24, 52, 9, , 3
2020/6/30, 37, 25, 40, 11, 1, 3
2020/1/1, 141, 64, 20, 25, 22, 10
2020/1/2, 157, 72, 21, 31, 24, 11
2020/1/3, 175, 81, 23, 35, 30, 12
2020/1/4, 184, 60, 25, 28, 12, 10
2020/1/5, 168, 53, 21, 25, 13, 10
2020/1/6, 153, 96, 17, 22, 13, 11
2020/1/7, 216, 50, 18, 16, 10, 6
2020/1/8, 146, 56, 16, 26, 21, 8
2020/1/9, 156, 56, 19, 24, 12, 9
2020/1/10, 168, 70, 19, 29, 16, 8
2020/1/11, 170, 62, 18, 28, 8, 11
2020/1/12, 187, 51, 17, 25, 20, 8
2020/1/13, 158, 86, 10, 36, 20, 14
2020/1/14, 211, 64, 19, 29, 11, 11
2020/1/15, 183, 73, , 34, 23, 13
2020/1/16, 202, 62, 17, 30, 14, 13
2020/1/17, 182, 70, 28, 30, 13, 14
2020/1/18, 198, 92, 39, 26, 16, 13
2020/1/19, 200, 65, 28, 25, 15, 9
2020/1/20, 169, 46, 27, 10, 8, 5
2020/1/21, 90, 58, 25, 18, 17, 8
2020/1/22, 155, 66, 34, 16, 9, 8
2020/1/23, 170, 41, 28, 12, 12, 5
2020/1/24, 104, 180, 30, 19, 15, 10
2020/1/25, 233, 91, 35, 17, 12, 13
2020/1/26, 276, 68, 31, 23, 17, 11
2020/1/27, 186, 101, 49, 22, 17, 14
2020/1/28, 240, 67, 30, 9, 8, 8
2020/1/29, 162, 45, 25, 13, 12, 6
2020/1/30, 129, 91, 28, 23, 11, 11
2020/1/31, 198, 54, 28, 12, 10, 8
2020/2/1, 169, 28, 20, 8, 11, 4
2020/2/2, 73, 33, 24, 8, 10, 4
2020/2/3, 90, 28, 24, 5, 9, 2
2020/2/4, 76, 50, 26, 10, 16, 4
2020/2/5, 137, 43, 28, 8, 7, 5
2020/2/6, 125, 54, 36, 11, 10, 6
2020/2/7, 136, 57, 29, 12, 13, 5
2020/2/8, 126, 57, 39, 8, 11, 5
2020/2/9, 143, 52, 32, 15, 16, 5
2020/2/10, 136, 54, 52, 5, 7, 6
2020/2/11, 148, 53, 45, 13, 7, 7
2020/2/12, 133, 48, 39, 10, 4, 8
2020/2/13, 144, 18, 25, 3, 4, 3
2020/2/14, 55, 27, 28, 7, 12, 3
2020/2/15, 76, 25, 28, 2, 3, 3
2020/2/16, 70, 24, 28, 6, 5, 4
2020/2/17, 68, 36, 30, 10, 7, 5
2020/2/18, 92, 39, 34, 10, 6, 5
2020/2/19, 103, 37, 36, 13, 4, 5
2020/2/20, 108, 46, 33, 13, 6, 6
2020/2/21, 134, 37, 28, 7, 5, 4
2020/2/22, 98, 36, 32, 11, 6, 5
2020/2/23, 85, 29, 32, 9, 7, 3
2020/2/24, 74, 42, 33, 12, 14, 3
2020/2/25, 111, 30, 30, 9, 4, 2
2020/2/26, 93, 37, 31, 17, 5, 5
2020/2/27, 96, 33, 27, 12, 5, 5
2020/2/28, 108, 33, 34, 10, 5, 3
2020/2/29, 106, 41, 30, 14, 5, 4
2020/3/1, 124, 50, 37, 15, 6, 5
2020/3/2, 151, 58, 38, 13, 4, 6
2020/3/3, 159, 46, 38, 12, 5, 4
2020/3/4, 125, 29, 39, 13, 6, 4
2020/3/5, 85, 37, 42, 8, 4, 5
2020/3/6, 112, 52, 36, 13, 5, 6
2020/3/7, 150, , 32, 13, 4, 6
2020/3/8, 147, 36, 32, 9, 6, 5
2020/3/9, 111, 36, 34, 11, 5, 4
2020/3/10, 93, 44, 51, 12, 7, 4
2020/3/11, 91, 177, 26, 7, 4, 5
2020/3/12, 82, 31, 26, 5, 3, 4
2020/3/13, 49, 41, 25, 9, 4, 6
2020/3/14, 68, 25, , 3, 1, 5
2020/3/15, 48, 48, 30, 13, 7, 6
2020/3/16, 73, 40, 21, 17, 6, 5
2020/3/17, 98, 45, 37, 13, 3, 4
2020/3/18, 85, 32, 29, 8, 3, 3
2020/3/19, 65, 46, 29, 17, 6, 6
2020/3/20, 98, 50, 32, 13, 5, 5
2020/3/21, 104, 40, 37, 10, 5, 5
2020/3/22, 99, 38, 34, 13, 4, 4
2020/3/23, 99, 39, 39, 13, 4, 4
2020/3/24, 90, 58, 44, 12, 3, 4
2020/3/25, 112, 40, 35, 10, 2, 3
2020/3/26, 62, 54, 24, 8, 3, 2
2020/3/27, 49, 32, 28, 8, 2, 3
2020/3/28, 49, 46, 28, 12, 5, 5
2020/3/29, 82, , , , , 
2019/10/1, 115, 53, 87, 9, 3, 6
2019/10/2, 102, 36, 39, 6, 2, 2
2019/10/3, 46, 14, 16, 8, 3, 2
2019/10/4, 34, 21, 23, 16, 4, 3
2019/10/5, 47, 21, 27, 13, 3, 2
2019/10/6, 48, 37, 35, 12, 4, 5
2019/10/7, 65, 21, 27, 9, 3, 2
2019/10/8, 28, 47, 30, 14, 5, 5
2019/10/9, 49, 38, 35, 13, 4, 5
2019/10/10, 75, 27, 27, 12, 4, 3
2019/10/11, 43, 38, 22, 13, 3, 3
2019/10/12, 54, 26, 20, 12, 3, 3
2019/10/13, 49, 36, 21, 14, 3, 4
2019/10/14, 58, 43, 23, 16, 4, 5
2019/10/15, 74, 52, 26, 23, 6, 10
2019/10/16, 92, 69, 30, 28, 4, 13
2019/10/17, 127, 72, 35, 35, 6, 12
2019/10/18, 136, 67, 39, 34, 9, 11
2019/10/19, 141, 81, 37, 18, 7, 7
2019/10/20, 142, 42, 34, 19, 4, 10
2019/10/21, 62, 70, 29, 31, 7, 12
2019/10/22, 108, 86, 50, 37, 5, 15
2019/10/23, 164, 66, 51, 27, 5, 6
2019/10/24, 148, 19, 43, 9, 3, 2
2019/10/25, 48, 25, 19, 16, 10, 5
2019/10/26, 58, 45, 24, 21, 9, 9
2019/10/27, 96, 45, 36, 12, 7, 7
2019/10/28, 90, 20, 25, 10, 6, 4
2019/10/29, 48, 41, 24, 12, 9, 7
2019/10/30, 79, 66, 27, 11, 6, 7
2019/10/31, 75, 30, 24, 14, 9, 6
2019/11/1, 55, 37, 27, 14, 7, 7
2019/11/2, 67, 27, 23, 12, 9, 6
2019/11/3, 55, 49, 22, 23, 14, 9
2019/11/4, 93, 37, 22, 14, 9, 4
2019/11/5, 74, 51, 20, 15, 10, 6
2019/11/6, 97, 28, 26, 11, 10, 4
2019/11/7, 62, 43, 21, 16, 10, 6
2019/11/8, 89, 53, 25, 19, 8, 9
2019/11/9, 108, 60, 22, 18, 8, 10
2019/11/10, 149, 29, 25, 11, 8, 5
2019/11/11, 65, 54, 21, 19, 11, 7
2019/11/12, 99, 30, 18, 10, 5, 4
2019/11/13, 79, 19, 21, 11, 8, 4
2019/11/14, 44, 24, 20, 16, 10, 4
2019/11/15, 64, 27, 22, 16, 11, 6
2019/11/16, 76, 38, 15, 19, 8, 8
2019/11/17, 112, 48, 24, 9, 5, 4
2019/11/18, 36, 34, 22, 13, 6, 4
2019/11/19, 58, 46, 15, 24, 21, 10
2019/11/20, 106, 47, 18, 18, 8, 10
2019/11/21, 115, 39, 24, 12, 7, 7
2019/11/22, 74, 34, 29, 12, 6, 4
2019/11/23, 88, 23, 23, 9, 7, 4
2019/11/24, 55, 27, 16, 12, 11, 4
2019/11/25, 57, 37, 14, 12, 8, 6
2019/11/26, 72, 21, 19, 10, 4, 5
2019/11/27, 48, 36, 18, 18, 15, 7
2019/11/28, 78, 47, 17, 21, 12, 9
2019/11/29, 115, 37, 17, 16, 10, 8
2019/11/30, 94, 26, 22, 16, 12, 7
2019/12/1, 69, 24, 22, 12, 7, 5
2019/12/2, 55, 20, 22, 10, 7, 4
2019/12/3, 47, 26, 24, 13, 13, 5
2019/12/4, 77, 37, 19, 16, 15, 7
2019/12/5, 86, 43, 20, 18, 13, 8
2019/12/6, 84, 41, , 18, 12, 8
2019/12/7, 102, 35, 16, 18, 9, 8
2019/12/8, 106, 59, 20, 16, 11, 9
2019/12/9, 157, 54, 16, 22, 16, 8
2019/12/10, 136, 123, 17, 16, 8, 6
2019/12/11, 147, 34, 19, 15, 10, 5
2019/12/12, 103, 39, 17, 19, 12, 6
2019/12/13, 107, 49, 10, 22, 13, 6
2019/12/14, 138, 37, 14, 16, 9, 4
2019/12/15, 87, 39, 14, 15, 8, 5
2019/12/16, 99, 24, 20, 13, 7, 6
2019/12/17, 102, 39, 16, 21, 14, 7
2019/12/18, 114, 51, 16, 22, 9, 8
2019/12/19, 150, 40, 18, 19, 15, 7
2019/12/20, 109, 40, 20, 19, 13, 7
2019/12/21, 114, 49, 15, 26, 20, 9
2019/12/22, 140, 103, 11, 35, 20, 14
2019/12/23, 239, 71, 19, 29, 16, 12
2019/12/24, 223, 92, 22, 26, 15, 12
2019/12/25, 198, 121, 8, 38, 21, 16
2019/12/26, 254, 79, 19, 26, 14, 13
2019/12/27, 201, 93, 5, 35, 30, 18
2019/12/28, 213, 72, 13, 23, 16, 13
2019/12/29, 189, , , , , 
2019/7/1, 35, 28, 53, 11, 2, 4
2019/7/2, 54, 25, 48, 13, 2, 5
2019/7/3, 60, 38, 71, 13, 2, 6
2019/7/4, 76, 58, 77, 14, 2, 6
2019/7/5, 103, 36, 76, 11, 2, 4
2019/7/6, 73, 43, 63, 12, 2, 5
2019/7/7, 90, 35, 77, 12, 3, 4
2019/7/8, 62, 38, 61, 12, 3, 5
2019/7/9, 60, 35, 74, 11, 2, 5
2019/7/10, 59, 41, 64, 11, 2, 6
2019/7/11, 64, 29, 38, 11, 1, 6
2019/7/12, 67, 25, 48, 10, 2, 4
2019/7/13, 51, 35, 44, 16, 2, 4
2019/7/14, 63, 32, 44, 16, 2, 5
2019/7/15, 70, 42, 59, 12, 2, 6
2019/7/16, 88, 49, 56, 15, 2, 7
2019/7/17, 109, 47, 56, 12, 2, 7
2019/7/18, 100, 51, 59, 11, 2, 6
2019/7/19, 105, 51, 59, 15, 2, 6
2019/7/20, 91, 35, 23, 16, 1, 5
2019/7/21, 56, 31, 40, 13, 2, 5
2019/7/22, 60, 43, 47, 17, 1, 7
2019/7/23, 94, 30, 53, 9, , 5
2019/7/24, 63, 26, 42, 15, 1, 5
2019/7/25, 51, 35, 43, 11, 1, 6
2019/7/26, 70, 55, 57, 11, 1, 8
2019/7/27, 115, 46, 58, 10, 1, 6
2019/7/28, 80, 39, 49, 10, , 5
2019/7/29, 75, 19, 47, 6, 1, 5
2019/7/30, 42, 36, 66, 7, , 7
2019/7/31, 72, 25, 55, 8, 1, 6
2019/8/1, 60, 45, 57, 14, 1, 7
2019/8/2, 81, 28, 40, 11, , 6
2019/8/3, 58, 18, 35, 8, , 5
2019/8/4, 41, 35, 45, 9, 1, 6
2019/8/5, 68, 35, 41, 11, 1, 5
2019/8/6, 71, 35, 32, 14, , 5
2019/8/7, 70, 18, 32, 10, , 4
2019/8/8, 51, 21, 34, 9, , 4
2019/8/9, 35, 31, 35, 13, , 5
2019/8/10, 68, 12, 33, 8, , 3
2019/8/11, 34, 21, 24, 10, 1, 4
2019/8/12, 45, 24, 26, 8, 1, 5
2019/8/13, 45, 10, 25, 9, , 5
2019/8/14, 29, 15, 23, 9, , 5
2019/8/15, 37, 10, 16, 7, , 5
2019/8/16, 21, 5, 13, 6, 1, 4
2019/8/17, 14, 15, 22, 11, , 5
2019/8/18, 32, 26, 36, 16, 1, 6
2019/8/19, 53, 28, 33, 12, 1, 8
2019/8/20, 52, 20, 39, 8, 1, 6
2019/8/21, 47, 24, 33, 12, 1, 6
2019/8/22, 46, 18, 23, 12, 1, 7
2019/8/23, 43, 27, 26, 15, 1, 8
2019/8/24, 49, 34, 32, 17, 1, 10
2019/8/25, 57, 31, 42, 12, 1, 8
2019/8/26, 58, 21, 46, 11, 1, 5
2019/8/27, 45, 21, 37, 12, 1, 5
2019/8/28, 39, 16, 39, 12, 1, 5
2019/8/29, 43, 18, 30, 12, 1, 4
2019/8/30, 41, 22, 32, 13, 1, 4
2019/8/31, 42, 34, 61, 13, 2, 6
2019/9/1, 59, 46, 78, 15, 3, 7
2019/9/2, 74, 59, 84, 16, 2, 11
2019/9/3, 114, 56, , 19, 2, 11
2019/9/4, 98, 30, 59, 13, 2, 8
2019/9/5, 50, 19, 40, 11, 2, 7
2019/9/6, 41, 30, 38, 13, 2, 8
2019/9/7, 48, 22, 37, 6, 2, 7
2019/9/8, 38, 28, 32, 12, 2, 5
2019/9/9, 44, 27, 23, 12, 3, 3
2019/9/10, 41, 35, 98, 15, 3, 5
2019/9/11, 52, 33, 28, 17, 2, 5
2019/9/12, 48, 18, 26, 7, 2, 6
2019/9/13, 41, 18, 28, 10, 2, 5
2019/9/14, 39, 21, 33, 10, 2, 4
2019/9/15, 46, 18, 30, 9, 3, 3
2019/9/16, 33, 30, 32, 11, 3, 4
2019/9/17, 44, 17, 32, 8, 3, 2
2019/9/18, 21, 28, 26, 16, 3, 4
2019/9/19, 47, 43, 31, 18, 3, 7
2019/9/20, 77, 16, 33, 14, 3, 3
2019/9/21, 38, 48, 32, 19, 3, 7
2019/9/22, 80, 48, 33, 22, 4, 9
2019/9/23, 85, 36, 28, 17, 3, 5
2019/9/24, 52, 39, 33, 15, 4, 5
2019/9/25, 51, 52, 60, 17, 6, 8
2019/9/26, 78, 49, 59, 20, 4, 6
2019/9/27, 82, 53, 69, 13, 4, 6
2019/9/28, 91, 35, 66, 14, 3, 3
2019/9/29, 58, 61, 74, 16, 4, 6
2019/9/30, 101, 60, 95, 9, 4, 7
2019/4/1, 75, 42, 39, 17, 4, 5
2019/4/2, 97, 63, 36, 16, 7, 5
2019/4/3, 87, 171, 37, 16, 6, 7
2019/4/4, 121, 65, 38, 11, 3, 4
2019/4/5, 81, 55, 34, 15, 4, 6
2019/4/6, 76, 38, 36, 14, 4, 4
2019/4/7, 56, 34, 37, 16, 3, 4
2019/4/8, 83, 48, 41, 22, 4, 7
2019/4/9, 103, 45, 48, 20, 3, 5
2019/4/10, 94, 47, 47, 24, 2, 5
2019/4/11, 94, 72, 45, 22, 3, 7
2019/4/12, 97, 65, 51, 13, 2, 7
2019/4/13, 93, 59, 47, 16, 1, 6
2019/4/14, 67, 59, , 16, 3, 6
2019/4/15, 86, 205, 72, 10, 4, 6
2019/4/16, 145, 158, 70, 8, 2, 4
2019/4/17, 97, 49, 50, 7, 1, 3
2019/4/18, 60, 43, 47, 19, 2, 5
2019/4/19, 84, 69, 44, 20, 2, 7
2019/4/20, 101, 95, 49, 18, 2, 6
2019/4/21, 127, 102, 58, 13, 2, 5
2019/4/22, 110, 71, 72, 8, 4, 5
2019/4/23, 109, 68, 55, 9, 1, 3
2019/4/24, 69, 37, 40, 14, 1, 4
2019/4/25, 56, 32, 43, 13, 1, 5
2019/4/26, 65, 55, 48, 20, 1, 6
2019/4/27, 80, 45, 60, 9, 1, 6
2019/4/28, 77, 30, 58, 11, 1, 5
2019/4/29, 120, 47, 47, 13, 1, 6
2019/4/30, 121, 60, 41, 11, 1, 4
2019/5/1, 45, 50, 44, 16, 1, 5
2019/5/2, 61, 57, 48, 22, 1, 7
2019/5/3, 72, 80, 92, 10, 3, 6
2019/5/4, 89, 35, 76, 10, 1, 5
2019/5/5, 45, 32, 39, 12, , 4
2019/5/6, 53, 49, 43, 15, 2, 3
2019/5/7, 60, 64, 47, 15, 2, 4
2019/5/8, 95, 67, 47, 22, 1, 5
2019/5/9, 92, 81, 77, 14, 3, 6
2019/5/10, 102, 66, 79, 15, 3, 6
2019/5/11, 105, 52, 74, 11, 1, 4
2019/5/12, 69, 101, 57, 8, 1, 3
2019/5/13, 101, 59, 48, 12, 2, 4
2019/5/14, 75, 70, 84, 9, 2, 4
2019/5/15, 79, 118, 81, 9, 2, 6
2019/5/16, 134, 55, 62, 9, 2, 5
2019/5/17, 57, 37, 43, 11, 1, 4
2019/5/18, 61, 30, 40, 12, 1, 5
2019/5/19, 57, 13, 45, 7, 1, 3
2019/5/20, 13, 21, 32, 14, , 4
2019/5/21, 38, 18, 39, 10, 1, 3
2019/5/22, 40, 35, 51, 17, 1, 5
2019/5/23, 73, 72, 122, 14, 3, 6
2019/5/24, 109, 89, 113, 10, 3, 5
2019/5/25, 121, 36, 55, 14, 1, 5
2019/5/26, 93, 11, 31, 7, 2, 3
2019/5/27, 23, 29, 34, 9, 2, 3
2019/5/28, 154, 28, 40, 10, 2, 3
2019/5/29, 21, 49, 37, 8, 2, 3
2019/5/30, 41, 30, 37, 13, 2, 4
2019/5/31, 40, 20, 44, 10, 2, 3
2019/6/1, 31, 58, 87, 11, 5, 7
2019/6/2, 98, 29, 65, 13, 2, 5
2019/6/3, 64, 32, 57, 13, 2, 6
2019/6/4, 75, 51, 77, 14, 3, 6
2019/6/5, 70, 43, 70, 16, 2, 6
2019/6/6, 59, 41, 67, 16, 3, 6
2019/6/7, 80, 26, 54, 9, 2, 5
2019/6/8, 50, 32, 44, 11, 2, 5
2019/6/9, 55, 37, 51, 15, 5, 6
2019/6/10, 49, 32, 52, 14, 2, 6
2019/6/11, 73, 59, 69, 11, 2, 6
2019/6/12, 63, 56, 68, 14, 2, 6
2019/6/13, 77, 38, 41, 11, 2, 5
2019/6/14, 66, 13, 30, 7, 2, 4
2019/6/15, 24, 19, 33, 10, 2, 4
2019/6/16, 28, 47, 47, 22, 2, 7
2019/6/17, 79, 44, 62, 22, 3, 4
2019/6/18, 63, 53, 66, 24, 3, 7
2019/6/19, 96, 31, 61, 16, 2, 5
2019/6/20, 53, 23, 41, 15, 3, 4
2019/6/21, 40, 44, 41, 24, 2, 6
2019/6/22, 69, 54, 58, 21, 2, 9
2019/6/23, 83, 37, 94, 22, 3, 5
2019/6/24, 63, 61, 99, 18, 3, 6
2019/6/25, 78, 51, 81, 13, 3, 4
2019/6/26, 81, 49, 91, 16, 4, 6
2019/6/27, 90, 29, 88, 13, 2, 5
2019/6/28, 62, 25, 30, 11, 2, 4
2019/6/29, 50, 10, 25, 9, , 3
2019/6/30, 24, 15, 28, 11, 2, 4
2019/1/1, 144, 56, 17, 21, 23, 10
2019/1/2, 134, 56, 21, 21, 22, 10
2019/1/3, 140, 55, 18, 18, 13, 6
2019/1/4, 109, 35, 24, 17, 14, 4
2019/1/5, 81, 57, 20, 24, 14, 9
2019/1/6, 140, 62, 18, 23, 21, 8
2019/1/7, 140, 37, 22, 15, 15, 3
2019/1/8, 82, 75, 19, 16, 14, 5
2019/1/9, 86, 63, 17, 25, 22, 10
2019/1/10, 141, 82, 14, 30, 19, 13
2019/1/11, 175, 105, 10, 32, 24, 16
2019/1/12, 213, 134, 7, 33, 15, 22
2019/1/13, 266, 96, 14, 28, 25, 13
2019/1/14, 197, 38, 20, 10, 6, 4
2019/1/15, 89, 55, 20, 17, 15, 6
2019/1/16, 78, 41, 19, 20, 16, 6
2019/1/17, 89, 49, 18, 27, 24, 10
2019/1/18, 119, 67, 18, 24, 21, 10
2019/1/19, 150, 42, 20, 14, 13, 6
2019/1/20, 82, 52, 25, 19, 12, 6
2019/1/21, 100, 73, 26, 24, 17, 7
2019/1/22, 152, 37, 23, 15, 6, 3
2019/1/23, 96, 79, 24, 21, 8, 10
2019/1/24, 160, 34, 21, 16, 8, 4
2019/1/25, 87, 58, 27, 22, 19, 7
2019/1/26, 132, 92, 23, 20, 17, 9
2019/1/27, 154, 44, 24, 14, 11, 5
2019/1/28, 94, 124, 26, 22, 14, 10
2019/1/29, 218, 104, 26, 10, 9, 4
2019/1/30, 98, 51, 26, 16, 22, 6
2019/1/31, 103, 83, 24, 22, 19, 10
2019/2/1, 156, 93, 29, 20, 16, 12
2019/2/2, 174, 77, 27, 13, 10, 8
2019/2/3, 162, 43, 29, 10, 15, 5
2019/2/4, 96, 53, 29, 8, 11, 6
2019/2/5, 107, 64, 29, 14, 17, 7
2019/2/6, 147, 40, 26, 7, 9, 6
2019/2/7, 94, 49, 29, 13, 18, 8
2019/2/8, 110, 68, 32, 17, 14, 10
2019/2/9, 155, 74, 34, 18, 24, 10
2019/2/10, 160, 75, 32, 18, 17, 10
2019/2/11, 167, 58, , 16, 17, 6
2019/2/12, 149, 83, 39, 22, 27, 8
2019/2/13, 173, 92, 42, 24, 20, 9
2019/2/14, 190, 85, 32, 21, 17, 7
2019/2/15, 180, 64, 29, 21, 22, 6
2019/2/16, 144, 35, 28, 16, 17, 5
2019/2/17, 78, 54, 27, 19, 21, 8
2019/2/18, 111, 84, 31, 24, 23, 11
2019/2/19, 174, 85, 30, 24, 19, 10
2019/2/20, 181, 55, 28, 24, 25, 7
2019/2/21, 142, 66, 40, 26, 12, 9
2019/2/22, 159, 79, 36, 23, 10, 11
2019/2/23, 170, 64, 36, 17, 9, 6
2019/2/24, 139, 57, 28, 16, 11, 7
2019/2/25, 139, , 5, , , 
2019/2/27, 194, 78, 42, 27, 16, 13
2019/2/28, 174, 72, 41, 29, 13, 13
2019/3/1, 159, 107, 54, 22, 11, 14
2019/3/2, 188, 116, 52, 33, 19, 17
2019/3/3, 216, 103, 47, 33, 12, 11
2019/3/4, 206, 114, 49, 25, 7, 10
2019/3/5, 216, 56, 41, 12, 4, 4
2019/3/6, 116, 57, 48, 22, 12, 7
2019/3/7, 122, 73, 43, 17, 10, 9
2019/3/8, 121, 72, 47, 14, 6, 7
2019/3/9, 118, 59, 39, 23, 10, 9
2019/3/10, 129, 68, 41, 18, 10, 6
2019/3/11, 122, 43, 36, 9, 1, 2
2019/3/12, 60, 47, 35, 13, 2, 3
2019/3/13, 62, 50, 37, 17, 2, 4
2019/3/14, 90, 47, 40, 19, 2, 5
2019/3/15, 84, 50, 40, 20, 2, 6
2019/3/16, 102, 68, 39, 19, 2, 6
2019/3/17, 119, 103, 43, 15, 4, 5
2019/3/18, 94, 100, 75, 13, 8, 7
2019/3/19, 137, 75, 69, 15, 6, 8
2019/3/20, 248, 65, 43, 14, 4, 4
2019/3/21, 110, 62, 46, 24, 10, 7
2019/3/22, 115, 33, 41, 11, 6, 4
2019/3/23, 81, 44, 37, 13, 9, 5
2019/3/24, 68, 83, 39, 17, 10, 7
2019/3/25, 120, 40, 38, 6, 3, 3
2019/3/26, 53, 36, 37, 9, 4, 4
2019/3/27, 75, 44, 37, 15, 8, 5
2019/3/28, 84, 55, 42, 18, 6, 6
2019/3/29, 117, 61, 46, 12, 6, 5
2019/3/30, 127, 39, 42, 12, 6, 5
2019/3/31, 91, 36, 37, 12, 4, 4
2018/10/1, 43, 32, 28, 18, 2, 5
2018/10/2, 58, 42, 30, 21, 4, 7
2018/10/3, 79, 55, 46, 24, 4, 11
2018/10/4, 97, 54, 44, 25, 3, 10
2018/10/5, 101, 42, 32, 19, 2, 6
2018/10/6, 80, 43, , 18, 4, 4
2018/10/7, 55, 29, 10, 13, 2, 3
2018/10/8, 43, 28, 18, 15, 2, 4
2018/10/9, 47, 19, 18, 11, 2, 3
2018/10/10, 45, 25, 17, 15, 2, 5
2018/10/11, 52, 43, 25, 26, 5, 7
2018/10/12, 82, 50, 41, 24, 4, 7
2018/10/13, 100, 47, 43, 19, 3, 6
2018/10/14, 112, 39, 33, 19, 2, 5
2018/10/15, 62, 30, 23, 18, 2, 4
2018/10/16, 55, 36, 25, 20, 3, 5
2018/10/17, 67, 57, 26, 33, 4, 10
2018/10/18, 102, 57, 28, 31, 12, 8
2018/10/19, 126, 61, 34, 34, 17, 10
2018/10/20, 121, 69, 56, 29, 15, 12
2018/10/21, 156, 69, 51, 18, 7, 11
2018/10/22, 164, 43, 39, 20, 8, 6
2018/10/23, 92, 50, 23, 25, 9, 8
2018/10/24, 94, 56, 35, 23, 7, 8
2018/10/25, 128, 50, 42, 11, 4, 4
2018/10/26, 71, 25, 28, 10, 4, 3
2018/10/27, 40, 17, 18, 12, 8, 3
2018/10/28, 38, 17, 16, 10, 6, 3
2018/10/29, 54, 24, 12, 14, 6, 5
2018/10/30, 62, 29, 13, 18, 8, 6
2018/10/31, 66, 47, 17, 27, 18, 9
2018/11/1, 101, 56, 26, 25, 11, 11
2018/11/2, 135, 67, 48, 22, 14, 12
2018/11/3, 166, 23, 39, 11, 4, 5
2018/11/4, 66, 34, 16, 18, 10, 7
2018/11/5, 71, 54, 18, 22, 11, 9
2018/11/6, 110, 51, 21, 22, 9, 8
2018/11/7, 119, 53, 17, 23, 7, 8
2018/11/8, 130, 51, 17, 16, 4, 6
2018/11/9, 112, 45, 15, 19, 7, 6
2018/11/10, 99, 56, 10, 24, 12, 10
2018/11/11, 113, 47, 17, 18, 8, 6
2018/11/12, 108, 36, 19, 19, 9, 6
2018/11/13, 93, 42, 22, 19, 10, 7
2018/11/14, 88, 46, 15, 14, 7, 7
2018/11/15, 107, 22, 17, 13, 8, 4
2018/11/16, 50, 47, 15, 25, 14, 9
2018/11/17, 96, 56, 12, 24, 13, 11
2018/11/18, 136, 53, 18, 24, 11, 8
2018/11/19, 130, 33, 19, 16, 9, 5
2018/11/20, 79, 40, 17, 19, 10, 6
2018/11/21, 74, 24, 21, 11, 8, 4
2018/11/22, 63, 34, 20, 15, 8, 6
2018/11/23, 71, 52, 19, 21, 12, 10
2018/11/24, 138, 50, 11, 23, 13, 10
2018/11/25, 140, 90, 30, 14, 10, 10
2018/11/26, 153, 55, 30, 8, 7, 4
2018/11/27, 61, 33, 21, 12, 11, 5
2018/11/28, 57, 34, 30, 13, 10, 6
2018/11/29, 75, 46, 15, 14, 10, 7
2018/11/30, 88, 36, 18, 13, 9, 6
2018/12/1, 71, 47, 24, 12, 9, 6
2018/12/2, 99, 71, 24, 8, 5, 6
2018/12/3, 96, 29, 19, 7, 6, 4
2018/12/4, 60, 28, 18, 13, 10, 5
2018/12/5, 70, 33, 21, 12, 8, 5
2018/12/6, 78, 30, 18, 8, 7, 5
2018/12/7, 56, 28, 21, 9, 6, 5
2018/12/8, 50, 39, 20, 15, 17, 7
2018/12/9, 78, 67, 14, 26, 20, 13
2018/12/10, 149, 60, 16, 25, 17, 10
2018/12/11, 145, 45, 22, 17, 15, 6
2018/12/12, 108, 56, 20, 15, 14, 7
2018/12/13, 133, 55, 18, 21, 21, 8
2018/12/14, 136, 67, 19, 17, 11, 9
2018/12/15, 155, 55, 23, 22, 17, 10
2018/12/16, 162, 45, 13, 19, 13, 6
2018/12/17, 87, 36, 19, 17, 15, 5
2018/12/18, 73, 51, 20, 21, 16, 6
2018/12/19, 108, 62, 17, 24, 22, 9
2018/12/20, 141, 53, 17, 17, 10, 7
2018/12/21, 128, 57, 19, 20, 16, 8
2018/12/22, 135, 28, 22, 11, 12, 4
2018/12/23, 66, 47, 18, 17, 16, 6
2018/12/24, 94, 58, 20, 11, 9, 5
2018/12/25, 79, 39, 20, 7, 11, 4
2018/12/26, 49, 34, 19, 10, 11, 5
2018/12/27, 64, 43, 18, 13, 12, 6
2018/12/28, 72, 44, 20, 17, 19, 8
2018/12/29, 99, 48, 18, 20, 23, 9
2018/12/30, 121, , , , , 
2018/7/1, 75, 61, 70, 38, 2, 8
2018/7/2, 93, 49, 61, 18, 3, 6
2018/7/3, 69, 29, 46, 15, 3, 5
2018/7/4, 54, 32, 40, 20, 3, 6
2018/7/5, 49, 30, 43, 13, 3, 6
2018/7/6, 50, 34, 44, 15, 2, 6
2018/7/7, 66, 17, 30, 10, , 5
2018/7/8, 45, 25, 25, 11, 1, 6
2018/7/9, 42, 47, 48, 17, 3, 7
2018/7/10, 85, 31, 40, 16, 2, 6
2018/7/11, 54, 42, 30, 9, 1, 6
2018/7/12, 82, 39, 25, 9, , 6
2018/7/13, 51, 29, 25, 9, , 6
2018/7/14, 51, 49, 43, 9, , 9
2018/7/15, 87, 26, 33, 9, , 6
2018/7/16, 55, 41, 41, 10, 1, 6
2018/7/17, 61, 32, 38, 11, , 4
2018/7/18, 62, 49, 52, 10, , 5
2018/7/19, 72, 44, 54, 10, , 5
2018/7/20, 65, 49, 52, 9, , 5
2018/7/21, 71, 60, 71, 10, , 9
2018/7/22, 110, 58, 69, 12, 2, 9
2018/7/23, 103, 52, 55, 11, 2, 8
2018/7/24, 80, 30, 36, 7, 1, 5
2018/7/25, 46, 19, 24, 12, 1, 7
2018/7/26, 39, 32, 50, 13, 2, 9
2018/7/27, 54, 48, 82, 17, 3, 7
2018/7/28, 67, 55, 88, 18, 2, 7
2018/7/29, 82, 57, 91, 19, 2, 8
2018/7/30, 93, 47, 59, 14, 1, 7
2018/7/31, 84, 31, 51, 11, 2, 5
2018/8/1, 47, 42, 62, 16, 4, 6
2018/8/2, 51, 55, 100, 17, 3, 8
2018/8/3, 71, 53, 93, 9, 2, 8
2018/8/4, 91, 15, 39, 8, 1, 5
2018/8/5, 38, 29, 38, 15, 3, 7
2018/8/6, 43, 27, 27, 18, 2, 7
2018/8/7, 54, 28, 24, 15, 1, 5
2018/8/8, 53, 32, 43, 18, 2, 6
2018/8/9, 52, 25, 43, 13, 2, 4
2018/8/10, 43, 32, 45, 11, 3, 4
2018/8/11, 64, 16, 39, 14, 2, 2
2018/8/12, 45, 17, 35, 11, 1, 3
2018/8/13, 46, 15, 37, 12, 1, 4
2018/8/14, 35, 23, 36, 9, 1, 5
2018/8/15, 42, 24, 32, 9, 2, 3
2018/8/16, 34, 32, 31, 16, 2, 5
2018/8/17, 40, 45, 37, 20, 3, 5
2018/8/18, 67, 37, 42, 16, 2, 6
2018/8/19, 67, 39, 36, 14, 2, 6
2018/8/20, 71, 22, 37, 11, 2, 4
2018/8/21, 43, 32, 33, 18, 3, 5
2018/8/22, 46, 51, 33, 20, 4, 6
2018/8/23, 65, 17, 43, 10, 2, 4
2018/8/24, 36, 12, 26, 11, 2, 4
2018/8/25, 22, 11, 22, 8, 2, 4
2018/8/26, 17, 24, 29, 14, 2, 5
2018/8/27, 40, 41, 26, 17, 2, 7
2018/8/28, 61, 18, 25, 12, 2, 5
2018/8/29, 39, 16, 24, 9, 2, 3
2018/8/30, 35, 21, 21, 11, 2, 4
2018/8/31, 37, 32, 34, 14, 3, 5
2018/9/1, 56, 29, 28, 10, 2, 4
2018/9/2, 55, 24, 40, 12, 2, 5
2018/9/3, 51, 18, 40, 11, 3, 4
2018/9/4, 36, 14, 19, 11, 3, 4
2018/9/5, 23, 22, 23, 13, 4, 4
2018/9/6, 35, 20, 28, 11, 3, 3
2018/9/7, 32, 18, 25, 12, 4, 3
2018/9/8, 34, 31, 29, 16, 3, 5
2018/9/9, 50, 33, 30, 17, 2, 4
2018/9/10, 47, 34, 38, 14, 1, 5
2018/9/11, 55, 31, 35, 12, 1, 5
2018/9/12, 55, 46, 53, 17, 2, 6
2018/9/13, 84, 44, 59, 16, 2, 8
2018/9/14, 79, 26, 37, 14, 1, 5
2018/9/15, 54, 30, 29, 16, 2, 5
2018/9/16, 43, 36, 31, 20, 2, 6
2018/9/17, 55, 46, 44, 22, 4, 7
2018/9/18, 68, 51, 43, 26, 3, 7
2018/9/19, 89, 47, 42, 26, 2, 6
2018/9/20, 82, 41, 34, 23, 1, 7
2018/9/21, 89, 31, 23, 13, 2, 3
2018/9/22, 41, 24, 15, 15, 2, 4
2018/9/23, 48, 23, 18, 12, 1, 4
2018/9/24, 51, 33, 26, 17, 2, 6
2018/9/25, 57, 40, 29, 22, 2, 8
2018/9/26, 80, 62, 37, 24, 2, 13
2018/9/27, 108, 37, 27, 19, 1, 5
2018/9/28, 66, 19, 31, 13, 1, 4
2018/9/29, 55, 16, 26, 16, 1, 5
2018/9/30, 51, 18, 26, 9, 1, 3
2018/4/1, 163, 92, 70, 13, 8, 9
2018/4/2, 132, 52, 44, 11, 6, 6
2018/4/3, 86, 52, 45, 13, 6, 7
2018/4/4, 119, 56, 40, 17, 7, 8
2018/4/5, 135, 63, 37, 16, 6, 8
2018/4/6, 137, 69, , 17, 10, 6
2018/4/7, 77, 78, 37, 20, 9, 7
2018/4/8, 87, 105, 41, 27, 10, 9
2018/4/9, 153, 62, 35, 16, 5, 7
2018/4/10, 127, 100, 31, 8, 2, 6
2018/4/11, 112, 69, 31, 12, 2, 8
2018/4/12, 96, 73, 41, 19, 5, 10
2018/4/13, 137, 94, 34, 10, 2, 5
2018/4/14, 84, 42, 40, 13, 2, 5
2018/4/15, 84, 84, 46, 18, 3, 8
2018/4/16, 105, 174, 66, 10, 5, 6
2018/4/17, 118, 96, 76, 12, 5, 8
2018/4/18, 132, 72, 57, 18, 4, 8
2018/4/19, 122, 101, 78, 16, 4, 8
2018/4/20, 127, 43, 66, 12, 3, 6
2018/4/21, 115, 42, 39, 12, 3, 6
2018/4/22, 116, 48, 51, 15, 4, 7
2018/4/23, 101, 68, 52, 27, 5, 9
2018/4/24, 137, 80, 41, 26, 3, 7
2018/4/25, 96, 78, 44, 11, 4, 6
2018/4/26, 86, 67, 42, 19, 4, 5
2018/4/27, 91, 148, 56, 14, 5, 8
2018/4/28, 133, 112, 76, 10, 4, 8
2018/4/29, 122, 30, 48, 8, 2, 5
2018/4/30, 52, 50, 44, 12, 3, 5
2018/5/1, 64, 49, 40, 10, 2, 5
2018/5/2, 85, 62, 40, 10, 2, 5
2018/5/3, 76, 49, 46, 14, 3, 6
2018/5/4, 103, 126, 36, 17, 3, 7
2018/5/5, 106, 98, 36, 16, 4, 6
2018/5/6, 87, 37, 41, 17, 2, 6
2018/5/7, 52, 51, 43, 18, 4, 6
2018/5/8, 78, 45, 46, 20, 5, 5
2018/5/9, 86, 75, 57, 19, 5, 8
2018/5/10, 106, 77, 54, 17, 6, 8
2018/5/11, 137, 48, 44, 14, 2, 8
2018/5/12, 115, 74, 60, 16, 3, 11
2018/5/13, 128, 78, 64, 14, 3, 10
2018/5/14, 117, 64, 63, 12, 2, 8
2018/5/15, 102, 43, 42, 15, 2, 7
2018/5/16, 68, 29, 33, 13, 2, 4
2018/5/17, 33, 32, 40, 13, 3, 5
2018/5/18, 59, 29, 45, 13, 2, 5
2018/5/19, 56, 67, 42, 19, 3, 5
2018/5/20, 84, 73, 44, 17, 3, 6
2018/5/21, 101, 57, 43, 13, 3, 6
2018/5/22, 76, 103, 38, 12, 2, 6
2018/5/23, 86, 72, 43, 13, 4, 7
2018/5/24, 101, 37, 36, 17, 4, 5
2018/5/25, 67, 48, 54, 24, 9, 6
2018/5/26, 79, 35, 45, 15, 3, 7
2018/5/27, 81, 17, 38, 13, 1, 6
2018/5/28, 39, 18, 36, 9, 2, 5
2018/5/29, 40, 29, 48, 16, 2, 6
2018/5/30, 64, 41, 69, 19, 3, 6
2018/5/31, 69, 63, 93, 19, 5, 8
2018/6/1, 89, 72, 106, 14, 5, 7
2018/6/2, 84, 61, 108, 12, 4, 6
2018/6/3, 90, 56, 90, 9, 3, 6
2018/6/4, 85, 62, 86, 13, 3, 7
2018/6/5, 101, 58, 71, 17, 3, 8
2018/6/6, 114, 52, 55, 26, 3, 8
2018/6/7, 89, 34, 53, 15, 2, 7
2018/6/8, 60, 35, 66, 18, 3, 7
2018/6/9, 69, 32, 61, 17, 2, 5
2018/6/10, 56, 25, 60, 17, 1, 6
2018/6/11, 52, 65, 46, 25, 2, 6
2018/6/12, 58, 44, 65, 25, 2, 7
2018/6/13, 73, 33, 47, 19, 2, 7
2018/6/14, 56, 22, 38, 15, 1, 6
2018/6/15, 38, 45, 45, 14, 1, 6
2018/6/16, 66, 55, 43, 16, 1, 8
2018/6/17, 107, 52, 60, 12, 1, 7
2018/6/18, 89, 36, 46, 16, 1, 6
2018/6/19, 75, 21, 35, 14, 1, 4
2018/6/20, 49, 23, 39, 17, 2, 5
2018/6/21, 42, 70, 93, 24, 4, 6
2018/6/22, 71, 58, 88, 15, 4, 8
2018/6/23, 111, 37, 69, 21, 4, 4
2018/6/24, 53, 58, 58, 28, 2, 8
2018/6/25, 96, 44, 79, 16, 2, 5
2018/6/26, 77, 28, 66, 15, 1, 4
2018/6/27, 56, 18, 47, 12, 1, 4
2018/6/28, 40, 45, 72, 26, 2, 6
2018/6/29, 56, 48, 95, 16, 3, 6
2018/6/30, 69, 50, 98, 18, 3, 6
2018/1/1, 121, 48, 18, 18, 21, 5
2018/1/2, 95, 53, 19, 24, 33, 7
2018/1/3, 114, 67, 20, 29, 38, 10
2018/1/4, 162, 62, 21, 27, 33, 10
2018/1/5, 145, 67, 21, 26, 33, 10
2018/1/6, 143, 65, 22, 30, 38, 10
2018/1/7, 150, 57, 18, 23, 23, 10
2018/1/8, 130, 27, 21, 14, 15, 5
2018/1/9, 75, 30, 22, 15, 14, 4
2018/1/10, 79, 47, 24, 24, 30, 6
2018/1/11, 114, 56, , 25, 27, 9
2018/1/12, 136, 68, 22, 31, 29, 15
2018/1/13, 160, 52, 24, 18, 20, 9
2018/1/14, 136, 53, 23, 23, 25, 9
2018/1/15, 133, 60, 20, 31, 31, 13
2018/1/16, 136, 77, 15, 30, 29, 14
2018/1/17, 165, 58, 21, 28, 36, 11
2018/1/18, 124, 59, 24, 26, 27, 11
2018/1/19, 128, 40, 27, 15, 23, 5
2018/1/20, 73, 45, 24, 22, 40, 7
2018/1/21, 92, 34, 23, 16, 21, 7
2018/1/22, 90, 35, 28, 13, 24, 6
2018/1/23, 74, 41, 25, 17, 30, 6
2018/1/24, 88, 48, 27, 18, 26, 8
2018/1/25, 103, 53, 23, 23, 40, 10
2018/1/26, 129, 53, 24, 22, 38, 9
2018/1/27, 118, 37, , 14, 21, 6
2018/1/28, 65, 45, 24, 20, 28, 8
2018/1/29, 85, 52, , 26, 35, 10
2018/1/30, 110, 51, 24, 24, 31, 9
2018/1/31, 112, 54, 25, 23, 31, 10
2018/2/1, 129, 45, 23, 18, 20, 7
2018/2/2, 107, 60, 25, 20, 21, 8
2018/2/3, 137, 51, 28, 21, 23, 9
2018/2/4, 123, 52, 27, 21, 24, 8
2018/2/5, 129, 69, 21, 29, 28, 13
2018/2/6, 155, 69, 24, 30, 27, 13
2018/2/7, 158, 66, 32, 19, 19, 9
2018/2/8, 130, 60, 30, 20, 20, 8
2018/2/9, 115, 58, 26, 13, 14, 5
2018/2/10, 80, 54, 27, 11, 17, 5
2018/2/11, 61, 44, 28, 14, 18, 5
2018/2/12, 60, 38, 28, 16, 25, 7
2018/2/13, 71, 40, 29, 14, 17, 7
2018/2/14, 80, 38, 32, 8, 25, 6
2018/2/15, 70, 58, 31, 7, 15, 6
2018/2/16, 96, 35, 29, 11, 19, 6
2018/2/17, 71, 39, 34, 12, 26, 8
2018/2/18, 91, 31, 34, 11, 20, 7
2018/2/19, 79, 32, 32, 9, 18, 7
2018/2/20, 70, 51, 29, 13, 23, 7
2018/2/21, 81, 38, 31, 15, 19, 7
2018/2/22, 88, 44, 27, 19, 21, 9
2018/2/23, 104, 61, 31, 26, 22, 12
2018/2/24, 140, 48, 34, 20, 25, 11
2018/2/25, 125, 55, 32, 24, 15, 11
2018/2/26, 132, 44, 34, 17, 16, 7
2018/2/27, 110, 58, 30, 24, 18, 11
2018/2/28, 148, 68, 32, 14, 12, 6
2018/3/1, 114, 60, 37, 18, 19, 7
2018/3/2, 87, 59, 32, 17, 21, 8
2018/3/3, 127, 36, 33, 16, 14, 5
2018/3/4, 82, 40, 32, 20, 16, 7
2018/3/5, 77, 38, 32, 14, 14, 8
2018/3/6, 73, 52, 29, 24, 13, 12
2018/3/7, 122, 46, 34, 26, 20, 11
2018/3/8, 141, 49, 44, 29, 15, 13
2018/3/9, 129, 65, 44, 26, 19, 12
2018/3/10, 133, 53, 39, 30, 16, 14
2018/3/11, 133, 68, 42, 18, 15, 13
2018/3/12, 140, 75, 45, 18, 10, 11
2018/3/13, 161, 89, 34, 21, 9, 11
2018/3/14, 177, 16, 31, 10, 5, 4
2018/3/15, 34, 42, 35, 23, 25, 7
2018/3/16, 80, 51, 37, 21, 20, 9
2018/3/17, 103, 63, 27, 18, 13, 9
2018/3/18, 158, 27, 32, 12, 9, 5
2018/3/19, 44, 43, 41, 17, 11, 5
2018/3/20, 85, 51, 44, 28, 16, 7
2018/3/21, 114, 92, 53, 40, 14, 14
2018/3/22, 167, 94, 35, 33, 18, 13
2018/3/23, 176, 88, 38, 26, 16, 10
2018/3/24, 160, 100, 53, 28, 13, 11
2018/3/25, 161, 90, 87, 17, 10, 10
2018/3/26, 161, 93, 88, 12, 9, 9
2018/3/27, 143, 176, 69, 13, 8, 5
2018/3/28, 109, 78, 41, 19, 13, 9
2018/3/29, 159, 110, 64, 32, 12, 15
2018/3/30, 253, 65, 48, 21, 9, 11
2018/3/31, 144, 89, 62, 23, 9, 13
2017/10/1, 49, 37, 28, 15, 5, 7
2017/10/2, 33, 30, 29, 13, 5, 6
2017/10/3, 32, 55, 34, 20, 6, 8
2017/10/4, 66, 102, 53, 13, 8, 9
2017/10/5, 67, 53, 58, 11, 7, 9
2017/10/6, 100, 60, 48, 20, 7, 13
2017/10/8, 175, 45, 33, 13, 5, 11
2017/10/9, 86, 53, 27, 16, 6, 10
2017/10/10, 104, 43, 35, 15, 6, 8
2017/10/11, 112, 59, 36, 20, 6, 10
2017/10/12, 133, 61, 30, 25, 7, 12
2017/10/13, 151, 60, 35, 19, 6, 11
2017/10/14, 129, 79, 34, 24, 7, 14
2017/10/15, 204, 65, 33, 20, 6, 12
2017/10/16, 167, 55, 31, 22, 9, 9
2017/10/17, 138, 104, 43, 36, 12, 12
2017/10/18, 210, 96, 58, 34, 12, 17
2017/10/19, 192, 126, 46, 33, 10, 22
2017/10/20, 241, 37, 36, 12, 7, 8
2017/10/21, 101, 56, 36, 23, 11, 8
2017/10/22, 122, 56, 35, 27, 13, 13
2017/10/23, 126, 80, 39, 31, 19, 12
2017/10/24, 162, 85, 34, 39, 22, 18
2017/10/25, 163, 139, 46, 43, 20, 25
2017/10/26, 264, 87, 55, 28, 14, 16
2017/10/27, 194, 76, 39, 16, 14, 10
2017/10/28, 147, 43, 29, 16, 19, 7
2017/10/29, 111, 61, 29, 23, 25, 9
2017/10/30, 139, 79, 28, 24, 22, 11
2017/10/31, 147, 73, 34, 22, 17, 10
2017/11/1, 159, 55, 16, 22, 11, 6
2017/11/2, 142, 92, 18, 17, 13, 8
2017/11/3, 214, 56, 19, 20, 28, 6
2017/11/4, 129, 76, 35, 18, 12, 9
2017/11/5, 161, 76, 37, 20, 22, 10
2017/11/6, 169, 147, 25, 22, 13, 12
2017/11/7, 225, 216, 21, 14, 11, 5
2017/11/8, 146, 71, 24, 19, 11, 8
2017/11/9, 165, 41, 20, 10, 8, 5
2017/11/10, 109, 46, 24, 16, 19, 5
2017/11/11, 105, 65, 25, 19, 11, 8
2017/11/12, 146, 68, 29, 16, 17, 8
2017/11/13, 144, 59, 24, 10, 10, 3
2017/11/14, 89, 71, 23, 14, 9, 5
2017/11/15, 124, 85, 26, 21, 26, 7
2017/11/16, 166, 97, 27, 19, 17, 5
2017/11/17, 182, 55, 24, 12, 14, 3
2017/11/18, 115, 64, 25, 16, 20, 5
2017/11/19, 137, 60, 26, 17, 24, 6
2017/11/20, 122, 106, 24, 14, 15, 7
2017/11/21, 123, 63, 17, 9, 21, 4
2017/11/22, 68, 50, 17, 16, 30, 5
2017/11/23, 85, 62, 18, 18, 35, 8
2017/11/24, 112, 64, 22, 16, 22, 8
2017/11/25, 123, 62, 25, 16, 26, 8
2017/11/26, 122, 75, 26, 11, 20, 8
2017/11/27, 99, 92, 28, 12, 15, 7
2017/11/28, 103, 39, 25, 11, 13, 4
2017/11/29, 45, 28, 25, 17, 22, 7
2017/11/30, 72, 46, 22, 22, 29, 12
2017/12/1, 112, 59, 12, 25, 27, 16
2017/12/2, 162, 61, 15, 20, 23, 13
2017/12/3, 152, 46, 19, 20, 25, 12
2017/12/4, 117, 51, 21, 22, 35, 12
2017/12/5, 115, 86, 12, 29, 34, 17
2017/12/6, 173, 84, 14, 26, 29, 12
2017/12/7, 186, 63, 14, 23, 37, 11
2017/12/8, 149, 58, 15, 23, 33, 13
2017/12/9, 132, 40, 17, 12, 20, 7
2017/12/10, 112, 25, 20, 12, 18, 5
2017/12/11, 72, 38, , 19, 24, 6
2017/12/12, 87, 64, 17, 28, 41, 9
2017/12/13, 158, 62, 16, 27, 31, 9
2017/12/14, 159, 53, , 22, 31, 6
2017/12/15, 127, 40, 18, 18, 33, 4
2017/12/16, 95, 51, 17, 23, 43, 5
2017/12/17, 107, 44, 19, 19, 27, 4
2017/12/18, 109, 44, 17, 18, 31, 8
2017/12/19, 96, 48, , 21, 37, 8
2017/12/20, 107, 54, 18, 25, 32, 7
2017/12/21, 108, 63, 16, 27, 34, 10
2017/12/22, 151, 65, 16, 29, 31, 8
2017/12/23, 148, 52, 19, 21, 19, 5
2017/12/24, 128, 51, 18, 20, 30, 4
2017/12/25, 99, 41, 19, 16, 24, 5
2017/12/26, 92, 43, 19, 21, 33, 6
2017/12/27, 91, 75, 9, 30, 34, 13
2017/12/28, 154, 72, 15, 29, 36, 8
2017/12/29, 162, 92, 17, 39, 47, 13
2017/12/30, 166, 96, 13, 40, 43, 14
2017/12/31, 188, 67, 17, 18, 28, 4
2017/7/1, 136, 50, 66, 13, 2, 12
2017/7/2, 100, 21, 49, 14, 3, 9
2017/7/3, 39, 28, 53, 13, 3, 9
2017/7/4, 47, 47, 75, 21, 3, 11
2017/7/5, 71, 45, 95, 20, 3, 10
2017/7/6, 62, 43, 88, 13, 3, 10
2017/7/7, 56, 38, 83, 7, 2, 11
2017/7/8, 73, 36, 77, 9, 2, 11
2017/7/9, 66, 28, 60, 11, 3, 10
2017/7/10, 48, 51, 91, 12, 4, 10
2017/7/11, 74, 63, 103, 8, 4, 11
2017/7/12, 114, 45, 86, 11, 2, 10
2017/7/13, 89, 26, 57, 11, 2, 8
2017/7/14, 55, 40, 68, 14, 3, 9
2017/7/15, 68, 39, 65, 14, 2, 9
2017/7/16, 72, 38, 68, 10, 1, 8
2017/7/17, 68, 45, 77, 9, 2, 9
2017/7/18, 81, 48, 61, 13, 1, 10
2017/7/19, 100, 20, 36, 13, 2, 7
2017/7/20, 47, 22, 45, 10, 3, 6
2017/7/21, 34, 40, 77, 19, 4, 8
2017/7/22, 58, 38, 84, 17, 5, 8
2017/7/23, 58, 32, 48, 13, 3, 8
2017/7/24, 51, 36, 43, 20, 5, 9
2017/7/25, 53, 42, 50, 17, 4, 9
2017/7/26, 54, 44, 74, 13, 5, 11
2017/7/27, 67, 17, 52, 9, 4, 8
2017/7/28, 41, 43, 58, 21, 5, 10
2017/7/29, 64, 46, 86, 19, 5, 11
2017/7/30, 72, 55, 91, 18, 5, 13
2017/7/31, 95, 46, 72, 13, 4, 11
2017/8/1, 72, 36, 52, 9, 4, 9
2017/8/2, 56, 18, 37, 10, 3, 9
2017/8/3, 38, 16, 28, 9, 3, 9
2017/8/4, 26, 41, 43, 17, 3, 11
2017/8/5, 60, 23, 34, 21, 4, 10
2017/8/6, 50, 19, 44, 11, 4, 8
2017/8/7, 41, 31, 62, 19, 4, 9
2017/8/8, 45, 32, 58, 15, 4, 8
2017/8/9, 45, 28, 60, 15, 4, 9
2017/8/10, 41, 31, 51, 13, , 9
2017/8/11, 52, 29, 58, 17, , 10
2017/8/12, 59, 41, 68, 18, 4, 10
2017/8/13, 71, 46, 47, 17, 4, 8
2017/8/14, 70, 39, 34, 16, 4, 7
2017/8/15, 54, 25, 34, 14, 5, 9
2017/8/16, 39, 31, 37, 12, 5, 8
2017/8/17, 42, 33, 32, 13, 5, 8
2017/8/18, 43, 28, 33, 14, 4, 8
2017/8/19, 39, 31, 39, 13, 4, 9
2017/8/20, 46, 35, 44, 14, 4, 9
2017/8/21, 52, 48, 49, 10, 5, 13
2017/8/22, 94, 16, 41, 12, 4, 9
2017/8/23, 47, 29, 37, 11, 4, 10
2017/8/24, 65, 34, 31, 8, 5, 9
2017/8/25, 54, 23, 31, 12, 5, 9
2017/8/26, 33, 38, 55, 11, 6, 10
2017/8/27, 45, 24, 47, 8, 5, 9
2017/8/28, 42, 21, 30, 8, 6, 8
2017/8/29, 26, 26, 24, 11, 5, 9
2017/8/30, 40, 44, 32, 17, 5, 10
2017/8/31, 61, 46, 45, 19, 5, 10
2017/9/1, 69, 37, 41, 21, 5, 8
2017/9/2, 61, 48, 49, 24, 4, 10
2017/9/3, 77, 42, 47, 13, 4, 10
2017/9/4, 74, 35, 44, 11, 4, 9
2017/9/5, 67, 25, , 12, 5, 7
2017/9/6, 45, , , , , 
2017/9/11, 39, 29, 54, 14, 5, 7
2017/9/12, 46, 38, 27, 16, 6, 8
2017/9/13, 62, 41, 28, 20, 6, 9
2017/9/14, 59, 45, 24, 23, 5, 9
2017/9/15, 62, 53, 54, 17, 5, 10
2017/9/16, 80, 27, 55, 13, 4, 8
2017/9/17, 47, 46, 37, 24, 6, 10
2017/9/18, 67, 34, 54, 10, 5, 8
2017/9/19, 55, 26, 34, 13, 5, 9
2017/9/20, 44, 42, 41, 17, 5, 10
2017/9/21, 58, 39, 39, 14, 5, 11
2017/9/22, 50, 51, 47, 13, 6, 10
2017/9/23, 40, 42, 46, 13, 5, 9
2017/9/24, 40, 46, 38, 19, 5, 8
2017/9/25, 43, 35, 40, 13, 6, 9
2017/9/26, 46, 31, 30, 15, 6, 8
2017/9/27, 33, 33, 27, 12, 6, 5
2017/9/28, 28, 40, 27, 14, 7, 6
2017/9/29, 26, 43, 30, 20, 6, 7
2017/9/30, 38, 68, 45, 9, 5, 6
2017/4/1, 164, 83, 59, 33, 17, 13
2017/4/2, 150, 106, 91, 38, 17, 18
2017/4/3, 179, 102, 87, 17, 13, 12
2017/4/4, 148, 77, 81, 16, 14, 12
2017/4/5, 149, 61, 54, 19, 14, 11
2017/4/6, 140, 85, 68, 25, 14, 13
2017/4/7, 181, 38, 53, 13, 10, 8
2017/4/8, 74, 39, 45, 18, 12, 9
2017/4/9, 75, 71, 61, 19, 13, 10
2017/4/10, 119, 53, 47, 10, 6, 7
2017/4/11, 63, 46, 41, 12, 7, 8
2017/4/12, 51, 75, 45, 20, 8, 9
2017/4/13, 84, 64, 61, 18, 12, 12
2017/4/14, 129, 74, 68, 15, 10, 12
2017/4/15, 122, 59, 55, 20, 9, 9
2017/4/16, 86, 78, , 24, 11, 13
2017/4/17, 141, 53, 43, 19, 6, 10
2017/4/18, 82, 24, 45, 11, 6, 8
2017/4/19, 46, 47, 41, 21, 7, 9
2017/4/20, 85, 44, 41, 26, 7, 10
2017/4/21, 89, 63, 45, 23, 6, 10
2017/4/22, 92, 29, 42, 9, 9, 7
2017/4/23, 44, 30, 41, 13, 5, 8
2017/4/24, 53, 36, 41, 17, 6, 9
2017/4/25, 50, 29, 35, 13, 5, 8
2017/4/26, 38, 40, 39, 20, 7, 8
2017/4/27, 59, 51, 48, 26, 7, 10
2017/4/28, 74, 163, 47, 17, 7, 9
2017/4/29, 88, 38, 44, 10, 5, 7
2017/4/30, 47, 59, 52, 25, 5, 12
2017/5/1, 88, 70, 72, 14, 7, 9
2017/5/2, 84, 59, 87, 10, 5, 7
2017/5/3, 72, 47, 69, 11, 7, 10
2017/5/4, 78, 139, 48, 10, 5, 11
2017/5/5, 131, 421, 36, 6, 4, 7
2017/5/6, 133, 101, 39, 9, 4, 8
2017/5/7, 91, 37, 47, 22, 4, 9
2017/5/8, 68, 68, 77, 18, 6, 9
2017/5/9, 88, 53, 85, 10, 6, 8
2017/5/10, 70, 78, 76, 10, 6, 8
2017/5/11, 96, 88, 68, 14, 5, 6
2017/5/12, 83, 47, 42, 20, 4, 7
2017/5/13, 69, 10, 36, 9, 3, 7
2017/5/14, 28, 20, 34, 13, 4, 8
2017/5/15, 47, 34, 50, 17, 4, 9
2017/5/16, 59, 42, 74, 14, 5, 8
2017/5/17, 59, 74, 107, 12, 6, 10
2017/5/18, 88, 61, 113, 11, 6, 10
2017/5/19, 90, 58, 115, 21, 8, 8
2017/5/20, 75, 32, 75, 6, 4, 6
2017/5/21, 36, 12, 40, 11, 4, 7
2017/5/22, 35, 23, 42, 11, 4, 7
2017/5/23, 48, 26, 47, 11, 5, 7
2017/5/24, 42, 58, 41, 9, 4, 9
2017/5/25, 42, 32, 48, 18, 5, 10
2017/5/26, 60, 41, 58, 24, 4, 12
2017/5/27, 63, 56, 85, 20, 5, 11
2017/5/28, 64, 56, 61, 13, 5, 10
2017/5/29, 65, 31, 42, 10, 5, 10
2017/5/30, 57, 45, 50, 28, 4, 11
2017/5/31, 92, 30, 35, 17, 4, 7
2017/6/1, 47, 13, 29, 11, 4, 6
2017/6/2, 31, 24, 35, 17, 4, 7
2017/6/3, 48, 20, 40, 18, 4, 7
2017/6/4, 45, 34, 55, 22, 4, 8
2017/6/5, 57, 51, 75, 27, 5, 8
2017/6/6, 68, 36, 54, 14, 4, 10
2017/6/7, 75, 27, 40, 15, 4, 12
2017/6/8, 48, 44, 36, 18, 5, 11
2017/6/9, 49, 24, 27, 15, 5, 10
2017/6/10, 35, 30, 26, 17, 5, 11
2017/6/11, 50, 55, 33, 22, 6, 10
2017/6/12, 63, 48, 62, 24, 5, 10
2017/6/13, 75, 56, 66, 21, 7, 9
2017/6/14, 76, 45, 52, 25, 6, 8
2017/6/15, 56, 39, 90, 22, 5, 8
2017/6/16, 54, 67, 98, 25, 6, 12
2017/6/17, 110, 61, 105, 12, 5, 10
2017/6/18, 102, 37, 97, 12, 4, 9
2017/6/19, 76, 26, 78, 14, 5, 8
2017/6/20, 54, 17, 70, 11, 4, 8
2017/6/21, 36, 24, 52, 14, 3, 9
2017/6/22, 42, 50, 66, 29, 4, 12
2017/6/23, 71, 58, 81, 34, 4, 14
2017/6/24, 85, 41, 59, 26, 3, 11
2017/6/25, 71, 31, , 23, 3, 8
2017/6/26, 50, 49, 82, 22, 3, 10
2017/6/27, 70, 47, 91, 16, 3, 9
2017/6/28, 72, 53, 93, 10, 3, 10
2017/6/29, 77, 62, 91, 14, 4, 12
2017/6/30, 121, 67, 86, 12, 2, 15
2017/1/2, 125, 54, 21, 25, 31, 15
2017/1/3, 129, 64, 15, 36, 49, 15
2017/1/4, 132, 75, 11, 40, 38, 18
2017/1/5, 166, 78, 20, 39, 45, 20
2017/1/6, 174, 129, 15, 48, 61, 25
2017/1/7, 250, 142, 15, 54, 57, 29
2017/1/8, 281, 44, 25, 21, 27, 12
2017/1/9, 87, 41, 27, 15, 18, 8
2017/1/10, 57, 34, 25, 22, 34, 10
2017/1/11, 75, 31, 27, 19, 28, 10
2017/1/12, 71, 41, 24, 15, 23, 8
2017/1/13, 68, 26, 24, 13, 25, 8
2017/1/14, 68, 44, 22, 21, 34, 11
2017/1/15, 112, 86, 10, 36, 44, 21
2017/1/16, 178, 93, 13, 43, 49, 20
2017/1/17, 190, 82, 21, 30, 42, 17
2017/1/18, 191, 65, 21, 26, 37, 14
2017/1/19, 155, 54, 20, 24, 41, 12
2017/1/20, 128, 54, 19, 24, 35, 13
2017/1/21, 132, 53, 25, 23, 38, 13
2017/1/22, 145, 93, 27, 30, 40, 16
2017/1/23, 170, 81, 18, 37, 53, 19
2017/1/24, 176, 66, 30, 27, 46, 17
2017/1/25, 162, 67, 30, 15, 32, 13
2017/1/26, 127, 42, 28, 12, 29, 9
2017/1/27, 73, 63, 31, 21, 47, 13
2017/1/28, 154, 43, 31, 14, 25, 12
2017/1/29, 123, 44, 25, 20, 43, 11
2017/1/30, 111, 49, 29, 18, 42, 11
2017/1/31, 110, 31, 28, 12, 30, 9
2017/2/1, 68, 59, 33, 24, 37, 13
2017/2/2, 138, 81, 30, 35, 51, 22
2017/2/3, 181, 86, 33, 29, 46, 22
2017/2/4, 200, 69, 34, 19, 31, 15
2017/2/5, 150, 32, 29, 20, 31, 10
2017/2/6, 79, 55, 25, 28, 34, 15
2017/2/7, 135, 54, 30, 25, 30, 15
2017/2/8, 129, 33, 28, 19, 28, 10
2017/2/9, 83, 28, 29, 14, 23, 9
2017/2/10, 71, 40, 33, 17, 31, 10
2017/2/11, 91, 93, 37, 32, 55, 15
2017/2/12, 191, 83, 42, 37, 42, 17
2017/2/13, 183, 64, 44, 31, 26, 16
2017/2/14, 164, 59, 45, 21, 35, 14
2017/2/15, 145, 75, 67, 12, 19, 10
2017/2/16, 85, 38, 36, 16, 21, 9
2017/2/17, 64, 30, 35, 15, 22, 9
2017/2/18, 69, 41, 30, 18, 20, 11
2017/2/19, 98, 30, 35, 21, 23, 10
2017/2/20, 85, 47, 35, 28, 35, 13
2017/2/21, 120, 33, 32, 19, 29, 11
2017/2/22, 91, 37, 43, 23, 35, 11
2017/2/23, 100, 41, 42, 26, 41, 11
2017/2/24, 99, 37, 39, 23, 35, 11
2017/2/25, 91, 46, 31, 32, 32, 14
2017/2/26, 128, 42, 45, 22, 27, 13
2017/2/27, 109, 36, 40, 19, 25, 11
2017/2/28, 92, 23, 36, 12, 17, 10
2017/3/1, 55, 37, 37, 22, 28, 11
2017/3/2, 74, 44, 42, 25, 24, 13
2017/3/3, 105, 37, 35, 16, 17, 11
2017/3/4, 76, 44, 40, 23, 32, 13
2017/3/5, 110, 41, 38, 22, 21, 13
2017/3/6, 97, 28, 32, 16, 18, 10
2017/3/7, 64, 40, 38, 20, 25, 10
2017/3/8, 84, 50, , 26, 29, 12
2017/3/9, 101, 62, 41, 32, 28, 14
2017/3/10, 138, 72, 49, 29, 28, 14
2017/3/11, 143, 57, 35, 15, 14, 9
2017/3/12, 86, 32, 37, 18, 20, 10
2017/3/13, 74, 41, 40, 25, 18, 11
2017/3/14, 93, 53, 46, 29, 20, 14
2017/3/15, 116, 71, 71, 38, 29, 17
2017/3/16, 156, 105, 77, 47, 41, 22
2017/3/17, 207, 77, 62, 30, 27, 18
2017/3/18, 174, 51, 54, 21, 17, 13
2017/3/19, 98, 55, 42, 23, 19, 12
2017/3/20, 108, 53, 45, 19, 19, 11
2017/3/21, 126, 50, 43, 20, 16, 11
2017/3/22, 109, 50, 41, 24, 17, 11
2017/3/23, 114, 65, 50, 27, 16, 14
2017/3/24, 142, 64, 60, 26, 21, 12
2017/3/25, 149, 75, 57, 34, 19, 14
2017/3/26, 161, 70, 56, 28, 17, 13
2017/3/27, 142, 75, 52, 25, 22, 12
2017/3/28, 138, 71, 47, 15, 15, 9
2017/3/29, 108, 63, 55, 22, 13, 11
2017/3/30, 143, 91, 57, 34, 21, 16
2017/3/31, 167, 73, 68, 28, 16, 12
2016/10/1, 96, 58, 72, 20, 6, 8
2016/10/2, 124, 38, 66, 16, 4, 6
2016/10/3, 96, 29, 24, 21, 3, 6
2016/10/4, 66, 29, 23, 14, 4, 5
2016/10/5, 70, 41, 27, 18, 4, 6
2016/10/6, 81, 53, 17, 24, 4, 7
2016/10/7, 106, 21, 15, 15, 3, 5
2016/10/8, 56, 25, 24, 16, 3, 4
2016/10/9, 47, 42, 27, 18, 4, 6
2016/10/10, 80, 29, 30, 17, 3, 4
2016/10/11, 63, 38, 26, 21, 3, 5
2016/10/12, 72, 73, 18, 28, 5, 10
2016/10/13, 157, 75, 37, 27, 5, 12
2016/10/14, 176, 70, 57, 22, 7, 10
2016/10/15, 144, 53, 55, 15, 5, 7
2016/10/16, 138, 21, 39, 14, 3, 4
2016/10/17, 53, 56, 29, 26, 6, 6
2016/10/18, 112, 65, 18, 28, 8, 7
2016/10/19, 142, 32, 21, 18, 7, 4
2016/10/20, 65, 55, 23, 27, 9, 7
2016/10/21, 116, 32, 25, 17, 6, 5
2016/10/22, 87, 49, 28, 28, 13, 9
2016/10/23, 100, 67, 18, 33, 16, 10
2016/10/24, 134, 66, 26, 32, 28, 8
2016/10/25, 139, 34, 29, 16, 11, 5
2016/10/26, 76, 70, 33, 31, 22, 9
2016/10/27, 159, 57, 32, 21, 16, 10
2016/10/28, 130, 46, 28, 21, 18, 11
2016/10/29, 104, 77, 20, 28, 19, 15
2016/10/30, 185, 34, 19, 15, 16, 9
2016/10/31, 67, 48, 22, 21, 35, 11
2016/11/1, 89, 52, 20, 24, 27, 13
2016/11/2, 92, 55, 22, 24, 17, 12
2016/11/3, 138, 113, 13, 41, 29, 20
2016/11/4, 263, 95, 30, 25, 9, 16
2016/11/5, 284, 87, 27, 24, 21, 13
2016/11/6, 179, 76, 29, 18, 10, 12
2016/11/7, 175, 43, 29, 18, 18, 10
2016/11/8, 115, 50, 22, 26, 30, 13
2016/11/9, 118, 43, 19, 18, 19, 12
2016/11/10, 102, 40, 23, 18, 18, 12
2016/11/11, 101, 38, 26, 26, 19, 12
2016/11/12, 108, 53, 20, 27, 26, 11
2016/11/13, 134, 51, 25, 12, 15, 7
2016/11/14, 98, 42, 24, 19, 25, 8
2016/11/15, 91, 72, 23, 29, 29, 11
2016/11/16, 171, 95, 30, 28, 26, 14
2016/11/17, 188, 68, 19, 22, 19, 11
2016/11/18, 165, 37, 20, 18, 18, 8
2016/11/19, 104, 23, 23, 16, 21, 7
2016/11/20, 71, 23, 23, 16, 23, 7
2016/11/21, 63, 29, 24, 18, 19, 8
2016/11/22, 70, 37, 22, 23, 37, 10
2016/11/23, 86, 40, 23, 26, 33, 11
2016/11/24, 97, 53, 23, 28, 33, 13
2016/11/25, 131, 63, 16, 24, 31, 13
2016/11/26, 137, 48, 21, 23, 34, 10
2016/11/27, 116, 46, 23, 24, 36, 11
2016/11/28, 103, 40, 21, 25, 23, 11
2016/11/29, 99, 29, 19, 18, 22, 11
2016/11/30, 91, 30, 22, 16, 22, 9
2016/12/1, 66, 56, 16, 28, 46, 14
2016/12/2, 110, 76, 29, 25, 35, 18
2016/12/3, 170, 47, 27, 16, 17, 13
2016/12/4, 108, 34, 22, 21, 28, 11
2016/12/5, 84, 41, 11, 21, 37, 10
2016/12/6, 90, 68, 17, 29, 56, 13
2016/12/7, 161, 71, 10, 28, 39, 15
2016/12/8, 164, 71, 16, 27, 40, 13
2016/12/9, 163, 51, 20, 26, 38, 11
2016/12/10, 122, 56, 17, 25, 30, 13
2016/12/11, 133, 60, 19, 24, 33, 14
2016/12/12, 154, 49, 20, 20, 24, 12
2016/12/13, 117, 54, 18, 25, 38, 13
2016/12/14, 127, 52, 21, 25, 40, 13
2016/12/15, 128, 59, 14, 32, 57, 15
2016/12/16, 140, 70, 9, 34, 43, 20
2016/12/17, 169, 93, 10, 39, 38, 23
2016/12/18, 195, 91, 15, 32, 36, 21
2016/12/19, 196, 83, 20, 22, 32, 15
2016/12/20, 177, 74, 12, 23, 28, 15
2016/12/21, 167, 42, 17, 19, 16, 12
2016/12/22, 100, 39, 20, 22, 29, 11
2016/12/23, 97, 64, 19, 32, 44, 15
2016/12/24, 164, 56, 17, 26, 39, 14
2016/12/25, 148, 41, 21, 22, 24, 11
2016/12/26, 110, 67, 20, 31, 41, 15
2016/12/27, 162, 69, 19, 20, 28, 11
2016/12/28, 103, 50, 18, 25, 43, 11
2016/12/29, 115, 61, 16, 31, 54, 17
2016/12/30, 138, 83, 12, 33, 47, 21
2016/12/31, 182, , , , , 
2016/7/1, 46, 38, 44, 23, 3, 6
2016/7/2, 72, 38, 64, 20, 3, 6
2016/7/3, 62, 35, 71, 18, 2, 5
2016/7/4, 69, 34, 55, 16, 1, 4
2016/7/5, 66, 29, 72, 14, 1, 4
2016/7/6, 51, 52, 92, 18, 3, 6
2016/7/7, 96, 49, 81, 13, 3, 6
2016/7/8, 103, 55, 74, 15, 3, 6
2016/7/9, 124, 60, 76, 17, 1, 7
2016/7/10, 118, 63, 85, 13, 1, 8
2016/7/11, 123, 48, 71, 14, 2, 6
2016/7/12, 91, 19, 45, 10, 2, 4
2016/7/13, 52, 25, 44, 11, 3, 3
2016/7/14, 42, 39, 51, 18, 7, 4
2016/7/15, 58, 38, 30, 19, 4, 5
2016/7/16, 69, 33, 41, 15, 6, 4
2016/7/17, 76, 40, 65, 19, 4, 5
2016/7/18, 71, 50, 92, 15, 3, 7
2016/7/19, 103, 53, 69, 20, 2, 8
2016/7/20, 99, 41, 45, 20, 2, 7
2016/7/21, 78, 17, 35, 8, 1, 5
2016/7/22, 39, 30, 38, 11, 1, 7
2016/7/23, 56, 33, 48, 11, 1, 6
2016/7/24, 74, 37, 35, 23, 1, 6
2016/7/25, 63, 22, 64, 11, 1, 4
2016/7/26, 50, 31, 64, 19, 1, 6
2016/7/27, 65, 41, 58, 21, 1, 7
2016/7/28, 80, 25, 59, 13, 1, 6
2016/7/29, 64, 43, 66, 18, 1, 7
2016/7/30, 87, 53, 54, 25, 1, 8
2016/7/31, 103, 34, 63, 15, 2, 6
2016/8/1, 70, 44, 81, 22, 2, 8
2016/8/2, 132, 48, 82, 24, , 8
2016/8/3, 68, 56, 88, 18, , 7
2016/8/4, 86, 54, 74, 13, , 9
2016/8/5, 109, 53, 66, 14, 1, 7
2016/8/6, 96, 17, 41, 9, 2, 4
2016/8/7, 51, 33, 46, 17, 4, 5
2016/8/8, 52, 29, 46, 14, 5, 4
2016/8/9, 53, 50, 66, 11, 3, 7
2016/8/10, 84, 53, 68, 9, 3, 6
2016/8/11, 97, 58, 68, 12, 4, 8
2016/8/12, 125, 51, 70, 17, 4, 7
2016/8/13, 99, 29, 42, 12, 4, 4
2016/8/14, 54, 26, 36, 14, 4, 4
2016/8/15, 44, 35, 39, 17, 4, 4
2016/8/16, 52, 35, 60, 20, 4, 4
2016/8/17, 64, 42, 42, 31, 3, 6
2016/8/18, 84, 27, 53, 15, 3, 4
2016/8/19, 57, 39, 49, 18, 5, 4
2016/8/20, 77, 35, 52, 20, 4, 4
2016/8/21, 63, 28, 50, 15, 3, 4
2016/8/22, 51, 53, 64, 25, 4, 6
2016/8/23, 82, 55, 56, 20, 5, 9
2016/8/24, 99, 24, 42, 13, 2, 4
2016/8/25, 51, 34, 32, 22, 2, 5
2016/8/26, 49, 39, 49, 22, 3, 5
2016/8/27, 60, 40, 42, 22, 4, 4
2016/8/28, 67, 35, 39, 15, 2, 4
2016/8/29, 49, 18, 19, 10, 2, 3
2016/8/30, 33, 10, 11, 9, 2, 4
2016/8/31, 28, 21, 10, 12, 2, 6
2016/9/1, 51, 27, 38, 12, 2, 5
2016/9/2, 50, 41, 46, 20, 2, 6
2016/9/3, 76, 22, 38, 19, 2, 6
2016/9/4, 59, 32, 47, 17, 2, 7
2016/9/5, 72, 33, 44, 18, 1, 7
2016/9/6, 80, 44, 39, 21, 2, 7
2016/9/7, 84, 25, 37, 18, 1, 5
2016/9/8, 64, 20, 26, 20, 1, 5
2016/9/9, 61, 33, 37, 21, 1, 5
2016/9/10, 70, 31, 38, 20, 2, 4
2016/9/11, 75, 42, 29, 23, 2, 6
2016/9/12, 96, 35, 32, 19, 2, 4
2016/9/13, 74, 49, 47, 27, 3, 5
2016/9/14, 84, 35, 41, 13, 2, 5
2016/9/15, 71, 13, 31, 12, 1, 3
2016/9/16, 36, 25, 26, 16, 2, 3
2016/9/17, 51, 22, 27, 18, 3, 3
2016/9/18, 38, 46, 35, 23, 3, 7
2016/9/19, 70, 63, 39, 25, 5, 9
2016/9/20, 101, 52, 49, 26, 3, 6
2016/9/21, 88, 47, 42, 21, 3, 5
2016/9/22, 78, 46, 39, 18, 3, 6
2016/9/23, 97, 43, 56, 15, 3, 5
2016/9/24, 90, 46, 40, 16, 3, 7
2016/9/25, 92, 66, 38, 25, 3, 9
2016/9/26, 143, 32, 38, 12, 2, 4
2016/9/27, 86, 24, 25, 15, 3, 3
2016/9/28, 46, 42, 32, 20, 3, 6
2016/9/29, 73, 50, 40, 27, 7, 6
2016/9/30, 81, 62, 87, 19, 6, 8
2016/4/1, 136, 68, 50, 13, 11, 4
2016/4/2, 81, 49, 38, 13, 12, 5
2016/4/3, 66, 62, 49, 20, 14, 7
2016/4/4, 117, 43, 46, 16, 13, 6
2016/4/5, 81, 66, 67, 20, 10, 8
2016/4/6, 130, 114, 56, 12, 11, 6
2016/4/7, 102, 106, 41, 15, 12, 5
2016/4/8, 96, 42, 38, 13, 9, 5
2016/4/9, 65, 48, 38, 21, 9, 7
2016/4/10, 90, 55, 46, 25, 11, 7
2016/4/11, 104, 59, 42, 25, 6, 7
2016/4/12, 136, 55, 31, 20, 7, 7
2016/4/13, 130, 50, 45, 18, 6, 6
2016/4/14, 131, 57, 44, 22, 5, 7
2016/4/15, 125, 75, 44, 20, 5, 7
2016/4/16, 142, 76, 37, 15, 4, 6
2016/4/17, 89, 36, 41, 16, 4, 5
2016/4/18, 70, 52, 48, 18, 7, 5
2016/4/19, 80, 44, 49, 14, 5, 5
2016/4/20, 70, 71, 65, 14, 5, 5
2016/4/21, 89, 117, 44, 11, 4, 3
2016/4/22, 82, 37, 37, 13, 3, 4
2016/4/23, 54, 76, 47, 23, 6, 7
2016/4/24, 84, 58, 34, 14, 6, 5
2016/4/25, 84, 42, 40, 17, 5, 4
2016/4/26, 64, 65, 55, 28, 7, 7
2016/4/27, 104, 37, 59, 14, 6, 4
2016/4/28, 66, 49, 61, 26, 8, 5
2016/4/29, 65, 34, 46, 17, 4, 6
2016/4/30, 77, 66, 60, 18, 6, 9
2016/5/1, 143, 52, 48, 17, 4, 7
2016/5/2, 111, 19, 36, 10, 3, 4
2016/5/3, 53, 35, 41, 12, 3, 4
2016/5/4, 37, 48, 61, 21, 5, 6
2016/5/5, 70, 83, 54, 13, 3, 5
2016/5/6, 80, 30, 43, 11, 3, 4
2016/5/7, 64, 53, 57, 19, 4, 5
2016/5/8, 63, 65, 64, 15, 7, 5
2016/5/9, 82, 52, 64, 20, 5, 5
2016/5/10, 84, 76, 92, 25, 5, 7
2016/5/11, 106, 44, 79, 14, 3, 6
2016/5/12, 94, 43, 56, 15, 4, 5
2016/5/13, 78, 44, 49, 16, 5, 6
2016/5/14, 69, 34, 44, 15, 3, 6
2016/5/15, 81, 49, 41, 26, 4, 7
2016/5/16, 97, 62, 97, 24, 7, 8
2016/5/17, 96, 64, 109, 14, 8, 6
2016/5/18, 93, 54, 108, 15, 6, 5
2016/5/19, 97, 52, 97, 18, 6, 5
2016/5/20, 87, 52, 90, 17, 7, 4
2016/5/21, 86, 50, 61, 17, 4, 4
2016/5/22, 85, 61, 57, 26, 8, 6
2016/5/23, 125, 28, 56, 15, 3, 3
2016/5/24, 84, 37, 49, 18, 4, 2
2016/5/25, 66, 41, 44, 15, 4, 3
2016/5/26, 66, 69, 74, 19, 5, 5
2016/5/27, 84, 62, 106, 17, 8, 6
2016/5/28, 114, 37, 85, 13, 4, 2
2016/5/29, 79, 40, 46, 18, 5, 3
2016/5/30, 56, 24, 38, 12, 4, 3
2016/5/31, 48, 55, 54, 26, 5, 9
2016/6/1, 103, 55, 63, 33, 4, 9
2016/6/2, 101, 49, 110, 22, 6, 6
2016/6/3, 84, 49, 103, 19, 6, 5
2016/6/4, 110, 67, 105, 24, 8, 8
2016/6/5, 132, 49, 100, 19, 7, 5
2016/6/6, 84, 33, 77, 17, 3, 4
2016/6/7, 62, 33, 50, 23, 3, 4
2016/6/8, 64, 53, 72, 26, 5, 7
2016/6/9, 93, 50, 54, 25, 3, 6
2016/6/10, 104, 21, 42, 12, 2, 4
2016/6/11, 63, 28, 45, 22, 3, 4
2016/6/12, 54, 19, 47, 16, 2, 4
2016/6/13, 48, 42, 59, 26, 3, 5
2016/6/14, 69, 35, 51, 28, 3, 6
2016/6/15, 79, 53, 61, 31, 4, 9
2016/6/16, 101, 49, 53, 29, 4, 8
2016/6/17, 116, 40, 78, 16, 5, 8
2016/6/18, 146, 21, 72, 15, 2, 6
2016/6/19, 68, 31, 79, 17, 3, 5
2016/6/20, 71, 53, 76, 16, 3, 7
2016/6/21, 126, 50, 59, 20, 2, 7
2016/6/22, 126, 15, 49, 10, 2, 4
2016/6/23, 44, 18, 38, 15, 2, 4
2016/6/24, 35, 24, 32, 19, 3, 4
2016/6/25, 52, 26, 51, 20, 3, 4
2016/6/26, 49, 37, 71, 23, 3, 5
2016/6/27, 64, 58, 91, 20, 3, 8
2016/6/28, 128, 35, 78, 12, 2, 6
2016/6/29, 82, 34, 51, 14, 1, 7
2016/6/30, 88, 16, 38, 11, 1, 5
2016/1/4, 90, 52, 23, 19, 32, 5
2016/1/5, 97, 57, 27, 23, 34, 6
2016/1/6, 132, 57, 26, 25, 33, 7
2016/1/7, 122, 63, 25, 25, 36, 7
2016/1/8, 125, 58, 29, 25, 41, 7
2016/1/9, 133, 62, 33, 27, 43, 9
2016/1/10, 145, 63, 36, 26, 40, 9
2016/1/11, 145, 61, 28, 24, 42, 6
2016/1/12, 123, 44, 33, 22, 35, 6
2016/1/13, 104, 57, 33, 27, 45, 8
2016/1/14, 136, 80, 28, 34, 47, 12
2016/1/15, 183, 135, 26, 37, 52, 16
2016/1/16, 256, 85, 32, 33, 54, 12
2016/1/17, 184, 61, 30, 22, 39, 7
2016/1/18, 142, 65, 24, 22, 41, 8
2016/1/19, 158, 69, 24, 30, 57, 9
2016/1/20, 156, 97, 37, 34, 52, 14
2016/1/21, 189, 89, 30, 33, 56, 14
2016/1/22, 180, 62, 25, 24, 51, 8
2016/1/23, 151, 74, 26, 22, 40, 8
2016/1/24, 133, 104, 28, 28, 49, 10
2016/1/25, 150, 49, 29, 20, 33, 5
2016/1/26, 102, 60, 29, 25, 47, 6
2016/1/27, 112, 65, 26, 25, 40, 9
2016/1/28, 149, 62, 21, 26, 52, 8
2016/1/29, 146, 69, 22, 26, 48, 8
2016/1/30, 158, 57, 30, 23, 40, 7
2016/1/31, 142, 58, 31, 26, 41, 9
2016/2/1, 142, 75, 27, 35, 52, 11
2016/2/2, 165, 76, 30, 27, 41, 9
2016/2/3, 152, 65, , 20, 38, 5
2016/2/4, 96, 64, 34, 24, 39, 7
2016/2/5, 116, 61, 35, 22, 44, 8
2016/2/6, 144, 62, 31, 22, 54, 8
2016/2/7, 145, 88, 34, 16, 36, 9
2016/2/8, 174, 69, 37, 24, 45, 9
2016/2/9, 164, 54, 36, 15, 25, 7
2016/2/10, 120, 41, 41, 12, 27, 6
2016/2/11, 95, 49, 38, 17, 26, 8
2016/2/12, 122, 32, 30, 11, 17, 6
2016/2/13, 83, 34, 27, 13, 26, 5
2016/2/14, 66, 41, 29, 16, 29, 5
2016/2/15, 82, 39, 28, 17, 27, 5
2016/2/16, 80, 51, 29, 19, 35, 5
2016/2/17, 83, 48, 31, 20, 34, 7
2016/2/18, 106, 42, 33, 12, 16, 3
2016/2/19, 67, 45, 31, 12, 23, 4
2016/2/20, 68, 38, 29, 15, 31, 4
2016/2/21, 74, 51, 27, 17, 32, 6
2016/2/22, 120, 48, 34, 18, 32, 6
2016/2/23, 116, 49, 32, 20, 35, 7
2016/2/24, 108, 48, 31, 25, 34, 7
2016/2/25, 111, 38, 33, 17, 23, 5
2016/2/26, 91, 48, 33, 20, 30, 7
2016/2/27, 117, 55, 37, 19, 26, 8
2016/2/28, 132, 41, 36, 16, 25, 6
2016/2/29, 96, 53, 35, 19, 27, 6
2016/3/1, 97, 75, 23, 28, 35, 11
2016/3/2, 151, 54, 31, 26, 24, 9
2016/3/3, 141, 68, 30, 28, 27, 11
2016/3/4, 159, 230, 29, 22, 19, 9
2016/3/5, 167, 62, 27, 20, 30, 6
2016/3/6, 102, 33, 27, 20, 26, 6
2016/3/7, 112, 50, 30, 13, 18, 4
2016/3/8, 89, 41, 32, 14, 21, 4
2016/3/9, 70, 38, 31, 14, 18, 4
2016/3/10, 66, 38, , 18, 24, 4
2016/3/11, 69, 65, 37, 21, 26, 7
2016/3/12, 110, 42, 39, 14, 22, 3
2016/3/13, 75, 52, 38, 20, 26, 5
2016/3/14, 101, 81, 45, 25, 30, 9
2016/3/15, 155, 95, 51, 25, 29, 9
2016/3/16, 174, 72, 61, 18, 21, 7
2016/3/17, 174, 68, 70, 17, 17, 6
2016/3/18, 126, 46, 48, 22, 23, 5
2016/3/19, 99, 85, 65, 34, 25, 12
2016/3/20, 174, 79, 63, 25, 25, 7
2016/3/21, 160, 54, 39, 17, 18, 5
2016/3/22, 104, 60, 41, 17, 20, 5
2016/3/23, 118, 55, 40, 21, 21, 6
2016/3/24, 129, 78, 58, 31, 30, 10
2016/3/25, 171, 80, 68, 28, 29, 8
2016/3/26, 167, 84, 63, 25, 21, 8
2016/3/27, 172, 260, 49, 19, 18, 8
2016/3/28, 162, 74, 45, 11, 12, 4
2016/3/29, 95, 54, 41, 16, 11, 5
2016/3/30, 104, 237, 71, 20, 15, 8
2016/3/31, 153, 100, 71, 13, 10, 6
2015/10/1, 60, 48, 32, 10, 3, 2
2015/10/2, 41, 30, 30, 12, 3, 3
2015/10/3, 44, 50, 35, 25, 5, 5
2015/10/4, 78, 77, 79, 20, 8, 8
2015/10/5, 140, 90, 96, 25, 8, 11
2015/10/6, 167, 78, 89, 18, 6, 8
2015/10/7, 156, 57, 70, 15, 4, 4
2015/10/8, 93, 61, 35, 23, 4, 5
2015/10/9, 114, 66, 33, 26, 5, 5
2015/10/10, 101, 41, 21, 18, 3, 4
2015/10/11, 83, 26, 24, 17, 3, 4
2015/10/12, 57, 45, 26, 21, 4, 5
2015/10/13, 73, 76, 30, 31, 5, 10
2015/10/14, 154, 112, 86, 37, 11, 14
2015/10/15, 208, 90, 82, 29, 10, 10
2015/10/16, 171, 87, 67, 23, 9, 11
2015/10/17, 180, 30, 40, 16, 4, 4
2015/10/18, 65, 88, 35, 33, 10, 9
2015/10/19, 185, 63, 31, 26, 10, 6
2015/10/20, 145, 96, 41, 35, 15, 10
2015/10/21, 189, 91, 42, 33, 22, 7
2015/10/22, 184, 79, 39, 30, 25, 7
2015/10/23, 161, 50, 35, 18, 16, 4
2015/10/24, 86, 167, 71, 45, 22, 15
2015/10/25, 283, 159, 40, 38, 20, 10
2015/10/26, 290, 69, 31, 13, 11, 3
2015/10/27, 71, 42, 27, 13, 14, 3
2015/10/28, 74, 51, 24, 17, 17, 5
2015/10/29, 107, 95, 28, 24, 20, 9
2015/10/30, 186, 100, 36, 30, 46, 9
2015/10/31, 195, 95, 37, 32, 30, 9
2015/11/1, 184, 248, 56, 47, 36, 22
2015/11/2, 290, 182, 54, 38, 22, 22
2015/11/3, 339, 112, 53, 24, 26, 9
2015/11/4, 199, 82, 43, 19, 15, 6
2015/11/5, 167, 115, 43, 37, 28, 13
2015/11/6, 331, 216, 38, 38, 29, 15
2015/11/7, 348, 157, 28, 40, 19, 19
2015/11/8, 521, 132, 31, 32, 17, 14
2015/11/9, 471, 65, 38, 21, 20, 5
2015/11/10, 161, 70, 36, 25, 16, 6
2015/11/11, 165, 74, 31, 31, 26, 10
2015/11/12, 172, 61, 38, 24, 17, 10
2015/11/13, 155, 54, 41, 22, 25, 8
2015/11/14, 121, 49, 33, 19, 28, 7
2015/11/15, 120, 60, 21, 20, 22, 6
2015/11/16, 119, 63, 22, 17, 17, 4
2015/11/17, 151, 57, 23, 18, 18, 4
2015/11/18, 133, 50, 21, 16, 14, 4
2015/11/19, 129, 64, 24, 24, 30, 6
2015/11/20, 149, 87, 21, 34, 43, 10
2015/11/21, 170, 73, 26, 26, 30, 8
2015/11/22, 158, 48, 25, 14, 16, 5
2015/11/23, 112, 45, 26, 20, 31, 5
2015/11/24, 100, 59, 28, 22, 30, 7
2015/11/25, 139, 60, , 22, 32, 7
2015/11/26, 143, 61, 28, 26, 38, 8
2015/11/27, 143, 81, 23, 32, 51, 9
2015/11/28, 168, 78, 20, 32, 42, 11
2015/11/29, 170, 72, 18, 25, 41, 9
2015/11/30, 169, 64, 24, 25, 38, 9
2015/12/1, 149, 73, 27, 24, 30, 10
2015/12/2, 139, 60, 22, 18, 31, 7
2015/12/3, 129, 46, 24, 18, 33, 6
2015/12/4, 90, 35, 27, 18, 35, 6
2015/12/5, 86, 54, 22, 25, 42, 8
2015/12/6, 125, 91, 18, 43, 53, 16
2015/12/7, 185, 78, 28, 33, 40, 12
2015/12/8, 177, 95, 23, 34, 41, 13
2015/12/9, 182, 69, 28, 25, 26, 11
2015/12/10, 154, 68, 28, 28, 39, 10
2015/12/11, 164, 105, 24, 41, 52, 16
2015/12/12, 211, 142, 25, 51, 55, 21
2015/12/13, 291, 131, 22, 39, 55, 19
2015/12/14, 262, 60, 24, 20, 35, 7
2015/12/15, 131, 41, 24, 15, 32, 5
2015/12/16, 103, 55, 19, 20, 44, 7
2015/12/17, 124, 65, 22, 25, 48, 9
2015/12/18, 144, 57, 26, 24, 40, 8
2015/12/19, 140, 55, 22, 22, 38, 8
2015/12/20, 140, 95, 20, 31, 42, 14
2015/12/21, 217, 156, 14, 41, 53, 18
2015/12/22, 269, 117, 21, 33, 43, 18
2015/12/23, 218, 82, 27, 32, 49, 11
2015/12/24, 174, 63, 15, 28, 45, 10
2015/12/25, 150, 62, 18, 23, 40, 9
2015/12/26, 152, 63, 17, 26, 54, 10
2015/12/27, 146, 78, 20, 32, 62, 11
2015/12/28, 167, 85, 15, 40, 59, 14
2015/12/29, 180, 174, 13, 54, 63, 26
2015/12/30, 297, 159, 16, 50, 62, 21
2015/12/31, 283, , , , , 
2015/7/1, 50, 32, 34, 21, 4, 4
2015/7/2, 68, 33, 32, 24, 4, 5
2015/7/3, 66, 45, 45, 26, 4, 6
2015/7/4, 86, 59, 62, 21, 4, 9
2015/7/5, 99, 68, 87, 24, 6, 8
2015/7/6, 120, 58, 97, 23, 5, 7
2015/7/7, 111, 64, 91, 32, 6, 8
2015/7/8, 113, 63, 107, 28, 7, 7
2015/7/9, 100, 63, 122, 19, 7, 7
2015/7/10, 95, 61, 113, 15, 4, 7
2015/7/11, 116, 86, 85, 16, 6, 7
2015/7/12, 156, 42, 66, 13, 4, 5
2015/7/13, 83, 28, 42, 11, 3, 4
2015/7/14, 51, 36, 39, 14, 4, 4
2015/7/15, 56, 36, 47, 16, 7, 4
2015/7/16, 48, 52, 65, 21, 7, 5
2015/7/17, 68, 59, 94, 24, 7, 6
2015/7/18, 83, 66, 96, 22, 5, 6
2015/7/19, 106, 80, 91, 26, 5, 8
2015/7/20, 127, 60, 69, 17, 4, 6
2015/7/21, 114, 71, 75, 18, 3, 8
2015/7/22, 142, 90, 80, 16, 2, 8
2015/7/23, 160, 79, 56, 15, 2, 7
2015/7/24, 161, 89, 40, 17, 3, 8
2015/7/25, 160, 63, 64, 13, 2, 7
2015/7/26, 138, 52, 51, 19, 3, 6
2015/7/27, 107, 93, 74, 19, 3, 8
2015/7/28, 164, 46, 74, 16, 3, 6
2015/7/29, 77, 40, 60, 17, 4, 6
2015/7/30, 74, 33, 54, 17, 4, 5
2015/7/31, 55, 40, 45, 17, 4, 6
2015/8/1, 67, 35, 45, 11, 2, 5
2015/8/2, 73, 56, 54, 13, 3, 7
2015/8/3, 114, 46, 63, 12, 2, 6
2015/8/4, 89, 52, 73, 16, 4, 6
2015/8/5, 61, 35, 51, 14, 2, 5
2015/8/6, 63, 38, 43, 11, 2, 4
2015/8/7, 58, 44, 66, 11, 4, 5
2015/8/8, 91, 30, 50, 11, 3, 4
2015/8/9, 58, 42, 42, 16, 3, 5
2015/8/10, 70, 53, 43, 20, 3, 5
2015/8/11, 71, 63, 48, 20, 4, 6
2015/8/12, 71, 59, 71, 28, 5, 9
2015/8/13, 97, 39, 71, 17, 3, 6
2015/8/14, 66, 45, 56, 16, 3, 8
2015/8/15, 92, 43, 60, 16, 4, 7
2015/8/16, 83, 72, 81, 17, 4, 11
2015/8/17, 154, 67, 62, 20, 4, 9
2015/8/18, 135, 52, 67, 16, 3, 7
2015/8/19, 119, 29, 52, 18, 2, 5
2015/8/20, 82, 34, 40, 25, 4, 5
2015/8/21, 89, 50, 38, 27, 5, 7
2015/8/22, 117, 46, 46, 20, 6, 5
2015/8/23, 107, 49, 46, 20, 7, 5
2015/8/24, 98, 37, 39, 16, 6, 4
2015/8/25, 51, 37, 30, 18, 5, 4
2015/8/26, 58, 19, 26, 16, 2, 3
2015/8/27, 49, 13, 23, 13, 2, 3
2015/8/28, 37, 20, 25, 13, 2, 3
2015/8/29, 49, 30, 27, 19, 2, 4
2015/8/30, 66, 46, 35, 27, 4, 9
2015/8/31, 87, 52, 42, 25, 5, 9
2015/9/1, 109, 40, 45, 26, 6, 6
2015/9/2, 93, 25, 40, 15, 4, 4
2015/9/3, 55, 40, 37, 22, 5, 4
2015/9/4, 58, 39, 37, 19, 8, 3
2015/9/5, 63, 39, 43, 24, 6, 4
2015/9/6, 60, 50, 48, 25, 4, 6
2015/9/7, 76, 52, 88, 25, 5, 6
2015/9/8, 74, 45, 50, 21, 7, 6
2015/9/9, 94, 27, 36, 19, 4, 3
2015/9/10, 46, 31, 28, 21, 4, 3
2015/9/11, 45, 27, 28, 18, 3, 3
2015/9/12, 47, 46, 38, 21, 5, 5
2015/9/13, 66, 58, 72, 26, 5, 8
2015/9/14, 86, 58, 76, 26, 8, 8
2015/9/15, 93, 67, 88, 33, 6, 10
2015/9/16, 118, 81, 82, 40, 6, 12
2015/9/17, 128, 73, 89, 25, 6, 11
2015/9/18, 138, 29, 58, 15, 3, 5
2015/9/19, 88, 30, 39, 22, 5, 4
2015/9/20, 55, 59, 71, 29, 8, 8
2015/9/21, 97, 55, 67, 19, 5, 5
2015/9/22, 90, 27, 44, 12, 3, 4
2015/9/23, 62, 42, 24, 21, 3, 5
2015/9/24, 103, 39, 18, 23, 3, 7
2015/9/25, 87, 30, 28, 19, 3, 4
2015/9/26, 63, 34, 23, 23, 4, 6
2015/9/27, 61, 35, 28, 18, 4, 5
2015/9/28, 60, 42, 32, 22, 4, 6
2015/9/29, 73, 59, 36, 25, 5, 6
2015/9/30, 92, 29, 26, 12, 3, 4
2015/4/1, 172, 87, 36, 31, 20, 8
2015/4/2, 161, 57, 31, 16, 10, 5
2015/4/3, 128, 54, 30, 23, 17, 7
2015/4/4, 111, 66, 23, 18, 18, 7
2015/4/5, 140, 43, 26, 11, 11, 4
2015/4/6, 78, 39, 32, 16, 17, 3
2015/4/7, 78, 60, 33, 18, 18, 4
2015/4/8, 100, 86, 35, 21, 20, 7
2015/4/9, 165, 49, 33, 18, 10, 4
2015/4/10, 100, 67, 35, 21, 10, 5
2015/4/11, 131, 69, 35, 18, 7, 5
2015/4/12, 134, 92, 44, 31, 14, 7
2015/4/13, 170, 82, 39, 30, 14, 8
2015/4/14, 141, 109, 50, 27, 13, 10
2015/4/15, 163, 185, 46, 13, 6, 5
2015/4/16, 113, 106, 35, 20, 7, 5
2015/4/17, 134, 88, 43, 26, 10, 6
2015/4/18, 139, 117, 40, 16, 6, 5
2015/4/19, 130, 124, 40, 20, 5, 5
2015/4/20, 140, 73, 34, 19, 5, 4
2015/4/21, 107, 65, 35, 23, 6, 5
2015/4/22, 91, 106, 35, 12, 5, 4
2015/4/23, 95, 54, 32, 18, 5, 4
2015/4/24, 67, 86, 43, 22, 9, 8
2015/4/25, 109, 118, 63, 18, 13, 10
2015/4/26, 156, 97, 82, 14, 12, 7
2015/4/27, 145, 77, 70, 26, 9, 7
2015/4/28, 128, 96, 66, 39, 10, 11
2015/4/29, 137, 77, 66, 20, 9, 6
2015/4/30, 115, 87, 71, 16, 6, 6
2015/5/1, 108, 55, 52, 19, 6, 6
2015/5/2, 103, 67, 50, 12, 3, 5
2015/5/3, 95, 112, 42, 12, 4, 4
2015/5/4, 91, 451, 31, 12, 6, 5
2015/5/5, 128, 159, 26, 13, 4, 4
2015/5/6, 125, 138, 32, 18, 5, 6
2015/5/7, 101, 26, 29, 12, 4, 5
2015/5/8, 54, 34, 24, 16, 6, 5
2015/5/9, 61, 54, 37, 22, 6, 6
2015/5/10, 101, 54, 30, 26, 8, 6
2015/5/11, 105, 21, 26, 14, 4, 5
2015/5/12, 51, 19, 36, 15, 4, 5
2015/5/13, 45, 44, 42, 28, 6, 7
2015/5/14, 108, 47, 44, 16, 4, 4
2015/5/15, 71, 48, 40, 16, 5, 3
2015/5/16, 75, 55, 30, 29, 7, 7
2015/5/17, 117, 52, 51, 11, 4, 6
2015/5/18, 136, , 56, , , 
2015/5/20, 61, 49, 42, 22, 8, 5
2015/5/21, 70, 61, 44, 25, 9, 6
2015/5/22, 94, 69, 66, 19, 12, 7
2015/5/23, 110, 63, 64, 17, 10, 6
2015/5/24, 99, 73, 80, 17, 11, 12
2015/5/25, 140, 80, 78, 28, 10, 9
2015/5/26, 159, 57, 93, 20, 6, 7
2015/5/27, 123, 70, 98, 19, 7, 6
2015/5/28, 96, 57, 60, 20, 7, 6
2015/5/29, 120, 29, 41, 14, 4, 3
2015/5/30, 39, 131, 91, 19, 6, 5
2015/5/31, 116, 72, 40, 12, 5, 4
2015/6/1, 125, 52, 59, 30, 4, 6
2015/6/2, 87, 30, 35, 21, 4, 5
2015/6/3, 74, 59, 62, 27, 6, 6
2015/6/4, 76, 40, 59, 14, 5, 5
2015/6/5, 61, 42, 45, 19, 4, 7
2015/6/6, 103, 31, 35, 11, 3, 6
2015/6/7, 66, 30, 44, 18, 3, 6
2015/6/8, 62, 35, 48, 22, 6, 6
2015/6/9, 64, 56, 54, 24, 7, 7
2015/6/10, 129, 41, 71, 18, 4, 6
2015/6/11, 101, 27, 60, 14, 5, 6
2015/6/12, 67, 36, 75, 18, 5, 6
2015/6/13, 77, 56, 70, 30, 6, 9
2015/6/14, 102, 53, 91, 32, 5, 9
2015/6/15, 107, 69, 116, 38, 8, 9
2015/6/16, 122, 90, 127, 47, 8, 11
2015/6/17, 145, 45, 81, 22, 4, 6
2015/6/18, 88, 48, 82, 26, 6, 6
2015/6/19, 102, 55, 72, 27, 8, 6
2015/6/20, 94, 55, 81, 27, 5, 6
2015/6/21, 86, 62, 108, 17, 7, 7
2015/6/22, 108, 55, 94, 17, 6, 5
2015/6/23, 96, 66, 120, 19, 9, 8
2015/6/24, 133, 76, 120, 24, 7, 9
2015/6/25, 147, 91, 60, 24, 6, 9
2015/6/26, 176, 102, 102, 27, 5, 11
2015/6/27, 182, 84, 102, 18, 6, 9
2015/6/28, 164, 27, 66, 16, 6, 4
2015/6/29, 54, 35, 40, 19, 2, 4
2015/6/30, 61, 24, 35, 16, 2, 3
2015/1/1, 157, 65, , 21, 45, 8
2015/1/2, 147, 54, , 23, 38, 8
2015/1/3, 119, 120, , 43, 61, 15
2015/1/4, 208, 94, , 21, 35, 9
2015/1/5, 123, 56, , 16, 31, 6
2015/1/6, 91, 68, 16, 25, 53, 9
2015/1/7, 134, 98, 9, 32, 59, 16
2015/1/8, 181, 112, 9, 35, 60, 13
2015/1/9, 196, 121, 7, 37, 65, 16
2015/1/10, 206, 97, 14, 31, 64, 10
2015/1/11, 181, 93, 18, 27, 46, 12
2015/1/12, 194, 83, 19, 29, 44, 13
2015/1/13, 170, 159, 11, 34, 56, 21
2015/1/14, 265, 98, 14, 27, 43, 12
2015/1/15, 180, 66, , 21, 34, 6
2015/1/16, 147, 65, 17, 24, 45, 6
2015/1/17, 123, 62, 18, 24, 44, 8
2015/1/18, 140, 85, 22, 29, 52, 10
2015/1/19, 178, 79, 24, 29, 46, 11
2015/1/20, 171, 125, 23, 44, 71, 15
2015/1/21, 232, 172, 31, 43, 53, 18
2015/1/22, 281, 109, 32, 34, 47, 14
2015/1/23, 202, 144, 29, 40, 57, 16
2015/1/24, 253, 125, 26, 40, 61, 15
2015/1/25, 215, 81, 25, 22, 38, 8
2015/1/26, 131, 61, 27, 22, 41, 6
2015/1/27, 123, 85, 20, 35, 65, 11
2015/1/28, 164, 76, 27, 28, 50, 9
2015/1/29, 153, 73, 27, 25, 44, 7
2015/1/30, 132, 77, 23, 33, 67, 10
2015/1/31, 152, 88, 22, 37, 62, 12
2015/2/1, 176, 104, 21, 47, 60, 15
2015/2/2, 193, 145, 28, 60, 61, 23
2015/2/3, 258, 148, 30, 43, 56, 17
2015/2/4, 257, 69, 28, 29, 53, 8
2015/2/5, 144, 73, 25, 29, 49, 10
2015/2/6, 140, 58, 28, 12, 25, 7
2015/2/7, 68, 49, 28, 17, 38, 7
2015/2/8, 111, 62, 28, 25, 50, 6
2015/2/9, 124, 71, 28, 34, 52, 10
2015/2/10, 143, 78, 36, 29, 42, 10
2015/2/11, 142, 41, 30, 19, 33, 4
2015/2/12, 78, 74, 25, 31, 55, 9
2015/2/13, 139, 94, 28, 30, 48, 12
2015/2/14, 176, 123, 37, 40, 47, 14
2015/2/15, 223, 174, 34, 46, 57, 21
2015/2/16, 283, 66, 22, 23, 33, 7
2015/2/17, 144, 53, 27, 19, 41, 5
2015/2/18, 118, 106, 39, 20, 44, 10
2015/2/19, 204, 48, 43, 10, 27, 5
2015/2/20, 116, 30, 36, 10, 18, 5
2015/2/21, 79, 250, 28, 8, 17, 4
2015/2/22, 160, 47, 27, 11, 21, 4
2015/2/23, 82, 72, 29, 23, 47, 8
2015/2/24, 145, 68, 31, 20, 34, 7
2015/2/25, 153, 65, 32, 20, 37, 5
2015/2/26, 141, 66, 33, 27, 45, 6
2015/2/27, 147, 51, 34, 17, 32, 5
2015/2/28, 110, 51, 33, 19, 30, 6
2015/3/1, 110, 57, 31, 29, 44, 8
2015/3/2, 125, 52, 36, 22, 33, 6
2015/3/3, 117, 53, 39, 19, 35, 5
2015/3/4, 114, 55, 37, 20, 29, 6
2015/3/5, 124, 65, 38, 19, 30, 6
2015/3/6, 136, 93, 33, 26, 36, 9
2015/3/7, 180, 56, 28, 26, 32, 6
2015/3/8, 120, 47, 28, 14, 26, 3
2015/3/9, 70, 49, 27, 23, 38, 5
2015/3/10, 114, 48, 28, 23, 36, 4
2015/3/11, 92, 45, 28, 17, 25, 3
2015/3/12, 76, 50, 31, 26, 38, 5
2015/3/13, 110, 57, 34, 25, 32, 6
2015/3/14, 122, 114, 27, 23, 33, 7
2015/3/15, 141, 99, 29, 23, 26, 8
2015/3/16, 145, 74, 32, 22, 26, 7
2015/3/17, 132, 62, 39, 26, 26, 7
2015/3/18, 119, 66, 41, 27, 27, 6
2015/3/19, 119, 63, 43, 22, 26, 4
2015/3/20, 119, 67, 39, 19, 24, 5
2015/3/21, 106, 114, 34, 12, 18, 3
2015/3/22, 71, 52, , 14, 28, 3
2015/3/23, 83, 73, 31, 29, 29, 6
2015/3/24, 149, 77, 36, 24, 22, 7
2015/3/25, 136, 154, 56, 23, 23, 10
2015/3/26, 175, 155, 52, 23, 19, 10
2015/3/27, 164, 124, 45, 27, 25, 10
2015/3/28, 176, 100, 45, 30, 18, 10
2015/3/29, 165, 188, 43, 26, 21, 11
2015/3/30, 191, 90, 35, 17, 11, 6
2015/3/31, 145, 85, 42, 29, 23, 8
2014/10/1, 92, 61, , 20, 4, 6
2014/10/2, 116, 64, , 26, 5, 8
2014/10/3, 113, 68, , 26, 6, 8
2014/10/4, 129, 80, , 28, 12, 8
2014/10/5, 147, 69, , 27, 8, 8
2014/10/6, 133, 95, , 29, 9, 11
2014/10/7, 152, 140, , 29, 14, 13
2014/10/8, 197, 110, , 20, 8, 10
2014/10/9, 171, 85, , 31, 13, 13
2014/10/10, 169, 131, , 25, 9, 12
2014/10/11, 188, 63, , 11, 3, 6
2014/10/12, 130, 87, , 24, 10, 9
2014/10/13, 158, 227, , 41, 8, 17
2014/10/14, 295, 180, , 29, 10, 13
2014/10/15, 237, 82, , 19, 3, 8
2014/10/16, 125, 126, , 36, 9, 15
2014/10/17, 196, 288, , 41, 12, 24
2014/10/18, 311, 120, , 16, 10, 10
2014/10/19, 170, 72, , 17, 8, 8
2014/10/20, 125, 119, , 30, 17, 13
2014/10/21, 198, 331, , 52, 22, 22
2014/10/22, 381, 231, , 37, 20, 20
2014/10/23, 300, 140, , 24, 12, 17
2014/10/24, 210, 344, , , 14, 21
2014/10/25, 327, 140, , , 7, 14
2014/10/26, 147, 88, , 34, 38, 15
2014/10/27, 154, 217, , 37, 30, 20
2014/10/28, 272, 250, , 46, 31, 27
2014/10/29, 308, 346, , 37, 17, 29
2014/10/30, 391, 208, , 26, 12, 18
2014/10/31, 272, 303, , 28, 21, 21
2014/11/1, 308, 71, , 17, 22, 13
2014/11/2, 135, 68, , 19, 28, 14
2014/11/3, 125, 106, , 24, 31, 16
2014/11/4, 161, 97, , 17, 26, 15
2014/11/5, 153, 56, , 15, 16, 13
2014/11/6, 101, 79, , 24, 27, 16
2014/11/7, 151, 89, , 26, 35, 15
2014/11/8, 165, 109, , 31, 46, 19
2014/11/9, 176, 111, , 34, 41, 22
2014/11/10, 178, 113, , 28, 26, 16
2014/11/11, 159, 52, , 15, 20, 7
2014/11/12, 57, 41, , 14, 20, 4
2014/11/13, 66, 58, , 20, 32, 6
2014/11/14, 102, 102, , 30, 56, 10
2014/11/15, 173, 125, , 31, 36, 15
2014/11/16, 202, 101, , 31, 50, 10
2014/11/17, 177, 121, , 31, 43, 12
2014/11/18, 197, 124, , 32, 34, 13
2014/11/19, 199, 87, , 22, 27, 9
2014/11/20, 162, 74, , 21, 28, 7
2014/11/21, 105, 60, , 13, 42, 8
2014/11/22, 117, 94, , 26, 34, 12
2014/11/23, 164, 68, , 26, 24, 8
2014/11/24, 128, 98, , 31, 36, 12
2014/11/25, 172, 90, , 19, 24, 9
2014/11/26, 145, 64, , 16, 27, 7
2014/11/27, 89, 95, , 30, 45, 12
2014/11/28, 159, 117, , 30, 34, 15
2014/11/29, 188, 108, , 24, 33, 13
2014/11/30, 191, 54, , 12, 25, 3
2014/12/1, 60, 45, , 8, 22, 3
2014/12/2, 60, 77, , 11, 18, 4
2014/12/3, 71, 49, , 14, 28, 5
2014/12/4, 86, 45, , 17, 31, 5
2014/12/5, 93, 45, , 19, 39, 4
2014/12/6, 99, 69, , 24, 46, 8
2014/12/7, 150, 80, , 26, 53, 8
2014/12/8, 151, 81, , 28, 55, 9
2014/12/9, 164, 74, , 22, 37, 8
2014/12/10, 159, 50, , 21, 39, 5
2014/12/11, 114, 75, , 27, 57, 8
2014/12/12, 159, 74, , 24, 48, 9
2014/12/13, 160, 79, , 25, 55, 9
2014/12/14, 169, 98, , 32, 64, 13
2014/12/15, 186, 97, , 26, 55, 10
2014/12/16, 184, 99, , 27, 55, 12
2014/12/17, 193, 66, , 21, 46, 9
2014/12/18, 155, 69, , 23, 47, 9
2014/12/19, 143, 85, , 26, 50, 10
2014/12/20, 176, 94, , 27, 52, 11
2014/12/21, 176, 61, , 23, 47, 9
2014/12/22, 135, 77, , 26, 47, 12
2014/12/23, 155, 88, , 27, 55, 11
2014/12/24, 176, 67, , 25, 43, 10
2014/12/25, 147, 80, , 32, 67, 11
2014/12/26, 163, 67, , 26, 38, 10
2014/12/27, 154, 82, , 33, 50, 11
2014/12/28, 159, , , , , 
2014/7/1, 134, 64, , 16, 3, 7
2014/7/2, 127, 95, , 16, 4, 8
2014/7/3, 159, 135, , 12, 4, 9
2014/7/4, 190, 113, , 17, 3, 8
2014/7/5, 169, 74, , 27, 3, 7
2014/7/6, 143, 69, , 18, 3, 7
2014/7/7, 126, 61, , 14, 5, 7
2014/7/8, 116, 60, , 15, 6, 5
2014/7/9, 90, 35, , 13, 5, 4
2014/7/10, 60, 36, , 15, 6, 7
2014/7/11, 63, 39, , 15, 4, 5
2014/7/12, 67, 42, , 20, 5, 6
2014/7/13, 66, 49, , 18, 5, 6
2014/7/14, 70, 75, , 19, 5, 8
2014/7/15, 127, 61, , 20, 4, 7
2014/7/16, 130, 57, , 18, 4, 7
2014/7/17, 117, 87, , 23, 4, 9
2014/7/18, 151, 100, , 14, 3, 8
2014/7/19, 162, 138, , 9, , 10
2014/7/20, 184, 67, , 13, 3, 7
2014/7/21, 139, 45, , 14, 4, 6
2014/7/22, 93, 51, , 13, 6, 7
2014/7/23, 92, 63, , 18, 4, 8
2014/7/24, 126, 124, , 31, 7, 14
2014/7/25, 191, 119, , 18, 4, 12
2014/7/26, 191, 101, , 22, 1, 9
2014/7/27, 165, 93, , 13, 6, 9
2014/7/28, 165, 84, , 14, 5, 9
2014/7/29, 151, 64, , 16, 4, 7
2014/7/30, 123, 69, , 15, 6, 8
2014/7/31, 125, 79, , 13, 5, 9
2014/8/1, 139, 83, , 15, 3, 10
2014/8/2, 139, 72, , 16, 3, 11
2014/8/3, 115, 43, , 16, 5, 9
2014/8/4, 74, 34, , 15, 5, 8
2014/8/5, 59, 47, , 20, 4, 9
2014/8/6, 76, 61, , 23, 5, 12
2014/8/7, 110, 65, , 21, 12, 13
2014/8/8, 113, 57, , 17, 3, 6
2014/8/9, 91, 60, , 24, 2, 7
2014/8/10, 87, 71, , 27, 3, 8
2014/8/11, 114, 60, , 15, 1, 6
2014/8/12, 97, 54, , 24, 3, 6
2014/8/13, 80, 51, , 22, 2, 6
2014/8/14, 72, 59, , 20, 1, 7
2014/8/15, 99, 60, , 19, 1, 7
2014/8/16, 108, 69, , 17, 1, 8
2014/8/17, 123, 83, , 35, 2, 11
2014/8/18, 153, 87, , 26, 2, 10
2014/8/19, 134, 56, , 23, 1, 7
2014/8/20, 85, 109, , 19, 2, 12
2014/8/21, 143, 89, , 22, 4, 9
2014/8/22, 143, 82, , 25, 3, 8
2014/8/23, 126, 65, , 17, 2, 7
2014/8/24, 122, 60, , 19, 1, 7
2014/8/25, 90, 26, , 15, 2, 4
2014/8/26, 55, 44, , 17, 4, 5
2014/8/27, 73, 63, , 22, 3, 7
2014/8/28, 103, 75, , 26, 4, 9
2014/8/29, 137, 65, , 15, 3, 6
2014/8/30, 116, 81, , 37, 2, 7
2014/8/31, 148, 90, , 41, 3, 9
2014/9/1, 138, 60, , 19, 3, 6
2014/9/2, 115, 32, , 11, 2, 4
2014/9/3, 64, 32, , 18, 2, 4
2014/9/4, 58, 33, , 16, 2, 4
2014/9/5, 63, 56, , 26, 4, 7
2014/9/6, 76, 73, , 22, 4, 8
2014/9/7, 107, 55, , 11, 2, 4
2014/9/8, 87, 44, , 19, 3, 4
2014/9/9, 58, 39, , 20, 4, 4
2014/9/10, 57, 121, , 20, 6, 7
2014/9/11, 121, 39, , 24, 5, 6
2014/9/12, 103, 29, , 22, 3, 5
2014/9/13, 131, 137, , 19, 3, 6
2014/9/14, 148, 183, , 19, 5, 5
2014/9/15, 146, 48, , 16, 3, 5
2014/9/16, 68, 58, , 25, 7, 7
2014/9/17, 88, 84, , 31, 7, 12
2014/9/18, 119, 51, , 22, 6, 5
2014/9/19, 77, 58, , 23, 6, 6
2014/9/20, 79, 67, , 29, 4, 8
2014/9/21, 115, 73, , 27, 4, 10
2014/9/22, 148, 78, , 26, 7, 10
2014/9/23, 119, 33, , 15, 4, 5
2014/9/24, 66, 74, , 30, 5, 10
2014/9/25, 123, 52, , 21, 4, 6
2014/9/26, 84, 41, , 13, 2, 5
2014/9/27, 76, 48, , 23, 4, 7
2014/9/28, 85, 33, , 11, 3, 4
2014/9/29, 59, 44, , 20, 4, 6
2014/9/30, 71, 50, , 22, 2, 7
2014/4/1, 166, 72, , 17, 15, 6
2014/4/2, 117, 45, , 16, 13, 4
2014/4/3, 77, 57, , 25, 21, 6
2014/4/4, 92, 45, , 17, 17, 2
2014/4/5, 88, 71, , 31, 30, 4
2014/4/6, 106, 88, , 33, 26, 7
2014/4/7, 135, 136, , 51, 38, 12
2014/4/8, 165, 120, , 35, 24, 6
2014/4/9, 154, 63, , 29, 25, 4
2014/4/10, 116, 91, , 42, 20, 10
2014/4/11, 133, 158, , 48, 22, 17
2014/4/12, 147, 105, , 45, 23, 10
2014/4/13, 137, 143, , 38, 26, 12
2014/4/14, 168, 61, , 15, 8, 2
2014/4/15, 89, 70, , 25, 8, 4
2014/4/16, 101, 65, , 22, 10, 4
2014/4/17, 94, 60, , 18, 13, 7
2014/4/18, 98, 69, , 27, 11, 4
2014/4/19, 130, 73, , 20, 7, 4
2014/4/20, 110, 56, , 23, 5, 4
2014/4/21, 86, 77, , 31, 14, 6
2014/4/22, 118, 87, , 20, 9, 5
2014/4/23, 117, 91, , 16, 11, 5
2014/4/24, 137, 81, , 18, 13, 8
2014/4/25, 120, 93, , 17, 10, 4
2014/4/26, 124, 59, , 13, 5, 3
2014/4/27, 82, 101, , 27, 11, 5
2014/4/28, 126, 114, , 37, 12, 7
2014/4/29, 133, 106, , 45, 21, 13
2014/4/30, 159, 115, , 21, 15, 9
2014/5/1, 157, 73, , 13, 3, 4
2014/5/2, 115, 42, , 11, 3, 4
2014/5/3, 87, 44, , 14, 3, 4
2014/5/4, 77, 29, , 12, 3, 4
2014/5/5, 65, 54, , 23, 7, 6
2014/5/6, 95, 81, , 28, 8, 7
2014/5/7, 120, 44, , 15, 5, 5
2014/5/8, 67, 55, , 30, 11, 7
2014/5/9, 88, 74, , 33, 7, 8
2014/5/10, 106, 86, , 40, 9, 9
2014/5/11, 143, 24, , 14, 2, 7
2014/5/12, 71, 36, , 19, 5, 7
2014/5/13, 72, 40, , 23, 8, 8
2014/5/14, 81, 27, , 12, 6, 6
2014/5/15, 59, 43, , 18, 4, 8
2014/5/16, 77, 55, , 21, 5, 8
2014/5/17, 94, 54, , 25, 4, 8
2014/5/18, 99, 71, , 28, 4, 10
2014/5/19, 136, 62, , 21, 5, 9
2014/5/20, 115, 62, , 23, 4, 8
2014/5/21, 100, 58, , 26, 5, 9
2014/5/22, 90, 75, , 18, 10, 9
2014/5/23, 122, 101, , 29, 13, 7
2014/5/24, 148, 53, , 14, 2, 5
2014/5/25, 94, 47, , 15, 2, 4
2014/5/26, 73, 47, , 19, 5, 4
2014/5/27, 74, 51, , 20, 4, 3
2014/5/28, 72, 60, , 26, 4, 4
2014/5/29, 93, 73, , 30, 10, 8
2014/5/30, 118, 97, , 31, 9, 7
2014/5/31, 122, 116, , 28, 16, 9
2014/6/1, 157, 92, , 24, 10, 6
2014/6/2, 138, 62, , 24, 6, 4
2014/6/3, 82, 67, , 23, 4, 5
2014/6/4, 101, 75, , 27, 7, 6
2014/6/5, 127, 58, , 30, 5, 6
2014/6/6, 100, 49, , 24, 2, 5
2014/6/7, 86, 33, , 18, 2, 5
2014/6/8, 74, 47, , 25, 3, 6
2014/6/9, 76, 88, , 32, 3, 8
2014/6/10, 156, 73, , 20, 3, 6
2014/6/11, 126, 51, , 15, 2, 5
2014/6/12, 91, 38, , 14, 3, 7
2014/6/13, 62, 49, , 20, 2, 4
2014/6/14, 63, 59, , 25, 5, 6
2014/6/15, 78, 89, , 33, 5, 12
2014/6/16, 136, 87, , 33, 5, 8
2014/6/17, 148, 85, , 25, 1, 8
2014/6/18, 155, 53, , 15, 2, 6
2014/6/19, 119, 65, , 25, 5, 6
2014/6/20, 103, 106, , 28, 5, 7
2014/6/21, 126, 73, , 25, 6, 5
2014/6/22, 107, 88, , 37, 8, 9
2014/6/23, 122, 58, , 26, 3, 5
2014/6/24, 85, 70, , 17, 5, 8
2014/6/25, 114, 78, , 14, 1, 6
2014/6/26, 137, 71, , 16, 1, 7
2014/6/27, 112, 68, , 14, , 6
2014/6/28, 129, 67, , 20, 2, 7
2014/6/29, 124, 66, , 25, 5, 8
2014/6/30, 121, 76, , 21, 4, 7
2014/1/1, 87, 92, , 30, 56, 11
2014/1/2, 122, 83, , 30, 60, 11
2014/1/3, 143, 88, , 38, 62, 13
2014/1/4, 155, 178, , 56, 67, 31
2014/1/5, 263, 102, , 35, 58, 16
2014/1/6, 187, 68, , 27, 47, 12
2014/1/7, 137, 53, , 18, 39, 6
2014/1/8, 96, 64, , 24, 50, 4
2014/1/9, 122, 70, , 28, 51, 6
2014/1/10, 142, 73, , 27, 49, 6
2014/1/11, 145, 71, , 22, 45, 5
2014/1/12, 146, 87, , 32, 57, 11
2014/1/13, 160, 94, , 35, 61, 13
2014/1/14, 173, 102, , 40, 58, 14
2014/1/15, 180, 110, , 31, 45, 12
2014/1/16, 190, 110, , 47, 68, 16
2014/1/17, 184, 98, , 35, 55, 11
2014/1/18, 175, 78, , 35, 60, 13
2014/1/19, 160, 94, , 37, 55, 13
2014/1/20, 178, 106, , 46, 67, 15
2014/1/21, 179, 99, , 48, 66, 17
2014/1/22, 175, 83, , 31, 54, 11
2014/1/23, 165, 109, , 35, 50, 15
2014/1/24, 191, 101, , 36, 46, 14
2014/1/25, 180, 72, , 29, 48, 10
2014/1/26, 132, 75, , 20, 45, 7
2014/1/27, 102, 50, , 18, 42, 5
2014/1/28, 91, 79, , 19, 38, 9
2014/1/29, 121, 89, , 22, 44, 9
2014/1/30, 154, 146, , 25, 58, 11
2014/1/31, 214, 112, , 34, 68, 15
2014/2/1, 191, 160, , 11, 30, 6
2014/2/2, 108, 45, , 11, 30, 5
2014/2/3, 76, 47, , 14, 41, 6
2014/2/4, 86, 61, , 22, 45, 9
2014/2/5, 124, 67, , 24, 48, 10
2014/2/6, 141, 81, , 32, 57, 13
2014/2/7, 151, 70, , 19, 39, 12
2014/2/8, 149, 55, , 22, 43, 10
2014/2/9, 119, 66, , 26, 47, 12
2014/2/10, 138, 73, , 35, 60, 14
2014/2/11, 144, 101, , 37, 54, 17
2014/2/12, 177, 81, , 36, 60, 14
2014/2/13, 156, 111, , 38, 60, 18
2014/2/14, 179, 118, , 43, 67, 19
2014/2/15, 196, 99, , 33, 52, 16
2014/2/16, 181, 112, , 46, 55, 21
2014/2/17, 192, 72, , 34, 46, 14
2014/2/18, 144, 90, , 40, 55, 18
2014/2/19, 158, 75, , 37, 57, 15
2014/2/20, 155, 79, , 38, 46, 16
2014/2/21, 153, 117, , 49, 56, 21
2014/2/22, 186, 88, , 48, 55, 17
2014/2/23, 157, 153, , 56, 62, 26
2014/2/24, 226, 181, , 44, 60, 26
2014/2/25, 270, 134, , 28, 49, 19
2014/2/26, 200, 53, , 17, 28, 8
2014/2/27, 89, 59, , 23, 44, 5
2014/2/28, 104, 60, , 22, 38, 4
2014/3/1, 117, 66, , 24, 42, 5
2014/3/2, 131, 57, , 22, 39, 5
2014/3/3, 112, 64, , 23, 34, 6
2014/3/4, 120, 64, , 21, 33, 6
2014/3/5, 120, 54, , 16, 25, 5
2014/3/6, 94, 56, , 20, 33, 5
2014/3/7, 90, 69, , 28, 38, 8
2014/3/8, 123, 68, , 27, 43, 8
2014/3/9, 127, 77, , 32, 40, 11
2014/3/10, 136, 94, , 32, 50, 12
2014/3/11, 159, 102, , 28, 30, 12
2014/3/12, 181, 88, , 38, 40, 12
2014/3/13, 156, 87, , 37, 43, 11
2014/3/14, 152, 100, , 32, 45, 13
2014/3/15, 170, 77, , 33, 43, 10
2014/3/16, 149, 80, , 36, 35, 11
2014/3/17, 136, 55, , 26, 31, 9
2014/3/18, 114, 79, , 37, 37, 13
2014/3/19, 139, 50, , 20, 21, 7
2014/3/20, 98, 66, , 33, 37, 14
2014/3/21, 117, 74, , 41, 34, 12
2014/3/22, 126, 89, , 45, 32, 12
2014/3/23, 147, 167, , 37, 42, 13
2014/3/24, 180, 124, , 43, 60, 8
2014/3/25, 190, 169, , 50, 47, 12
2014/3/26, 241, 138, , 46, 43, 11
2014/3/27, 188, 108, , 32, 23, 10
2014/3/28, 185, 61, , 25, 21, 6
2014/3/29, 128, 88, , 31, 26, 9
2014/3/30, 143, 60, , 26, 27, 5
2014/3/31, 105, 103, , 38, 38, 10
2025/12/31, , 42, 2, 9, 6, 2
2026/2/4, , 93, , 7, 3, 3
2024/12/31, , 33, , 9, 7, 3
2024/7/27, , 8, , 4, 1, 2
2023/11/12, , 37, , 22, 11, 6
2022/4/5, , 16, 37, 3, 4, 2
2022/4/6, , 42, 41, 9, 4, 4
2022/4/7, , 207, 62, 6, 5, 6
2022/4/8, , 57, 45, 7, 4, 4
2022/4/9, , 115, 69, 17, 7, 9
2022/4/10, , 74, 39, 11, 3, 6
2022/4/11, , 10, 36, 6, 2, 2
2022/4/12, , 27, 45, 7, 2, 2
2022/4/13, , 50, 49, 7, 2, 3
2022/4/14, , 52, 49, 8, 2, 3
2022/4/15, , 50, 47, 6, 2, 2
2022/4/16, , 77, 63, 11, 4, 5
2022/4/17, , 86, 71, 12, 4, 5
2022/4/18, , 60, 67, 7, 3, 3
2022/4/19, , 81, 77, 8, 3, 3
2022/4/20, , 53, 76, 7, 2, 3
2022/4/21, , 13, 37, , 1, 1
2022/4/22, , 171, 55, , 2, 1
2022/4/23, , 47, 52, , 2, 1
2022/4/24, , 59, 78, 4, 2, 5
2021/8/19, , 27, 29, 8, 2, 5
2020/3/31, , 58, 46, 17, 5, 5
2019/12/31, , 55, 18, 23, 22, 7
2018/12/31, , 59, 20, 20, 19, 11
2017/10/7, , 82, 46, 29, 8, 16
2017/9/10, , 24, 56, 12, 4, 7
2017/1/1, , 52, 21, 25, 38, 13
2016/1/3, , 48, 24, 18, 23, 5
2015/5/19, , 34, 38, 21, 5, 5
2014/12/31, , 75, , 28, 71, 9
2013/12/31, , 46, , 20, 36, 6
2019/2/26, , , 30, 23, 9, 11