date, pm25, pm10, o3, no2, so2, co
2026/5/1, 66, 35, 36, 6, 3, 2
2026/5/2, 42, 28, 42, 4, 3, 3
2026/5/3, 52, 42, 39, 8, 3, 2
2026/5/4, 55, 97, 58, 3, 3, 3
2026/5/5, 88, 26, 37, 4, 2, 2
2026/5/6, 50, 19, 37, 7, 2, 2
2026/5/7, 48, 17, 30, 4, 2, 3
2026/5/8, 51, , , , , 
2026/4/1, 102, 76, 45, 17, 3, 6
2026/4/2, 151, 195, 27, 17, 5, 11
2026/4/3, 254, 29, 36, 5, 2, 3
2026/4/4, 76, 35, 34, 3, 2, 4
2026/4/5, 77, 23, 27, 3, 2, 3
2026/4/6, 66, 23, 33, 4, 3, 2
2026/4/7, 62, 124, 47, 5, 3, 4
2026/4/8, 97, 49, 34, 13, 3, 6
2026/4/9, 118, 40, 35, 8, 3, 6
2026/4/10, 111, 33, 31, 3, 2, 3
2026/4/11, 31, 69, 47, 4, 3, 4
2026/4/12, 71, 28, 32, 7, 2, 4
2026/4/13, 57, 35, 39, 7, 3, 4
2026/4/14, 86, 43, 46, 8, 3, 4
2026/4/15, 102, 55, 48, 7, 4, 5
2026/4/16, 127, 38, 47, 5, 3, 4
2026/4/17, 85, 36, 41, 7, 3, 2
2026/4/18, 83, 83, 65, 4, 4, 3
2026/4/19, 97, 164, 34, 2, 3, 1
2026/4/20, 81, 52, 36, 2, 3, 1
2026/4/21, 54, 25, 34, 6, 3, 2
2026/4/22, 50, 34, 40, 10, 3, 2
2026/4/23, 66, 68, 65, 7, 4, 4
2026/4/24, 141, 56, 45, 10, 4, 3
2026/4/25, 111, 19, 39, 4, 3, 2
2026/4/26, 52, 25, 33, 11, 3, 2
2026/4/27, 51, 21, 39, 7, 3, 1
2026/4/28, 51, 30, 39, 8, 3, 2
2026/4/29, 54, 30, 50, 5, 4, 2
2026/4/30, 54, 39, 41, 7, 3, 2
2026/1/1, 115, 55, , 14, 4, 8
2026/1/2, 138, 71, , 20, 4, 10
2026/1/3, 166, 77, , 22, 4, 12
2026/1/4, 170, 42, , 12, 3, 5
2026/1/5, 101, 39, , 10, 4, 5
2026/1/6, 91, 37, , 9, 3, 3
2026/1/7, 74, 39, , 15, 2, 6
2026/1/8, 119, 49, , 16, 3, 7
2026/1/9, 115, 42, , 14, 3, 6
2026/1/10, 128, 39, , 9, 3, 5
2026/1/11, 107, 39, , 8, 3, 5
2026/1/12, 91, 28, , 6, 3, 2
2026/1/13, 65, 42, , 13, 4, 4
2026/1/14, 105, 38, , 15, 5, 4
2026/1/15, 105, 60, , 23, 4, 7
2026/1/16, 159, 39, , 13, 3, 3
2026/1/17, 104, 47, , 16, 3, 4
2026/1/18, 126, 33, , 9, 3, 2
2026/1/19, 78, 50, , 15, 4, 4
2026/1/20, 98, 44, , 15, 3, 5
2026/1/21, 108, 41, , 13, 3, 3
2026/1/22, 92, 40, , 15, 3, 3
2026/1/23, 89, 49, , 16, 3, 4
2026/1/24, 106, 63, , 24, 3, 8
2026/1/25, 142, 56, , 18, 3, 7
2026/1/26, 128, 57, , 25, 2, 6
2026/1/27, 134, 62, , 20, 3, 7
2026/1/28, 140, 63, , 24, 3, 7
2026/1/29, 133, 68, , 22, 4, 8
2026/1/30, 148, 65, , 20, 3, 8
2026/1/31, 144, 58, , 20, 3, 7
2026/2/1, 138, 77, , 24, 3, 14
2026/2/2, 175, , , , , 
2026/2/5, 73, 38, , 7, 3, 4
2026/2/6, 68, 53, , 18, 4, 7
2026/2/7, 120, 46, , 14, 3, 6
2026/2/8, 93, 53, , 16, 4, 8
2026/2/9, 123, 65, , 18, 4, 7
2026/2/10, 147, 53, , 17, 4, 8
2026/2/11, 124, 81, , 19, 5, 16
2026/2/12, 169, 84, , 17, 6, 10
2026/2/13, 172, 83, , 5, 4, 5
2026/2/14, 119, 35, , 4, 3, 4
2026/2/15, 54, 47, , 3, 6, 4
2026/2/16, 96, 73, , 4, 7, 5
2026/2/17, 157, 37, , 2, 3, 4
2026/2/18, 96, 48, , 4, 4, 5
2026/2/19, 96, 53, , 3, 4, 4
2026/2/20, 117, 64, , 3, 5, 5
2026/2/21, 145, 214, , 1, 3, 2
2026/2/22, 69, 71, , , 3, 4
2026/2/23, 42, 46, , 9, 3, 5
2026/2/24, 92, 84, , 5, 3, 4
2026/2/25, 132, 38, , 5, 3, 2
2026/2/26, 58, 33, , 6, 4, 3
2026/2/27, 76, 31, , 6, 3, 3
2026/2/28, 81, 48, 28, 12, 4, 5
2026/3/1, 108, 64, 33, 12, 4, 5
2026/3/2, 141, 87, 24, 10, 4, 6
2026/3/3, 165, 38, 32, 9, 3, 3
2026/3/4, 110, 45, 33, 15, 3, 5
2026/3/5, 115, 24, 31, 8, 4, 3
2026/3/6, 62, 45, 36, 17, 3, 5
2026/3/7, 101, 61, 39, 13, 4, 7
2026/3/8, 136, 46, 37, 13, 4, 4
2026/3/9, 107, 65, 40, 14, 4, 6
2026/3/10, 126, 49, 37, 11, 4, 4
2026/3/11, 107, 60, 35, 23, 4, 7
2026/3/12, 133, 81, 49, 10, 4, 6
2026/3/13, 139, 51, 37, 8, 3, 5
2026/3/14, 80, 143, 52, 19, 5, 13
2026/3/15, 241, 76, 42, 21, 5, 7
2026/3/16, 156, 135, 62, 22, 6, 11
2026/3/17, 242, 55, 34, 7, 3, 3
2026/3/18, 68, 57, 37, 7, 3, 3
2026/3/19, 87, 163, 48, 14, 5, 9
2026/3/20, 214, 163, 57, 15, 5, 10
2026/3/21, 247, 97, 44, 18, 4, 9
2026/3/22, 179, 76, 43, 18, 3, 8
2026/3/23, 159, 73, 57, 16, 4, 7
2026/3/24, 162, 98, 63, 16, 4, 8
2026/3/25, 187, 120, 44, 21, 4, 9
2026/3/26, 207, 70, 44, 16, 3, 5
2026/3/27, 137, 83, 48, 19, 4, 8
2026/3/28, 164, 80, 33, 9, 5, 8
2026/3/29, 141, 44, 39, 13, 3, 6
2026/3/30, 87, 89, 52, 24, 4, 8
2026/3/31, 176, 66, 41, 11, 3, 4
2025/10/1, 87, 48, , 7, 2, 5
2025/10/2, 92, 41, , 9, 2, 4
2025/10/3, 87, 35, , 6, 2, 3
2025/10/4, 67, 16, , 5, 2, 1
2025/10/5, 26, 23, , 6, 2, 1
2025/10/6, 46, 37, , 4, 2, 2
2025/10/7, 63, 22, , 6, 2, 1
2025/10/8, 37, 30, , 9, 2, 2
2025/10/9, 58, 43, , 14, 2, 2
2025/10/10, 81, 42, , 14, 2, 3
2025/10/11, 92, 33, , 10, 2, 1
2025/10/12, 58, 66, , 14, 3, 5
2025/10/13, 153, 82, , 14, 3, 5
2025/10/14, 178, 43, , 12, 3, 2
2025/10/15, 108, 41, , 9, 2, 2
2025/10/16, 104, 37, , 12, 3, 3
2025/10/17, 132, 29, , 8, 4, 1
2025/10/18, 84, 21, , 10, 3, 2
2025/10/19, 62, 22, , 11, 3, 2
2025/10/20, 62, 36, , 16, 3, 3
2025/10/21, 82, 40, , 16, 3, 3
2025/10/22, 91, 52, , 19, 3, 4
2025/10/23, 106, 44, , 18, 2, 4
2025/10/24, 111, 64, , 17, 3, 5
2025/10/25, 148, 27, , 6, 3, 2
2025/10/26, 51, 32, , 7, 4, 2
2025/10/27, 67, 48, , 13, 2, 4
2025/10/28, 111, 110, , 14, 4, 8
2025/10/29, 245, 30, , 10, 3, 2
2025/10/30, 68, 54, , 17, 3, 5
2025/10/31, 112, 61, , 14, 3, 4
2025/11/1, 133, 29, , 8, 2, 4
2025/11/2, 65, 29, , 7, 2, 3
2025/11/3, 82, 52, , 14, 3, 6
2025/11/4, 165, 102, , 14, 3, 7
2025/11/5, 190, 67, , 21, 2, 6
2025/11/6, 162, 56, , 9, 3, 5
2025/11/7, 161, 113, , 15, 3, 7
2025/11/8, 221, 41, , 6, 2, 2
2025/11/9, 70, 42, , 11, 3, 5
2025/11/10, 118, 109, , 20, 3, 8
2025/11/11, 212, 81, , 11, 3, 5
2025/11/12, 161, 47, , 11, 3, 3
2025/11/13, 88, 86, 19, 19, 3, 8
2025/11/14, 150, 92, 30, 15, 5, 8
2025/11/15, 198, 48, 22, 5, 2, 2
2025/11/16, 64, 71, 53, 8, 2, 4
2025/11/17, 184, 47, 21, 11, 2, 2
2025/11/18, 86, 42, 26, 9, 3, 2
2025/11/19, 96, 37, 26, 7, 2, 2
2025/11/20, 75, 64, 28, 12, 3, 4
2025/11/21, 123, 75, 33, 12, 5, 5
2025/11/22, 153, 100, 29, 16, 4, 9
2025/11/23, 188, 101, 46, 18, 4, 9
2025/11/24, 280, 112, 32, 19, 3, 8
2025/11/25, 250, 113, 27, 18, 5, 9
2025/11/26, 232, 36, 22, 12, 3, 3
2025/11/27, 89, 45, 24, 9, 3, 4
2025/11/28, 111, 49, 28, 4, 2, 2
2025/11/29, 71, 40, 16, 14, 4, 3
2025/11/30, 106, 51, 23, 11, 2, 4
2025/12/1, 106, 34, 23, 5, 3, 2
2025/12/2, 43, 21, 18, 5, 3, 2
2025/12/3, 49, 37, 18, 10, 3, 4
2025/12/4, 82, 37, 20, 9, 3, 4
2025/12/5, 70, 48, 18, 10, 4, 5
2025/12/6, 112, 58, 18, 15, 3, 6
2025/12/7, 134, 33, 20, 7, 2, 2
2025/12/8, 75, 57, 13, 19, 3, 7
2025/12/9, 131, 70, 8, 19, 4, 8
2025/12/10, 140, 33, 20, 9, 3, 4
2025/12/11, 70, 52, 19, 15, 4, 7
2025/12/12, 119, 67, 10, 19, 4, 10
2025/12/13, 148, 72, 18, 16, 4, 10
2025/12/14, 165, 56, 17, 17, 5, 9
2025/12/15, 133, 46, 16, 14, 4, 4
2025/12/16, 105, 63, 19, 17, 2, 4
2025/12/17, 153, 64, 23, 12, 3, 3
2025/12/18, 149, 53, 25, 7, 2, 1
2025/12/19, 108, 33, 20, 6, 2, 1
2025/12/20, 57, 39, 20, 11, 2, 3
2025/12/21, 84, 38, 19, 7, 3, 3
2025/12/22, 93, 42, 18, 10, 2, 4
2025/12/23, 113, 51, 15, 20, 3, 6
2025/12/24, 133, 25, 16, 10, 3, 3
2025/12/25, 72, 50, 14, 17, 3, 6
2025/12/26, 134, 47, 17, 16, 3, 6
2025/12/27, 127, 58, 21, 13, 2, 6
2025/12/28, 157, , , , , 
2025/7/1, 38, 20, , 3, 1, 3
2025/7/2, 49, 17, , 4, 1, 3
2025/7/3, 45, 15, , 9, 1, 2
2025/7/4, 35, 24, , 8, 1, 3
2025/7/5, 52, 17, , 7, 1, 1
2025/7/6, 42, 30, , 11, 1, 2
2025/7/7, 48, 35, , 14, 2, 3
2025/7/8, 55, 35, , 11, 1, 4
2025/7/9, 74, 36, , 8, 1, 4
2025/7/10, 73, 31, , 6, 1, 3
2025/7/11, 65, 36, , 5, 1, 4
2025/7/12, 69, 17, , 5, 1, 2
2025/7/13, 55, 21, , 8, 1, 1
2025/7/14, 35, 19, , 6, 1, 1
2025/7/15, 25, 12, , 5, 1, 4
2025/7/16, 55, 19, , 5, 1, 4
2025/7/17, 48, 19, , 9, 1, 4
2025/7/18, 48, 21, , 7, 1, 4
2025/7/19, 48, 14, , 3, 1, 3
2025/7/20, 37, 18, , 4, 1, 4
2025/7/21, 43, 22, , 4, 1, 4
2025/7/22, 51, 17, , 4, 1, 3
2025/7/23, 30, 14, , 2, 1, 2
2025/7/24, 24, 22, , 5, 1, 3
2025/7/25, 61, 28, , 5, 1, 4
2025/7/26, 76, 14, , 3, , 4
2025/7/27, 29, 17, , 4, 1, 3
2025/7/28, 36, 15, , 3, 1, 4
2025/7/29, 47, 12, , 4, 1, 3
2025/7/30, 31, 16, , 5, 1, 2
2025/7/31, 35, 23, , 7, 1, 3
2025/8/1, 50, 25, , 7, 1, 3
2025/8/2, 48, 16, , 4, 1, 3
2025/8/3, 46, 19, , 8, 1, 2
2025/8/4, 28, 16, , 7, 1, 3
2025/8/5, 32, 13, , 5, 1, 3
2025/8/6, 30, 17, , 6, 1, 2
2025/8/7, 35, 19, , 7, 1, 2
2025/8/8, 30, 18, , 5, 1, 3
2025/8/9, 43, 19, , 9, 1, 3
2025/8/10, 43, 19, , 7, 1, 2
2025/8/11, 32, 24, , 4, 1, 4
2025/8/12, 34, 26, , 4, 1, 4
2025/8/13, 59, 21, , 5, 1, 3
2025/8/14, 46, 34, , 5, 1, 4
2025/8/15, 66, 24, , 3, 1, 4
2025/8/16, 58, 14, , 3, 1, 2
2025/8/17, 35, 26, , 6, 2, 4
2025/8/18, 36, 27, , 4, 1, 4
2025/8/19, 60, 25, , 12, 1, 3
2025/8/20, 45, 20, , 7, 1, 3
2025/8/21, 25, 14, , 2, 1, 3
2025/8/22, 32, 28, , 4, 1, 5
2025/8/23, 64, 17, , 4, 1, 3
2025/8/24, 38, 21, , 8, 1, 4
2025/8/25, 33, 21, , 9, 1, 2
2025/8/26, 42, 22, , 8, 1, 3
2025/8/27, 38, 16, , 5, 1, 3
2025/8/28, 41, 18, , 6, 1, 3
2025/8/29, 37, 31, , 6, 1, 5
2025/8/30, 67, 29, , 6, 1, 5
2025/8/31, 63, 23, , 5, 1, 4
2025/9/1, 48, 27, , 7, 1, 6
2025/9/2, 63, 27, , 4, 1, 5
2025/9/3, 56, 29, , 7, 1, 4
2025/9/4, 62, 28, , 7, 1, 3
2025/9/5, 56, 17, , 4, 1, 2
2025/9/6, 49, 21, , 6, 1, 2
2025/9/7, 44, 19, , 8, 1, 2
2025/9/8, 27, 22, , 10, 1, 2
2025/9/9, 34, 22, , 10, 1, 2
2025/9/10, 49, 27, , 7, 2, 4
2025/9/11, 45, 32, , 4, 2, 3
2025/9/12, 71, 36, , 6, 2, 3
2025/9/13, 76, 31, , 2, 2, 3
2025/9/14, 62, 14, , 5, 3, 2
2025/9/15, 26, 27, , 4, 2, 3
2025/9/16, 36, 23, , 9, 2, 2
2025/9/17, 50, 25, , 8, 2, 3
2025/9/18, 52, 19, , 8, 1, 3
2025/9/19, 41, 33, , 13, 2, 4
2025/9/20, 58, 30, , 11, 1, 4
2025/9/21, 60, 24, , 6, 1, 3
2025/9/22, 43, 31, , 6, 1, 3
2025/9/23, 56, 16, , 3, 1, 3
2025/9/24, 42, 18, , 7, 1, 3
2025/9/25, 55, 25, , 14, 1, 3
2025/9/26, 53, 25, , 9, 1, 3
2025/9/27, 49, 23, , 7, 1, 3
2025/9/28, 54, 37, , 13, 1, 4
2025/9/29, 74, 42, , 7, 2, 5
2025/9/30, 80, 45, , 7, 2, 5
2025/4/1, 150, 40, , 17, 3, 5
2025/4/2, 113, 74, , 19, 4, 7
2025/4/3, 173, 65, , 8, 4, 5
2025/4/4, 150, 30, , 4, 3, 2
2025/4/5, 79, 42, , 10, 3, 4
2025/4/6, 113, 43, , 7, 3, 4
2025/4/7, 95, 44, , 8, 3, 4
2025/4/8, 133, 63, , 15, 4, 6
2025/4/9, 155, 67, , 10, 4, 5
2025/4/10, 142, 63, , 8, 5, 4
2025/4/11, 142, 31, , 6, 3, 3
2025/4/12, 83, 21, , 7, 3, 2
2025/4/13, 46, 29, , 10, 3, 3
2025/4/14, 67, 25, , 10, 3, 3
2025/4/15, 67, 21, , 10, 3, 2
2025/4/16, 56, 46, , 9, 4, 4
2025/4/17, 122, 18, , 4, 3, 2
2025/4/18, 72, 26, , 9, 3, 3
2025/4/19, 64, 47, , 12, 3, 5
2025/4/20, 114, 44, , 10, 4, 4
2025/4/21, 99, 17, , 5, 3, 2
2025/4/22, 48, 37, , 5, 3, 2
2025/4/23, 52, 66, , 4, 3, 2
2025/4/24, 99, 30, , 9, 3, 1
2025/4/25, 65, 48, , 15, 3, 3
2025/4/26, 105, 29, , 6, 3, 1
2025/4/27, 72, 36, , 7, 3, 2
2025/4/28, 96, 57, , 7, 4, 2
2025/4/29, 103, 37, , 11, 4, 1
2025/4/30, 66, 21, , 5, 3, 1
2025/5/1, 59, 21, , 7, 3, 2
2025/5/2, 56, 19, , 7, 2, 1
2025/5/3, 56, 21, , 7, 3, 1
2025/5/4, 50, 32, , 7, 3, 2
2025/5/5, 79, 23, , 8, 2, 2
2025/5/6, 68, 38, , 12, 3, 2
2025/5/7, 88, 39, , 7, 2, 2
2025/5/8, 77, 33, , 6, 2, 3
2025/5/9, 77, 29, , 8, 2, 2
2025/5/10, 74, 42, , 12, 3, 2
2025/5/11, 83, 49, , 6, 3, 3
2025/5/12, 95, 49, , 5, 3, 2
2025/5/13, 80, 36, , 7, 2, 3
2025/5/14, 113, 38, , 5, 3, 4
2025/5/15, 101, 22, , 5, 3, 2
2025/5/16, 45, 20, , 4, 2, 2
2025/5/17, 57, 29, , 4, 2, 2
2025/5/18, 76, 31, , 6, 2, 2
2025/5/19, 55, 27, , 10, 2, 3
2025/5/20, 65, 38, , 13, 3, 3
2025/5/21, 83, 37, , 12, 2, 2
2025/5/22, 84, 33, , 14, 3, 2
2025/5/23, 65, 24, , 8, 2, 1
2025/5/24, 54, 26, , 11, 2, 1
2025/5/25, 58, 39, , 11, 3, 2
2025/5/26, 70, 44, , 13, 3, 3
2025/5/27, 97, 39, , 13, 3, 3
2025/5/28, 87, 41, , 14, 3, 4
2025/5/29, 86, 48, , 10, 3, 3
2025/5/30, 91, 50, , 7, 3, 4
2025/5/31, 104, 24, , 9, 3, 1
2025/6/1, 49, 38, , 14, 4, 3
2025/6/2, 72, 18, , 7, 2, 1
2025/6/3, 39, 16, , 14, 2, 1
2025/6/4, 36, 28, , 7, 3, 2
2025/6/5, 42, 31, , 12, 2, 1
2025/6/6, 43, 25, , 13, 2, 2
2025/6/7, 50, 34, , 15, 3, 1
2025/6/8, 55, 33, , 11, 3, 2
2025/6/9, 60, 11, , 6, 2, 2
2025/6/10, 28, 16, , 6, 1, 2
2025/6/11, 34, 26, , 10, 2, 2
2025/6/12, 50, 31, , 10, 2, 3
2025/6/13, 55, 25, , 9, 2, 3
2025/6/14, 54, 26, , 8, 2, 2
2025/6/15, 56, 18, , 7, 1, 2
2025/6/16, 52, 24, , 14, 1, 3
2025/6/17, 58, 28, , 10, 1, 3
2025/6/18, 61, 20, , 4, 1, 3
2025/6/19, 46, 13, , 4, 1, 2
2025/6/20, 42, 15, , 9, 1, 1
2025/6/21, 29, 19, , 9, 1, 1
2025/6/22, 50, 30, , 14, 2, 2
2025/6/23, 53, 41, , 19, 2, 3
2025/6/24, 69, 44, , 19, 2, 4
2025/6/25, 83, 33, , 16, 1, 2
2025/6/26, 55, 42, , 16, 1, 4
2025/6/27, 79, 40, , 12, 1, 4
2025/6/28, 88, 31, , 6, 1, 4
2025/6/29, 69, 17, , 8, 1, 3
2025/6/30, 48, 17, , 4, 1, 3
2025/1/1, 78, 34, , 11, 3, 4
2025/1/2, 83, 37, , 14, 3, 5
2025/1/3, 83, 59, , 20, 4, 8
2025/1/4, 120, 54, , 19, 6, 7
2025/1/5, 137, 71, , 21, 4, 9
2025/1/6, 167, 48, , 14, 4, 9
2025/1/7, 111, 39, , 17, 8, 7
2025/1/8, 106, 42, , 16, 4, 5
2025/1/9, 126, 48, , 20, 4, 6
2025/1/10, 135, 70, , 22, 3, 8
2025/1/11, 156, 76, , 22, 4, 12
2025/1/12, 184, 61, , 20, 6, 10
2025/1/13, 158, 36, , 17, 5, 7
2025/1/14, 106, 38, , 9, 4, 4
2025/1/15, 69, 48, , 16, 4, 5
2025/1/16, 98, 47, , 15, 6, 4
2025/1/17, 98, 58, , 15, 5, 5
2025/1/18, 122, 50, , 15, 5, 7
2025/1/19, 123, 58, , 23, 4, 10
2025/1/20, 143, 53, , 13, 4, 8
2025/1/21, 157, 69, , 18, 4, 8
2025/1/22, 159, 60, , 19, 4, 9
2025/1/23, 155, 55, , 20, 5, 6
2025/1/24, 138, 63, , 20, 4, 8
2025/1/25, 150, 62, , 15, 4, 7
2025/1/26, 154, 55, , 12, 5, 8
2025/1/27, 152, 43, , 6, 6, 5
2025/1/28, 93, 87, , 5, 6, 4
2025/1/29, 158, 40, , 8, 4, 6
2025/1/30, 124, 56, , 13, 4, 8
2025/1/31, 163, 60, , 13, 3, 12
2025/2/1, 182, 79, , 14, 5, 14
2025/2/2, 191, 45, , 9, 4, 7
2025/2/3, 122, 62, , 15, 3, 9
2025/2/4, 155, 50, , 16, 3, 9
2025/2/5, 142, 44, , 15, 5, 5
2025/2/6, 121, 36, , 9, 3, 2
2025/2/7, 92, 25, , 8, 3, 2
2025/2/8, 79, 46, , 18, 4, 5
2025/2/9, 128, 53, , 21, 5, 9
2025/2/10, 146, 60, , 14, 6, 8
2025/2/11, 146, 105, , 7, 8, 1
2025/2/12, 123, 62, , 12, 5, 4
2025/2/13, 138, 58, , 20, 4, 7
2025/2/14, 136, 57, , 13, 5, 5
2025/2/15, 129, 32, , 5, 3, 1
2025/2/16, 69, 27, , 9, 3, 2
2025/2/17, 64, 29, , 10, 6, 2
2025/2/18, 58, 34, , 14, 4, 4
2025/2/19, 92, 32, , 14, 4, 7
2025/2/20, 84, 36, , 15, 4, 8
2025/2/21, 95, 35, , 15, 4, 6
2025/2/22, 100, 41, , 16, 4, 4
2025/2/23, 103, 39, , 9, 5, 3
2025/2/24, 74, 135, , 6, 4, 3
2025/2/25, 80, 52, , 7, 4, 2
2025/2/26, 77, 54, , 12, 5, 6
2025/2/27, 125, , , , , 
2025/3/1, 71, 26, , 7, 5, 5
2025/3/2, 77, 32, , 14, 4, 2
2025/3/3, 85, 31, , 14, 5, 3
2025/3/4, 84, 55, , 16, 5, 4
2025/3/5, 126, 54, , 18, 4, 4
2025/3/6, 132, 45, , 14, 4, 4
2025/3/7, 110, 67, , 15, 5, 5
2025/3/8, 143, 80, , 15, 4, 8
2025/3/9, 176, 100, , 7, 4, 5
2025/3/10, 157, 58, , 8, 3, 4
2025/3/11, 150, , , , , 
2025/3/13, 100, 41, , 16, 4, 4
2025/3/14, 91, 38, , 15, 4, 4
2025/3/15, 100, 47, , 19, 4, 4
2025/3/16, 119, 67, , 19, 4, 6
2025/3/17, 145, 56, , 18, 4, 4
2025/3/18, 135, 64, , 13, 4, 5
2025/3/19, 140, 73, , 14, 5, 5
2025/3/20, 152, 67, , 8, 4, 2
2025/3/21, 106, 70, , 14, 4, 4
2025/3/22, 166, 93, , 15, 6, 6
2025/3/23, 195, 63, , 11, 4, 3
2025/3/24, 109, 90, , 19, 4, 6
2025/3/25, 202, 79, , 15, 4, 6
2025/3/26, 182, 35, , 6, 3, 2
2025/3/27, 60, 22, , 4, 3, 1
2025/3/28, 41, 23, , 4, 3, 1
2025/3/29, 56, 30, , 4, 3, 2
2025/3/30, 77, 56, , 11, 5, 4
2025/3/31, 138, 65, , 8, 3, 4
2024/10/1, 40, 24, , 9, 3, 2
2024/10/2, 48, 24, , 7, 3, 2
2024/10/3, 44, 35, , 9, 3, 3
2024/10/4, 62, 41, , 11, 3, 4
2024/10/5, 87, 34, , 14, 3, 2
2024/10/6, 71, 35, , 12, 2, 3
2024/10/7, 78, 39, , 13, 3, 3
2024/10/8, 92, 30, , 10, 3, 3
2024/10/9, 65, 18, , 7, 3, 1
2024/10/10, 35, 30, , 11, 3, 4
2024/10/11, 56, 42, , 16, 3, 4
2024/10/12, 77, 54, , 13, 4, 5
2024/10/13, 110, 44, , 6, 3, 4
2024/10/14, 85, 15, , 7, 2, 2
2024/10/15, 35, 23, , 12, 2, 4
2024/10/16, 65, 55, , 16, 3, 6
2024/10/17, 115, 25, , 8, 3, 3
2024/10/18, 80, 22, , 6, 3, 3
2024/10/19, 89, 33, , 10, 3, 3
2024/10/20, 66, 27, , 5, 3, 5
2024/10/21, 50, 36, , 12, 4, 4
2024/10/22, 50, 35, , 12, 5, 2
2024/10/23, 91, 46, , 15, 4, 4
2024/10/24, 117, 53, , 13, 4, 8
2024/10/25, 147, 56, , 16, 5, 6
2024/10/26, 120, 28, , 9, 3, 5
2024/10/27, 81, 35, , 14, 3, 6
2024/10/28, 81, 50, , 15, 3, 7
2024/10/29, 114, 58, , 11, 3, 6
2024/10/30, 157, 55, , 12, 3, 7
2024/10/31, 141, 40, , 11, 4, 4
2024/11/1, 94, 40, , 14, 3, 4
2024/11/2, 94, 56, , 13, 3, 7
2024/11/3, 172, 24, , 9, 4, 3
2024/11/4, 56, 19, , 11, 3, 4
2024/11/5, 45, 39, , 14, 3, 5
2024/11/6, 89, 48, , 14, 3, 4
2024/11/7, 94, 56, , 18, 4, 6
2024/11/8, 151, 48, , 8, 4, 4
2024/11/9, 125, 65, , 11, 5, 5
2024/11/10, 133, 71, , 15, 4, 6
2024/11/11, 159, 58, , 18, 3, 5
2024/11/12, 127, 92, , 21, 5, 10
2024/11/13, 182, 51, , 11, 3, 5
2024/11/14, 104, 31, , 10, 2, 4
2024/11/15, 88, 44, , 9, 4, 2
2024/11/16, 109, 47, , 10, 4, 2
2024/11/17, 102, 44, , 15, 4, 4
2024/11/18, 197, 51, , 12, 4, 3
2024/11/19, 109, 52, , 18, 5, 5
2024/11/20, 125, 68, , 15, 4, 5
2024/11/21, 162, 42, , 15, 6, 5
2024/11/22, 115, 111, , 19, 4, 11
2024/11/23, 179, 56, , 13, 4, 7
2024/11/24, 145, 48, , 9, 3, 6
2024/11/25, 132, 18, , 6, 3, 6
2024/11/26, 80, 25, , 5, 3, 5
2024/11/27, 42, 37, , 9, 3, 6
2024/11/28, 84, 29, , 12, 3, 4
2024/11/29, 88, 39, , 22, 4, 6
2024/11/30, 118, 25, , 8, 3, 3
2024/12/1, 80, 19, , 8, 3, 2
2024/12/2, 45, 24, , 5, 3, 1
2024/12/3, 43, 22, , 5, 3, 2
2024/12/4, 40, 26, , 7, 3, 3
2024/12/5, 44, 32, , 13, 3, 4
2024/12/6, 77, 36, , 14, 4, 5
2024/12/7, 90, 45, , 15, 4, 6
2024/12/8, 100, 54, , 18, 4, 8
2024/12/9, 119, 57, , 20, 4, 8
2024/12/10, 141, 44, , 16, 3, 5
2024/12/11, 88, 50, , 18, 3, 7
2024/12/12, 123, 61, , 23, 4, 8
2024/12/13, 133, 36, , 13, 3, 3
2024/12/14, 79, 36, , 10, 3, 5
2024/12/15, 65, 35, , 12, 3, 4
2024/12/16, 75, 38, , 14, 3, 5
2024/12/17, 87, 57, , 21, 3, 7
2024/12/18, 135, 58, , 19, 3, 8
2024/12/19, 125, 54, , 18, 6, 6
2024/12/20, 134, 57, , 18, 4, 6
2024/12/21, 134, 42, , 16, 3, 5
2024/12/22, 100, 52, , 19, 3, 8
2024/12/23, 117, 37, , 16, 3, 4
2024/12/24, 82, 51, , 11, 4, 4
2024/12/25, 102, 33, , 10, 3, 3
2024/12/26, 68, 35, , 10, 3, 3
2024/12/27, 73, 36, , 14, 4, 4
2024/12/28, 84, 45, , 12, 3, 5
2024/12/29, 103, , , , , 
2024/7/1, 145, 52, , 15, 2, 3
2024/7/2, 100, 16, , 5, 2, 2
2024/7/3, 36, 28, , 4, 2, 3
2024/7/4, 64, 25, , 3, , 4
2024/7/5, 68, 26, , 9, 1, 5
2024/7/6, 53, 37, , 6, 1, 5
2024/7/7, 87, 51, , 8, 2, 5
2024/7/8, 112, 47, , 11, 2, 3
2024/7/9, 99, 51, , 14, 2, 3
2024/7/10, 113, 57, , 17, 2, 5
2024/7/11, 127, 58, , 13, 1, 6
2024/7/12, 125, 56, , 10, 2, 7
2024/7/13, 131, 59, , 13, 1, 7
2024/7/14, 125, 50, , 11, 1, 6
2024/7/15, 113, 31, , 5, 1, 4
2024/7/16, 71, 11, , 4, 1, 3
2024/7/17, 25, 23, , 6, 1, 4
2024/7/18, 53, 37, , 5, 1, 6
2024/7/19, 75, 16, , 4, 1, 4
2024/7/20, 44, 32, , 6, 1, 2
2024/7/21, 68, 26, , 7, , 1
2024/7/22, 46, 13, , 6, 1, 2
2024/7/23, 23, 14, , 5, 1, 2
2024/7/24, 29, 19, , 6, 1, 3
2024/7/25, 33, 7, , 2, 1, 3
2024/7/26, 13, 8, , 1, 1, 3
2024/7/27, 21, 6, , 2, 1, 4
2024/7/28, 13, 13, , 2, 1, 4
2024/7/29, 35, 20, , 7, 1, 3
2024/7/30, 42, 15, , 2, 1, 4
2024/7/31, 34, 13, , 2, , 4
2024/8/1, 30, 16, , 4, , 4
2024/8/2, 37, 22, , 6, 1, 4
2024/8/3, 42, 24, , 4, 1, 4
2024/8/4, 53, 21, , 2, , 5
2024/8/5, 40, 20, , 4, , 5
2024/8/6, 52, 29, , 7, 1, 5
2024/8/7, 64, 31, , 7, , 5
2024/8/8, 64, 20, , 8, 1, 4
2024/8/9, 47, 29, , 8, 1, 4
2024/8/10, 52, 24, , 2, , 3
2024/8/11, 50, 23, , 5, 1, 3
2024/8/12, 53, 16, , 5, 1, 3
2024/8/13, 30, 26, , 7, 1, 3
2024/8/14, 44, 31, , 10, 1, 4
2024/8/15, 52, 38, , 13, 1, 5
2024/8/16, 64, 49, , 19, 1, 6
2024/8/17, 81, 36, , 7, 1, 5
2024/8/18, 63, 19, , 6, 1, 5
2024/8/19, 49, 22, , 8, 1, 5
2024/8/20, 48, 12, , 4, , 3
2024/8/21, 27, 14, , 5, , 3
2024/8/22, 37, 22, , 8, 1, 4
2024/8/23, 51, 31, , 11, 1, 4
2024/8/24, 55, 24, , 4, 1, 4
2024/8/25, 54, 18, , 7, 1, 4
2024/8/26, 38, 26, , 11, 1, 5
2024/8/27, 44, 18, , 11, 1, 4
2024/8/28, 35, 26, , 11, 1, 5
2024/8/29, 43, 31, , 8, 1, 5
2024/8/30, 62, 16, , 6, 1, 3
2024/8/31, 25, 15, , 3, 1, 2
2024/9/1, 29, 15, , 10, 1, 3
2024/9/2, 30, 16, , 8, 1, 3
2024/9/3, 23, 21, , 6, 1, 4
2024/9/4, 44, 16, , 7, 1, 4
2024/9/5, 35, 16, , 9, 1, 3
2024/9/6, 20, 24, , 10, 2, 4
2024/9/7, 32, 23, , 10, 2, 4
2024/9/8, 49, 24, , 7, 1, 5
2024/9/9, 52, 15, , 6, 2, 2
2024/9/10, 37, 22, , 11, 2, 2
2024/9/11, 25, 29, , 10, 2, 4
2024/9/12, 44, 25, , 8, 2, 3
2024/9/13, 33, 16, , 9, 1, 2
2024/9/14, 32, 21, , 12, 1, 1
2024/9/15, 32, 22, , 9, 2, 2
2024/9/16, 38, 30, , 9, 2, 3
2024/9/17, 50, 25, , 11, 2, 2
2024/9/18, 52, 33, , 7, 2, 2
2024/9/19, 40, 18, , 10, 2, 2
2024/9/20, 43, 20, , 8, 2, 2
2024/9/21, 36, 33, , 14, 3, 4
2024/9/22, 56, 24, , 12, 2, 2
2024/9/23, 47, 24, , 8, 3, 3
2024/9/24, 47, 25, , 8, 2, 2
2024/9/25, 46, 35, , 16, 2, 4
2024/9/26, 58, 41, , 16, 2, 4
2024/9/27, 66, 36, , 13, 2, 4
2024/9/28, 58, 31, , 7, 2, 4
2024/9/29, 57, 17, , 4, 2, 2
2024/9/30, 40, 18, , 8, 2, 2
2024/4/1, 130, 91, , 15, 4, 7
2024/4/2, 166, 43, , 9, 3, 4
2024/4/3, 71, 61, , 14, 3, 4
2024/4/4, 132, 104, , 17, 4, 7
2024/4/5, 213, 67, , 6, 4, 4
2024/4/6, 113, 75, , 8, 3, 3
2024/4/7, 79, 47, , 8, 4, 4
2024/4/8, 108, 85, , 23, 4, 6
2024/4/9, 155, 121, , 21, 6, 11
2024/4/10, 220, 67, , 9, 4, 6
2024/4/11, 142, 134, , 7, 8, 5
2024/4/12, 106, 50, , 9, 5, 4
2024/4/13, 89, 45, , 7, 4, 4
2024/4/14, 91, 82, , 17, 4, 7
2024/4/15, 154, 120, , 8, 3, 4
2024/4/16, 96, 57, , 14, 3, 5
2024/4/17, 75, 58, , 9, 4, 3
2024/4/18, 80, 66, , 16, 5, 3
2024/4/19, 160, 126, , 21, 5, 5
2024/4/20, 277, 77, , 18, 3, 6
2024/4/21, 231, 64, , 14, 3, 5
2024/4/22, 107, 49, , 17, 3, 4
2024/4/23, 81, 36, , 8, 2, 4
2024/4/24, 88, 45, , 6, 3, 3
2024/4/25, 67, 46, , 12, 3, 3
2024/4/26, 90, 39, , 9, 3, 2
2024/4/27, 111, 29, , 9, 3, 1
2024/4/28, 60, 57, , 15, 3, 3
2024/4/29, 134, 38, , 13, 3, 2
2024/4/30, 100, 42, , 12, 3, 2
2024/5/1, 77, 54, , 9, 4, 3
2024/5/2, 91, 57, , 9, 4, 3
2024/5/3, 97, 46, , 5, 4, 3
2024/5/4, 88, 35, , 6, 3, 3
2024/5/5, 68, 54, , 9, 3, 3
2024/5/6, 109, 42, , 10, 3, 2
2024/5/7, 71, 42, , 12, 3, 2
2024/5/8, 83, 57, , 7, 3, 3
2024/5/9, 69, 47, , 6, 3, 4
2024/5/10, 83, 57, , 3, 3, 2
2024/5/11, 44, 25, , 7, 3, 3
2024/5/12, 63, 30, , 8, 3, 3
2024/5/13, 64, 44, , 5, 3, 4
2024/5/14, 60, 18, , 10, 3, 2
2024/5/15, 33, 29, , 11, 3, 2
2024/5/16, 50, 38, , 12, 3, 3
2024/5/17, 63, 41, , 8, 3, 2
2024/5/18, 66, 16, , 5, 2, 1
2024/5/19, 37, 20, , 7, 2, 1
2024/5/20, 49, 27, , 6, 3, 2
2024/5/21, 43, 42, , 5, 3, 3
2024/5/22, 57, 26, , 7, 3, 2
2024/5/23, 45, 28, , 13, 3, 2
2024/5/24, 53, 29, , 13, 3, 1
2024/5/25, 48, 8, , 3, 2, 2
2024/5/26, 24, 14, , 5, 2, 3
2024/5/27, 38, 17, , 6, 2, 2
2024/5/28, 39, 24, , 9, 3, 3
2024/5/29, 58, 26, , 6, 2, 4
2024/5/30, 54, 15, , 4, 2, 2
2024/5/31, 30, 15, , 7, 3, 2
2024/6/1, 34, 20, , 9, 3, 2
2024/6/2, 35, 22, , 11, 3, 2
2024/6/3, 40, 32, , 16, 3, 2
2024/6/4, 58, 40, , 12, 3, 3
2024/6/5, 63, 28, , 7, 4, 3
2024/6/6, 55, 28, , 8, 3, 3
2024/6/7, 58, 19, , 5, 3, 3
2024/6/8, 53, 16, , 6, 3, 3
2024/6/9, 39, 21, , 13, 3, 3
2024/6/10, 35, 33, , 11, 4, 4
2024/6/11, 61, 26, , 9, 2, 2
2024/6/12, 62, 34, , 15, 3, 4
2024/6/13, 61, 14, , 6, 3, 5
2024/6/14, 31, 14, , 4, 3, 2
2024/6/15, 30, 18, , 11, 3, 2
2024/6/16, 33, 20, , 9, 3, 3
2024/6/17, 38, 28, , 15, 3, 1
2024/6/18, 26, 41, , 19, 4, 3
2024/6/19, 52, 33, , 14, 4, 3
2024/6/20, 56, 48, , 28, 7, 4
2024/6/21, 73, 69, , 7, 2, 2
2024/6/22, 76, 11, , 3, 2, 1
2024/6/23, 31, 8, , 3, 2, 1
2024/6/24, 17, 14, , 7, 2, 1
2024/6/25, 34, 25, , 13, 2, 2
2024/6/26, 48, 42, , 9, 2, 3
2024/6/27, 63, 35, , 8, 3, 3
2024/6/28, 57, 28, , 9, 2, 3
2024/6/29, 53, 30, , 16, 2, 2
2024/6/30, 62, 56, , 10, 2, 4
2024/1/1, 156, 74, , 20, 6, 12
2024/1/2, 173, 67, , 18, 4, 11
2024/1/3, 165, 47, , 11, 4, 7
2024/1/4, 121, 37, , 14, 3, 4
2024/1/5, 89, 54, , 14, 3, 7
2024/1/6, 121, 29, , 8, 3, 4
2024/1/7, 61, 40, , 12, 4, 5
2024/1/8, 93, 61, , 20, 6, 9
2024/1/9, 133, 36, , 13, 4, 6
2024/1/10, 96, 50, , 14, 4, 7
2024/1/11, 141, 51, , 17, 6, 6
2024/1/12, 117, 51, , 15, 4, 5
2024/1/13, 135, 36, , 8, 4, 4
2024/1/14, 82, 46, , 14, 4, 5
2024/1/15, 82, 46, , 14, 5, 6
2024/1/16, 107, 55, , 14, 7, 7
2024/1/17, 146, 54, , 22, 11, 5
2024/1/18, 110, 53, , 20, 8, 5
2024/1/19, 132, 39, , 12, 7, 4
2024/1/20, 87, 32, , 10, 8, 4
2024/1/21, 72, 33, , 14, 8, 5
2024/1/22, 97, 48, , 17, 5, 6
2024/1/23, 131, 36, , 17, 5, 6
2024/1/24, 93, 56, , 21, 5, 8
2024/1/25, 141, 56, , 18, 5, 7
2024/1/26, 143, 64, , 22, 5, 7
2024/1/27, 151, 68, , 20, 5, 7
2024/1/28, 152, 74, , 23, 6, 7
2024/1/29, 144, 68, , 22, 5, 7
2024/1/30, 161, 54, , 19, 8, 6
2024/1/31, 144, 72, , 26, 4, 9
2024/2/1, 172, 82, , 27, 5, 10
2024/2/2, 172, 82, , 30, 6, 13
2024/2/3, 209, 70, , 25, 4, 12
2024/2/4, 167, 63, , 22, 9, 9
2024/2/5, 150, 83, , 29, 9, 10
2024/2/6, 178, 77, , 20, 4, 11
2024/2/7, 176, 80, , 22, 4, 12
2024/2/8, 196, 184, , 17, 5, 13
2024/2/9, 253, 135, , 12, 6, 12
2024/2/10, 314, 65, , 6, 5, 6
2024/2/11, 150, 51, , 3, 5, 5
2024/2/12, 116, 79, , 5, 8, 9
2024/2/13, 144, 38, , 6, 5, 5
2024/2/14, 52, 46, , 12, 6, 4
2024/2/15, 128, 50, , 4, 3, 4
2024/2/16, 88, 39, , 2, 3, 2
2024/2/17, 86, 21, , 4, 7, 3
2024/2/18, 59, 24, , 5, 3, 3
2024/2/19, 59, 30, , 9, 4, 4
2024/2/20, 63, 39, , 18, 5, 5
2024/2/21, 89, 51, , 22, 6, 6
2024/2/22, 114, 52, , 23, 6, 6
2024/2/23, 120, 114, , 23, 11, 4
2024/2/24, 121, 77, , 16, 10, 4
2024/2/25, 169, 55, , 20, 6, 4
2024/2/26, 99, 51, , 13, 4, 4
2024/2/27, 109, 60, , 14, 4, 6
2024/2/28, 146, 58, , 16, 4, 4
2024/2/29, 100, 37, , 5, 4, 2
2024/3/1, 61, 43, , 13, 4, 3
2024/3/2, 95, 33, , 11, 3, 3
2024/3/3, 75, 37, , 16, 4, 4
2024/3/4, 71, 41, , 16, 4, 5
2024/3/5, 94, 45, , 20, 3, 5
2024/3/6, 97, 46, , 14, 3, 4
2024/3/7, 95, 31, , 13, 3, 3
2024/3/8, 58, 41, , 16, 3, 5
2024/3/9, 94, 60, , 17, 4, 7
2024/3/10, 124, 67, , 21, 4, 7
2024/3/11, 129, 42, , 14, 4, 4
2024/3/12, 97, 48, , 11, 4, 4
2024/3/13, 96, 53, , 10, 5, 4
2024/3/14, 111, 85, , 14, 5, 5
2024/3/15, 123, 75, , 10, 5, 5
2024/3/16, 120, 22, , 5, 3, 3
2024/3/17, 39, 40, , 8, 4, 4
2024/3/18, 91, 44, , 15, 4, 5
2024/3/19, 92, 37, , 13, 3, 5
2024/3/20, 85, 54, , 12, 4, 5
2024/3/21, 106, 43, , 7, 4, 4
2024/3/22, 84, 53, , 8, 3, 5
2024/3/23, 116, 21, , 6, 5, 3
2024/3/24, 32, 29, , 10, 5, 3
2024/3/25, 58, 41, , 17, 5, 5
2024/3/26, 86, 72, , 13, 4, 7
2024/3/27, 157, 275, , 4, 3, 3
2024/3/28, 108, 80, , 3, 3, 2
2024/3/29, 54, 50, , 3, 3, 3
2024/3/30, 54, 51, , 7, 4, 5
2024/3/31, 108, 64, , 14, 4, 7
2023/10/1, 49, 32, 30, 14, 3, 3
2023/10/2, 47, 42, 56, 7, 3, 3
2023/10/3, 56, 19, 28, 5, 3, 2
2023/10/4, 37, 20, 25, 8, 3, 2
2023/10/5, 33, 33, 27, 11, 3, 2
2023/10/6, 55, 43, 26, 18, 3, 5
2023/10/7, 56, 52, 35, 16, 3, 4
2023/10/8, 80, 47, 19, 18, 2, 4
2023/10/9, 96, 42, 23, 18, 3, 5
2023/10/10, 78, 53, 36, 17, 2, 5
2023/10/11, 91, 46, 38, 16, 3, 6
2023/10/12, 106, 57, 49, 15, 3, 6
2023/10/13, 117, 36, 44, 16, 3, 6
2023/10/14, 67, 39, 23, 8, 2, 3
2023/10/15, 45, 45, 22, 15, 3, 3
2023/10/16, 77, 45, 28, 12, 3, 4
2023/10/17, 129, 28, 23, 12, 3, 4
2023/10/18, 82, 26, 21, 10, 3, 2
2023/10/19, 44, 23, 18, 8, 3, 1
2023/10/20, 29, 21, 21, 8, 3, 1
2023/10/21, 46, 40, 22, 12, 3, 4
2023/10/22, 80, 56, 46, 14, 4, 5
2023/10/23, 125, 67, 57, 14, 4, 7
2023/10/24, 149, 79, 62, 18, 3, 8
2023/10/25, 155, 38, 22, 13, 3, 3
2023/10/26, 43, 61, 21, 20, 4, 6
2023/10/27, 113, 72, 26, 20, 4, 5
2023/10/28, 120, 83, 47, 16, 5, 7
2023/10/29, 179, 69, 36, 13, 3, 5
2023/10/30, 119, 75, 34, 14, 3, 4
2023/10/31, 127, 70, 19, 26, 3, 5
2023/11/1, 164, 57, 47, 8, 3, 4
2023/11/2, 114, 28, 19, 10, 3, 2
2023/11/3, 83, 55, 14, 16, 3, 4
2023/11/4, 131, 111, 5, 23, 4, 9
2023/11/5, 212, 28, 22, 7, 3, 5
2023/11/6, 62, 23, 25, 9, 3, 5
2023/11/7, 73, 29, 15, 13, 4, 7
2023/11/8, 112, 18, 29, 19, 5, 7
2023/11/9, 125, , , , , 
2023/11/13, 120, 59, , 24, 6, 11
2023/11/14, 150, 66, , 18, 6, 10
2023/11/15, 166, 20, , 11, 3, 3
2023/11/16, 61, 29, , 10, 4, 3
2023/11/17, 112, 34, , 8, 4, 4
2023/11/18, 88, 23, , 9, 4, 5
2023/11/19, 81, 20, , 11, 4, 4
2023/11/20, 67, 53, , 15, 4, 8
2023/11/21, 132, 62, , 16, 4, 9
2023/11/22, 166, 19, , 6, 3, 3
2023/11/23, 64, 19, , 7, 3, 1
2023/11/24, 57, 25, , 10, 4, 1
2023/11/25, 66, 55, , 20, 7, 5
2023/11/26, 120, 66, , 19, 5, 8
2023/11/27, 163, 29, , 12, 4, 3
2023/11/28, 76, 25, , 10, 3, 3
2023/11/29, 65, 32, , 17, 3, 3
2023/11/30, 77, 36, , 15, 4, 4
2023/12/1, 90, 38, , 12, 4, 4
2023/12/2, 87, 38, , 13, 4, 5
2023/12/3, 100, 45, , 15, 4, 7
2023/12/4, 102, 66, , 16, 4, 9
2023/12/5, 166, 26, , 9, 4, 5
2023/12/6, 106, 30, , 14, 4, 4
2023/12/7, 68, 72, , 7, 4, 4
2023/12/8, 94, 31, , 7, 3, 3
2023/12/9, 94, 24, , 8, 5, 4
2023/12/10, 52, 26, , 13, 9, 5
2023/12/11, 68, 38, , 19, 13, 8
2023/12/12, 102, 42, , 18, 12, 8
2023/12/13, 110, 51, , 15, 7, 7
2023/12/14, 127, 33, , 10, 9, 2
2023/12/15, 65, 22, , 9, 5, 2
2023/12/16, 71, 26, , 9, 4, 2
2023/12/17, 69, 44, , 19, 5, 7
2023/12/18, 122, 55, , 20, 9, 7
2023/12/19, 134, 49, , 17, 3, 5
2023/12/20, 138, 47, , 17, 4, 5
2023/12/21, 128, 51, , 18, 5, 5
2023/12/22, 122, 58, , 23, 7, 8
2023/12/23, 145, 66, , 21, 5, 9
2023/12/24, 156, 60, , 16, 5, 6
2023/12/25, 127, 40, , 15, 4, 6
2023/12/26, 116, 58, , 18, 4, 8
2023/12/27, 146, 68, , 21, 6, 11
2023/12/28, 168, 64, , 23, 4, 11
2023/12/29, 155, 65, , 19, 6, 12
2023/12/30, 182, 38, , 15, 8, 8
2023/12/31, 105, 58, , 14, 5, 8
2023/7/1, 41, 24, 51, 13, 2, 1
2023/7/2, 30, 34, 60, 9, 2, 3
2023/7/3, 60, 30, 45, 9, 2, 3
2023/7/4, 63, 19, 57, 4, 2, 1
2023/7/5, 36, 45, 59, 8, 2, 3
2023/7/6, 60, 29, 50, 5, 2, 3
2023/7/7, 54, 20, 44, 5, 2, 2
2023/7/8, 41, 16, 38, 4, 1, 3
2023/7/9, 38, 15, 34, 5, 1, 2
2023/7/10, 38, 18, 34, 9, 1, 3
2023/7/11, 36, 35, 40, 14, 1, 2
2023/7/12, 38, 34, 47, 10, 1, 4
2023/7/13, 57, 10, 37, 4, 1, 3
2023/7/14, 28, 9, 28, 5, 2, 2
2023/7/15, 21, 8, 18, 4, , 1
2023/7/16, 14, 14, 23, 5, 2, 1
2023/7/17, 15, 21, 41, 9, 2, 2
2023/7/18, 36, 34, 44, 8, 2, 3
2023/7/19, 63, 39, 49, 7, 1, 4
2023/7/20, 69, 33, 31, 12, , 3
2023/7/21, 42, 39, 36, 10, 1, 4
2023/7/22, 73, 10, 32, 2, 1, 3
2023/7/23, 30, 12, 37, 4, 1, 3
2023/7/24, 27, 24, 37, 9, 1, 5
2023/7/25, 54, 25, 41, 6, 1, 4
2023/7/26, 60, 24, 39, 4, 1, 4
2023/7/27, 54, 24, 33, 3, 1, 3
2023/7/28, 51, 26, 28, 4, 1, 3
2023/7/29, 47, 19, 16, 5, 1, 2
2023/7/30, 44, 25, 36, 7, 1, 4
2023/7/31, 54, 31, 24, 5, 1, 3
2023/8/1, 73, 27, 37, 3, 1, 2
2023/8/2, 60, 30, 43, 3, 1, 3
2023/8/3, 65, 31, 32, 3, , 4
2023/8/4, 70, 9, 25, 3, , 2
2023/8/5, 18, 12, 21, 6, 1, 2
2023/8/6, 18, 17, 9, 9, 1, 3
2023/8/7, 37, 21, 29, 10, 1, 3
2023/8/8, 38, 21, 32, 9, 2, 2
2023/8/9, 36, 25, 35, 9, 1, 2
2023/8/10, 39, 20, 23, 7, 1, 2
2023/8/11, 31, 15, 15, 6, 1, 2
2023/8/12, 23, 8, 17, 6, 1, 2
2023/8/13, 17, 23, 39, 8, 1, 3
2023/8/14, 34, 31, 38, 10, 1, 3
2023/8/15, 44, 28, 35, 10, 1, 3
2023/8/16, 43, 38, 46, 15, 1, 4
2023/8/17, 49, 32, 57, 6, , 5
2023/8/18, 65, 24, 34, 8, 1, 2
2023/8/19, 31, 33, 47, 9, 1, 4
2023/8/20, 55, 27, 29, 5, 1, 4
2023/8/21, 58, 15, 38, 6, 1, 3
2023/8/22, 35, 20, 33, 11, 1, 3
2023/8/23, 26, 26, 38, 11, 1, 3
2023/8/24, 37, 22, 32, 9, 2, 3
2023/8/25, 33, 18, 23, 7, 2, 2
2023/8/26, 30, 27, 29, 11, 2, 3
2023/8/27, 46, 25, 27, 9, 2, 3
2023/8/28, 32, 11, 18, 6, 2, 4
2023/8/29, 21, 15, 25, 6, 2, 4
2023/8/30, 22, 19, 32, 8, 2, 3
2023/8/31, 32, 23, 30, 7, 2, 3
2023/9/1, 49, 24, 36, 11, 2, 3
2023/9/2, 44, 24, 38, 9, 2, 3
2023/9/3, 49, 29, 35, 7, 2, 4
2023/9/4, 63, 25, 27, 10, 2, 3
2023/9/5, 43, 29, 37, 12, 2, 3
2023/9/6, 39, 29, 38, 9, 2, 3
2023/9/7, 56, 47, 37, 6, 2, 5
2023/9/8, 78, 36, 28, 11, 2, 3
2023/9/9, 51, 41, 39, 12, 2, 4
2023/9/10, 53, 36, 41, 6, 2, 4
2023/9/11, 58, 26, 26, 12, 2, 3
2023/9/12, 35, 23, 34, 12, 2, 2
2023/9/13, 30, 24, 35, 12, , 2
2023/9/14, 33, 26, 46, 11, 3, 3
2023/9/15, 42, 39, 46, 15, 3, 5
2023/9/16, 67, 52, 76, 19, 3, 5
2023/9/17, 94, 35, 53, 6, 2, 5
2023/9/18, 75, 17, 21, 7, 2, 3
2023/9/19, 31, 32, 25, 12, 3, 4
2023/9/20, 50, 25, 33, 11, 3, 3
2023/9/21, 43, 30, 23, 12, 3, 3
2023/9/22, 50, 41, 26, 14, 3, 3
2023/9/23, 59, 28, 37, 10, 3, 3
2023/9/24, 43, 19, 27, 5, 3, 3
2023/9/25, 49, 18, 35, 7, 3, 4
2023/9/26, 47, 32, 36, 9, 3, 3
2023/9/27, 52, 25, 30, 11, 3, 2
2023/9/28, 30, 23, 38, 9, 3, 3
2023/9/29, 33, 22, 28, 8, 3, 2
2023/9/30, 31, 26, 29, 11, 3, 2
2023/4/1, 154, 76, 76, 19, 4, 6
2023/4/2, 140, 69, 66, 11, 4, 6
2023/4/3, 123, 89, 31, 25, 8, 10
2023/4/4, 227, 252, 84, 34, 13, 15
2023/4/5, 366, 117, 48, 24, 8, 14
2023/4/6, 299, 91, 36, 4, 2, 1
2023/4/7, 46, 36, 41, 5, 3, 3
2023/4/8, 72, 90, 61, 6, 4, 5
2023/4/9, 110, 98, 52, 5, 4, 5
2023/4/10, 125, 429, 35, 3, 3, 3
2023/4/11, 146, 99, 38, 6, 2, 3
2023/4/12, 98, 116, 50, 17, 3, 4
2023/4/13, 136, 60, 41, 20, 3, 2
2023/4/14, 124, 113, 48, 18, 4, 4
2023/4/15, 153, 103, 53, 21, 4, 5
2023/4/16, 176, 69, 43, 13, 3, 4
2023/4/17, 115, 88, 41, 8, 3, 3
2023/4/18, 75, 69, 54, 10, 3, 4
2023/4/19, 78, 265, 37, 3, 3, 3
2023/4/20, 118, 175, 38, 4, 1, 3
2023/4/21, 89, 44, 39, 15, 1, 4
2023/4/22, 68, 46, 38, 16, 1, 3
2023/4/23, 75, 47, 44, 14, 1, 2
2023/4/24, 84, 46, 39, 8, 2, 3
2023/4/25, 75, 19, 39, 7, 1, 2
2023/4/26, 51, 37, 47, 6, 1, 3
2023/4/27, 78, 24, 40, 8, 2, 3
2023/4/28, 60, 30, 35, 10, 1, 3
2023/4/29, 67, 19, 38, 5, 1, 2
2023/4/30, 38, 29, 44, 13, 1, 2
2023/5/1, 57, 41, 69, 4, 1, 1
2023/5/2, 57, 48, 80, 5, 2, 2
2023/5/3, 71, 46, 42, 11, 2, 2
2023/5/4, 86, 39, 36, 10, 1, 2
2023/5/5, 48, 29, 43, 15, 1, 3
2023/5/6, 47, 47, 43, 20, 1, 4
2023/5/7, 78, 52, 46, 14, 1, 3
2023/5/8, 55, 41, 38, 15, 1, 3
2023/5/9, 51, 32, 43, 11, 1, 3
2023/5/10, 49, 49, 51, 17, 1, 3
2023/5/11, 78, 43, 54, 7, 3, 3
2023/5/12, 78, 31, 56, 5, 3, 4
2023/5/13, 66, 28, 60, 4, 2, 3
2023/5/14, 58, 45, 57, 8, 3, 2
2023/5/15, 63, 69, 67, 17, 3, 4
2023/5/16, 91, 37, 23, 18, 2, 4
2023/5/17, 75, 23, 40, 9, 2, 2
2023/5/18, 43, 41, 46, 11, 3, 2
2023/5/19, 47, 475, 33, 3, 2, 1
2023/5/20, 193, 112, 34, 7, 2, 3
2023/5/21, 101, 40, 40, 10, 2, 2
2023/5/22, 65, 39, 53, 15, 3, 3
2023/5/23, 63, 52, 81, 5, 3, 4
2023/5/24, 59, 59, 63, 3, 3, 3
2023/5/25, 71, 43, 63, 5, 3, 2
2023/5/26, 65, 39, 64, 7, 2, 4
2023/5/27, 71, 38, 51, 8, 2, 2
2023/5/28, 72, 19, 37, 7, 2, 1
2023/5/29, 30, 32, 43, 12, 2, 1
2023/5/30, 35, 37, 61, 12, 3, 2
2023/5/31, 56, 42, 47, 8, 3, 3
2023/6/1, 52, 35, 34, 10, 2, 1
2023/6/2, 56, 31, 35, 11, 2, 1
2023/6/3, 42, 29, 36, 13, 2, 1
2023/6/4, 35, 30, 52, 16, 2, 1
2023/6/5, 45, 19, 43, 14, 2, 1
2023/6/6, 36, 32, 45, 9, 3, 2
2023/6/7, 47, 23, 35, 10, 2, 1
2023/6/8, 24, 17, 26, 15, 2, 2
2023/6/9, 26, 22, 35, 15, 2, 3
2023/6/10, 39, 25, 34, 16, 2, 3
2023/6/11, 49, 19, 40, 7, , 2
2023/6/12, 39, 31, 61, 16, 2, 3
2023/6/13, 54, 24, 74, 18, 2, 2
2023/6/14, 42, 38, 99, 19, 2, 3
2023/6/15, 66, 46, 105, 15, 3, 5
2023/6/16, 76, 47, 101, 15, 2, 4
2023/6/17, 86, 50, 93, 15, 3, 3
2023/6/18, 65, 41, 103, 16, 2, 3
2023/6/19, 62, 18, 41, 8, 2, 2
2023/6/20, 51, 19, 41, 8, 2, 2
2023/6/21, 42, 23, 49, 11, 2, 4
2023/6/22, 44, 19, 63, 13, 2, 2
2023/6/23, 35, 36, 111, 13, 2, 4
2023/6/24, 54, 34, 90, 6, 2, 3
2023/6/25, 58, 33, 68, 11, 2, 3
2023/6/26, 56, 12, 40, 6, 2, 2
2023/6/27, 32, 36, 101, 8, 2, 5
2023/6/28, 67, 29, 57, 6, 2, 3
2023/6/29, 66, 23, 52, 14, 2, 2
2023/6/30, 40, 22, 53, 9, 2, 2
2023/1/2, 90, 52, 21, 20, 3, 8
2023/1/3, 133, 62, 15, 22, 4, 10
2023/1/4, 149, 63, 18, 26, 6, 14
2023/1/5, 188, 115, 15, 25, 6, 16
2023/1/6, 208, 85, 23, 29, 6, 13
2023/1/7, 223, 81, 23, 17, 4, 9
2023/1/8, 146, 55, 21, 20, 3, 7
2023/1/9, 109, 45, 27, 17, 4, 6
2023/1/10, 96, 47, 28, 16, 5, 6
2023/1/11, 111, 49, 24, 11, 4, 4
2023/1/12, 116, 32, 25, 8, 5, 5
2023/1/13, 94, 17, 26, 6, 7, 4
2023/1/14, 38, 33, 23, 13, 4, 5
2023/1/15, 91, 30, 25, 9, 3, 3
2023/1/16, 76, 44, 23, 10, 4, 5
2023/1/17, 97, 51, 26, 9, 3, 4
2023/1/18, 81, 60, 21, 8, 4, 4
2023/1/19, 97, 47, 22, 4, 2, 5
2023/1/20, 78, 58, 23, 5, 6, 6
2023/1/21, 114, 150, 16, 13, 21, 8
2023/1/22, 222, 28, 23, 6, 9, 5
2023/1/23, 62, 29, 26, 2, 3, 4
2023/1/24, 82, 40, 24, 5, 4, 6
2023/1/25, 112, 96, 24, 12, 7, 8
2023/1/26, 175, 48, 25, 9, 4, 8
2023/1/27, 162, 36, 24, 7, 4, 5
2023/1/28, 95, 44, 21, 9, 4, 6
2023/1/29, 128, 56, 22, 14, 3, 8
2023/1/30, 146, 36, 22, 11, 5, 5
2023/1/31, 106, 75, 27, 18, 5, 8
2023/2/1, 177, 35, 26, 13, 3, 6
2023/2/2, 106, 48, 27, 16, 4, 6
2023/2/3, 133, 41, 26, 12, 3, 6
2023/2/4, 113, 70, 28, 15, 9, 7
2023/2/5, 154, 68, 26, 18, 4, 7
2023/2/6, 222, 58, 24, 16, 3, 8
2023/2/7, 146, 39, 27, 12, 3, 5
2023/2/8, 92, 52, 30, 12, 3, 6
2023/2/9, 116, 53, 24, 13, 3, 5
2023/2/10, 149, 81, 32, 11, 3, 8
2023/2/11, 172, 63, 28, 18, 4, 6
2023/2/12, 164, 53, 29, 21, 3, 7
2023/2/13, 130, 34, 27, 16, 7, 4
2023/2/14, 82, 29, 28, 16, 3, 4
2023/2/15, 88, 55, 29, 14, 5, 7
2023/2/16, 123, 50, 29, 14, 5, 6
2023/2/17, 144, 36, 29, 14, 5, 3
2023/2/18, 82, 35, 27, 8, 3, 2
2023/2/19, 67, 37, 29, 7, 3, 3
2023/2/20, 62, 54, 27, 16, 3, 5
2023/2/21, 98, 64, 28, 13, 4, 7
2023/2/22, 120, 64, 32, 15, 4, 7
2023/2/23, 122, 37, 28, 15, 3, 5
2023/2/24, 85, 53, 29, 19, 3, 3
2023/2/25, 111, 59, 29, 19, 5, 5
2023/2/26, 123, 276, 45, 10, 4, 6
2023/2/27, 144, 61, 40, 12, 5, 7
2023/2/28, 121, 41, 30, 7, 3, 4
2023/3/1, 62, 61, 29, 13, 4, 4
2023/3/2, 89, 62, 33, 15, 5, 6
2023/3/3, 119, 51, 37, 19, 4, 5
2023/3/4, 115, 67, 79, 13, 5, 5
2023/3/5, 145, 75, 44, 14, 6, 6
2023/3/6, 173, 131, 52, 13, 4, 6
2023/3/7, 165, 39, 30, 16, 4, 4
2023/3/8, 89, 64, 41, 19, 4, 6
2023/3/9, 132, 151, 58, 11, 4, 6
2023/3/10, 141, 111, 34, 8, 4, 3
2023/3/11, 90, 40, 31, 9, 4, 5
2023/3/12, 52, 45, 34, 18, 4, 5
2023/3/13, 102, 62, 26, 13, 4, 6
2023/3/14, 116, 58, 31, 3, 3, 3
2023/3/15, 44, 33, 33, 5, 3, 3
2023/3/16, 76, 37, 36, 9, 4, 3
2023/3/17, 89, 55, 37, 13, 4, 5
2023/3/18, 126, 77, 44, 16, 5, 6
2023/3/19, 153, 70, 52, 8, 4, 5
2023/3/20, 170, 75, 54, 9, 6, 7
2023/3/21, 169, 500, 41, 5, 4, 4
2023/3/22, 162, 133, 34, 4, 2, 2
2023/3/23, 92, 61, 35, 9, 3, 2
2023/3/24, 125, 51, 38, 13, 3, 3
2023/3/25, 107, 54, 37, 13, 3, 3
2023/3/26, 119, 62, 45, 14, 4, 4
2023/3/27, 132, 70, 44, 16, 5, 5
2023/3/28, 136, 85, 68, 14, 6, 6
2023/3/29, 163, 81, 45, 17, 5, 7
2023/3/30, 154, 103, 81, 19, 6, 8
2023/3/31, 188, 81, 86, 13, 5, 6
2022/10/1, 98, 41, 38, 11, 2, 5
2022/10/2, 76, 26, 14, 6, 2, 2
2022/10/3, 56, 15, 20, 6, 2, 1
2022/10/4, 35, 28, 24, 12, 2, 2
2022/10/5, 48, 37, 25, 13, 2, 2
2022/10/6, 63, 36, 28, 14, 2, 1
2022/10/7, 57, 40, 43, 10, 2, 2
2022/10/8, 73, 15, 24, 13, 2, 3
2022/10/9, 46, 16, 19, 6, 2, 1
2022/10/10, 46, 23, 23, 10, 2, 2
2022/10/11, 53, 28, 31, 10, 3, 4
2022/10/12, 69, 46, 51, 15, 3, 5
2022/10/13, 118, 58, 42, 25, 3, 7
2022/10/14, 155, 74, 20, 25, 3, 8
2022/10/15, 154, 22, 18, 8, 2, 1
2022/10/16, 25, 30, 12, 11, 2, 2
2022/10/17, 54, 36, 20, 14, 3, 3
2022/10/18, 67, 39, 28, 13, 2, 4
2022/10/19, 66, 55, 50, 13, 3, 5
2022/10/20, 136, 53, 41, 13, 3, 4
2022/10/21, 92, 41, 18, 17, 2, 3
2022/10/22, 89, 24, 22, 12, 2, 2
2022/10/23, 53, 45, 18, 19, 3, 3
2022/10/24, 87, 35, 35, 9, 2, 3
2022/10/25, 71, 38, 29, 9, 2, 3
2022/10/26, 87, 27, 18, 14, 4, 3
2022/10/27, 57, 51, 15, 21, 4, 6
2022/10/28, 97, 62, 18, 21, 3, 6
2022/10/29, 115, 50, 21, 21, 3, 5
2022/10/30, 111, 50, 21, 10, 2, 5
2022/10/31, 98, 22, 21, 10, 2, 3
2022/11/1, 46, 33, 20, 16, 3, 5
2022/11/2, 50, 36, 17, 11, 2, 3
2022/11/3, 58, 38, 19, 13, 2, 3
2022/11/4, 69, 41, 21, 14, 3, 4
2022/11/5, 76, 54, 21, 17, 3, 7
2022/11/6, 109, 62, 22, 19, 3, 8
2022/11/7, 121, 43, 24, 15, 4, 5
2022/11/8, 75, 65, 32, 18, 4, 8
2022/11/9, 145, 89, 22, 27, 3, 8
2022/11/10, 170, 49, 26, 13, 2, 6
2022/11/11, 131, 61, 16, 10, 3, 4
2022/11/12, 155, 46, 20, 19, 4, 5
2022/11/13, 139, 41, 24, 18, 4, 7
2022/11/14, 143, 47, 21, 22, 3, 8
2022/11/15, 150, 43, 19, 20, 4, 7
2022/11/16, 117, 45, 18, 15, 4, 8
2022/11/17, 126, 37, 11, 17, 3, 5
2022/11/18, 103, 31, 25, 9, 3, 2
2022/11/19, 81, 25, 15, 8, 2, 1
2022/11/20, 48, 31, 13, 10, 2, 2
2022/11/21, 79, 33, 14, 13, 3, 2
2022/11/22, 71, 50, 8, 19, 6, 6
2022/11/23, 115, 58, 14, 15, 4, 7
2022/11/24, 155, 60, 23, 7, 3, 5
2022/11/25, 88, 35, 20, 5, 2, 3
2022/11/26, 43, 25, 16, 6, 2, 5
2022/11/27, 72, 45, 14, 13, 6, 7
2022/11/28, 122, 42, 18, 2, 3, 4
2022/11/29, 31, 25, 19, 2, 4, 3
2022/11/30, 32, 18, 19, 4, 4, 1
2022/12/1, 51, 34, 21, 11, 4, 3
2022/12/2, 68, 27, 20, 6, 3, 1
2022/12/3, 62, 23, 20, 8, 5, 1
2022/12/4, 59, 33, 22, 12, 4, 2
2022/12/5, 81, 32, 22, 10, 3, 1
2022/12/6, 61, 41, 20, 7, 3, 1
2022/12/7, 51, 32, 20, 14, 4, 2
2022/12/8, 74, 44, 20, 17, 3, 4
2022/12/9, 95, 39, 19, 14, 3, 4
2022/12/10, 86, 44, 17, 16, 3, 4
2022/12/11, 95, 214, 23, 6, 3, 4
2022/12/12, 97, 59, 21, 3, 2, 3
2022/12/13, 57, 41, 21, 8, 3, 4
2022/12/14, 82, 38, 20, 12, 3, 3
2022/12/15, 85, 29, 21, 8, 3, 2
2022/12/16, 60, 28, 21, 6, 3, 3
2022/12/17, 60, 37, 22, 9, 3, 3
2022/12/18, 86, 41, 21, 13, 3, 4
2022/12/19, 92, 46, 21, 12, 4, 5
2022/12/20, 108, 49, 18, 9, 4, 6
2022/12/21, 117, 28, 21, 9, 4, 4
2022/12/22, 75, 34, 19, 7, 4, 2
2022/12/23, 67, 42, 20, 18, 3, 4
2022/12/24, 130, 67, 23, 21, 4, 7
2022/12/25, 171, 73, 16, 24, 4, 11
2022/12/26, 203, 72, 20, 21, 4, 9
2022/12/27, 185, 62, 15, 19, 4, 6
2022/12/28, 162, 51, 16, 21, 5, 6
2022/12/29, 133, 50, 18, 20, 5, 7
2022/12/30, 134, 44, 21, 16, 6, 6
2022/12/31, 119, 42, 22, 9, 2, 3
2023/1/1, 73, 39, 21, 14, 3, 4
2022/7/1, 49, 15, 37, 4, 1, 4
2022/7/2, 48, 25, 47, 4, 1, 4
2022/7/3, 70, 32, 37, 6, 1, 3
2022/7/4, 74, 26, 22, 8, 1, 3
2022/7/5, 54, 24, 18, 8, 1, 2
2022/7/6, 55, 9, 38, 6, 1, 1
2022/7/7, 49, 22, 36, 6, 1, 3
2022/7/8, 43, 17, 41, 6, 2, 3
2022/7/9, 40, 22, 37, 8, 1, 4
2022/7/10, 37, 29, 48, 11, 1, 4
2022/7/11, 63, 40, 45, 13, 1, 3
2022/7/12, 52, 19, 26, 8, 1, 3
2022/7/13, 37, 7, 35, 4, 1, 3
2022/7/14, 25, 10, 32, 4, 2, 2
2022/7/15, 15, 15, 22, 6, 2, 3
2022/7/16, 27, 19, 26, 7, 1, 3
2022/7/17, 40, 21, 29, 12, 3, 4
2022/7/18, 49, 18, 25, 9, 2, 3
2022/7/19, 41, 20, 34, 11, 1, 4
2022/7/20, 41, 28, 28, 13, 1, 4
2022/7/21, 51, 26, 33, 11, 1, 3
2022/7/22, 46, 32, 30, 10, 1, 2
2022/7/23, 42, 12, 33, 7, 1, 2
2022/7/24, 31, 25, 44, 8, 1, 5
2022/7/25, 63, 37, 55, 6, 1, 4
2022/7/26, 81, 39, 39, 10, 1, 3
2022/7/27, 76, 29, 32, 9, 1, 3
2022/7/28, 54, 14, 26, 4, 1, 2
2022/7/29, 33, 18, 37, 3, 1, 4
2022/7/30, 58, 21, 26, 4, 1, 3
2022/7/31, 70, 28, 35, 8, 1, 3
2022/8/1, 64, 40, 41, 9, 1, 5
2022/8/2, 78, 33, 31, 8, , 3
2022/8/3, 67, 37, 37, 4, , 4
2022/8/4, 86, 23, 34, 4, , 2
2022/8/5, 49, 21, 44, 6, 1, 3
2022/8/6, 36, 17, 33, 5, , 3
2022/8/7, 42, 18, 22, 6, 1, 1
2022/8/8, 37, 18, 34, 7, , 1
2022/8/9, 25, 26, 42, 6, 1, 3
2022/8/10, 42, 19, 36, 6, , 2
2022/8/11, 38, 30, 25, 9, , 3
2022/8/12, 43, 21, 39, 7, , 4
2022/8/13, 38, 31, 24, 12, 1, 3
2022/8/14, 52, 15, 22, 9, , 3
2022/8/15, 33, 23, 35, 12, , 3
2022/8/16, 35, 30, 32, 10, , 3
2022/8/17, 47, 31, 53, 7, 1, 5
2022/8/18, 58, 22, 33, 6, 1, 3
2022/8/19, 46, 29, 27, 9, 1, 2
2022/8/20, 61, 32, 50, 8, 2, 3
2022/8/21, 37, 17, 38, 5, 1, 2
2022/8/22, 43, 25, 18, 8, 2, 2
2022/8/23, 49, 26, 24, 8, 2, 2
2022/8/24, 21, 24, 26, 11, 2, 2
2022/8/25, 40, 16, 18, 10, 2, 1
2022/8/26, 37, 19, 20, 8, 2, 1
2022/8/27, 36, 22, 25, 9, 2, 2
2022/8/28, 30, 23, 17, 11, 2, 3
2022/8/29, 35, 23, 40, 6, 2, 3
2022/8/30, 61, 30, 40, 11, 2, 2
2022/8/31, 58, 16, 25, 6, 2, 1
2022/9/1, 34, 22, 31, 10, 2, 2
2022/9/2, 34, 30, 40, 12, 2, 3
2022/9/3, 41, 27, 16, 9, 2, 3
2022/9/4, 45, 22, 22, 7, 3, 2
2022/9/5, 44, 19, 19, 6, 2, 1
2022/9/6, 40, 21, 28, 7, 2, 1
2022/9/7, 30, 31, 47, 11, 3, 4
2022/9/8, 40, 52, 81, 19, 3, 5
2022/9/9, 63, 48, 71, 14, 2, 4
2022/9/10, 73, 42, 51, 12, 3, 3
2022/9/11, 71, 35, 49, 11, 2, 3
2022/9/12, 64, 37, 26, 14, 2, 2
2022/9/13, 55, 54, 22, 21, 3, 3
2022/9/14, 54, 21, 17, 12, 2, 2
2022/9/15, 48, 20, 14, 8, 2, 2
2022/9/16, 46, 18, 23, 7, 2, 1
2022/9/17, 34, 42, 26, 6, 2, 1
2022/9/18, 60, 31, 26, 7, 2, 1
2022/9/19, 42, 33, 25, 12, 2, 1
2022/9/20, 41, 34, 40, 8, 2, 2
2022/9/21, 48, 22, 44, 4, 1, 1
2022/9/22, 51, 15, 20, 4, 1, 1
2022/9/23, 47, 13, 26, 6, 2, 1
2022/9/24, 35, 31, 60, 7, 3, 3
2022/9/25, 56, 44, 42, 15, 2, 4
2022/9/26, 74, 58, 80, 17, 3, 7
2022/9/27, 112, 60, 96, 15, 4, 7
2022/9/28, 108, 53, 81, 13, 3, 5
2022/9/29, 104, 54, 88, 7, 3, 5
2022/9/30, 83, 42, 12, 9, 2, 3
2022/4/1, 77, 30, 42, 5, 3, 3
2022/4/2, 75, 32, 50, 4, 3, 4
2022/4/3, 81, 61, 74, 4, 3, 4
2022/4/4, 131, 52, 62, 2, 2, 3
2022/4/5, 83, 18, 39, 2, 2, 2
2022/4/6, 39, 67, 42, 5, 3, 5
2022/4/7, 115, 222, 63, 5, 5, 7
2022/4/8, 160, 55, 48, 5, 3, 6
2022/4/9, 119, 111, 73, 15, 8, 11
2022/4/10, 190, 80, 30, 7, 3, 8
2022/4/11, 140, 15, 39, 6, 4, 4
2022/4/12, 48, 32, 47, 9, 2, 5
2022/4/13, 83, 43, 53, 5, 2, 5
2022/4/14, 117, 64, 52, 10, 2, 7
2022/4/15, 132, 52, 50, 6, 2, 5
2022/4/16, 108, 73, 62, 10, 3, 7
2022/4/17, 166, 88, 75, 10, 4, 8
2022/4/18, 194, 64, 68, 5, 3, 6
2022/4/19, 112, 88, 78, 5, 3, 7
2022/4/20, 115, 56, 75, 4, 3, 7
2022/4/21, 126, 18, 39, 2, 2, 5
2022/4/22, 54, 257, 56, 4, 2, 6
2022/4/23, 88, 47, 59, 5, 2, 7
2022/4/24, 100, 66, 76, 6, 3, 10
2022/4/25, 130, 64, 38, 2, 2, 8
2022/4/26, 65, 34, 45, 5, 2, 7
2022/4/27, 78, 48, 49, 10, 5, 8
2022/4/28, 121, 71, 67, 11, 8, 9
2022/4/29, 155, 18, 33, 3, 2, 6
2022/4/30, 58, 30, 41, 8, 2, 7
2022/5/1, 81, 37, 47, 6, 2, 7
2022/5/2, 97, 58, 73, 5, 4, 9
2022/5/3, 84, 59, 80, 3, 3, 9
2022/5/4, 86, 64, 74, 2, 3, 9
2022/5/5, 79, 28, 38, 5, 2, 5
2022/5/6, 57, 27, 39, 6, 2, 2
2022/5/7, 63, 43, 46, 8, 3, 3
2022/5/8, 97, 47, 59, 12, 4, 4
2022/5/9, 107, 38, 55, 5, 3, 3
2022/5/10, 79, 29, 36, 4, 3, 2
2022/5/11, 66, 26, 32, 9, 2, 2
2022/5/12, 59, 32, 39, 7, 2, 2
2022/5/13, 64, 22, 36, 8, 2, 2
2022/5/14, 58, 22, 39, 7, 3, 2
2022/5/15, 54, 23, 41, 11, 3, 2
2022/5/16, 53, 34, 55, 7, 2, 1
2022/5/17, 60, 33, 49, 7, 3, 2
2022/5/18, 67, 42, 46, 8, 3, 2
2022/5/19, 69, 43, 64, 9, 3, 3
2022/5/20, 78, 45, 53, 5, 3, 4
2022/5/21, 83, 23, 50, 12, 2, 2
2022/5/22, 48, 52, 104, 10, 4, 5
2022/5/23, 73, 61, 90, 7, 3, 4
2022/5/24, 89, 14, 25, 5, , 3
2022/5/25, 40, 13, 24, 7, 2, 3
2022/5/26, 35, 19, 44, 4, , 3
2022/5/27, 35, 39, 53, 9, 3, 4
2022/5/28, 72, 41, 69, 7, 2, 3
2022/5/29, 64, 20, 34, 6, , 2
2022/5/30, 47, 18, 31, 8, 2, 3
2022/5/31, 43, 30, 33, 12, 2, 3
2022/6/1, 48, 25, 39, 13, 2, 4
2022/6/2, 42, 44, 35, 11, 2, 3
2022/6/3, 44, 35, 38, 7, 2, 3
2022/6/4, 51, 20, 43, 3, 2, 3
2022/6/5, 50, 28, 22, 7, 2, 3
2022/6/6, 39, 17, 23, 7, 2, 2
2022/6/7, 36, 25, 39, 9, 2, 3
2022/6/8, 51, 32, 34, 11, 3, 3
2022/6/9, 48, 30, 48, 15, 2, 4
2022/6/10, 55, 45, 51, 17, 2, 4
2022/6/11, 67, 38, 42, 14, 2, 4
2022/6/12, 59, 24, 41, 5, 2, 3
2022/6/13, 42, 21, 40, 6, , 3
2022/6/14, 35, 34, 42, 11, 2, 3
2022/6/15, 56, 46, 42, 13, 2, 4
2022/6/16, 83, 45, 51, 10, 2, 4
2022/6/17, 68, 39, 59, 17, 2, 3
2022/6/18, 54, 47, 61, 12, 2, 5
2022/6/19, 72, 46, 66, 14, 2, 4
2022/6/20, 65, 60, 39, 11, 2, 4
2022/6/21, 94, 54, 39, 11, 2, 4
2022/6/22, 72, 16, 42, 4, 2, 2
2022/6/23, 22, 13, 44, 5, , 1
2022/6/24, 34, 13, 40, 4, 2, 2
2022/6/25, 17, 23, 47, 12, 2, 2
2022/6/26, 37, 27, 39, 14, 2, 3
2022/6/27, 54, 9, 24, 5, 1, 2
2022/6/28, 19, 17, 29, 7, 2, 2
2022/6/29, 33, 31, 41, 13, 2, 3
2022/6/30, 48, 26, 34, 10, 1, 2
2022/1/3, 122, 52, 18, 16, 6, 8
2022/1/4, 109, 61, 18, 17, 7, 8
2022/1/5, 137, 60, 13, 19, 9, 9
2022/1/6, 161, 64, 15, 19, 7, 9
2022/1/7, 156, 66, 18, 19, 6, 10
2022/1/8, 181, 65, 20, 18, 3, 8
2022/1/9, 157, 61, 20, 14, 4, 7
2022/1/10, 151, 39, 16, 15, 4, 6
2022/1/11, 102, 58, 15, 16, 11, 8
2022/1/12, 137, 45, 20, 13, 5, 6
2022/1/13, 115, 48, 22, 11, 4, 5
2022/1/14, 123, 56, 24, 11, 5, 6
2022/1/15, 139, 57, 20, 16, 4, 6
2022/1/16, 124, 51, 20, 15, 5, 6
2022/1/17, 126, 54, 16, 18, 8, 7
2022/1/18, 137, 52, 18, 18, 14, 6
2022/1/19, 136, 65, 20, 19, 8, 9
2022/1/20, 151, 71, 17, 20, 5, 10
2022/1/21, 148, 77, 9, 30, 11, 9
2022/1/22, 167, 66, 17, 28, 12, 8
2022/1/23, 152, 86, 20, 28, 10, 10
2022/1/24, 170, 92, 25, 20, 6, 10
2022/1/25, 187, 61, 25, 12, 4, 7
2022/1/26, 141, 52, 24, 15, 3, 7
2022/1/27, 135, 46, 21, 15, 2, 5
2022/1/28, 115, 41, 27, 7, 3, 4
2022/1/29, 88, 41, 29, 8, 3, 5
2022/1/30, 100, 83, 28, 11, 8, 8
2022/1/31, 168, 236, 28, 8, 9, 8
2022/2/1, 293, 35, 28, 4, 3, 5
2022/2/2, 110, 43, 29, 6, 3, 7
2022/2/3, 121, 41, 28, 4, 4, 5
2022/2/4, 99, 40, 31, 5, 5, 3
2022/2/5, 93, 59, 30, 12, 4, 7
2022/2/6, 146, 40, 29, 8, 4, 5
2022/2/7, 98, 54, 30, 15, 4, 8
2022/2/8, 126, 64, 32, 17, 5, 10
2022/2/9, 138, 79, 33, 19, 6, 14
2022/2/10, 174, 55, 30, 14, 5, 8
2022/2/11, 152, 36, 17, 16, 7, 4
2022/2/12, 99, 40, 26, 14, 10, 5
2022/2/13, 106, 42, 24, 11, 10, 6
2022/2/14, 109, 56, 27, 12, 7, 5
2022/2/15, 122, 55, 24, 15, 5, 7
2022/2/16, 158, 43, 25, 13, 6, 6
2022/2/17, 132, 48, 27, 8, 6, 5
2022/2/18, 111, 37, 31, 9, 4, 5
2022/2/19, 112, 41, 29, 13, 5, 6
2022/2/20, 105, 36, 31, 15, 3, 6
2022/2/21, 83, 45, 28, 19, 6, 8
2022/2/22, 108, 53, 30, 15, 4, 5
2022/2/23, 116, 56, 32, 11, 5, 3
2022/2/24, 108, 63, 38, 12, 5, 5
2022/2/25, 122, 31, 36, 7, 3, 4
2022/2/26, 73, 42, 34, 9, 3, 5
2022/2/27, 71, 29, 30, 11, 3, 5
2022/2/28, 73, 19, 29, 9, 2, 4
2022/3/1, 63, 36, 31, 11, 3, 5
2022/3/2, 71, 39, 31, 12, 2, 4
2022/3/3, 82, 84, 35, 5, 2, 3
2022/3/4, 77, 50, 31, 3, 2, 2
2022/3/5, 54, 29, 33, 9, 2, 4
2022/3/6, 68, 53, 36, 17, 3, 6
2022/3/7, 102, 78, 41, 21, 4, 8
2022/3/8, 151, 70, 44, 18, 3, 6
2022/3/9, 150, 76, 46, 11, 3, 5
2022/3/10, 146, 42, 34, 9, 2, 4
2022/3/11, 62, 44, 27, 8, 2, 4
2022/3/12, 81, 51, 23, 8, 3, 4
2022/3/13, 119, 31, 31, 7, 5, 4
2022/3/14, 95, 33, 34, 9, 2, 4
2022/3/15, 95, 21, 40, 5, 2, 4
2022/3/16, 66, 25, 40, 11, 4, 3
2022/3/17, 65, 22, 39, 5, 6, 2
2022/3/18, 64, 26, 41, 8, 7, 3
2022/3/19, 78, 37, 42, 16, 2, 4
2022/3/20, 103, 38, 40, 7, 3, 4
2022/3/21, 98, 22, 39, 5, 2, 3
2022/3/22, 68, 34, 42, 5, 3, 4
2022/3/23, 92, 57, 49, 5, 4, 5
2022/3/24, 127, 51, 43, 5, 3, 3
2022/3/25, 101, 27, 41, 7, 5, 2
2022/3/26, 71, 18, 38, 3, 2, 1
2022/3/27, 47, 85, 49, 6, 2, 3
2022/3/28, 94, 39, 42, 4, 2, 4
2022/3/29, 75, 19, 39, 5, 4, 3
2022/3/30, 62, 25, 42, 10, 2, 3
2022/3/31, 68, 28, 41, 9, 2, 4
2021/10/1, 56, 35, 20, 8, 2, 4
2021/10/2, 50, 41, 33, 6, 2, 4
2021/10/3, 57, 34, 19, 11, 2, 4
2021/10/4, 45, 42, 20, 16, 3, 5
2021/10/5, 57, 44, 18, 16, 3, 5
2021/10/6, 61, 48, 31, 13, 3, 4
2021/10/7, 72, 64, 24, 16, 2, 2
2021/10/8, 54, 28, 17, 8, 2, 1
2021/10/9, 52, 41, 24, 2, 2, 1
2021/10/10, 49, 33, 22, 9, 2, 4
2021/10/11, 56, 59, 22, 13, 3, 6
2021/10/12, 78, 46, 30, 9, 2, 4
2021/10/13, 77, 31, 21, 11, 2, 3
2021/10/14, 64, 43, 23, 9, 2, 3
2021/10/15, 50, 30, 20, 4, 2, 5
2021/10/16, 39, 35, 19, 7, 2, 5
2021/10/17, 46, 35, 13, 11, 5, 7
2021/10/18, 70, 45, 20, 14, 3, 8
2021/10/19, 79, 44, 19, 16, 3, 6
2021/10/20, 78, 71, 12, 21, 5, 6
2021/10/21, 125, 62, 22, 18, 3, 5
2021/10/22, 98, 57, 25, 16, 3, 4
2021/10/23, 100, 66, 26, 21, 4, 6
2021/10/24, 125, 59, 39, 13, 3, 6
2021/10/25, 153, 59, 25, 14, 3, 5
2021/10/26, 139, 52, 21, 14, 3, 2
2021/10/27, 61, 55, 20, 16, 3, 4
2021/10/28, 76, 50, 20, 18, 4, 5
2021/10/29, 83, 63, 35, 16, 4, 6
2021/10/30, 136, 39, 9, 9, 3, 4
2021/10/31, 74, 53, 8, 16, 6, 6
2021/11/1, 100, 62, 18, 17, 3, 7
2021/11/2, 130, 68, 23, 15, 3, 7
2021/11/3, 152, 84, 23, 18, 3, 9
2021/11/4, 172, 85, 38, 20, 3, 8
2021/11/5, 175, 33, 13, 9, 3, 4
2021/11/6, 60, 26, 11, 11, 5, 5
2021/11/7, 61, 20, 19, 8, 4, 5
2021/11/8, 67, 21, 21, 4, 3, 4
2021/11/9, 63, 31, 19, 5, 3, 3
2021/11/10, 58, 30, 24, 11, 4, 5
2021/11/11, 98, 36, 14, 16, 5, 5
2021/11/12, 82, 34, 21, 15, 5, 7
2021/11/13, 101, 45, 19, 20, 5, 7
2021/11/14, 127, 69, 17, 28, 4, 8
2021/11/15, 169, 46, 20, 21, 5, 6
2021/11/16, 121, 50, 26, 12, 5, 6
2021/11/17, 127, 48, 17, 14, 4, 6
2021/11/18, 126, 34, 15, 13, 4, 3
2021/11/19, 62, 53, 12, 21, 6, 6
2021/11/20, 111, 53, 15, 22, 9, 6
2021/11/21, 141, 59, 20, 6, 4, 4
2021/11/22, 60, 20, 21, 6, 5, 4
2021/11/23, 54, 24, 21, 12, 7, 6
2021/11/24, 70, 35, 19, 18, 12, 7
2021/11/25, 101, 44, 17, 22, 6, 9
2021/11/26, 130, 54, 20, 14, 5, 8
2021/11/27, 127, 47, 22, 11, 6, 8
2021/11/28, 125, 49, 14, 14, 7, 8
2021/11/29, 141, 32, 15, 13, 6, 6
2021/11/30, 103, 30, 18, 11, 5, 6
2021/12/1, 81, 26, 19, 6, 6, 2
2021/12/2, 52, 25, 17, 11, 5, 3
2021/12/3, 67, 42, 16, 12, 8, 4
2021/12/4, 98, 36, 20, 8, 5, 4
2021/12/5, 110, 36, 19, 11, 5, 4
2021/12/6, 106, 35, 15, 13, 4, 5
2021/12/7, 93, 47, 16, 14, 5, 7
2021/12/8, 126, 42, 17, 11, 5, 5
2021/12/9, 125, 58, 15, 10, 4, 6
2021/12/10, 139, 50, 19, 11, 4, 6
2021/12/11, 134, 19, 21, 4, 4, 3
2021/12/12, 43, 29, 20, 8, 5, 5
2021/12/13, 63, 46, 13, 14, 6, 6
2021/12/14, 125, 62, 14, 19, 5, 7
2021/12/15, 150, 44, 15, 16, 8, 6
2021/12/16, 120, 34, 19, 10, 5, 5
2021/12/17, 86, 46, 14, 15, 7, 8
2021/12/18, 109, 40, 16, 14, 6, 6
2021/12/19, 89, 42, 20, 12, 5, 6
2021/12/20, 90, 25, 18, 10, 5, 5
2021/12/21, 50, 42, 8, 20, 13, 7
2021/12/22, 88, 57, 14, 18, 7, 7
2021/12/23, 134, 29, 19, 13, 8, 4
2021/12/24, 69, 36, 19, 12, 5, 5
2021/12/25, 100, 43, 19, 14, 5, 5
2021/12/26, 101, 61, 20, 17, 5, 7
2021/12/27, 103, 60, 20, 17, 7, 9
2021/12/28, 127, 60, 16, 20, 9, 8
2021/12/29, 148, 35, 27, 11, 6, 7
2021/12/30, 81, 47, 23, 18, 6, 7
2021/12/31, 99, 55, 19, 11, 6, 6
2022/1/1, 136, 41, 22, 9, 6, 4
2022/1/2, 90, 52, 20, 14, 6, 7
2021/7/1, 52, 31, 59, 10, 2, 4
2021/7/2, 60, 41, 42, 14, 2, 3
2021/7/3, 64, 17, 28, 6, 2, 2
2021/7/4, 44, 20, 41, 8, 2, 2
2021/7/5, 36, 29, 40, 11, 2, 3
2021/7/6, 48, 21, 36, 8, 2, 5
2021/7/7, 56, 20, 33, 6, , 4
2021/7/8, 45, 23, 37, 6, , 4
2021/7/9, 51, 24, 44, 4, 1, 4
2021/7/10, 61, 43, 62, 6, 2, 6
2021/7/11, 90, 39, 39, 6, , 5
2021/7/12, 75, 36, 36, 5, 1, 3
2021/7/13, 62, 26, 22, 5, 1, 2
2021/7/14, 42, 19, 22, 6, 1, 2
2021/7/15, 30, 20, 23, 7, 1, 2
2021/7/16, 30, 23, 35, 8, 1, 2
2021/7/17, 43, 26, 38, 7, 1, 3
2021/7/18, 53, 28, 38, 9, 1, 3
2021/7/19, 53, 20, 31, 6, 1, 2
2021/7/20, 34, 24, 36, 7, 2, 2
2021/7/21, 47, 35, 37, 8, 1, 3
2021/7/22, 64, 36, 38, 6, 1, 5
2021/7/23, 76, 39, 43, 7, 2, 5
2021/7/24, 65, 36, 43, 6, 2, 4
2021/7/25, 66, 40, 42, 7, 2, 4
2021/7/26, 62, 38, 42, 6, 2, 4
2021/7/27, 61, 38, 41, 7, 2, 4
2021/7/28, 67, 56, 37, 16, 2, 6
2021/7/29, 71, 36, 21, 17, 1, 5
2021/7/30, 69, 18, 28, 5, 1, 4
2021/7/31, 37, 11, 28, 2, 1, 4
2021/8/1, 25, 10, 13, 4, 1, 3
2021/8/2, 30, 12, 26, 3, 1, 3
2021/8/3, 18, 26, 39, 4, 1, 6
2021/8/4, 54, 32, 45, 4, 1, 5
2021/8/5, 70, 37, 37, 7, 2, 5
2021/8/6, 81, 34, 45, 9, 2, 5
2021/8/7, 67, 56, 50, 13, 1, 6
2021/8/8, 96, 57, 42, 12, 1, 6
2021/8/9, 104, , , , , 
2021/8/20, 51, 16, 31, 7, , 4
2021/8/21, 38, 19, 35, 3, 2, 3
2021/8/22, 35, 46, 49, 2, 2, 6
2021/8/23, 89, 33, 41, 5, 2, 4
2021/8/24, 57, 21, 31, 4, 2, 3
2021/8/25, 39, 26, 39, 3, 2, 4
2021/8/26, 51, 21, 27, 3, 2, 3
2021/8/27, 48, 16, 21, 3, 2, 2
2021/8/28, 41, 21, 20, 5, 2, 2
2021/8/29, 44, 29, 26, 6, 2, 3
2021/8/30, 59, 33, 35, 8, 2, 3
2021/8/31, 34, 45, 39, 10, 2, 3
2021/9/1, 61, 43, 39, 12, 2, 3
2021/9/2, 63, 43, 42, 12, 2, 4
2021/9/3, 63, 45, 45, 14, 2, 4
2021/9/4, 69, 39, 36, 12, 2, 3
2021/9/5, 45, 41, 25, 10, 2, 3
2021/9/6, 55, 16, 30, 7, 2, 3
2021/9/7, 41, 22, 27, 8, 2, 3
2021/9/8, 41, 17, 36, 6, 2, 3
2021/9/9, 45, 25, 37, 6, 2, 3
2021/9/10, 51, 22, 24, 7, 2, 3
2021/9/11, 50, 37, 23, 11, 2, 3
2021/9/12, 46, 25, 26, 9, 2, 3
2021/9/13, 42, 30, 25, 10, 2, 3
2021/9/14, 59, 31, 26, 11, 2, 3
2021/9/15, 48, 24, 19, 10, , 3
2021/9/16, 45, 30, 22, 13, 2, 4
2021/9/17, 54, 33, 31, 13, 2, 4
2021/9/18, 63, 35, 39, 10, 3, 4
2021/9/19, 58, 41, 16, 13, 3, 4
2021/9/20, 59, 10, 19, 3, 2, 3
2021/9/21, 26, 6, 15, 3, 2, 2
2021/9/22, 19, 19, 19, 9, 2, 3
2021/9/23, 39, 33, 23, 11, 2, 4
2021/9/24, 45, 18, 20, 8, 2, 4
2021/9/25, 44, 26, 25, 7, 2, 5
2021/9/26, 48, 26, 23, 7, 2, 5
2021/9/27, 59, 20, 26, 6, , 4
2021/9/28, 53, 23, 22, 9, 2, 3
2021/9/29, 50, 38, 15, 16, 2, 4
2021/9/30, 63, 35, 21, 10, 2, 4
2021/4/1, 78, 71, 45, 13, 5, 5
2021/4/2, 133, 41, 38, 9, 4, 3
2021/4/3, 37, 58, 45, 15, 4, 4
2021/4/4, 110, 77, 40, 13, 4, 3
2021/4/5, 104, 76, 40, 18, 4, 3
2021/4/6, 105, 56, 43, 15, 6, 5
2021/4/7, 163, 82, 48, 21, 6, 6
2021/4/8, 199, 137, 63, 26, 5, 8
2021/4/9, 203, 86, 66, 14, 6, 6
2021/4/10, 172, 93, 56, 8, 4, 4
2021/4/11, 135, 52, 48, 5, 3, 3
2021/4/12, 72, 16, 33, 5, 3, 3
2021/4/13, 36, 33, 37, 10, 4, 4
2021/4/14, 73, 71, 55, 12, 5, 5
2021/4/15, 125, 58, 36, 4, 3, 2
2021/4/16, 50, 68, 23, 10, 3, 4
2021/4/17, 114, 44, 40, 13, 4, 5
2021/4/18, 101, 79, 65, 13, 5, 6
2021/4/19, 130, 78, 44, 21, 5, 5
2021/4/20, 147, 88, 89, 16, 6, 7
2021/4/21, 166, 53, 47, 12, 5, 3
2021/4/22, 97, 45, 26, 19, 6, 4
2021/4/23, 100, 39, 29, 17, 4, 4
2021/4/24, 92, 66, 46, 19, 4, 4
2021/4/25, 124, 66, 50, 15, 5, 4
2021/4/26, 130, 82, 35, 8, 4, 5
2021/4/27, 128, 63, 36, 8, 3, 3
2021/4/28, 74, 55, 38, 9, 4, 3
2021/4/29, 83, 25, 29, 10, 3, 2
2021/4/30, 59, 37, 36, 14, 3, 3
2021/5/1, 78, 61, 47, 16, 4, 4
2021/5/2, 117, 58, 49, 11, 5, 3
2021/5/3, 93, 37, 36, 7, 4, 2
2021/5/4, 71, 53, 31, 7, 3, 1
2021/5/5, 67, 78, 54, 11, 5, 3
2021/5/6, 106, 107, 32, 5, 4, 2
2021/5/7, 129, 17, 27, 4, 4, 2
2021/5/8, 36, 17, 34, 7, 4, 2
2021/5/9, 44, 42, 40, 13, 5, 3
2021/5/10, 71, 43, 44, 12, 4, 3
2021/5/11, 81, 39, 39, 7, 1, 3
2021/5/12, 70, 47, 50, 9, 2, 6
2021/5/13, 97, 50, 53, 9, 2, 5
2021/5/14, 73, 28, 26, 9, 2, 4
2021/5/15, 63, 35, 38, 12, 2, 4
2021/5/16, 57, 40, 43, 12, 3, 5
2021/5/17, 65, 53, 64, 9, 3, 5
2021/5/18, 68, 64, 90, 7, 4, 7
2021/5/19, 102, 54, 92, 6, 3, 6
2021/5/20, 124, 52, 83, 9, 4, 5
2021/5/21, 104, 62, 96, 7, 3, 6
2021/5/22, 117, 85, 55, 5, 2, 3
2021/5/23, 116, 69, 31, 7, 2, 2
2021/5/24, 85, 38, 35, 11, 2, 1
2021/5/25, 55, 36, 37, 7, 2, 2
2021/5/26, 65, 31, 43, 8, 2, 2
2021/5/27, 58, 34, 34, 10, 2, 2
2021/5/28, 63, 34, 40, 13, 2, 2
2021/5/29, 57, 49, 37, 18, 3, 3
2021/5/30, 75, 39, 55, 13, 2, 3
2021/5/31, 88, 27, 41, 8, 2, 2
2021/6/1, 56, 21, 33, 12, 2, 3
2021/6/2, 37, 23, 32, 5, 2, 2
2021/6/3, 52, 16, 37, 7, 2, 1
2021/6/4, 38, 11, 33, 6, 2, 1
2021/6/5, 30, 19, 34, 10, 2, 3
2021/6/6, 38, 24, 54, 11, 2, 2
2021/6/7, 33, 32, 70, 13, 2, 3
2021/6/8, 51, 44, 57, 9, 1, 3
2021/6/9, 66, 23, 31, 10, 2, 3
2021/6/10, 102, 25, 50, 7, 2, 3
2021/6/11, 82, 43, 106, 9, 3, 6
2021/6/12, 77, 42, 47, 17, 3, 5
2021/6/13, 80, 28, 47, 11, 2, 3
2021/6/14, 59, 22, 41, 11, 2, 3
2021/6/15, 51, 26, 65, 12, 2, 3
2021/6/16, 61, 16, 34, 5, 1, 2
2021/6/17, 38, 18, 30, 5, 1, 1
2021/6/18, 32, 18, 34, 6, 2, 1
2021/6/19, 34, 17, 37, 9, 2, 2
2021/6/20, 34, 26, 27, 16, 2, 2
2021/6/21, 50, 27, 36, 13, 2, 2
2021/6/22, 42, 57, 46, 17, 2, 4
2021/6/23, 61, 43, 56, 22, 2, 3
2021/6/24, 55, 51, 83, 21, 3, 4
2021/6/25, 76, 34, 37, 18, 2, 4
2021/6/26, 57, 21, 37, 8, 2, 3
2021/6/27, 51, 32, 41, 14, 2, 4
2021/6/28, 62, 21, 45, 10, 2, 3
2021/6/29, 39, 22, 42, 10, 2, 4
2021/6/30, 55, 25, 57, 8, 2, 4
2021/1/4, 91, 37, 20, 13, 4, 5
2021/1/5, 85, 43, 17, 12, 5, 5
2021/1/6, 84, , 18, 10, 6, 4
2021/1/7, 86, 33, 19, 14, 5, 4
2021/1/8, 99, 41, 19, 14, 6, 5
2021/1/9, 108, 78, 17, 16, 7, 8
2021/1/10, 152, 65, 18, 17, 7, 7
2021/1/11, 122, 61, 19, 14, 6, 8
2021/1/12, 133, 61, 21, 15, 6, 6
2021/1/13, 140, 34, 23, 10, 6, 4
2021/1/14, 73, 42, 21, 18, 13, 6
2021/1/15, 122, 53, 20, 17, 7, 7
2021/1/16, 148, 42, 21, 17, 8, 5
2021/1/17, 105, 24, 22, 10, 6, 5
2021/1/18, 78, 51, 23, 13, 6, 7
2021/1/19, 124, 49, 24, 8, 7, 5
2021/1/20, 103, 73, 12, 18, 6, 10
2021/1/21, 187, 60, 18, 24, 14, 7
2021/1/22, 137, 71, 28, 25, 7, 9
2021/1/23, 184, 89, 25, 27, 7, 14
2021/1/24, 208, 135, 16, 31, 7, 22
2021/1/25, 284, 78, 30, 13, 7, 8
2021/1/26, 165, 28, 27, 11, 5, 4
2021/1/27, 73, 31, 23, 10, 7, 4
2021/1/28, 84, 34, 24, 7, 5, 3
2021/1/29, 71, 58, 24, 15, 7, 8
2021/1/30, 157, 69, 25, 14, 7, 9
2021/1/31, 168, 62, 29, 10, 7, 7
2021/2/1, 148, 33, 25, 6, 6, 4
2021/2/2, 82, 30, 28, 10, 5, 5
2021/2/3, 87, 31, 30, 8, 6, 4
2021/2/4, 87, 69, 25, 17, 8, 10
2021/2/5, 149, 84, 30, 27, 11, 10
2021/2/6, 177, 52, 28, 22, 6, 10
2021/2/7, 165, 68, 26, 17, 6, 11
2021/2/8, 170, 60, 28, 15, 7, 10
2021/2/9, 150, 96, 26, 18, 6, 14
2021/2/10, 210, 67, 47, 8, 7, 7
2021/2/11, 146, 95, 40, 9, 8, 7
2021/2/12, 194, 71, 20, 9, 6, 9
2021/2/13, 193, 33, 24, 10, 11, 3
2021/2/14, 84, 26, 29, 7, 8, 3
2021/2/15, 68, 34, 27, 7, 6, 4
2021/2/16, 85, 33, 25, 5, 5, 4
2021/2/17, 61, 36, 27, 6, 5, 4
2021/2/18, 75, 92, 33, 7, 6, 6
2021/2/19, 97, 34, 27, 7, 5, 3
2021/2/20, 52, 34, 25, 13, 9, 4
2021/2/21, 91, 28, 28, 6, 4, 3
2021/2/22, 63, 29, 28, 7, 4, 4
2021/2/23, 68, 49, 33, 12, 5, 5
2021/2/24, 105, 44, 28, 12, 7, 5
2021/2/25, 122, 127, 31, 14, 10, 7
2021/2/26, 173, 125, 43, 8, 7, 8
2021/2/27, 169, 38, 27, 10, 6, 7
2021/2/28, 91, 27, 28, 15, 8, 6
2021/3/1, 66, 37, 33, 18, 6, 8
2021/3/2, 112, 60, 33, 8, 6, 9
2021/3/3, 136, 71, 36, 8, 5, 5
2021/3/4, 106, 25, 31, 8, 6, 4
2021/3/5, 56, 34, 27, 18, 5, 5
2021/3/6, 93, 41, 33, 16, 5, 6
2021/3/7, 104, 69, 43, 18, 7, 9
2021/3/8, 160, 66, 31, 13, 6, 7
2021/3/9, 109, 68, 40, 14, 5, 6
2021/3/10, 115, 78, 34, 17, 7, 8
2021/3/11, 178, 75, 39, 25, 8, 7
2021/3/12, 162, 60, 40, 22, 5, 6
2021/3/13, 124, 73, 52, 17, 5, 7
2021/3/14, 167, 171, 39, 6, 3, 5
2021/3/15, 103, 155, 34, 8, 3, 5
2021/3/16, 72, 65, 31, 20, 4, 5
2021/3/17, 86, 64, 36, 17, 4, 6
2021/3/18, 119, 67, 34, 20, 6, 6
2021/3/19, 120, 47, 21, 19, 6, 5
2021/3/20, 121, 23, 33, 5, 3, 4
2021/3/21, 61, 27, 31, 8, 4, 4
2021/3/22, 53, 124, 21, 17, 6, 8
2021/3/23, 143, 60, 39, 15, 4, 7
2021/3/24, 102, 59, 37, 12, 4, 4
2021/3/25, 100, 65, 52, 15, 5, 4
2021/3/26, 142, 67, 61, 15, 5, 6
2021/3/27, 154, 269, 32, 13, 4, 5
2021/3/28, 147, 83, 29, 6, 3, 2
2021/3/29, 38, 58, 38, 18, 3, 5
2021/3/30, 89, 79, 44, 18, 4, 5
2021/3/31, 127, 61, 33, 22, 4, 3
2020/10/1, 110, 28, 28, 5, 2, 3
2020/10/2, 53, 26, 28, 8, 2, 3
2020/10/3, 38, 17, 26, 3, 2, 2
2020/10/4, 32, 16, 19, 5, 3, 3
2020/10/5, 31, 40, 27, 11, 3, 5
2020/10/6, 71, 63, 43, 16, 4, 7
2020/10/7, 109, 66, 59, 14, 4, 9
2020/10/8, 149, 43, 45, 9, 3, 5
2020/10/9, 94, 53, 57, 9, 4, 6
2020/10/10, 114, 35, 57, 9, 3, 5
2020/10/11, 85, 28, 31, 11, 2, 3
2020/10/12, 52, 46, 23, 8, 3, 3
2020/10/13, 52, 25, 24, 7, 2, 4
2020/10/14, 44, 38, 30, 13, 4, 4
2020/10/15, 71, 40, 28, 13, 4, 4
2020/10/16, 76, 49, 29, 11, 4, 4
2020/10/17, 64, 47, 30, 15, 3, 3
2020/10/18, 58, 51, 31, 14, 6, 5
2020/10/19, 85, 69, 63, 12, 5, 8
2020/10/20, 163, 91, 58, 6, 3, 8
2020/10/21, 98, 31, 48, 10, 3, 3
2020/10/22, 41, 45, 24, 15, 4, 4
2020/10/23, 72, 55, 27, 15, 4, 5
2020/10/24, 84, 56, 25, 23, 7, 6
2020/10/25, 94, 88, 36, 24, 5, 9
2020/10/26, 152, 41, 25, 10, 3, 4
2020/10/27, 59, 45, 17, 13, 4, 4
2020/10/28, 67, 54, 16, 17, 3, 6
2020/10/29, 93, 65, 18, 15, 3, 7
2020/10/30, 128, 85, 28, 13, 3, 8
2020/10/31, 153, 40, 21, 7, 2, 3
2020/11/1, 46, 33, 20, 7, 2, 4
2020/11/2, 43, 31, 20, 7, 2, 4
2020/11/3, 52, 45, 20, 14, 4, 6
2020/11/4, 81, 72, 22, 18, 5, 10
2020/11/5, 151, 61, 24, 10, 4, 6
2020/11/6, 114, 62, 19, 13, 3, 4
2020/11/7, 89, 35, 16, 6, 3, 5
2020/11/8, 54, 35, 17, 9, 4, 6
2020/11/9, 57, 55, 16, 15, 4, 8
2020/11/10, 103, 67, 30, 14, 5, 10
2020/11/11, 157, 75, 30, 8, 3, 8
2020/11/12, 117, 46, 15, 15, 3, 9
2020/11/13, 73, 66, 23, 18, 4, 10
2020/11/14, 134, 68, 22, 15, 5, 13
2020/11/15, 148, 67, 17, 19, 5, 12
2020/11/16, 129, 107, 32, 21, 5, 17
2020/11/17, 217, 35, 11, 13, 2, 10
2020/11/18, 135, 16, 18, 6, 3, 4
2020/11/19, 17, 25, 19, 11, 4, 5
2020/11/20, 78, 34, 16, 18, 4, 7
2020/11/21, 134, 37, 17, 17, 4, 6
2020/11/22, 104, 27, 22, 15, 5, 5
2020/11/23, 78, 45, 16, 23, 5, 8
2020/11/24, 123, 52, 20, 20, 6, 9
2020/11/25, 150, 54, 10, 23, 7, 7
2020/11/26, 148, 55, 18, 21, 6, 6
2020/11/27, 141, 45, 15, 19, 5, 5
2020/11/28, 121, 60, 15, 20, 6, 7
2020/11/29, 153, 32, 20, 14, 5, 3
2020/11/30, 89, 36, 18, 19, 6, 5
2020/12/1, 98, 43, 21, 16, 5, 6
2020/12/2, 116, 27, 23, 12, 4, 3
2020/12/3, 78, 32, 21, 14, 4, 3
2020/12/4, 86, 47, 19, 19, 6, 6
2020/12/5, 103, 47, 22, 16, 6, 7
2020/12/6, 118, 26, 21, 9, 4, 3
2020/12/7, 68, 36, 20, 18, 6, 5
2020/12/8, 95, 50, 16, 20, 6, 7
2020/12/9, 114, 45, 23, 14, 6, 4
2020/12/10, 104, 55, 16, 20, 5, 7
2020/12/11, 127, 53, 18, 20, 7, 8
2020/12/12, 137, 51, 16, 15, 5, 8
2020/12/13, 121, 31, 17, 11, 4, 6
2020/12/14, 82, 29, 16, 12, 5, 7
2020/12/15, 89, 50, 15, 18, 5, 9
2020/12/16, 126, 45, 19, 16, 8, 8
2020/12/17, 114, 40, 18, 6, 3, 3
2020/12/18, 61, 39, 18, 20, 5, 4
2020/12/19, 101, 48, 20, 24, 6, 5
2020/12/20, 117, 52, 20, 26, 8, 6
2020/12/21, 122, 56, 17, 24, 6, 8
2020/12/22, 145, 111, 23, 18, 5, 6
2020/12/23, 144, 51, 18, 14, 4, 4
2020/12/24, 116, 38, 18, 11, 5, 3
2020/12/25, 90, 45, 16, 16, 4, 6
2020/12/26, 110, 72, 7, 25, 11, 10
2020/12/27, 147, 44, 10, 23, 17, 6
2020/12/28, 111, 49, 17, 13, 5, 6
2020/12/29, 103, 37, 19, 7, 4, 4
2020/12/30, 67, 36, 22, 8, 3, 3
2020/12/31, 81, 38, 22, 13, 4, 5
2021/1/1, 87, 59, 18, 15, 4, 7
2021/1/2, 136, 30, 20, 12, 4, 4
2021/1/3, 79, 34, 20, 12, 5, 4
2020/7/1, 44, 56, 59, 19, 1, 3
2020/7/2, 70, 50, 76, 17, 1, 4
2020/7/3, 76, 45, 72, 11, 1, 4
2020/7/4, 103, 31, 51, 5, , 3
2020/7/5, 105, 22, , 5, , 2
2020/7/6, 35, 31, 31, 8, 1, 1
2020/7/7, 71, 36, 57, 13, 1, 1
2020/7/8, 65, 47, 61, 18, 1, 4
2020/7/9, 73, 55, 63, 15, 1, 4
2020/7/10, 81, 61, 61, 16, 1, 5
2020/7/11, 74, 51, 68, 19, 1, 6
2020/7/12, 84, 40, 66, 15, 1, 5
2020/7/13, 50, 33, 46, 12, 1, 3
2020/7/14, 32, 51, 47, 19, 1, 4
2020/7/15, 72, 45, 90, 12, 1, 5
2020/7/16, 96, 55, 104, 6, 1, 7
2020/7/17, 111, 41, 104, 6, 1, 5
2020/7/18, 70, 42, 39, 14, 1, 5
2020/7/19, 70, 18, 37, 7, , 3
2020/7/20, 41, 26, 47, 9, 1, 2
2020/7/21, 42, 56, 98, 15, 1, 5
2020/7/22, 84, 56, 142, 16, 1, 5
2020/7/23, 95, 51, 71, 14, 1, 5
2020/7/24, 73, 58, 54, 13, , 4
2020/7/25, 52, 48, 74, 8, , 4
2020/7/26, 54, 41, 51, 11, 1, 5
2020/7/27, 60, 22, 35, 6, , 5
2020/7/28, 43, 23, 39, 6, , 4
2020/7/29, 45, 31, 63, 4, , 4
2020/7/30, 96, 54, 82, 5, 1, 7
2020/7/31, 107, 20, 59, 3, 1, 3
2020/8/1, 39, 25, 38, 6, 1, 3
2020/8/2, 26, 28, 59, 6, 1, 4
2020/8/3, 51, 22, 53, 4, 1, 3
2020/8/4, 42, 25, 41, 6, 1, 3
2020/8/5, 44, 34, 43, 10, 2, 3
2020/8/6, 48, 38, 36, 11, 1, 4
2020/8/7, 43, 43, 63, 12, 1, 4
2020/8/8, 57, 27, 33, 6, 1, 5
2020/8/9, 56, 30, 64, 5, 1, 5
2020/8/10, 65, 38, 66, 6, 2, 5
2020/8/11, 74, 34, 59, 5, 1, 5
2020/8/12, 75, 43, 40, 11, 1, 4
2020/8/13, 47, 19, 37, 2, 1, 4
2020/8/14, 32, 20, 39, 8, 1, 3
2020/8/15, 24, 35, 55, 12, 2, 4
2020/8/16, 50, 46, 55, 14, 1, 5
2020/8/17, 66, 32, 45, 5, 1, 6
2020/8/18, 74, 12, 36, 5, 1, 3
2020/8/19, 26, 25, 28, 10, 2, 3
2020/8/20, 32, 35, 39, 13, 2, 3
2020/8/21, 43, 44, 55, 14, 2, 4
2020/8/22, 59, 50, 52, 12, 2, 5
2020/8/23, 80, 22, 42, 8, 1, 4
2020/8/24, 46, 25, 41, 5, 1, 4
2020/8/25, 53, 37, 41, 12, 2, 5
2020/8/26, 62, 13, 25, 5, 2, 3
2020/8/27, 30, 15, 25, 3, 1, 4
2020/8/28, 40, 15, 20, 4, 1, 3
2020/8/29, 24, 30, 36, 9, 1, 4
2020/8/30, 39, 48, 85, 8, 2, 6
2020/8/31, 83, 28, 59, 4, 2, 4
2020/9/1, 57, 31, 43, 7, 2, 5
2020/9/2, 62, 20, 33, 7, 1, 4
2020/9/3, 38, 16, 26, 2, 1, 4
2020/9/4, 38, 23, 59, 4, 2, 4
2020/9/5, 54, 39, 60, 10, 2, 5
2020/9/6, 70, 46, 40, 15, 2, 5
2020/9/7, 88, 7, 37, 2, , 4
2020/9/8, 22, 39, 25, 2, 1, 3
2020/9/9, 12, 12, 16, 7, 2, 5
2020/9/10, 26, 25, 32, 7, 2, 4
2020/9/11, 48, 24, 23, 12, 2, 5
2020/9/12, 39, 31, 22, 13, 2, 5
2020/9/13, 40, 46, 36, 14, 2, 5
2020/9/14, 66, 46, 35, 16, 2, 4
2020/9/15, 60, 20, 38, 4, 2, 3
2020/9/16, 41, 17, 26, 5, 2, 2
2020/9/17, 19, 17, 22, 6, 2, 3
2020/9/18, 38, 19, 17, 8, 2, 4
2020/9/19, 42, 21, 19, 8, 2, 4
2020/9/20, 48, 34, 28, 10, 2, 4
2020/9/21, 55, 36, 28, 14, 2, 6
2020/9/22, 74, 41, 36, 12, 2, 6
2020/9/23, 74, 62, 35, 16, 3, 7
2020/9/24, 97, 67, 39, 16, 2, 9
2020/9/25, 109, 64, 40, 18, 3, 8
2020/9/26, 107, 91, 51, 11, 3, 6
2020/9/27, 82, 47, 45, 9, 2, 8
2020/9/28, 109, 36, 31, 10, 2, 5
2020/9/29, 75, 76, 32, 16, 3, 8
2020/9/30, 115, 62, 51, 11, 2, 6
2020/4/1, 145, 64, 61, 13, 4, 4
2020/4/2, 137, 166, 46, 11, 2, 5
2020/4/3, 138, 78, 47, 10, 3, 7
2020/4/4, 146, 230, 108, 32, 7, 14
2020/4/5, 324, 176, 83, 27, 5, 12
2020/4/6, 270, 69, 45, 15, 3, 8
2020/4/7, 132, 56, 32, 11, 2, 7
2020/4/8, 114, 49, 39, 14, 2, 7
2020/4/9, 98, 132, 57, 28, 5, 12
2020/4/10, 221, 214, 57, 25, 5, 14
2020/4/11, 246, 143, 66, 34, 6, 10
2020/4/12, 157, 175, 82, 35, 6, 14
2020/4/13, 286, 108, 96, 18, 5, 11
2020/4/14, 189, 252, 73, 47, 11, 19
2020/4/15, 402, 250, 118, 33, 8, 17
2020/4/16, 363, 229, 70, 24, 4, 13
2020/4/17, 279, 120, 89, 28, 3, 9
2020/4/18, 197, 101, 75, 14, 3, 8
2020/4/19, 191, 13, 44, 3, 1, 5
2020/4/20, 50, 24, 31, 1, 1, 4
2020/4/21, 36, 11, 24, 3, 1, 4
2020/4/22, 32, 25, 33, 8, 1, 4
2020/4/23, 62, 37, 34, 13, 1, 3
2020/4/24, 66, 26, 37, 6, 1, 2
2020/4/25, 57, 41, 35, 13, 1, 3
2020/4/26, 68, 51, 41, 16, 2, 4
2020/4/27, 100, 63, 43, 16, 3, 6
2020/4/28, 119, 58, 39, 16, 2, 6
2020/4/29, 116, 61, 102, 21, 2, 5
2020/4/30, 130, 85, 100, 12, 4, 7
2020/5/1, 141, 75, 100, 10, 4, 6
2020/5/2, 132, 50, 62, 11, 1, 4
2020/5/3, 87, 22, 39, 8, 1, 2
2020/5/4, 45, 44, 42, 12, 1, 3
2020/5/5, 77, 95, 48, 21, 2, 4
2020/5/6, 102, 71, 60, 15, 3, 4
2020/5/7, 118, 49, 44, 8, 2, 5
2020/5/8, 104, 62, 56, 13, 1, 5
2020/5/9, 93, 135, 52, 12, 1, 3
2020/5/10, 104, 48, 36, 3, 1, 2
2020/5/11, 60, 23, 36, 8, 1, 2
2020/5/12, 42, 40, 41, 13, 1, 2
2020/5/13, 64, 128, 80, 9, 3, 5
2020/5/14, 132, 65, 68, 10, 2, 4
2020/5/15, 105, 66, 45, 14, 2, 6
2020/5/16, 85, 57, 37, 13, 1, 6
2020/5/17, 82, 38, 30, 11, 1, 5
2020/5/18, 66, 15, 26, 5, 1, 4
2020/5/19, 11, 15, 22, 9, 1, 4
2020/5/20, 49, 34, 36, 9, 1, 5
2020/5/21, 83, 23, 40, 7, 1, 4
2020/5/22, 63, 13, 34, 8, 1, 4
2020/5/23, 49, 32, 43, 9, 1, 3
2020/5/24, 54, 34, 43, 11, 1, 2
2020/5/25, 41, 36, 36, 9, 1, 2
2020/5/26, 46, 54, 42, 15, 1, 3
2020/5/27, 77, 41, 48, 17, 2, 5
2020/5/28, 66, 52, 51, 16, 2, 4
2020/5/29, 68, 49, 88, 8, 2, 4
2020/5/30, 93, 39, 74, 6, 2, 4
2020/5/31, 85, 19, 49, 8, 1, 3
2020/6/1, 41, 37, 53, 13, 2, 4
2020/6/2, 65, 34, 53, 8, 1, 3
2020/6/3, 47, 29, 39, 8, 1, 3
2020/6/4, 44, 44, 37, 16, 2, 4
2020/6/5, 59, 55, 51, 21, 2, 4
2020/6/6, 64, 54, 88, 17, 2, 4
2020/6/7, 63, 66, 122, 12, 7, 5
2020/6/8, 92, 56, 95, 14, 4, 5
2020/6/9, 106, 47, 59, 19, 1, 4
2020/6/10, 95, 18, 47, 7, 1, 2
2020/6/11, 13, 51, 92, 18, 3, 4
2020/6/12, 75, 55, 115, 14, 2, 5
2020/6/13, 92, 19, 115, 5, 1, 2
2020/6/14, 32, 24, 40, 10, 1, 2
2020/6/15, 31, 25, 44, 16, 2, 2
2020/6/16, 62, 37, 82, 14, 4, 2
2020/6/17, 61, 30, 82, 12, 2, 2
2020/6/18, 42, 34, 63, 15, 2, 3
2020/6/19, 55, 46, 105, 19, 1, 4
2020/6/20, 75, 55, 101, 7, 2, 7
2020/6/21, 124, 41, 81, 9, 1, 5
2020/6/22, 92, 41, 58, 12, 1, 5
2020/6/23, 74, 26, 53, 14, 1, 4
2020/6/24, 54, 30, 41, 10, 1, 3
2020/6/25, 58, 24, 29, 9, 1, 2
2020/6/26, 31, 32, 37, 14, 1, 2
2020/6/27, 37, 36, 48, 15, 1, 3
2020/6/28, 50, 43, 67, 18, 1, 3
2020/6/29, 73, 31, 67, 13, 1, 2
2020/6/30, 24, 35, 42, 14, 1, 2
2020/1/1, 186, 103, 24, 23, 11, 13
2020/1/2, 205, 84, 27, 31, 12, 13
2020/1/3, 191, 90, 34, 31, 8, 14
2020/1/4, 206, 92, 32, 27, 6, 11
2020/1/5, 193, 64, 27, 17, 8, 10
2020/1/6, 165, 106, 26, 20, 12, 11
2020/1/7, 213, 61, 26, 14, 10, 6
2020/1/8, 150, 76, 30, 21, 7, 9
2020/1/9, 185, 81, 31, 25, 9, 11
2020/1/10, 188, 75, 37, 25, 8, 8
2020/1/11, 178, 101, 32, 26, 7, 13
2020/1/12, 225, 73, 29, 24, 7, 9
2020/1/13, 181, 88, 28, 32, 14, 14
2020/1/14, 236, 117, 35, 30, 9, 17
2020/1/15, 246, 118, 36, 32, 7, 17
2020/1/16, 269, 105, 32, 29, 6, 16
2020/1/17, 244, 115, 39, 28, 9, 15
2020/1/18, 225, 89, 54, 21, 8, 11
2020/1/19, 201, 72, 43, 19, 5, 7
2020/1/20, 171, 48, 42, 11, 4, 4
2020/1/21, 96, 63, 35, 17, 8, 7
2020/1/22, 149, 75, 42, 11, 4, 8
2020/1/23, 175, 60, 34, 10, 7, 7
2020/1/24, 140, 176, 45, 12, 9, 13
2020/1/25, 273, 124, 48, 12, 5, 16
2020/1/26, 277, 88, 48, 14, 4, 14
2020/1/27, 201, 116, 44, 22, 15, 18
2020/1/28, 241, 72, 30, 18, 28, 8
2020/1/29, 157, 56, 33, 17, 12, 9
2020/1/30, 155, 102, 40, 20, 6, 14
2020/1/31, 228, 81, 34, 12, 4, 10
2020/2/1, 183, 33, 28, 5, 3, 4
2020/2/2, 85, 43, 31, 8, 3, 6
2020/2/3, 111, 28, 31, 5, 3, 5
2020/2/4, 84, 53, 33, 10, 2, 7
2020/2/5, 145, 58, 35, 11, 4, 8
2020/2/6, 149, 60, 42, 10, 5, 7
2020/2/7, 144, 100, 40, 17, 9, 10
2020/2/8, 185, 61, 42, 7, 7, 6
2020/2/9, 144, 52, 40, 11, 5, 6
2020/2/10, 138, 56, 50, 5, 6, 6
2020/2/11, 150, 50, 45, 10, 8, 7
2020/2/12, 132, 55, 55, 8, 4, 8
2020/2/13, 139, 19, 25, 6, 9, 3
2020/2/14, 54, 25, 29, 8, 10, 4
2020/2/15, 72, 27, 30, 5, 11, 4
2020/2/16, 60, 27, 30, 7, 5, 5
2020/2/17, 77, 43, 33, 11, 3, 6
2020/2/18, 109, 42, 36, 13, 2, 6
2020/2/19, 107, 48, 38, 9, 2, 7
2020/2/20, 129, 49, 34, 9, 3, 6
2020/2/21, 134, 36, 31, 5, 1, 4
2020/2/22, 88, 37, 36, 10, 2, 5
2020/2/23, 84, 29, 34, 11, 3, 4
2020/2/24, 73, 32, , 12, 7, 4
2020/2/25, 89, 34, 32, 14, 9, 4
2020/2/26, 88, 47, 33, 12, 2, 6
2020/2/27, 119, 34, 30, 7, 2, 6
2020/2/28, 104, 40, 39, 10, 2, 5
2020/2/29, 111, 43, 36, 15, 4, 7
2020/3/1, 124, 49, 39, 15, 3, 6
2020/3/2, 144, 60, 36, 16, 5, 7
2020/3/3, 159, 39, 36, 9, 4, 5
2020/3/4, 113, 31, 41, 13, 2, 5
2020/3/5, 96, 38, 43, 7, 3, 5
2020/3/6, 115, 54, 41, 8, 2, 6
2020/3/7, 150, 52, 36, 8, 2, 6
2020/3/8, 143, 40, 119, 10, 6, 4
2020/3/9, 113, 37, 37, 12, 5, 4
2020/3/10, 97, 31, 34, 10, 2, 4
2020/3/11, 84, 195, 32, 5, 1, 3
2020/3/12, 76, 32, 32, 3, 1, 3
2020/3/13, 51, 45, 33, 7, 2, 5
2020/3/14, 74, 32, 30, 6, 2, 4
2020/3/15, 45, 58, 38, 15, 3, 5
2020/3/16, 88, 44, 31, 13, 2, 6
2020/3/17, 106, 47, 48, 10, 3, 5
2020/3/18, 88, 34, 38, 6, 1, 4
2020/3/19, 66, 57, 40, 16, 3, 5
2020/3/20, 113, 64, 41, 10, 2, 4
2020/3/21, 109, 40, 46, 5, 2, 4
2020/3/22, 93, 50, 40, 19, 4, 5
2020/3/23, 101, 60, 45, 15, 3, 5
2020/3/24, 120, 66, 61, 13, 3, 6
2020/3/25, 131, 44, 37, 7, 1, 3
2020/3/26, 70, 60, 32, 5, 1, 2
2020/3/27, 52, 38, 35, 6, 2, 2
2020/3/28, 59, 57, 36, 13, 4, 4
2020/3/29, 90, , , , , 
2019/10/1, 129, 57, 86, 13, 2, 7
2019/10/2, 115, 41, 32, 7, 1, 4
2019/10/3, 59, 18, 16, 8, 1, 3
2019/10/4, 31, 38, 25, 16, 2, 4
2019/10/5, 64, 35, 29, 14, 2, 4
2019/10/6, 55, 47, 38, 13, 3, 6
2019/10/7, 80, 24, 26, 7, 1, 3
2019/10/8, 27, 38, 33, 11, 3, 6
2019/10/9, 57, 45, 42, 14, 2, 6
2019/10/10, 79, 28, 27, 13, 2, 4
2019/10/11, 34, 34, 21, 14, 2, 4
2019/10/12, 53, 33, 20, 12, 2, 4
2019/10/13, 56, 46, 22, 14, 2, 5
2019/10/14, 70, 48, 26, 13, 2, 5
2019/10/15, 69, 67, 28, 20, 4, 7
2019/10/16, 107, 102, 35, 23, 2, 9
2019/10/17, 135, 102, 40, 29, 3, 9
2019/10/18, 149, 95, 45, 27, 3, 9
2019/10/19, 153, 82, 40, 17, 2, 9
2019/10/20, 141, 66, 31, 17, 2, 6
2019/10/21, 73, 89, 35, 23, 3, 9
2019/10/22, 120, 105, 45, 28, 2, 12
2019/10/23, 167, 94, 47, 25, 5, 10
2019/10/24, 163, 25, 34, 7, 1, 4
2019/10/25, 53, 29, 20, 13, 2, 5
2019/10/26, 68, 53, 28, 16, 4, 9
2019/10/27, 112, 50, 24, 9, 3, 9
2019/10/28, 105, 20, 24, 8, 2, 6
2019/10/29, 55, 38, 27, 11, 3, 7
2019/10/30, 80, 61, 29, 8, 3, 5
2019/10/31, 80, 52, 28, 16, 3, 5
2019/11/1, 80, 37, 26, 15, 5, 5
2019/11/2, 70, 34, 22, 16, 8, 5
2019/11/3, 64, 61, 26, 20, 4, 8
2019/11/4, 108, 47, 25, 14, 3, 6
2019/11/5, 85, 53, 23, 15, 4, 7
2019/11/6, 98, 54, 24, 11, 3, 5
2019/11/7, 74, 64, 24, 17, 6, 7
2019/11/8, 105, 76, 31, 19, 5, 7
2019/11/9, 128, 68, 30, 18, 4, 9
2019/11/10, 160, 45, 25, 8, 3, 6
2019/11/11, 71, 75, 19, 19, 3, 8
2019/11/12, 94, 53, 20, 8, 3, 7
2019/11/13, 79, 34, 24, 8, 3, 5
2019/11/14, 63, 40, 22, 13, 3, 4
2019/11/15, 83, 43, , 15, 4, 6
2019/11/16, 97, 48, 16, 16, 4, 7
2019/11/17, 109, 44, 24, 5, 2, 4
2019/11/18, 44, 29, , 9, 3, 3
2019/11/19, 62, 46, 21, 18, 7, 5
2019/11/20, 97, 119, 16, 12, 4, 6
2019/11/21, 140, 45, 26, 7, 3, 6
2019/11/22, 84, 49, 33, 14, 4, 5
2019/11/23, 75, 40, 24, 8, 5, 4
2019/11/24, 47, 29, 21, 8, 4, 3
2019/11/25, 61, 32, 19, 9, 5, 5
2019/11/26, 78, 35, 22, 10, 4, 4
2019/11/27, 63, 45, 21, 15, 4, 5
2019/11/28, 97, 53, 20, 17, 5, 5
2019/11/29, 121, 46, 23, 11, 3, 6
2019/11/30, 91, 25, 27, 14, 3, 4
2019/12/1, 85, 24, 25, 8, 3, 3
2019/12/2, 56, 20, 24, 6, 3, 3
2019/12/3, 44, 30, 22, 10, 4, 5
2019/12/4, 73, 48, 20, 15, 4, 6
2019/12/5, 108, 42, 23, 14, 4, 4
2019/12/6, 87, 50, 24, 17, 4, 6
2019/12/7, 122, 38, 22, 14, 4, 5
2019/12/8, 112, 59, 25, 12, 5, 7
2019/12/9, 162, 57, 20, 19, 7, 6
2019/12/10, 142, 52, 24, 17, 10, 6
2019/12/11, 147, 39, 25, 12, 5, 4
2019/12/12, 114, 40, 22, 15, 6, 6
2019/12/13, 115, 64, 18, 22, 5, 8
2019/12/14, 160, 39, 18, 13, 5, 4
2019/12/15, 89, 36, 21, 11, 5, 4
2019/12/16, 97, 33, 25, 13, 5, 5
2019/12/17, 112, 43, 24, 21, 5, 8
2019/12/18, 136, 64, 23, 21, 6, 10
2019/12/19, 173, 45, 22, 19, 7, 7
2019/12/20, 125, 41, 26, 17, 5, 8
2019/12/21, 133, 62, 23, 21, 5, 12
2019/12/22, 161, 138, 18, 38, 10, 23
2019/12/23, 292, 111, 25, 26, 7, 14
2019/12/24, 239, 71, 31, 25, 10, 13
2019/12/25, 210, 134, 17, 36, 13, 17
2019/12/26, 282, 118, 27, 25, 8, 13
2019/12/27, 222, 95, 13, 29, 11, 13
2019/12/28, 188, 82, 18, 17, 11, 10
2019/12/29, 192, , , , , 
2019/7/1, 42, 32, 57, 10, 2, 5
2019/7/2, 52, 24, 73, 12, 2, 5
2019/7/3, 62, 42, 85, 12, 1, 5
2019/7/4, 76, 51, 78, 12, 1, 5
2019/7/5, 103, 46, 77, 11, 2, 3
2019/7/6, 72, 53, , 16, 1, 4
2019/7/7, 100, 35, 81, 12, 2, 3
2019/7/8, 57, 48, 68, 16, 1, 3
2019/7/9, 63, 43, 75, 12, 1, 5
2019/7/10, 62, 31, 68, 8, 1, 5
2019/7/11, 57, 32, 44, 11, 1, 5
2019/7/12, 64, 29, 53, 10, 1, 4
2019/7/13, 46, 41, 51, 16, 1, 5
2019/7/14, 63, 34, 46, 13, 1, 5
2019/7/15, 57, 46, 60, 10, 2, 8
2019/7/16, 93, 50, 59, 8, 1, 8
2019/7/17, 107, 47, 60, 6, 1, 7
2019/7/18, 98, 54, 56, 8, 1, 7
2019/7/19, 107, 57, 49, 12, 1, 7
2019/7/20, 93, 40, 32, 12, 1, 5
2019/7/21, 59, 32, 44, 9, 1, 6
2019/7/22, 53, 51, 44, 9, , 7
2019/7/23, 96, 29, 47, 4, 1, 5
2019/7/24, 63, 25, 43, 9, 3, 4
2019/7/25, 40, 38, 48, 5, , 4
2019/7/26, 78, 54, 52, 6, , 5
2019/7/27, 117, 41, 52, 5, , 3
2019/7/28, 78, 36, 44, 6, , 3
2019/7/29, 76, 20, 45, 3, , 3
2019/7/30, 36, 37, 59, 4, 1, 5
2019/7/31, 73, 32, 57, 7, 1, 5
2019/8/1, 61, 45, 61, 10, 1, 7
2019/8/2, 89, 30, 34, 8, , 5
2019/8/3, 47, 18, 31, 5, , 5
2019/8/4, 28, 35, 45, 6, 1, 6
2019/8/5, 74, 37, 34, 6, , 5
2019/8/6, 71, 42, 34, 11, 1, 5
2019/8/7, 73, 22, 54, 6, , 5
2019/8/8, 42, 12, 36, 5, , 5
2019/8/9, 29, 27, 37, 6, , 6
2019/8/10, 62, 10, 37, 4, , 3
2019/8/11, 22, 18, 24, 9, 1, 4
2019/8/12, 47, 17, 26, 7, 1, 4
2019/8/13, 40, 10, 26, 8, , 4
2019/8/14, 30, 12, 32, 8, 3, 5
2019/8/15, 39, 8, 19, 7, , 5
2019/8/16, 19, 4, 14, 2, , 4
2019/8/17, 14, 13, 22, 4, , 5
2019/8/18, 38, 20, 37, 10, 1, 6
2019/8/19, 52, 26, 33, 7, 1, 7
2019/8/20, 57, 17, 37, 3, 1, 6
2019/8/21, 44, 19, 32, 6, 1, 5
2019/8/22, 44, 19, 26, 10, 1, 5
2019/8/23, 38, 33, 31, 13, 1, 5
2019/8/24, 55, 28, 35, 10, 1, 5
2019/8/25, 52, 28, 44, 6, 1, 6
2019/8/26, 63, 16, 46, 6, 1, 4
2019/8/27, 44, 13, 42, 7, 1, 4
2019/8/28, 24, 17, 38, 10, 1, 5
2019/8/29, 45, 16, 31, 8, 1, 4
2019/8/30, 33, 21, 29, 8, 2, 4
2019/8/31, 37, 26, 52, 7, 2, 6
2019/9/1, 54, 38, 77, 9, 3, 7
2019/9/2, 71, 61, 82, 11, 3, 10
2019/9/3, 116, 46, 78, 12, 5, 8
2019/9/4, 90, 25, 51, 7, 1, 4
2019/9/5, 40, 20, 37, 8, , 5
2019/9/6, 51, 21, 24, 9, , 4
2019/9/7, 47, 16, 37, 3, , 3
2019/9/8, 41, 27, 30, 10, 1, 3
2019/9/9, 33, 31, 24, 11, 1, 3
2019/9/10, 42, 48, 28, 14, 1, 4
2019/9/11, 64, 38, 27, 12, 1, 4
2019/9/12, 56, 21, 27, 5, 1, 5
2019/9/13, 51, 17, 29, 7, 1, 4
2019/9/14, 36, 18, 32, 8, 1, 3
2019/9/15, 36, 27, 30, 9, 2, 3
2019/9/16, 52, 22, 31, 8, 2, 3
2019/9/17, 38, 22, 28, 6, 2, 3
2019/9/18, 27, 31, 26, 11, 2, 4
2019/9/19, 62, 45, 37, 15, 2, 7
2019/9/20, 95, 29, 36, 15, 1, 4
2019/9/21, 43, 43, 29, 16, 2, 5
2019/9/22, 65, 51, 33, 17, 2, 5
2019/9/23, 82, 38, 31, 16, 2, 2
2019/9/24, 61, 33, 35, 12, 3, 4
2019/9/25, 50, 50, 66, 11, 5, 7
2019/9/26, 91, 50, 60, 20, 2, 7
2019/9/27, 99, 51, 68, 12, 2, 7
2019/9/28, 101, 46, 70, 15, 2, 5
2019/9/29, 65, 64, 78, 11, 2, 8
2019/9/30, 115, 57, 92, 6, 2, 8
2019/4/1, 103, 73, 40, 20, 5, 4
2019/4/2, 112, 62, 42, 12, 3, 4
2019/4/3, 105, 226, 43, 13, 4, 7
2019/4/4, 142, 71, 41, 8, 2, 4
2019/4/5, 88, 61, 38, 15, 2, 5
2019/4/6, 81, 44, 39, 11, 2, 4
2019/4/7, 66, 49, , 16, 2, 5
2019/4/8, 77, 57, 42, 19, 4, 6
2019/4/9, 104, 63, 46, 23, 4, 7
2019/4/10, 108, 68, 47, 20, 2, 6
2019/4/11, 117, 78, 49, 13, 2, 5
2019/4/12, 108, 68, 50, 10, 3, 3
2019/4/13, 103, 61, 49, 11, 1, 2
2019/4/14, 82, 70, 46, 14, 3, 4
2019/4/15, 94, 194, 76, 8, 4, 6
2019/4/16, 148, 163, 73, 6, 2, 5
2019/4/17, 109, 72, 51, 9, 1, 3
2019/4/18, 72, 57, 46, 21, 3, 4
2019/4/19, 93, 65, 46, 14, 3, 6
2019/4/20, 104, 93, 53, 20, 2, 5
2019/4/21, 124, 109, 60, 12, 2, 5
2019/4/22, 112, 71, 67, 8, 3, 5
2019/4/23, 109, 64, 65, 11, 1, 3
2019/4/24, 73, 36, 38, 13, 2, 2
2019/4/25, 62, 49, 41, 17, 1, 3
2019/4/26, 80, 55, 50, 15, 2, 3
2019/4/27, 96, 45, 58, 6, 1, 4
2019/4/28, 91, 39, 56, 8, 2, 4
2019/4/29, 93, 40, 53, 9, 1, 5
2019/4/30, 90, 70, 40, 10, 1, 4
2019/5/1, 57, 58, 42, 14, 1, 4
2019/5/2, 63, 66, 45, 18, 2, 5
2019/5/3, 95, 77, 78, 10, 3, 6
2019/5/4, 107, 36, 77, 8, 1, 4
2019/5/5, 39, 37, 38, 11, 1, 4
2019/5/6, 59, 50, 43, 13, 2, 3
2019/5/7, 68, 94, 47, 12, 3, 5
2019/5/8, 102, 77, 48, 17, 2, 5
2019/5/9, 115, 82, 83, 13, 4, 6
2019/5/10, 123, 66, 86, 13, 4, 5
2019/5/11, 126, 58, 81, 13, 2, 4
2019/5/12, 89, 94, 61, 7, 2, 3
2019/5/13, 109, 63, 60, 9, 3, 4
2019/5/14, 76, 68, 83, 11, 3, 5
2019/5/15, 91, 93, 76, 5, 6, 6
2019/5/16, 153, 51, 60, 5, 3, 4
2019/5/17, 75, 35, 48, 8, 2, 3
2019/5/18, 67, 34, 46, 11, 2, 4
2019/5/19, 56, 11, 47, 3, 1, 2
2019/5/20, 20, 30, 33, 12, 1, 3
2019/5/21, 31, 33, 41, 12, 2, 2
2019/5/22, 44, 67, 44, 21, 2, 3
2019/5/23, 88, 74, 123, 12, 4, 5
2019/5/24, 116, 71, 120, 6, 4, 5
2019/5/25, 124, 39, 59, 13, 1, 4
2019/5/26, 80, 18, 35, 5, 1, 3
2019/5/27, 29, 33, 35, 6, 1, 4
2019/5/28, 26, 30, 42, 7, 1, 4
2019/5/29, 35, 46, 37, 4, 2, 3
2019/5/30, 54, 39, 36, 9, 2, 2
2019/5/31, 52, 20, 45, 8, 2, 3
2019/6/1, 41, 53, 85, 7, 4, 6
2019/6/2, 89, 21, 70, 7, 1, 4
2019/6/3, 60, 33, 55, 10, 1, 5
2019/6/4, 69, 42, 79, 11, 2, 5
2019/6/5, 71, 43, 76, 15, 2, 3
2019/6/6, 51, 45, 65, 18, 2, 5
2019/6/7, 77, 32, 55, 7, 1, 4
2019/6/8, 65, 22, 49, 9, 1, 4
2019/6/9, 48, 22, 55, 12, 1, 8
2019/6/10, 53, 29, 66, 9, 1, 4
2019/6/11, 66, 31, 84, 8, 2, 4
2019/6/12, 63, 38, 72, 12, 2, 5
2019/6/13, 86, 27, 39, 8, 1, 4
2019/6/14, 62, 14, 29, 6, 1, 3
2019/6/15, 18, 25, 32, 10, 1, 2
2019/6/16, 21, 36, 46, 18, 2, 3
2019/6/17, 61, 44, 70, 20, 2, 4
2019/6/18, 64, 50, 78, 18, 2, 6
2019/6/19, 91, 39, 66, 16, 2, 6
2019/6/20, 76, 37, 38, 16, 1, 3
2019/6/21, 45, 52, 41, 20, 1, 4
2019/6/22, 73, 43, 61, 20, 1, 4
2019/6/23, 68, 51, 98, 19, 2, 4
2019/6/24, 62, 53, 102, 11, 2, 5
2019/6/25, 72, 40, 81, 8, 2, 4
2019/6/26, 54, 50, 87, 11, 4, 6
2019/6/27, 83, 33, 88, 11, 2, 6
2019/6/28, 69, 29, 42, 9, 1, 5
2019/6/29, 56, 24, 29, 7, 2, 4
2019/6/30, 47, 22, 32, 9, 1, 4
2019/1/1, 121, 65, 21, 19, 10, 8
2019/1/2, 126, 60, 24, 16, 8, 8
2019/1/3, 125, 58, 24, 13, 7, 5
2019/1/4, 89, 47, 27, 13, 5, 6
2019/1/5, 74, 81, 25, 18, 5, 14
2019/1/6, 180, 68, 26, 15, 6, 11
2019/1/7, 138, 44, 27, 11, 3, 6
2019/1/8, 84, 72, 26, 12, 4, 5
2019/1/9, 91, 70, 27, 21, 7, 9
2019/1/10, 151, 95, 29, 23, 7, 13
2019/1/11, 188, 109, 18, 30, 8, 14
2019/1/12, 226, 136, 17, 29, 6, 22
2019/1/13, 253, 96, 29, 23, 6, 14
2019/1/14, 187, 44, 29, 8, 3, 6
2019/1/15, 63, 61, 28, 14, 5, 9
2019/1/16, 95, 46, 29, 18, 12, 8
2019/1/17, 99, 58, 28, 16, 6, 7
2019/1/18, 140, 74, 27, 18, 7, 9
2019/1/19, 144, 47, 28, 8, 4, 4
2019/1/20, 87, 66, 30, 13, 4, 5
2019/1/21, 119, 77, 31, 15, 5, 7
2019/1/22, 145, 48, 30, 12, 4, 5
2019/1/23, 117, 91, 31, 14, 4, 10
2019/1/24, 171, 52, 27, 14, 4, 5
2019/1/25, 110, 75, 33, 17, 5, 7
2019/1/26, 159, 97, 31, 13, 6, 6
2019/1/27, 141, 52, 32, 7, 3, 4
2019/1/28, 107, 102, 32, 15, 5, 8
2019/1/29, 198, 103, , 4, 3, 3
2019/1/30, 95, 56, 31, 11, 4, 8
2019/1/31, 115, 82, 33, 16, 7, 14
2019/2/1, 160, 95, 38, 15, 8, 16
2019/2/2, 179, 82, 35, 8, 4, 13
2019/2/3, 162, 43, 32, 5, 5, 6
2019/2/4, 93, 44, 33, 5, 11, 3
2019/2/5, 103, 49, 35, 11, 13, 5
2019/2/6, 147, 39, 30, 4, 3, 4
2019/2/7, 96, 44, 34, 8, 4, 6
2019/2/8, 144, 95, 37, 13, 7, 9
2019/2/9, 196, 79, 39, 14, 7, 8
2019/2/10, 201, 79, , 15, 6, 10
2019/2/11, 186, 71, 37, 16, 5, 8
2019/2/12, 187, 101, 44, 20, 7, 12
2019/2/13, 257, 123, 58, 20, 7, 13
2019/2/14, 244, 75, 45, 16, 6, 9
2019/2/15, 197, 48, 43, 13, 4, 6
2019/2/16, 133, 37, 42, 9, 5, 4
2019/2/17, 77, 53, 43, 13, 6, 7
2019/2/18, 123, 126, 47, 20, 8, 11
2019/2/19, 209, 76, 48, 16, 4, 9
2019/2/20, 191, 52, 44, 15, 5, 6
2019/2/21, 124, 66, 53, 24, 8, 9
2019/2/22, 164, 88, 42, 17, 4, 11
2019/2/23, 196, 67, , 12, 4, 7
2019/2/24, 137, 57, 40, 13, 4, 7
2019/2/25, 127, 75, 45, 23, 7, 10
2019/2/26, 180, 118, 41, 20, 5, 11
2019/2/27, 215, 82, 44, 20, 5, 10
2019/2/28, 176, 82, 49, 22, 6, 10
2019/3/1, 171, 132, 61, 17, 6, 13
2019/3/2, 224, 121, 75, 25, 7, 13
2019/3/3, 224, 116, 57, 35, 13, 15
2019/3/4, 241, 215, 51, 17, 4, 15
2019/3/5, 238, 46, 42, 13, 4, 5
2019/3/6, 76, 74, 47, 20, 4, 7
2019/3/7, 150, 90, 45, 18, 4, 7
2019/3/8, 141, 71, 46, 14, 7, 5
2019/3/9, 114, 100, 41, 25, 7, 8
2019/3/10, 149, 93, 45, 16, 3, 5
2019/3/11, 130, 49, 37, 5, 3, 5
2019/3/12, 65, 68, 28, 13, 4, 8
2019/3/13, 88, 83, 37, 15, 4, 7
2019/3/14, 116, 71, 39, 19, 3, 6
2019/3/15, 117, 76, 38, 18, 5, 9
2019/3/16, 139, 77, 41, 15, 3, 8
2019/3/17, 118, 108, 46, 13, 4, 9
2019/3/18, 118, 100, 73, 12, 5, 10
2019/3/19, 155, 99, 66, 21, 7, 12
2019/3/20, 191, 53, 55, 12, 3, 6
2019/3/21, 102, 64, 46, 19, 2, 4
2019/3/22, 119, 37, 41, 9, 2, 3
2019/3/23, 87, 46, 38, 11, 3, 4
2019/3/24, 77, 99, 40, 12, 5, 6
2019/3/25, 120, 40, 38, 11, 3, 3
2019/3/26, 51, 43, , 14, 4, 4
2019/3/27, 83, 55, 35, 16, 3, 4
2019/3/28, 96, 94, 43, 18, 4, 3
2019/3/29, 124, 63, 45, 14, 4, 3
2019/3/30, 123, 53, 41, 13, 4, 3
2019/3/31, 96, 74, 39, 18, 3, 3
2018/10/1, 47, 30, 32, 11, 3, 8
2018/10/2, 60, 41, 32, 15, 4, 9
2018/10/3, 83, 57, 50, 15, 4, 9
2018/10/4, 100, 55, 43, 15, 3, 6
2018/10/5, 98, 53, 29, 14, 4, 4
2018/10/6, 80, 41, 28, 13, 4, 3
2018/10/7, 58, 32, 22, 9, 3, 3
2018/10/8, 45, 44, 23, 12, 4, 4
2018/10/9, 57, 21, 21, 10, 3, 4
2018/10/10, 46, 32, 24, 8, 3, 6
2018/10/11, 54, 39, 33, 15, 5, 9
2018/10/12, 73, 48, 44, 15, 5, 11
2018/10/13, 88, 47, 41, 14, 4, 10
2018/10/14, 109, 45, 32, 12, 3, 9
2018/10/15, 63, 45, 27, 13, 4, 9
2018/10/16, 61, 68, 24, 15, 4, 11
2018/10/17, 95, 70, 31, 19, 5, 7
2018/10/18, 112, 55, 35, 19, 4, 7
2018/10/19, 100, 69, 40, 23, 6, 9
2018/10/20, 131, 75, 60, 22, 6, 12
2018/10/21, 156, 68, 52, 14, 5, 12
2018/10/22, 162, 37, 38, 10, 3, 8
2018/10/23, 89, 54, 30, 17, 5, 8
2018/10/24, 103, 71, 37, 18, 5, 4
2018/10/25, 140, 46, 37, 5, 3, 2
2018/10/26, 55, 24, 29, 3, 3, 2
2018/10/27, 51, 17, 22, 5, 3, 2
2018/10/28, 37, 24, 20, 5, 3, 2
2018/10/29, 65, 24, 15, 8, 3, 4
2018/10/30, 53, 29, 22, 9, 5, 5
2018/10/31, 67, 52, 25, 18, 8, 7
2018/11/1, 98, 66, 35, 18, 6, 9
2018/11/2, 134, 73, 61, 16, 9, 11
2018/11/3, 165, 28, 57, 10, 12, 5
2018/11/4, 75, 53, 16, 16, 10, 9
2018/11/5, 211, 75, 21, 15, 6, 8
2018/11/6, 92, 79, 27, 15, 5, 9
2018/11/7, 128, 62, 26, 17, 5, 10
2018/11/8, 120, 50, 25, 11, 4, 7
2018/11/9, 114, 44, 23, 10, 4, 7
2018/11/10, 98, 59, 21, 15, 6, 10
2018/11/11, 122, 57, 19, 20, 9, 9
2018/11/12, 101, 36, 23, 15, 8, 6
2018/11/13, 83, 46, , 15, 5, 6
2018/11/14, 101, 41, 18, 10, 5, 7
2018/11/15, 101, 26, 22, 7, 5, 8
2018/11/16, 54, 39, 20, 16, 8, 13
2018/11/17, 106, 62, 19, 17, 8, 9
2018/11/18, 132, 59, 22, 15, 7, 7
2018/11/19, 136, 43, 21, 13, 6, 5
2018/11/20, 84, 39, 23, 13, 6, 5
2018/11/21, 86, 36, 24, 9, 6, 6
2018/11/22, 71, 37, 23, 13, 6, 6
2018/11/23, 79, 48, , 14, 7, 8
2018/11/24, 131, 47, 24, 13, 6, 7
2018/11/25, 126, 83, 38, 9, 7, 11
2018/11/26, 151, 68, 33, 5, 3, 5
2018/11/27, 37, 40, 23, 9, 5, 4
2018/11/28, 71, 39, 20, 11, 5, 4
2018/11/29, 82, 46, 20, 11, 7, 5
2018/11/30, 71, 36, 21, 10, 5, 3
2018/12/1, 80, 44, 28, 6, 5, 2
2018/12/2, 96, 80, 29, 6, 5, 4
2018/12/3, 86, 29, 21, 7, 7, 7
2018/12/4, 56, 35, 22, 12, 5, 8
2018/12/5, 74, 44, 23, 11, 7, 9
2018/12/6, 78, 32, 21, 6, 4, 7
2018/12/7, 48, 32, 24, 8, 6, 7
2018/12/8, 48, 105, , 17, 7, 11
2018/12/9, 105, 104, 14, 25, 15, 17
2018/12/10, 149, 103, 13, 26, 14, 16
2018/12/11, 153, 48, 23, 14, 7, 9
2018/12/12, 94, 63, 20, 14, 7, 10
2018/12/13, 110, 56, 22, 18, 8, 8
2018/12/14, 117, 67, 22, 14, 9, 9
2018/12/15, 118, 72, 25, 17, 7, 11
2018/12/16, 130, 48, 25, 14, 7, 7
2018/12/17, 71, 34, 29, 13, 7, 6
2018/12/18, 56, 51, 25, 17, 8, 7
2018/12/19, 93, 64, 24, 18, 9, 9
2018/12/20, 128, , , , , 
2018/12/22, 95, 23, 26, 9, 5, 4
2018/12/23, 54, 44, 24, 15, 8, 4
2018/12/24, 74, 61, 26, 8, 6, 4
2018/12/25, 54, 40, 26, 5, 5, 2
2018/12/26, 43, 35, 23, 7, 6, 2
2018/12/27, 48, 57, 22, 14, 6, 8
2018/12/28, 79, 43, 24, 13, 7, 9
2018/12/29, 81, 59, 25, 18, 7, 11
2018/12/30, 106, , , , , 
2018/7/1, 77, 75, 62, 27, 4, 4
2018/7/2, 109, 51, 56, 14, 3, 3
2018/7/3, 70, 46, 38, 15, 4, 3
2018/7/4, 54, 50, 38, 13, 3, 5
2018/7/5, 57, 25, 44, 6, 3, 5
2018/7/6, 44, 33, 43, 6, 3, 5
2018/7/7, 62, 17, 25, 4, 3, 4
2018/7/8, 38, 22, 30, 2, 3, 4
2018/7/9, 40, 43, 49, 7, 3, 5
2018/7/10, 74, 36, 41, 6, 3, 4
2018/7/11, 52, 31, 67, 3, 2, 4
2018/7/12, 61, 39, 67, 3, , 4
2018/7/13, 68, 24, 41, 3, , 3
2018/7/14, 50, 42, 68, 3, 2, 5
2018/7/15, 83, 25, 63, 3, 2, 2
2018/7/16, 55, 34, 58, 4, 2, 2
2018/7/17, 62, 31, 107, 5, 2, 2
2018/7/18, 61, 45, 62, 4, 2, 3
2018/7/19, 70, 36, 57, 5, 2, 2
2018/7/20, 63, 44, 56, 6, 2, 5
2018/7/21, 76, 57, 73, 5, 2, 7
2018/7/22, 109, 55, 72, 7, 2, 6
2018/7/23, 102, 56, 50, 9, 2, 5
2018/7/24, 74, 34, 38, 4, 2, 4
2018/7/25, 50, 34, 31, 12, 2, 6
2018/7/26, 40, 46, 54, 13, 2, 5
2018/7/27, 60, 60, 81, 17, 2, 5
2018/7/28, 75, 67, 80, 15, 2, 5
2018/7/29, 90, 58, 72, 11, , 5
2018/7/30, 84, 55, 61, 11, 2, 5
2018/7/31, 94, 50, 51, 11, 3, 3
2018/8/1, 52, 49, 64, 14, 3, 4
2018/8/2, 49, 56, 101, 10, 3, 6
2018/8/3, 80, 59, 74, 5, 2, 7
2018/8/4, 91, 24, 28, 7, 2, 5
2018/8/5, 36, 49, 35, 11, 2, 5
2018/8/6, 55, 41, 36, 10, 3, 5
2018/8/7, 67, 38, 34, 10, 2, 5
2018/8/8, 61, 56, 51, 12, 3, 6
2018/8/9, 69, 33, 41, 9, 3, 2
2018/8/10, 46, 46, 44, 10, 3, 1
2018/8/11, 53, 25, 41, 7, 2, 3
2018/8/12, 57, 21, 35, 5, 3, 5
2018/8/13, 53, 17, 40, 5, , 5
2018/8/14, 32, 26, 42, 7, 3, 5
2018/8/15, 39, 28, 35, 7, 3, 3
2018/8/16, 38, 34, 37, 9, 3, 4
2018/8/17, 41, 46, 37, 10, 3, 5
2018/8/18, 76, 37, 40, 9, 3, 5
2018/8/19, 70, 46, 35, 11, 2, 5
2018/8/20, 77, 25, 37, 6, 3, 3
2018/8/21, 56, 47, 36, 14, 3, 4
2018/8/22, 61, 53, 30, 16, 4, 5
2018/8/23, 65, 18, 44, 7, 3, 4
2018/8/24, 34, 12, 30, 3, 3, 3
2018/8/25, 24, 16, 24, 4, 3, 3
2018/8/26, 21, 37, 33, 10, 3, 4
2018/8/27, 49, 36, 26, 12, 3, 4
2018/8/28, 62, 22, 24, 9, 3, 4
2018/8/29, 51, 25, 27, 6, 3, 4
2018/8/30, 44, 31, 27, 8, 4, 5
2018/8/31, 49, 52, 28, 8, 4, 6
2018/9/1, 68, 36, 33, 5, 4, 5
2018/9/2, 61, 31, 43, 4, , 5
2018/9/3, 57, 16, 35, 3, 3, 4
2018/9/4, 33, 19, 23, 4, 3, 3
2018/9/5, 26, 26, 26, 7, 3, 4
2018/9/6, 40, 26, 30, 6, 2, 3
2018/9/7, 39, 32, 27, 6, 2, 3
2018/9/8, 38, 50, 30, 8, 2, 3
2018/9/9, 71, 53, 32, 8, 1, 2
2018/9/10, 75, 29, 37, 6, 2, 4
2018/9/11, 50, 31, 40, 6, 2, 6
2018/9/12, 59, 48, 60, 8, 2, 7
2018/9/13, 93, 48, 64, 10, 4, 7
2018/9/14, 94, 45, 39, 9, 2, 6
2018/9/15, 61, 31, 33, 10, 2, 5
2018/9/16, 46, 41, 34, 13, 3, 6
2018/9/17, 63, 48, 52, 17, 3, 6
2018/9/18, 65, 67, 51, 23, 4, 8
2018/9/19, 94, 59, 45, 22, 3, 6
2018/9/20, 89, 45, 35, 15, 2, 6
2018/9/21, 94, 30, 28, 9, 2, 4
2018/9/22, 35, 28, 17, 13, 3, 5
2018/9/23, 57, 25, 18, 7, 2, 4
2018/9/24, 52, 46, 28, 12, 3, 6
2018/9/25, 61, 49, 34, 15, 3, 5
2018/9/26, 75, 55, 35, 16, 3, 6
2018/9/27, 90, 37, 27, 11, 2, 7
2018/9/28, 67, 23, 34, 10, 2, 8
2018/9/29, 64, 21, 32, 12, 2, 8
2018/9/30, 53, 25, 29, 7, , 7
2018/4/1, 171, 91, 69, 8, 8, 8
2018/4/2, 134, 48, 50, 9, 5, 5
2018/4/3, 75, 62, 47, 15, 9, 7
2018/4/4, 117, 68, 39, 11, 6, 7
2018/4/5, 141, 73, 35, 12, 7, 7
2018/4/6, 133, 50, 37, 10, 3, 6
2018/4/7, 85, 63, 38, 10, 4, 6
2018/4/8, 77, 90, 44, 20, 6, 10
2018/4/9, 161, 65, 38, 10, 5, 8
2018/4/10, 125, 185, 37, 3, 2, 6
2018/4/11, 76, 103, 37, 9, 2, 6
2018/4/12, 81, 461, 43, 15, 3, 8
2018/4/13, 139, 95, 37, 6, 2, 5
2018/4/14, 75, 120, 45, 12, 2, 5
2018/4/15, 79, 98, 50, 17, 4, 6
2018/4/16, 106, 158, 71, 9, 5, 4
2018/4/17, 108, 86, 79, 11, 5, 6
2018/4/18, 124, 89, 65, 17, 3, 7
2018/4/19, 123, 104, 80, 11, 4, 6
2018/4/20, 113, 52, 73, 13, 3, 4
2018/4/21, 99, 29, 42, 8, 3, 3
2018/4/22, 54, 55, 48, 13, 4, 4
2018/4/23, 67, 90, 48, 27, 5, 6
2018/4/24, 116, 88, 49, 15, 3, 5
2018/4/25, 102, 82, 47, 13, 3, 4
2018/4/26, 77, 74, 47, 17, 4, 3
2018/4/27, 85, 117, 76, 10, 5, 6
2018/4/28, 106, 119, 90, 10, 4, 7
2018/4/29, 115, 48, 69, 14, 3, 1
2018/4/30, 53, 60, 48, 13, 3, 7
2018/5/1, 57, 79, 45, 13, 3, 8
2018/5/2, 75, 119, 43, 15, 3, 5
2018/5/3, 68, 75, 51, 16, 3, 4
2018/5/4, 88, 141, 47, 12, 3, 5
2018/5/5, 94, 108, 42, 13, 3, 4
2018/5/6, 69, 63, 44, 15, 4, 5
2018/5/7, 56, 86, 46, 20, 4, 7
2018/5/8, 87, 61, 51, 18, 4, 6
2018/5/9, 67, 91, 70, 14, 5, 9
2018/5/10, 89, 76, 73, 11, 6, 9
2018/5/11, 112, 49, 63, 13, 3, 8
2018/5/12, 93, 75, 83, 20, 5, 10
2018/5/13, 109, 77, 91, 11, 4, 9
2018/5/14, 102, 59, 89, 7, 3, 10
2018/5/15, 90, 40, 51, 10, 2, 7
2018/5/16, 57, 28, 37, 10, 3, 4
2018/5/17, 30, 40, 45, 11, 3, 4
2018/5/18, 50, 45, 54, 12, 3, 4
2018/5/19, 45, 62, 52, 14, 3, 4
2018/5/20, 59, 54, 58, 13, 4, 4
2018/5/21, 58, 45, 55, 8, 4, 3
2018/5/22, 60, 108, 45, 7, 3, 4
2018/5/23, 83, 77, , 11, 4, 6
2018/5/24, 93, 37, 39, 12, 3, 3
2018/5/25, 53, 61, 46, 16, 4, 3
2018/5/26, 65, 40, 45, 9, 3, 4
2018/5/27, 87, 18, 37, 6, 2, 3
2018/5/28, 54, 16, 34, 5, 3, 4
2018/5/29, 36, 34, 45, 10, 3, 5
2018/5/30, 67, 47, 57, 14, 3, 5
2018/5/31, 86, 63, 81, 12, 5, 7
2018/6/1, 95, 69, , 6, 5, 6
2018/6/2, 71, 78, 97, 6, 5, 5
2018/6/3, 84, 56, 73, 4, 4, 4
2018/6/4, 91, 76, 80, 5, 4, 10
2018/6/5, 141, 56, 62, 9, 4, 9
2018/6/6, 109, 54, 74, 16, 4, 8
2018/6/7, 106, 37, 68, 10, 4, 5
2018/6/8, 64, 37, 67, 12, 4, 5
2018/6/9, 77, 32, 63, 12, 3, 4
2018/6/10, 65, 22, 67, 10, 4, 5
2018/6/11, 81, 58, 49, 18, 4, 5
2018/6/12, 85, 51, 75, 17, 3, 5
2018/6/13, 104, 20, 70, 9, 3, 6
2018/6/14, 94, 17, 40, 5, 3, 5
2018/6/15, 53, 37, 54, 7, 3, 4
2018/6/16, 89, 45, 50, 7, 3, 5
2018/6/17, 112, 39, 80, 4, 3, 5
2018/6/18, 89, 28, 61, 4, 2, 3
2018/6/19, 71, 22, 40, 6, 3, 2
2018/6/20, 35, 33, 44, 13, 3, 3
2018/6/21, 49, 61, 89, 15, 4, 5
2018/6/22, 81, 56, 109, 11, 5, 7
2018/6/23, 111, 52, 67, 15, 5, 4
2018/6/24, 48, 56, 60, 19, 3, 7
2018/6/25, 115, 43, 81, 11, 3, 4
2018/6/26, 71, 27, 68, 9, 3, 4
2018/6/27, 57, 28, 51, 11, 4, 3
2018/6/28, 48, 56, 76, 15, 4, 3
2018/6/29, 66, 49, 96, 14, 4, 5
2018/6/30, 73, 50, 92, 17, 4, 4
2018/1/1, 104, 60, 22, 14, 5, 5
2018/1/2, 98, 76, 24, 17, 6, 7
2018/1/3, 124, 96, 26, 19, 8, 10
2018/1/4, 152, 82, , 20, 10, 8
2018/1/5, 149, 75, 28, 18, 8, 7
2018/1/6, 144, 71, 25, 18, 12, 7
2018/1/7, 143, 55, 25, 13, 6, 6
2018/1/8, 117, 42, 27, 9, 6, 4
2018/1/9, 75, 39, 25, 17, 16, 6
2018/1/10, 102, 64, 32, 21, 12, 9
2018/1/11, 151, 59, 27, 18, 12, 9
2018/1/12, 144, 76, 34, 20, 15, 13
2018/1/13, 166, 50, 33, 10, 10, 7
2018/1/14, 129, 55, 31, 15, 5, 7
2018/1/15, 134, 64, 34, 22, 8, 11
2018/1/16, 162, 91, 25, 23, 12, 13
2018/1/17, 197, 67, 33, 21, 7, 6
2018/1/18, 142, 66, 35, 20, 8, 6
2018/1/19, 127, 45, 34, 12, 4, 4
2018/1/20, 70, 56, 29, 19, 11, 6
2018/1/21, 111, 56, 29, 16, 6, 8
2018/1/22, 117, 39, 27, 10, 4, 7
2018/1/23, 83, 50, 30, 16, 6, 8
2018/1/24, 104, 62, 30, 18, 8, 13
2018/1/25, 135, 67, 30, 18, 9, 11
2018/1/26, 146, 62, 33, 15, 6, 11
2018/1/27, 129, 39, 30, 10, 5, 6
2018/1/28, 71, 46, 31, 13, 5, 7
2018/1/29, 88, 52, 34, 18, 8, 8
2018/1/30, 99, 55, 33, 19, 5, 9
2018/1/31, 114, 60, 38, 20, 12, 9
2018/2/1, 134, 54, 35, 20, 7, 8
2018/2/2, 127, 56, 32, 23, 21, 8
2018/2/3, 135, 59, 35, 20, 8, 10
2018/2/4, 142, 65, 32, 23, 13, 12
2018/2/5, 141, 78, 30, 23, 13, 14
2018/2/6, 168, 79, 33, 23, 10, 13
2018/2/7, 167, 66, 39, 13, 6, 8
2018/2/8, 111, 60, 36, 13, 5, 8
2018/2/9, 113, 47, 34, 6, 2, 6
2018/2/10, 65, 39, 33, 3, 2, 5
2018/2/11, 52, 36, 34, 5, 2, 6
2018/2/12, 59, 35, 35, 7, 3, 7
2018/2/13, 85, 40, 33, 7, 4, 8
2018/2/14, 87, 37, 35, 3, 5, 6
2018/2/15, 73, 58, 34, 4, 6, 7
2018/2/16, 90, 38, 33, 5, 4, 7
2018/2/17, 87, 47, 37, 7, 5, 9
2018/2/18, 105, 36, 37, 5, 5, 8
2018/2/19, 84, 33, 36, 3, 4, 6
2018/2/20, 68, 40, 38, 4, 5, 6
2018/2/21, 74, 44, 38, 11, 9, 8
2018/2/22, 98, 47, 34, 17, 13, 10
2018/2/23, 114, 78, 38, 19, 8, 14
2018/2/24, 171, 53, 41, 13, 9, 12
2018/2/25, 122, 53, 41, 17, 15, 12
2018/2/26, 131, 45, 39, 21, 25, 11
2018/2/27, 116, 58, 36, 12, 10, 13
2018/2/28, 144, 54, 42, 7, 4, 9
2018/3/1, 99, 57, , 14, 7, 9
2018/3/2, 90, 54, 42, 10, 4, 9
2018/3/3, 121, 33, 42, 13, 4, 8
2018/3/4, 76, 38, 42, 19, 6, 9
2018/3/5, 92, 29, 40, 15, 7, 8
2018/3/6, 70, 52, 32, 26, 19, 11
2018/3/7, 123, 51, 37, 27, 15, 11
2018/3/8, 130, 60, 53, 25, 10, 12
2018/3/9, 137, 59, 58, 23, 8, 11
2018/3/10, 139, 76, 52, 21, 7, 12
2018/3/11, 140, 64, 58, 11, 7, 11
2018/3/12, 133, 78, 55, 16, 8, 14
2018/3/13, 155, 88, 30, 17, 6, 16
2018/3/14, 173, 25, 36, 14, 8, 8
2018/3/15, 63, 42, 44, 20, 5, 7
2018/3/16, 96, 45, 45, 18, 7, 8
2018/3/17, 94, 56, 36, 14, 5, 9
2018/3/18, 147, 25, 38, 9, 5, 5
2018/3/19, 60, 34, 47, 13, 7, 6
2018/3/20, 67, 68, 55, 28, 14, 8
2018/3/21, 109, 108, 69, 27, 6, 12
2018/3/22, 169, 101, 49, 22, 8, 13
2018/3/23, 175, 77, 54, 15, 6, 10
2018/3/24, 156, 106, 75, 20, 7, 11
2018/3/25, 160, 112, 101, 16, 7, 10
2018/3/26, 165, 94, 102, 7, 6, 8
2018/3/27, 139, 166, 83, 11, 4, 5
2018/3/28, 96, 72, 52, 17, 5, 7
2018/3/29, 134, 136, 74, 25, 8, 12
2018/3/30, 236, 91, 72, 18, 6, 9
2018/3/31, 154, 98, 63, 15, 7, 11
2017/10/1, 76, 61, 31, 18, 6, 7
2017/10/2, 60, 104, 31, 18, 6, 7
2017/10/3, 70, 86, 37, 20, 6, 8
2017/10/4, 92, 70, 56, 17, 7, 10
2017/10/5, 91, 54, 68, 11, 6, 10
2017/10/6, 85, 62, 50, 25, 6, 12
2017/10/7, 133, 88, 57, 27, 7, 14
2017/10/8, 156, 46, 36, 14, 5, 9
2017/10/9, 85, 40, 28, 17, 6, 9
2017/10/10, 63, 53, 39, 17, 6, 9
2017/10/11, 119, 85, 34, 26, 6, 7
2017/10/12, 132, 72, 37, 25, 6, 8
2017/10/13, 130, 102, 41, 22, 6, 8
2017/10/14, 136, 101, 41, 23, 8, 10
2017/10/15, 157, 83, 39, 22, 7, 9
2017/10/16, 144, 59, 35, 27, 7, 8
2017/10/17, 100, 115, 57, 39, 9, 12
2017/10/18, 249, 110, 64, 39, 10, 12
2017/10/19, 190, 156, 59, 31, 8, 15
2017/10/20, 226, 37, 41, 16, 7, 7
2017/10/21, 70, 50, 42, 26, 13, 7
2017/10/22, 78, 77, 38, 33, 12, 10
2017/10/23, 110, 88, 52, 30, 8, 11
2017/10/24, 140, 103, 45, 43, 14, 15
2017/10/25, 165, 145, 62, 42, 12, 21
2017/10/26, 239, 88, 69, 23, 10, 14
2017/10/27, 179, 108, 52, 12, 7, 10
2017/10/28, 113, 62, 32, 18, 9, 9
2017/10/29, 117, 78, 36, 25, 9, 10
2017/10/30, 127, 85, 33, 21, 10, 11
2017/10/31, 115, 99, 50, 24, 9, 12
2017/11/1, 180, 66, 21, 30, 10, 8
2017/11/2, 137, 75, 22, 23, 12, 7
2017/11/3, 163, 65, 25, 20, 6, 6
2017/11/4, 103, 79, 43, 18, 5, 8
2017/11/5, 151, 91, 45, 22, 7, 9
2017/11/6, 181, 108, 37, 21, 5, 11
2017/11/7, 228, 53, 27, 14, 2, 6
2017/11/8, 124, 71, 31, 16, 3, 7
2017/11/9, 142, 42, 26, 10, 3, 4
2017/11/10, 87, 51, 24, 16, 3, 4
2017/11/11, 97, 61, 28, 16, 5, 6
2017/11/12, 121, 65, 29, 16, 3, 6
2017/11/13, 121, 59, 26, 7, 2, 3
2017/11/14, 84, 69, 30, 14, 4, 6
2017/11/15, 144, 89, 94, 21, 6, 9
2017/11/16, 173, 75, 29, 23, 14, 8
2017/11/17, 155, 45, 26, 12, 6, 6
2017/11/18, 106, 59, 26, 17, 5, 8
2017/11/19, 116, 58, 28, 16, 4, 8
2017/11/20, 103, 89, 29, 11, 7, 8
2017/11/21, 118, 48, 22, 7, 2, 5
2017/11/22, 52, 44, 22, 13, 5, 6
2017/11/23, 85, 61, 21, 15, 4, 6
2017/11/24, 106, 60, 23, 15, 7, 7
2017/11/25, 118, 57, 26, 14, 4, 6
2017/11/26, 107, 62, 28, 8, 6, 5
2017/11/27, 86, 86, 29, 8, 4, 5
2017/11/28, 98, 43, 27, 6, 4, 5
2017/11/29, 42, 38, 29, 11, 5, 6
2017/11/30, 70, 53, 27, 16, 8, 8
2017/12/1, 103, 72, 21, 21, 10, 10
2017/12/2, 136, 66, 20, 18, 14, 6
2017/12/3, 150, 78, 21, 18, 12, 5
2017/12/4, 113, 51, 24, 15, 5, 4
2017/12/5, 98, 87, 20, 23, 12, 10
2017/12/6, 154, 104, 21, 28, 14, 11
2017/12/7, 197, 62, 22, 19, 4, 8
2017/12/8, 127, 66, 26, 16, 6, 9
2017/12/9, 127, 48, 25, 11, 7, 6
2017/12/10, 98, 35, 26, 7, 2, 5
2017/12/11, 64, 51, 28, 14, 6, 7
2017/12/12, 95, 77, 30, 26, 10, 12
2017/12/13, 164, 78, 26, 23, 13, 13
2017/12/14, 167, 58, 26, 16, 7, 7
2017/12/15, 122, 48, , 15, 5, 6
2017/12/16, 105, 56, 25, 18, 9, 7
2017/12/17, 96, 52, 26, 17, 8, 6
2017/12/18, 111, 51, 25, 13, 5, 6
2017/12/19, 102, 52, 26, 14, 11, 7
2017/12/20, 111, 57, 27, 19, 9, 7
2017/12/21, 134, 74, 25, 22, 5, 11
2017/12/22, 153, 87, 26, 19, 5, 12
2017/12/23, 152, 59, 24, 18, 15, 7
2017/12/24, 131, 59, 26, 14, 6, 7
2017/12/25, 99, 44, 25, 10, 9, 7
2017/12/26, 90, 67, 25, 14, 6, 9
2017/12/27, 103, 102, 24, 21, 11, 15
2017/12/28, 161, 129, 17, 28, 26, 15
2017/12/29, 167, 86, 19, 23, 16, 10
2017/12/30, 160, 137, 25, 28, 19, 15
2017/12/31, 205, 88, 25, 13, 5, 5
2017/7/1, 80, 53, 56, 12, 3, 11
2017/7/2, 108, 24, 48, 18, 4, 8
2017/7/3, 55, 44, 64, 26, 4, 8
2017/7/4, 65, 40, 68, 20, 4, 7
2017/7/5, 61, 48, 92, 17, 4, 8
2017/7/6, 63, 55, 88, 15, 4, 7
2017/7/7, 71, 45, 89, 6, 4, 7
2017/7/8, 80, 38, 82, 8, 3, 5
2017/7/9, 58, 26, 64, 10, 3, 4
2017/7/10, 36, 49, 96, 10, 4, 6
2017/7/11, 102, 64, 105, 5, 5, 7
2017/7/12, 134, 55, 86, 4, , 6
2017/7/13, 115, , 67, , , 
2017/7/21, 14, 35, 53, 14, 6, 6
2017/7/22, 71, 34, 58, 12, 5, 5
2017/7/23, 57, 57, 36, 12, 4, 4
2017/7/24, 33, 64, 42, 18, 5, 3
2017/7/25, 51, 57, 42, 12, 5, 5
2017/7/26, 67, 180, 52, 11, 4, 6
2017/7/27, 76, 46, 47, 12, 4, 4
2017/7/28, 37, 50, 49, 19, 4, 5
2017/7/29, 70, 63, 71, 21, 4, 5
2017/7/30, 105, 71, 72, 18, 4, 6
2017/7/31, 138, 73, 60, 15, 4, 5
2017/8/1, 118, 45, 35, 14, 3, 5
2017/8/2, 73, 19, 24, 6, 7, 3
2017/8/3, 36, 12, 22, 6, 4, 5
2017/8/4, 41, 25, 28, 14, 4, 9
2017/8/5, 53, 24, 37, 16, , 9
2017/8/6, 43, 21, 41, 16, 4, 8
2017/8/7, 39, 23, , 17, 4, 7
2017/8/8, 36, 28, 44, 13, 4, 7
2017/8/9, 42, 20, 44, 10, 4, 8
2017/8/10, 34, 30, 46, 11, 4, 8
2017/8/11, 52, 21, 46, 9, 4, 8
2017/8/12, 44, 44, 49, 17, 4, 9
2017/8/13, 79, 41, 33, 19, 4, 10
2017/8/14, 126, 32, 24, 14, 4, 8
2017/8/15, 51, 20, 29, 13, 4, 8
2017/8/16, 41, 23, 36, 12, 2, 7
2017/8/17, 36, 34, 32, 12, 1, 8
2017/8/18, 38, 21, 26, 8, 1, 7
2017/8/19, 42, 27, 31, 7, 1, 8
2017/8/20, 45, 32, 49, 8, 2, 7
2017/8/21, 56, 52, 48, 7, 1, 11
2017/8/22, 120, 16, 41, 12, 2, 8
2017/8/23, 224, 33, 35, 5, 1, 9
2017/8/24, 75, 38, 29, 4, 3, 8
2017/8/25, 42, 30, 30, 9, 5, 8
2017/8/26, 39, 36, 56, 6, 5, 10
2017/8/27, 50, 27, 43, 5, 5, 9
2017/8/28, 30, 27, 29, 7, 5, 8
2017/8/29, 25, 37, , 10, 5, 9
2017/8/30, 38, 46, 35, 14, 5, 9
2017/8/31, 56, 58, 49, 18, 5, 8
2017/9/1, 76, 59, 56, 24, 4, 7
2017/9/2, 65, 48, 68, 18, 4, 7
2017/9/3, 72, 39, 55, 10, 3, 7
2017/9/4, 69, 35, 50, 8, 3, 7
2017/9/5, 57, 19, , 12, 4, 6
2017/9/6, 24, , , , , 
2017/9/11, 31, 34, 34, 15, 5, 7
2017/9/12, 43, 43, 30, 15, 5, 7
2017/9/13, 55, 46, 35, 21, 5, 8
2017/9/14, 57, 37, 130, 16, 5, 8
2017/9/15, 52, 52, 73, 12, 5, 9
2017/9/16, 80, 35, 53, 10, 4, 7
2017/9/17, 44, 55, 43, 20, 5, 7
2017/9/18, 67, 45, 61, 10, 4, 7
2017/9/19, 46, 33, 37, 10, 4, 6
2017/9/20, 38, 56, 46, 15, 5, 7
2017/9/21, 60, 36, 43, 11, 5, 7
2017/9/22, 55, 50, 54, 11, 7, 7
2017/9/23, 63, 59, 49, 13, 6, 6
2017/9/24, 59, 52, 40, 15, 6, 5
2017/9/25, 58, 35, 41, 8, 5, 7
2017/9/26, 61, 30, 32, 11, 6, 5
2017/9/27, 38, 36, 29, 9, 5, 5
2017/9/28, 43, 59, 28, 17, 6, 6
2017/9/29, 46, 60, 33, 19, 5, 6
2017/9/30, 64, 84, 51, 8, 4, 7
2017/4/1, 168, 131, 64, 32, 7, 13
2017/4/2, 177, 158, 98, 35, 8, 15
2017/4/3, 188, 126, 96, 18, 6, 11
2017/4/4, 165, 98, 90, 20, 7, 12
2017/4/5, 165, 78, 60, 21, 5, 9
2017/4/6, 166, 101, 76, 30, 4, 11
2017/4/7, 189, 56, 59, 14, 3, 6
2017/4/8, 116, 58, 49, 22, 4, 7
2017/4/9, 93, 78, 67, 14, 5, 6
2017/4/10, 131, 69, 50, 10, 2, 4
2017/4/11, 81, 68, 43, 13, 3, 4
2017/4/12, 74, 90, 49, 23, 6, 6
2017/4/13, 175, 74, 63, 15, 5, 10
2017/4/14, 185, 85, 73, 13, 5, 9
2017/4/15, 138, 82, 58, 20, 5, 7
2017/4/16, 90, 103, 50, 19, 5, 9
2017/4/17, 156, 55, 42, 16, 2, 7
2017/4/18, 80, 40, 47, 11, 3, 5
2017/4/19, 75, 45, 45, 17, 6, 6
2017/4/20, 81, 67, 50, 29, 7, 9
2017/4/21, 95, 75, 47, 23, 8, 10
2017/4/22, 106, 39, 39, 10, 6, 8
2017/4/23, 74, 43, 43, 11, 5, 8
2017/4/24, 70, 38, 42, 13, 5, 6
2017/4/25, 28, 37, 42, 13, 6, 6
2017/4/26, 45, 54, 43, 25, 7, 7
2017/4/27, 74, 78, 54, 27, 7, 8
2017/4/28, 101, 236, 55, 18, 6, 6
2017/4/29, 118, 54, 50, 14, 6, 6
2017/4/30, 83, 81, 59, 21, 6, 8
2017/5/1, 108, 78, 84, 13, 7, 8
2017/5/2, 109, 61, 94, 8, 5, 8
2017/5/3, 99, 46, 77, 11, 7, 10
2017/5/4, 84, 146, 51, 9, 5, 10
2017/5/5, 115, 470, 47, 5, 5, 7
2017/5/6, 148, 120, 45, 7, 5, 8
2017/5/7, 96, 54, 55, 19, 5, 8
2017/5/8, 105, 74, 86, 14, 6, 6
2017/5/9, 110, 52, 90, 9, 6, 4
2017/5/10, 69, 107, 79, 11, 7, 6
2017/5/11, 105, 97, 62, 12, 6, 6
2017/5/12, 105, 53, 45, 19, 6, 6
2017/5/13, 79, 12, 43, 8, 6, 6
2017/5/14, 42, 25, 37, 15, 7, 6
2017/5/15, 37, 31, 64, 17, 6, 6
2017/5/16, 47, 40, 81, 11, 7, 6
2017/5/17, 56, 76, 115, 9, 7, 7
2017/5/18, 88, 68, 118, 9, 6, 7
2017/5/19, 98, 58, 126, 18, 7, 5
2017/5/20, 70, 29, 83, 7, 6, 4
2017/5/21, 52, 18, 42, 15, 6, 5
2017/5/22, 37, 26, 48, 10, 6, 4
2017/5/23, 43, 27, 50, 12, 6, 4
2017/5/24, 38, 23, 46, 11, 9, 5
2017/5/25, 32, 52, 51, 25, 9, 6
2017/5/26, 62, 58, 67, 27, 6, 6
2017/5/27, 74, 73, 89, 24, 7, 6
2017/5/28, 77, 66, 68, 13, 7, 5
2017/5/29, 75, 50, 47, 11, 6, 5
2017/5/30, 66, 64, 57, 31, 6, 7
2017/5/31, 81, 43, 43, 21, 6, 6
2017/6/1, 61, 35, 33, 18, 8, 6
2017/6/2, 60, 68, 41, 20, 8, 6
2017/6/3, 83, 31, 43, 24, 13, 6
2017/6/4, 45, 40, 57, 21, 6, 6
2017/6/5, 52, 49, 80, 28, 7, 7
2017/6/6, 55, 36, 62, 13, 5, 7
2017/6/7, 70, 41, 45, 15, 6, 6
2017/6/8, 44, 55, 37, 17, 7, 5
2017/6/9, 42, 53, 29, 19, 7, 5
2017/6/10, 65, 48, 27, 20, 7, 6
2017/6/11, 57, 53, 37, 21, 6, 6
2017/6/12, 82, 79, 68, 23, 7, 6
2017/6/13, 83, 59, 82, 22, 7, 6
2017/6/14, 69, 65, 61, 27, 6, 6
2017/6/15, 77, 43, 87, 25, 6, 6
2017/6/16, 45, 70, 120, 33, 7, 10
2017/6/17, 107, 64, 106, 11, 7, 8
2017/6/18, 112, 37, 99, 11, 6, 8
2017/6/19, 74, 21, 82, 10, 5, 7
2017/6/20, 51, 18, 67, 11, 6, 6
2017/6/21, 36, 31, 54, 18, 5, 6
2017/6/22, 35, 58, 76, 32, 4, 7
2017/6/23, 58, 66, 76, 32, 4, 7
2017/6/24, 73, 36, 58, 29, 4, 7
2017/6/25, 62, 33, 49, 17, 4, 6
2017/6/26, 42, 49, 93, 24, 4, 7
2017/6/27, 64, 50, 90, 20, 4, 6
2017/6/28, 70, 54, 85, 11, 4, 7
2017/6/29, 77, 54, 80, 12, 4, 9
2017/6/30, 92, 78, 79, 14, 5, 15
2017/1/2, 112, 60, 30, 20, 13, 14
2017/1/3, 131, 71, 31, 36, 19, 15
2017/1/4, 134, 88, 30, 37, 15, 19
2017/1/5, 208, 80, 30, 31, 23, 18
2017/1/6, 176, 156, 22, 56, 34, 28
2017/1/7, 264, 163, 37, 50, 26, 27
2017/1/8, 309, 47, 34, 15, 10, 10
2017/1/9, 95, 43, 32, 8, 6, 9
2017/1/10, 63, 37, 33, 16, 8, 10
2017/1/11, 85, 32, 32, 13, 9, 9
2017/1/12, 76, 42, 31, 7, 5, 7
2017/1/13, 65, 26, 29, 11, 7, 7
2017/1/14, 61, 55, 33, 16, 9, 11
2017/1/15, 124, 99, 30, 28, 18, 18
2017/1/16, 194, 116, 36, 36, 15, 20
2017/1/17, 218, 108, 31, 26, 11, 17
2017/1/18, 197, 77, 29, 27, 11, 14
2017/1/19, 163, 65, 28, 23, 12, 12
2017/1/20, 147, 61, 29, 19, 14, 13
2017/1/21, 146, 80, 34, 25, 16, 14
2017/1/22, 163, 92, 38, 27, 14, 16
2017/1/23, 181, 92, 34, 33, 17, 19
2017/1/24, 191, 80, 43, 23, 18, 17
2017/1/25, 174, 79, 41, 8, 12, 12
2017/1/26, 132, 52, 39, 4, 6, 8
2017/1/27, 73, 80, 42, 11, 15, 13
2017/1/28, 163, 59, 43, 18, 22, 11
2017/1/29, 127, 56, 39, 11, 8, 12
2017/1/30, 124, 58, 43, 10, 11, 11
2017/1/31, 117, 38, 41, 4, 5, 9
2017/2/1, 73, 67, 46, 17, 8, 13
2017/2/2, 136, 100, 45, 33, 14, 24
2017/2/3, 196, 106, 51, 21, 17, 23
2017/2/4, 199, 85, 45, 15, 12, 14
2017/2/5, 152, 70, 40, 21, 11, 11
2017/2/6, 94, 74, 36, 29, 12, 15
2017/2/7, 155, 82, 39, 27, 9, 16
2017/2/8, 153, 48, 34, 21, 10, 11
2017/2/9, 111, 34, 32, 12, 7, 9
2017/2/10, 70, 68, 37, 12, 7, 10
2017/2/11, 99, 112, 55, 31, 15, 15
2017/2/12, 194, 100, 47, 36, 13, 16
2017/2/13, 182, 103, 56, 23, 9, 16
2017/2/14, 183, 64, 52, 15, 14, 13
2017/2/15, 149, 86, 72, 6, 5, 8
2017/2/16, 104, 40, 39, 9, 4, 8
2017/2/17, 60, 39, 39, 14, 8, 9
2017/2/18, 75, 54, 36, 10, 7, 10
2017/2/19, 99, 46, 41, 17, 8, 10
2017/2/20, 95, 59, 43, 19, 8, 12
2017/2/21, 135, 36, 39, 12, 9, 10
2017/2/22, 94, 42, 49, 20, 9, 9
2017/2/23, 92, 39, 51, 17, 13, 9
2017/2/24, 90, 38, 47, 15, 9, 9
2017/2/25, 86, 57, 31, 27, 7, 11
2017/2/26, 128, 47, 53, 15, 9, 10
2017/2/27, 119, 40, 47, 12, 8, 9
2017/2/28, 102, 26, 40, 10, 5, 8
2017/3/1, 60, 44, 40, 17, 8, 9
2017/3/2, 75, 46, 45, 26, 16, 11
2017/3/3, 98, 30, 40, 14, 13, 9
2017/3/4, 74, 59, 45, 23, 16, 11
2017/3/5, 117, 48, 43, 21, 9, 11
2017/3/6, 110, 28, 36, 8, 5, 9
2017/3/7, 68, 41, 43, 12, 5, 10
2017/3/8, 76, 53, 44, 17, 6, 11
2017/3/9, 98, 69, 47, 24, 7, 13
2017/3/10, 144, 75, 61, 21, 12, 14
2017/3/11, 145, 66, 45, 10, 4, 9
2017/3/12, 105, 41, 42, 20, 7, 10
2017/3/13, 85, 63, 43, 27, 11, 11
2017/3/14, 119, 60, 51, 16, 6, 12
2017/3/15, 127, 79, 74, 31, 8, 13
2017/3/16, 151, 113, 78, 38, 14, 19
2017/3/17, 202, 81, 71, 23, 6, 14
2017/3/18, 184, 63, 54, 19, 4, 9
2017/3/19, 109, 79, 43, 22, 4, 11
2017/3/20, 127, 76, 49, 23, 6, 10
2017/3/21, 145, 71, 47, 25, 11, 11
2017/3/22, 143, 81, 46, 28, 8, 11
2017/3/23, 137, 98, 57, 30, 6, 12
2017/3/24, 147, 84, 66, 34, 6, 11
2017/3/25, 157, 88, 63, 31, 5, 12
2017/3/26, 187, 95, 65, 35, 7, 12
2017/3/27, 216, 88, 59, 26, 6, 12
2017/3/28, 162, 77, 52, 13, 4, 9
2017/3/29, 112, 78, 59, 29, 8, 11
2017/3/30, 154, 162, 64, 30, 8, 14
2017/3/31, 187, 104, 72, 39, 8, 13
2016/10/1, 106, 60, 85, 21, 6, 9
2016/10/2, 133, 39, 82, 13, 3, 6
2016/10/3, 86, 25, 29, 19, 3, 5
2016/10/4, 60, 29, 29, 15, 6, 5
2016/10/5, 65, 43, 31, 17, 6, 7
2016/10/6, 81, 45, 24, 17, 7, 8
2016/10/7, 99, 16, 20, 11, 4, 5
2016/10/8, 52, 22, 27, 11, 6, 3
2016/10/9, 49, 34, 30, 17, 8, 4
2016/10/10, 72, 27, 32, 15, 7, 4
2016/10/11, 56, 45, 27, 20, 9, 5
2016/10/12, 71, 76, 26, 25, 7, 10
2016/10/13, 140, 65, 19, 19, 1, 11
2016/10/14, 155, 63, 68, 16, 6, 10
2016/10/15, 109, 53, 54, 12, 5, 10
2016/10/16, 127, 31, 42, 14, 1, 7
2016/10/17, 60, 53, 31, 26, 4, 9
2016/10/18, 98, 65, 26, 26, 3, 11
2016/10/19, 135, 33, 24, 21, 7, 8
2016/10/20, 59, 56, 28, 29, 9, 10
2016/10/21, 112, 47, 27, 21, 8, 9
2016/10/22, 93, 64, 28, 27, 4, 9
2016/10/23, 112, 72, 30, 33, 7, 10
2016/10/24, 127, 75, 30, 35, 8, 10
2016/10/25, 147, 46, 28, 17, 3, 8
2016/10/26, 86, 80, 36, 30, 7, 10
2016/10/27, 154, 67, 37, 21, 6, 8
2016/10/28, 143, 82, 27, 21, 6, 9
2016/10/29, 127, 95, 19, 28, 8, 12
2016/10/30, 186, 39, 21, 12, 5, 7
2016/10/31, 75, 47, 25, 20, 7, 7
2016/11/1, 81, 50, 25, 20, 7, 9
2016/11/2, 82, 76, 30, 25, 10, 9
2016/11/3, 145, 142, 29, 48, 14, 17
2016/11/4, 246, 151, 36, 35, 20, 14
2016/11/5, 243, 108, 30, 30, 28, 11
2016/11/6, 183, 86, 34, 24, 22, 12
2016/11/7, 173, 55, 30, 19, 7, 10
2016/11/8, 144, 59, 22, 25, 11, 12
2016/11/9, 131, 45, 21, 11, 6, 11
2016/11/10, 113, 47, 26, 12, 3, 11
2016/11/11, 109, 51, 26, 25, 12, 11
2016/11/12, 112, 55, 25, 15, 6, 13
2016/11/13, 133, 59, 31, 10, 5, 10
2016/11/14, 120, 57, 26, 19, 5, 11
2016/11/15, 117, 82, 22, 30, 17, 13
2016/11/16, 168, 99, 31, 28, 10, 13
2016/11/17, 185, 76, 24, 28, 20, 12
2016/11/18, 171, 57, 25, 21, 17, 9
2016/11/19, 146, 66, 26, 14, 6, 8
2016/11/20, 138, 52, 27, 14, 7, 8
2016/11/21, 140, 63, 29, 15, 7, 9
2016/11/22, 141, 59, 29, 22, 9, 10
2016/11/23, 147, 73, 28, 28, 12, 13
2016/11/24, 135, 58, 30, 24, 9, 11
2016/11/25, 107, 64, 20, 20, 12, 12
2016/11/26, 136, 54, 24, 21, 9, 9
2016/11/27, 126, 49, 27, 26, 15, 9
2016/11/28, 113, 49, 28, 22, 9, 10
2016/11/29, 125, 37, 24, 11, 8, 9
2016/11/30, 88, 35, 26, 13, 6, 7
2016/12/1, 68, 59, 24, 25, 13, 12
2016/12/2, 111, 76, 37, 19, 11, 14
2016/12/3, 163, 66, 35, 17, 20, 8
2016/12/4, 126, 44, 27, 21, 23, 8
2016/12/5, 97, 40, 21, 19, 13, 8
2016/12/6, 86, 92, 27, 26, 23, 12
2016/12/7, 168, 70, 17, 29, 23, 12
2016/12/8, 160, 78, 22, 24, 13, 13
2016/12/9, 168, 70, 25, 25, 11, 12
2016/12/10, 150, 79, 23, 21, 15, 14
2016/12/11, 160, 76, 22, 28, 10, 18
2016/12/12, 226, 77, 22, 25, 16, 13
2016/12/13, 149, 68, 25, 26, 12, 12
2016/12/14, 152, 78, 28, 26, 18, 12
2016/12/15, 162, 56, 21, 31, 22, 12
2016/12/16, 144, 82, 24, 32, 14, 18
2016/12/17, 167, 105, 29, 33, 13, 20
2016/12/18, 202, 121, 27, 27, 12, 21
2016/12/19, 223, 84, 28, 13, 14, 14
2016/12/20, 302, 76, 23, 29, 33, 15
2016/12/21, 191, 56, 14, 28, 38, 12
2016/12/22, 139, 42, 21, 21, 29, 10
2016/12/23, 101, 79, 32, 28, 18, 17
2016/12/24, 318, 68, 27, 20, 22, 14
2016/12/25, 159, 59, 25, 28, 20, 13
2016/12/26, 130, 100, 30, 34, 11, 18
2016/12/27, 184, 94, 29, 13, 16, 10
2016/12/28, 146, 67, 28, 25, 14, 11
2016/12/29, 138, 58, 26, 30, 22, 18
2016/12/30, 443, 86, 28, 28, 16, 20
2016/12/31, 187, , , , , 
2016/7/1, 34, 42, 50, 18, 3, 3
2016/7/2, 61, 31, 68, 10, 3, 2
2016/7/3, 50, 38, 56, 11, 3, 2
2016/7/4, 56, 37, 63, 11, 3, 2
2016/7/5, 53, 29, 69, 8, 3, 1
2016/7/6, 42, 49, 94, 10, 3, 3
2016/7/7, 78, 48, 83, 9, 3, 3
2016/7/8, 85, 57, 67, 11, 2, 4
2016/7/9, 107, 58, 70, 10, 1, 5
2016/7/10, 111, 60, 85, 6, 2, 5
2016/7/11, 116, 47, 74, 9, 2, 3
2016/7/12, 81, 21, 52, 10, 2, 2
2016/7/13, 50, 25, 44, 10, 2, 1
2016/7/14, 44, 37, 55, 15, 5, 2
2016/7/15, 50, 37, 36, 14, 2, 5
2016/7/16, 61, 44, 43, 14, 3, 5
2016/7/17, 85, 41, 53, 12, 4, 4
2016/7/18, 69, 51, 82, 7, 4, 6
2016/7/19, 98, 50, 74, 9, 3, 6
2016/7/20, 103, 39, 47, 9, 3, 6
2016/7/21, 79, 14, 36, 3, 3, 5
2016/7/22, 39, 28, 37, 4, 2, 6
2016/7/23, 90, 41, 44, 7, 3, 6
2016/7/24, 101, 28, 37, 15, 3, 5
2016/7/25, 58, 20, 77, 9, 4, 4
2016/7/26, 49, 33, 62, 11, 3, 5
2016/7/27, 60, 43, 50, 13, 2, 7
2016/7/28, 84, 24, 55, 8, 2, 6
2016/7/29, 61, 38, 66, 10, 2, 6
2016/7/30, 97, 50, 51, 16, 3, 7
2016/7/31, 104, 40, 68, 15, 2, 6
2016/8/1, 76, 65, 75, 18, 3, 6
2016/8/2, 102, 44, 62, 14, 3, 5
2016/8/3, 75, 51, 91, 11, 3, 6
2016/8/4, 101, 54, 75, 8, 3, 9
2016/8/5, 133, 56, 64, 10, 3, 8
2016/8/6, 121, 22, 45, 7, 5, 4
2016/8/7, 49, 38, 57, 14, 5, 5
2016/8/8, 54, 31, 54, 11, 4, 5
2016/8/9, 51, 45, 60, 7, 4, 7
2016/8/10, 98, 65, 67, 5, 3, 7
2016/8/11, 152, 60, 51, 9, 3, 8
2016/8/12, 129, 51, 64, 10, 3, 6
2016/8/13, 83, 47, 49, 13, 4, 4
2016/8/14, 53, 62, 37, 15, 4, 4
2016/8/15, 66, 46, 54, 15, 5, 4
2016/8/16, 59, 30, 65, 14, 4, 4
2016/8/17, 48, 38, 43, 17, 4, 5
2016/8/18, 62, 35, 51, 13, 3, 5
2016/8/19, 48, 63, 53, 21, 4, 6
2016/8/20, 72, 70, 55, 20, 5, 6
2016/8/21, 78, 66, 58, 21, 5, 5
2016/8/22, 67, 50, 59, 14, 4, 5
2016/8/23, 68, 50, 61, 11, 5, 9
2016/8/24, 78, 25, 40, 11, 4, 4
2016/8/25, 49, 34, 33, 15, 5, 4
2016/8/26, 62, 42, 49, 13, 3, 4
2016/8/27, 58, 76, 44, 18, 4, 5
2016/8/28, 85, 46, 38, 14, 4, 4
2016/8/29, 53, 25, 22, 9, 3, 4
2016/8/30, 31, 12, 13, 7, 2, 5
2016/8/31, 24, 16, 14, 6, 3, 5
2016/9/1, 32, 19, 34, 4, 3, 5
2016/9/2, 36, 32, 49, 9, 2, 6
2016/9/3, 65, 19, 41, 6, 2, 5
2016/9/4, 40, 27, 48, 7, 2, 6
2016/9/5, 59, 29, 47, 9, 3, 5
2016/9/6, 62, 41, 44, 10, 3, 7
2016/9/7, 105, 20, 41, 8, 5, 5
2016/9/8, 47, 20, 32, 13, 4, 4
2016/9/9, 48, 29, 39, 12, 4, 4
2016/9/10, 50, 36, 43, 14, 5, 4
2016/9/11, 61, 50, 32, 21, 6, 6
2016/9/12, 88, 39, 34, 15, 6, 4
2016/9/13, 66, 43, 51, 13, 5, 4
2016/9/14, 68, 33, 47, 7, 3, 6
2016/9/15, 66, 19, 37, 6, 2, 4
2016/9/16, 27, 32, 29, 14, 3, 5
2016/9/17, 71, 37, 31, 17, 3, 5
2016/9/18, 58, 62, 36, 18, 3, 5
2016/9/19, 73, 87, 25, 27, 4, 6
2016/9/20, 138, 56, 53, 20, 4, 4
2016/9/21, 96, 47, 49, 14, 5, 3
2016/9/22, 76, 41, 45, 11, 4, 4
2016/9/23, 88, 42, 63, 8, 3, 5
2016/9/24, 83, 49, 57, 13, 3, 6
2016/9/25, 132, 53, 43, 15, 2, 7
2016/9/26, 128, 30, 47, 11, 3, 5
2016/9/27, 74, 34, 28, 16, 6, 4
2016/9/28, 63, 38, 35, 17, 6, 4
2016/9/29, 63, 57, 44, 28, 6, 6
2016/9/30, 97, 60, 92, 17, 6, 8
2016/4/1, 157, 65, 54, 7, 5, 2
2016/4/2, 79, 56, 39, 9, 9, 3
2016/4/3, 96, 76, 50, 15, 12, 4
2016/4/4, 138, 51, 45, 12, 9, 2
2016/4/5, 95, 65, 79, 9, 12, 3
2016/4/6, 124, 143, 63, 6, 7, 2
2016/4/7, 103, 140, 47, 9, 8, 1
2016/4/8, 104, 52, 36, 10, 9, 2
2016/4/9, 94, 62, 40, 17, 7, 6
2016/4/10, 114, 58, 39, 18, 9, 6
2016/4/11, 113, 63, 45, 11, 9, 7
2016/4/12, 126, 46, 43, 11, 7, 8
2016/4/13, 99, 51, 49, 12, 4, 7
2016/4/14, 113, 52, 47, 10, 8, 7
2016/4/15, 102, 76, 49, 11, 8, 6
2016/4/16, 123, 53, 40, 12, 5, 5
2016/4/17, 80, 33, 45, 10, 6, 4
2016/4/18, 64, 49, 58, 11, 8, 4
2016/4/19, 75, 45, 56, 8, 7, 4
2016/4/20, 70, 74, 69, 8, 6, 5
2016/4/21, 81, 142, 48, 8, 5, 3
2016/4/22, 83, 51, 41, 9, 4, 4
2016/4/23, 56, 79, 55, 14, 7, 5
2016/4/24, 81, 61, 35, 12, 6, 6
2016/4/25, 77, 35, 40, 13, 3, 5
2016/4/26, 57, 60, 59, 22, 5, 6
2016/4/27, 93, 36, 64, 11, 6, 5
2016/4/28, 59, 58, 64, 19, 7, 4
2016/4/29, 72, 25, 51, 10, 2, 4
2016/4/30, 81, 66, 76, 11, 2, 7
2016/5/1, 134, 53, 61, 11, 3, 5
2016/5/2, 105, 17, 39, 9, 6, 3
2016/5/3, 59, 33, 45, 8, 4, 3
2016/5/4, 29, 48, 68, 12, 6, 4
2016/5/5, 81, 85, 55, 6, 4, 3
2016/5/6, 74, 32, 46, 9, 4, 3
2016/5/7, 60, 58, 64, 10, 4, 3
2016/5/8, 81, 73, 71, 13, 9, 4
2016/5/9, 83, 75, 78, 25, 7, 5
2016/5/10, 105, 76, 102, 14, 6, 5
2016/5/11, 103, 41, 86, 6, 4, 5
2016/5/12, 86, 43, 63, 8, 5, 4
2016/5/13, 73, 40, 57, 9, 7, 4
2016/5/14, 62, 31, 50, 9, 4, 4
2016/5/15, 73, 49, 45, 18, 6, 4
2016/5/16, 92, 56, 105, 14, 8, 5
2016/5/17, 84, 59, 113, 7, 9, 4
2016/5/18, 93, 54, 107, 9, 8, 4
2016/5/19, 108, 49, 101, 10, 8, 4
2016/5/20, 91, 55, 105, 13, 8, 4
2016/5/21, 89, 52, 61, 14, 7, 3
2016/5/22, 68, 64, 69, 22, 7, 5
2016/5/23, 100, 24, 70, 7, 4, 4
2016/5/24, 74, 32, 56, 8, 4, 3
2016/5/25, 59, 49, 47, 9, 6, 3
2016/5/26, 65, 73, 82, 10, 6, 3
2016/5/27, 89, 62, 112, 10, 8, 6
2016/5/28, 86, 48, 86, 8, 4, 3
2016/5/29, 94, 51, 50, 12, 5, 3
2016/5/30, 66, 41, 40, 11, 3, 3
2016/5/31, 67, 62, 57, 18, 4, 4
2016/6/1, 92, 55, 56, 21, 4, 4
2016/6/2, 84, 53, 119, 16, 8, 5
2016/6/3, 97, 52, 114, 14, 7, 3
2016/6/4, 104, 64, 113, 18, 10, 5
2016/6/5, 125, 53, 108, 15, 9, 3
2016/6/6, 80, 29, 81, 13, 7, 2
2016/6/7, 63, 46, 50, 19, 5, 2
2016/6/8, 78, 61, 86, 21, 6, 5
2016/6/9, 110, 51, 74, 14, 5, 5
2016/6/10, 112, 21, 56, 7, 4, 4
2016/6/11, 63, 24, 53, 14, 5, 3
2016/6/12, 58, 24, 55, 10, 6, 3
2016/6/13, 47, 45, 65, 20, 5, 4
2016/6/14, 65, 33, 58, 17, 6, 4
2016/6/15, 78, 41, 62, 19, 6, 4
2016/6/16, 73, 39, 62, 18, 6, 5
2016/6/17, 97, 36, 79, 9, 7, 5
2016/6/18, 121, 18, 71, 7, 6, 2
2016/6/19, 50, 27, 80, 9, 7, 2
2016/6/20, 60, 47, 82, 9, 5, 4
2016/6/21, 123, 46, 71, 10, 3, 5
2016/6/22, 128, 17, 55, 8, 3, 2
2016/6/23, 37, 24, 39, 11, 4, 1
2016/6/24, 38, 26, 37, 15, 4, 2
2016/6/25, 53, 33, 55, 15, 3, 1
2016/6/26, 54, 28, 69, 11, 2, 1
2016/6/27, 54, 57, 94, 11, 3, 3
2016/6/28, 116, 32, 82, 6, 2, 1
2016/6/29, 74, 25, 56, 7, 2, 3
2016/6/30, 107, 13, 32, 7, 2, 1
2016/1/4, 85, 67, 28, 13, 11, 8
2016/1/5, 139, 61, 35, 19, 12, 10
2016/1/6, 142, 65, 28, 25, 11, 11
2016/1/7, 170, 63, 29, 16, 9, 5
2016/1/8, 126, 59, 34, 18, 14, 4
2016/1/9, 119, 72, 37, 20, 9, 8
2016/1/10, 147, 75, 37, 18, 14, 8
2016/1/11, 146, 58, 34, 13, 14, 4
2016/1/12, 108, 51, 36, 13, 10, 5
2016/1/13, 100, 69, 36, 20, 12, 8
2016/1/14, 133, 106, 25, 32, 39, 14
2016/1/15, 181, 113, 25, 35, 49, 12
2016/1/16, 202, 91, 34, 27, 37, 10
2016/1/17, 172, 64, 33, 18, 8, 7
2016/1/18, 128, 62, 29, 12, 8, 7
2016/1/19, 140, 76, 30, 23, 9, 10
2016/1/20, 147, 118, 26, 28, 25, 16
2016/1/21, 189, 92, 33, 22, 16, 13
2016/1/22, 174, 74, 30, 18, 14, 8
2016/1/23, 150, 85, 30, 14, 9, 6
2016/1/24, 121, 96, 31, 19, 22, 6
2016/1/25, 125, 49, , 10, 14, 4
2016/1/26, 95, 59, 34, 15, 13, 6
2016/1/27, 106, 93, 25, 24, 28, 11
2016/1/28, 147, 65, 26, 20, 16, 9
2016/1/29, 146, 68, 29, 19, 8, 9
2016/1/30, 143, 56, 33, 16, 11, 7
2016/1/31, 129, 66, 35, 17, 9, 8
2016/2/1, 144, 81, 37, 21, 11, 11
2016/2/2, 168, 75, 37, 14, 14, 8
2016/2/3, 133, 56, 37, 6, 8, 3
2016/2/4, 78, 57, , 13, 7, 8
2016/2/5, 100, 61, 35, 13, 9, 8
2016/2/6, 135, 59, 33, 12, 19, 8
2016/2/7, 125, 81, 34, 11, 9, 8
2016/2/8, 163, 74, 37, 12, 4, 10
2016/2/9, 170, 53, 38, 8, 6, 7
2016/2/10, 101, 38, 43, 6, 5, 5
2016/2/11, 81, 47, 37, 10, 5, 7
2016/2/12, 105, 34, 30, 11, 19, 4
2016/2/13, 76, 33, 28, 7, 8, 4
2016/2/14, 70, 38, 34, 6, 7, 4
2016/2/15, 74, 32, 32, 8, 5, 4
2016/2/16, 65, 47, 33, 9, 9, 5
2016/2/17, 67, 41, 35, 11, 10, 7
2016/2/18, 87, 36, 35, 4, 7, 4
2016/2/19, 54, 40, 34, 5, 6, 3
2016/2/20, 58, 33, 32, 5, 6, 4
2016/2/21, 63, 49, 30, 11, 17, 6
2016/2/22, 100, 49, 35, 13, 10, 6
2016/2/23, 117, 46, 36, 13, 8, 6
2016/2/24, 100, 47, 35, 15, 7, 6
2016/2/25, 103, 38, 36, 11, 6, 3
2016/2/26, 82, 45, 34, 17, 14, 6
2016/2/27, 104, 57, 38, 17, 13, 7
2016/2/28, 126, 46, 39, 14, 17, 5
2016/2/29, 103, 49, 38, 10, 9, 5
2016/3/1, 86, 71, 31, 20, 19, 10
2016/3/2, 143, 51, 34, 14, 6, 7
2016/3/3, 126, 61, 40, 13, 7, 7
2016/3/4, 137, 210, 30, 11, 4, 6
2016/3/5, 167, 70, 30, 11, 5, 4
2016/3/6, 114, 39, 33, 16, 17, 4
2016/3/7, 92, 45, 33, 4, 7, 2
2016/3/8, 65, 33, 34, 5, 7, 3
2016/3/9, 67, 33, 33, 6, 8, 3
2016/3/10, 71, 33, 35, 11, 7, 3
2016/3/11, 78, 59, 40, 10, 11, 5
2016/3/12, 114, 37, 40, 8, 6, 2
2016/3/13, 69, 47, 43, 12, 8, 4
2016/3/14, 112, 80, 53, 16, 16, 9
2016/3/15, 160, 96, 67, 16, 14, 9
2016/3/16, 175, 73, 70, 9, 7, 6
2016/3/17, 150, 72, 70, 9, 6, 6
2016/3/18, 126, 47, 50, 18, 14, 5
2016/3/19, 110, 79, 66, 22, 11, 10
2016/3/20, 199, 92, 79, 18, 15, 9
2016/3/21, 199, 50, 48, 14, 15, 5
2016/3/22, 106, 59, 43, 12, 12, 5
2016/3/23, 118, 53, 41, 19, 13, 6
2016/3/24, 150, 83, 62, 24, 9, 8
2016/3/25, 192, 89, 67, 24, 13, 7
2016/3/26, 190, 86, 66, 23, 14, 7
2016/3/27, 196, 263, 52, 11, 8, 6
2016/3/28, 169, 88, 50, 7, 5, 4
2016/3/29, 140, 61, 45, 9, 10, 5
2016/3/30, 139, 249, 73, 11, 14, 8
2016/3/31, 171, 118, 68, 7, 8, 5
2015/10/1, 50, 54, 32, 5, 4, 1
2015/10/2, 28, 40, 30, 7, 7, 1
2015/10/3, 34, 49, 37, 18, 10, 2
2015/10/4, 68, 75, 84, 11, 8, 5
2015/10/5, 122, 91, 98, 14, 7, 8
2015/10/6, 158, 74, 93, 9, 5, 6
2015/10/7, 157, 76, 81, 12, 2, 3
2015/10/8, 77, 60, 38, 15, 3, 4
2015/10/9, 77, 81, 33, 16, 4, 3
2015/10/10, 83, 36, 22, 13, 3, 3
2015/10/11, 63, 29, 27, 12, 3, 3
2015/10/12, 56, 53, 24, 18, 2, 4
2015/10/13, 69, 80, 36, 20, 3, 7
2015/10/14, 137, 117, 96, 24, 12, 12
2015/10/15, 194, 87, 82, 18, 8, 10
2015/10/16, 150, 86, 80, 14, 7, 9
2015/10/17, 154, 33, 48, 10, 2, 2
2015/10/18, 53, 102, 37, 21, 7, 7
2015/10/19, 176, 146, 33, 25, 11, 7
2015/10/20, 144, 274, 39, 29, 9, 13
2015/10/21, 280, 169, 29, 33, 11, 12
2015/10/22, 226, 80, 45, 20, 10, 8
2015/10/23, 150, 65, 34, 13, 6, 4
2015/10/24, 83, 233, 102, 36, 14, 21
2015/10/25, 277, 214, 60, 28, 18, 13
2015/10/26, 271, 66, 28, 5, 8, 4
2015/10/27, 56, 54, 25, 8, 9, 5
2015/10/28, 74, 61, 26, 14, 10, 7
2015/10/29, 159, 113, 29, 21, 8, 9
2015/10/30, 202, 122, 37, 26, 14, 9
2015/10/31, 201, 103, 39, 24, 11, 9
2015/11/1, 186, 190, 43, 39, 11, 26
2015/11/2, 291, 218, 51, 26, 11, 30
2015/11/3, 285, 121, 58, 17, 9, 19
2015/11/4, 177, 82, 43, 17, 10, 17
2015/11/5, 132, 170, 43, 34, 22, 18
2015/11/6, 287, 195, 35, 36, 27, 8
2015/11/7, 297, 280, 21, 44, 32, 11
2015/11/8, 467, 250, 28, 30, 3, 7
2015/11/9, 425, 69, , 19, 12, 5
2015/11/10, 155, 59, 38, 12, 5, 4
2015/11/11, 155, 66, 34, 15, 5, 7
2015/11/12, 159, 57, 38, 11, 6, 7
2015/11/13, 134, 50, 37, 12, 6, 6
2015/11/14, 102, 53, 28, 12, 7, 5
2015/11/15, 106, 58, 17, 16, 21, 4
2015/11/16, 105, 66, 24, 16, 21, 4
2015/11/17, 141, 52, 24, 15, 25, 3
2015/11/18, 117, 52, 19, 16, 26, 3
2015/11/19, 119, 78, 24, 27, 32, 9
2015/11/20, 180, 109, 32, 29, 14, 10
2015/11/21, 202, 78, 24, 25, 26, 8
2015/11/22, 152, 49, 21, 14, 27, 3
2015/11/23, 96, 60, 22, 21, 29, 5
2015/11/24, 119, 56, 23, 20, 39, 4
2015/11/25, 111, 65, 27, 22, 37, 5
2015/11/26, 133, 70, 31, 20, 17, 6
2015/11/27, 141, 83, 30, 23, 13, 7
2015/11/28, 165, 81, 27, 24, 23, 9
2015/11/29, 167, 69, 27, 15, 9, 6
2015/11/30, 152, 57, 31, 11, 9, 6
2015/12/1, 131, 66, 31, 16, 4, 8
2015/12/2, 131, 64, 29, 12, 9, 5
2015/12/3, 113, 46, 31, 12, 13, 4
2015/12/4, 85, 34, 33, 11, 7, 4
2015/12/5, 82, 59, 31, 25, 25, 7
2015/12/6, 131, 89, 40, 30, 25, 12
2015/12/7, 185, 84, 36, 19, 28, 11
2015/12/8, 176, 79, 27, 18, 17, 11
2015/12/9, 165, 60, 26, 16, 9, 10
2015/12/10, 139, 71, 23, 28, 44, 9
2015/12/11, 154, 90, 25, 26, 18, 12
2015/12/12, 193, 188, 21, 46, 32, 23
2015/12/13, 296, 135, 20, 30, 22, 17
2015/12/14, 246, 54, 28, 15, 13, 6
2015/12/15, 111, 40, 27, 11, 9, 5
2015/12/16, 87, 50, 24, 18, 14, 6
2015/12/17, 108, 70, , 25, 21, 9
2015/12/18, 141, 53, 29, 15, 9, 5
2015/12/19, 129, 50, 29, 11, 13, 5
2015/12/20, 116, 96, 26, 22, 10, 11
2015/12/21, 189, 117, 22, 28, 26, 13
2015/12/22, 210, 115, 26, 27, 17, 15
2015/12/23, 199, 89, 30, 24, 13, 9
2015/12/24, 177, 57, 24, 23, 22, 7
2015/12/25, 132, 84, 26, 22, 29, 8
2015/12/26, 164, 66, 27, 18, 17, 6
2015/12/27, 143, 80, 30, 23, 27, 7
2015/12/28, 156, 93, 31, 28, 23, 12
2015/12/29, 182, 276, 21, 50, 35, 30
2015/12/30, 342, 204, 40, 31, 13, 23
2015/12/31, 300, , , , , 
2015/7/1, 39, 29, 40, 14, 3, 3
2015/7/2, 53, 31, 41, 18, 4, 4
2015/7/3, 65, 30, 50, 12, 3, 4
2015/7/4, 59, 42, 66, 17, 3, 4
2015/7/5, 69, 67, 94, 18, 4, 5
2015/7/6, 96, 61, 92, 18, 2, 5
2015/7/7, 89, 75, 89, 24, 3, 5
2015/7/8, 97, 86, 89, 20, 3, 5
2015/7/9, 95, 67, 110, 13, 4, 6
2015/7/10, 82, 58, 91, 9, 3, 7
2015/7/11, 86, 82, 93, 11, 4, 7
2015/7/12, 137, 38, 68, 9, 2, 5
2015/7/13, 62, 30, 46, 10, 2, 4
2015/7/14, 42, 28, 43, 11, 2, 3
2015/7/15, 37, 30, 51, 11, 4, 3
2015/7/16, 43, 46, 63, 13, 4, 4
2015/7/17, 56, 72, 104, 23, 5, 5
2015/7/18, 83, 73, 95, 17, 4, 5
2015/7/19, 94, 78, 86, 19, 4, 6
2015/7/20, 102, 64, 61, 12, 3, 5
2015/7/21, 92, 67, 73, 7, 3, 7
2015/7/22, 124, 72, 83, 6, 2, 7
2015/7/23, 131, 71, 133, 7, 2, 7
2015/7/24, 136, 64, 62, 6, 3, 7
2015/7/25, 101, 60, 72, 6, 3, 7
2015/7/26, 102, 61, 67, 10, 2, 5
2015/7/27, 87, 88, 77, 9, 3, 7
2015/7/28, 126, 28, 94, 7, 1, 4
2015/7/29, 49, 32, 63, 11, 2, 4
2015/7/30, 48, 40, 68, 16, 3, 5
2015/7/31, 57, 48, 53, 12, 1, 4
2015/8/1, 49, 35, 47, 5, 1, 4
2015/8/2, 63, 52, 60, 5, 2, 6
2015/8/3, 75, 52, 63, 5, 2, 5
2015/8/4, 67, 34, 72, 9, 3, 5
2015/8/5, 51, 26, 48, 7, 2, 4
2015/8/6, 51, 20, 44, 4, 2, 4
2015/8/7, 39, 34, 64, 5, 3, 5
2015/8/8, 68, 27, 46, 6, 1, 4
2015/8/9, 47, 35, 43, 11, 2, 4
2015/8/10, 74, 36, 42, 13, 3, 4
2015/8/11, 40, 35, 59, 10, 4, 4
2015/8/12, 60, 46, 65, 13, 4, 4
2015/8/13, 59, 38, 67, 8, 3, 4
2015/8/14, 54, 41, 57, 8, 2, 6
2015/8/15, 72, 42, 65, 9, 2, 6
2015/8/16, 64, 67, 87, 8, 4, 9
2015/8/17, 145, 60, 80, 8, 4, 8
2015/8/18, 124, 50, 67, 6, 3, 7
2015/8/19, 106, 24, 60, 7, 2, 5
2015/8/20, 59, 31, 60, 14, 3, 6
2015/8/21, 64, 39, 52, 15, 3, 7
2015/8/22, 77, 43, 53, 15, 3, 7
2015/8/23, 88, 49, 56, 15, 4, 7
2015/8/24, 77, 29, 45, 8, 4, 5
2015/8/25, 39, 41, 31, 16, 5, 6
2015/8/26, 51, 26, 32, 11, 3, 5
2015/8/27, 48, 16, 28, 6, 3, 5
2015/8/28, 25, 24, 34, 8, 3, 5
2015/8/29, 41, 22, 35, 10, 2, 4
2015/8/30, 46, 26, 41, 12, 2, 4
2015/8/31, 43, 53, 49, 21, 3, 7
2015/9/1, 80, 45, 49, 17, 4, 5
2015/9/2, 75, 29, 41, 13, 3, 4
2015/9/3, 53, 46, 39, 15, 3, 4
2015/9/4, 62, 36, 36, 13, 2, 3
2015/9/5, 47, 52, 43, 21, 4, 4
2015/9/6, 66, 42, 48, 13, 1, 4
2015/9/7, 61, 47, 91, 10, 3, 6
2015/9/8, 68, 47, 61, 14, 4, 6
2015/9/9, 80, 38, 38, 16, 4, 4
2015/9/10, 46, 48, 33, 17, 3, 4
2015/9/11, 51, 70, 29, 16, 2, 4
2015/9/12, 68, 50, 39, 16, 3, 4
2015/9/13, 58, 60, 73, 15, 4, 7
2015/9/14, 78, 66, , 19, 5, 7
2015/9/15, 88, 71, 81, 19, 3, 8
2015/9/16, 105, 74, 80, 22, 3, 7
2015/9/17, 100, 92, 93, 23, 4, 8
2015/9/18, 127, 34, 60, 11, 1, 4
2015/9/19, 72, 47, 40, 18, 3, 4
2015/9/20, 58, 53, 73, 17, 6, 7
2015/9/21, 84, 56, 74, 10, 4, 5
2015/9/22, 77, 29, 45, 11, 3, 5
2015/9/23, 57, 37, 31, 21, 3, 5
2015/9/24, 76, 31, 33, 15, 3, 4
2015/9/25, 57, 34, 30, 14, 5, 3
2015/9/26, 53, 27, 27, 14, 5, 3
2015/9/27, 43, 47, 28, 15, 5, 3
2015/9/28, 50, 58, 33, 18, 4, 4
2015/9/29, 69, 58, 43, 13, 5, 4
2015/9/30, 91, 28, 32, 7, 3, 2
2015/4/1, 168, 85, 47, 16, 11, 16
2015/4/2, 147, 46, 44, 12, 5, 14
2015/4/3, 120, 36, 45, 9, 3, 15
2015/4/4, 91, 56, 36, 10, 3, 15
2015/4/5, 147, 31, 35, 6, 6, 13
2015/4/6, 72, 34, 37, 5, 7, 16
2015/4/7, 66, 53, 41, 7, 8, 3
2015/4/8, 98, 73, 47, 9, 12, 5
2015/4/9, 152, 33, 44, 10, 5, 2
2015/4/10, 76, 62, 45, 12, 7, 3
2015/4/11, 135, 58, 43, 13, 7, 4
2015/4/12, 127, 87, 61, 22, 7, 5
2015/4/13, 170, 80, 52, 16, 7, 5
2015/4/14, 153, 121, 67, 17, 7, 6
2015/4/15, 175, 178, 61, 6, 2, 3
2015/4/16, 115, 102, 41, 10, 5, 6
2015/4/17, 136, 77, 48, 14, 6, 6
2015/4/18, 140, 95, 49, 8, 3, 4
2015/4/19, 127, 110, 49, 13, 3, 4
2015/4/20, 154, 68, 46, 14, 3, 3
2015/4/21, 116, 65, 47, 11, 4, 3
2015/4/22, 104, 103, 45, 6, 3, 3
2015/4/23, 109, 50, 38, 7, 1, 2
2015/4/24, 77, 93, 64, 9, 6, 5
2015/4/25, 119, 114, 93, 10, 10, 11
2015/4/26, 151, 80, 106, 6, 8, 9
2015/4/27, 129, 74, 94, 16, 3, 8
2015/4/28, 115, 91, 85, 18, 4, 9
2015/4/29, 126, 68, 78, 11, 9, 8
2015/4/30, 105, 85, 80, 8, 6, 8
2015/5/1, 116, 52, 63, 11, 4, 7
2015/5/2, 107, 66, 53, 6, 2, 6
2015/5/3, 83, 138, 45, 6, 5, 4
2015/5/4, 87, 484, 36, 6, 7, 5
2015/5/5, 159, 184, 33, 8, 8, 3
2015/5/6, 142, 176, 38, 8, 10, 2
2015/5/7, 127, 27, 34, 5, 6, 2
2015/5/8, 58, 31, 34, 13, 2, 2
2015/5/9, 64, 79, 47, 14, 3, 3
2015/5/10, 102, 53, 46, 16, 4, 5
2015/5/11, 138, 14, 39, 8, 2, 4
2015/5/12, 43, 14, 48, 7, 2, 4
2015/5/13, 34, 31, 57, 15, 3, 5
2015/5/14, 83, 40, 75, 11, 2, 3
2015/5/15, 84, 50, 81, 9, 4, 3
2015/5/16, 99, 49, 46, 12, 2, 7
2015/5/17, 110, 46, 70, 7, 3, 8
2015/5/18, 98, 26, 58, 8, 6, 4
2015/5/19, 45, 31, 48, 14, 7, 4
2015/5/20, 70, 46, 50, 13, 9, 5
2015/5/21, 80, 63, 58, 13, 9, 6
2015/5/22, 109, 67, 98, 8, 7, 6
2015/5/23, 112, 59, 96, 9, 8, 7
2015/5/24, 127, 76, 117, 11, 9, 9
2015/5/25, 154, 79, 109, 19, 6, 9
2015/5/26, 155, 43, 87, 10, 4, 6
2015/5/27, 86, 64, 91, 14, 8, 6
2015/5/28, 110, 50, 62, 13, 8, 6
2015/5/29, 103, 26, 41, 12, 6, 5
2015/5/30, 43, 97, 80, 14, 7, 6
2015/5/31, 113, 84, 68, 9, 3, 5
2015/6/1, 112, 44, 62, 25, 1, 5
2015/6/2, 71, 22, 39, 16, 2, 4
2015/6/3, 40, 54, 73, 20, 5, 5
2015/6/4, 72, 29, 62, 9, 2, 4
2015/6/5, 60, 34, 47, 16, 1, 6
2015/6/6, 83, 24, 43, 6, 2, 5
2015/6/7, 45, 24, 42, 16, 2, 3
2015/6/8, 57, 36, 46, 20, 4, 3
2015/6/9, 57, 49, 55, 20, 5, 5
2015/6/10, 111, 37, 52, 12, 3, 4
2015/6/11, 82, 20, 60, 7, 1, 4
2015/6/12, 51, 30, 70, 16, 2, 4
2015/6/13, 61, 57, 72, 23, 4, 5
2015/6/14, 92, 56, 83, 28, 3, 5
2015/6/15, 91, 62, 112, 30, 4, 5
2015/6/16, 107, 82, 114, 38, 6, 7
2015/6/17, 120, 40, 73, 21, 3, 5
2015/6/18, 64, 41, 75, 19, 3, 4
2015/6/19, 63, 48, 79, 25, 5, 4
2015/6/20, 66, 46, 91, 22, 4, 4
2015/6/21, 69, 57, 111, 11, 6, 6
2015/6/22, 97, 56, 100, 13, 5, 4
2015/6/23, 87, 60, 113, 14, 4, 6
2015/6/24, 115, 67, 105, 15, 5, 8
2015/6/25, 120, 83, 51, 18, 4, 8
2015/6/26, 140, 80, 95, 16, 4, 7
2015/6/27, 135, 83, 95, 15, 5, 8
2015/6/28, 133, 30, 62, 9, 2, 4
2015/6/29, 45, 29, 44, 12, 2, 3
2015/6/30, 42, 21, 41, 11, 2, 3
2015/1/1, 152, 65, , 13, 14, 7
2015/1/2, 152, 53, , 10, 16, 6
2015/1/3, 110, 109, , 27, 15, 14
2015/1/4, 217, 95, , 13, 15, 8
2015/1/5, 112, 54, , 10, 13, 5
2015/1/6, 76, 83, 29, 26, 24, 11
2015/1/7, 159, 102, 24, 26, 18, 16
2015/1/8, 188, 105, 22, 34, 30, 16
2015/1/9, 199, 111, 25, 36, 47, 17
2015/1/10, 207, 105, 36, 26, 21, 9
2015/1/11, 214, 103, 38, 19, 9, 11
2015/1/12, 211, 73, 34, 17, 19, 8
2015/1/13, 173, 162, 28, 41, 52, 17
2015/1/14, 274, 82, 28, 30, 53, 8
2015/1/15, 161, 63, , 20, 35, 4
2015/1/16, 146, 60, 30, 10, 6, 5
2015/1/17, 125, 57, 25, 12, 14, 7
2015/1/18, 134, 86, 31, 20, 14, 11
2015/1/19, 204, 82, 33, 13, 12, 10
2015/1/20, 182, 132, 31, 33, 23, 16
2015/1/21, 272, 189, 36, 26, 15, 19
2015/1/22, 300, 106, 36, 18, 22, 15
2015/1/23, 203, 124, 42, 21, 16, 16
2015/1/24, 277, 139, 39, 17, 25, 16
2015/1/25, 237, 76, 31, 11, 19, 8
2015/1/26, 124, 63, 37, 12, 9, 6
2015/1/27, 129, 97, 35, 21, 10, 14
2015/1/28, 214, 76, 34, 14, 22, 10
2015/1/29, 152, 73, 38, 13, 12, 7
2015/1/30, 130, 74, 34, 21, 14, 10
2015/1/31, 167, 97, , 27, 21, 13
2015/2/1, 200, 112, 42, 31, 17, 16
2015/2/2, 239, 157, 72, 42, 28, 22
2015/2/3, 281, 152, 48, 34, 26, 17
2015/2/4, 268, 69, 37, 20, 12, 9
2015/2/5, 148, 66, 38, 16, 19, 10
2015/2/6, 132, 64, 30, 6, 5, 6
2015/2/7, 57, 46, 30, 13, 9, 5
2015/2/8, 87, 60, 36, 16, 12, 5
2015/2/9, 129, 67, 39, 19, 10, 7
2015/2/10, 145, 83, 43, 20, 8, 9
2015/2/11, 157, 35, 34, 12, 11, 4
2015/2/12, 77, 61, 38, 15, 12, 6
2015/2/13, 133, 85, 42, 24, 31, 11
2015/2/14, 176, 94, 62, 26, 35, 11
2015/2/15, 195, 146, 48, 30, 34, 19
2015/2/16, 273, 66, 33, 15, 23, 6
2015/2/17, 161, 44, 36, 8, 15, 5
2015/2/18, 124, 184, 43, 9, 11, 12
2015/2/19, 283, 42, 43, 2, 8, 5
2015/2/20, 112, 21, 38, 2, 2, 5
2015/2/21, 73, 245, 34, 1, 2, 5
2015/2/22, 162, 44, 32, 4, 4, 7
2015/2/23, 90, 77, 35, 16, 23, 12
2015/2/24, 155, 66, 37, 21, 39, 8
2015/2/25, 153, 56, 39, 11, 12, 3
2015/2/26, 137, 60, 45, 10, 8, 4
2015/2/27, 144, 48, 41, 7, 9, 4
2015/2/28, 102, 48, , 10, 9, 5
2015/3/1, 114, 51, 38, 17, 6, 6
2015/3/2, 129, 41, 42, 8, 7, 4
2015/3/3, 106, 44, 37, 12, 8, 5
2015/3/4, 113, 55, 42, 12, 8, 6
2015/3/5, 127, 63, 41, 8, 13, 6
2015/3/6, 139, 82, 42, 15, 15, 8
2015/3/7, 174, 57, 37, 19, 21, 7
2015/3/8, 129, 54, 81, 7, 10, 3
2015/3/9, 70, 50, 44, 17, 10, 4
2015/3/10, 114, 45, 40, 16, 9, 3
2015/3/11, 97, 44, 38, 11, 7, 2
2015/3/12, 86, 50, 38, 15, 5, 5
2015/3/13, 121, 50, 40, 14, 8, 4
2015/3/14, 111, 101, 36, 11, 11, 5
2015/3/15, 135, 102, 35, 12, 7, 6
2015/3/16, 152, 66, 40, 14, 6, 6
2015/3/17, 115, 50, 44, 11, 6, 6
2015/3/18, 112, 58, 48, 15, 6, 5
2015/3/19, 110, 55, 47, 13, 14, 4
2015/3/20, 115, 63, 40, 11, 8, 4
2015/3/21, 106, 92, 36, 7, 5, 3
2015/3/22, 69, 48, 34, 10, 10, 3
2015/3/23, 74, 97, 42, 16, 8, 6
2015/3/24, 155, 74, 48, 11, 10, 8
2015/3/25, 138, 136, 76, 12, 14, 11
2015/3/26, 173, 142, 76, 11, 12, 12
2015/3/27, 161, 118, 60, 14, 10, 14
2015/3/28, 174, 106, 61, 15, 4, 14
2015/3/29, 164, 174, 76, 13, 10, 16
2015/3/30, 184, 66, 58, 13, 9, 13
2015/3/31, 121, 79, 67, 18, 8, 15
2014/10/1, 87, 52, , 20, 3, 6
2014/10/2, 102, 86, , 21, 5, 7
2014/10/3, 115, 128, , 20, 3, 8
2014/10/4, 130, 181, , 25, 7, 9
2014/10/5, 167, 119, , 23, 5, 8
2014/10/6, 151, 120, , 21, 5, 9
2014/10/7, 149, 155, , 21, 11, 14
2014/10/8, 215, 96, , 14, 6, 11
2014/10/9, 165, 87, , 21, 7, 9
2014/10/10, 140, 145, , 21, 7, 10
2014/10/11, 203, 51, , 8, 4, 4
2014/10/12, 54, 176, , 22, 5, 9
2014/10/13, 146, 310, , 32, 11, 15
2014/10/14, 314, 187, , 21, 9, 10
2014/10/15, 241, 83, , 13, 3, 5
2014/10/16, 123, 148, , 26, 6, 10
2014/10/17, 199, 299, , 31, 9, 19
2014/10/18, 301, 114, , 8, 8, 9
2014/10/19, 169, 64, , 11, 8, 7
2014/10/20, 108, 114, , 30, 13, 7
2014/10/21, 196, 339, , 49, 11, 17
2014/10/22, 406, 215, , 27, 12, 14
2014/10/23, 301, 138, , 20, 9, 13
2014/10/24, 229, 289, , 23, 6, 18
2014/10/25, 319, 149, , 12, 3, 8
2014/10/26, 127, 112, , 21, 5, 10
2014/10/27, 169, 276, , 29, 7, 17
2014/10/28, 336, 284, , 35, 15, 23
2014/10/29, 336, 379, , 38, 23, 31
2014/10/30, 455, 205, , 29, 28, 18
2014/10/31, 302, 282, , 28, 8, 19
2014/11/1, 310, 101, , 18, 6, 13
2014/11/2, 154, 82, , 19, 8, 14
2014/11/3, 141, 110, , 18, 14, 16
2014/11/4, 158, 90, , 12, 12, 16
2014/11/5, 149, 50, , 14, 8, 14
2014/11/6, 101, 91, , 18, 8, 17
2014/11/7, 154, 100, , 19, 11, 17
2014/11/8, 168, 108, , 24, 19, 21
2014/11/9, 184, 114, , 25, 14, 24
2014/11/10, 182, 101, , 16, 10, 22
2014/11/11, 172, 63, , 7, 5, 16
2014/11/12, 72, 36, , 3, 4, 16
2014/11/13, 55, 70, , 14, 13, 9
2014/11/14, 159, 101, , 22, 19, 5
2014/11/15, 170, 112, , 32, 30, 8
2014/11/16, 179, 118, , 25, 13, 8
2014/11/17, 195, 126, , 21, 15, 9
2014/11/18, 186, 113, , 18, 15, 10
2014/11/19, 181, 82, , 10, 13, 7
2014/11/20, 161, 80, , 10, 7, 7
2014/11/21, 120, 62, , 19, 14, 12
2014/11/22, 105, 90, , 19, 17, 15
2014/11/23, 155, 69, , 22, 29, 10
2014/11/24, 135, 91, , 16, 10, 7
2014/11/25, 172, 79, , 9, 11, 6
2014/11/26, 139, 62, , 12, 7, 4
2014/11/27, 89, 94, , 23, 29, 9
2014/11/28, 154, 120, , 16, 11, 11
2014/11/29, 192, 96, , 16, 12, 11
2014/11/30, 187, 49, , 5, 5, 4
2014/12/1, 49, 44, , 2, 4, 4
2014/12/2, 45, 71, , 3, 7, 2
2014/12/3, 62, 48, , 7, 10, 4
2014/12/4, 95, 47, , 9, 10, 5
2014/12/5, 97, 46, , 14, 11, 6
2014/12/6, 105, 65, , 13, 10, 8
2014/12/7, 146, 78, , 18, 16, 11
2014/12/8, 159, 79, , 12, 14, 11
2014/12/9, 166, 72, , 11, 14, 9
2014/12/10, 155, 50, , 11, 9, 5
2014/12/11, 116, 66, , 19, 27, 8
2014/12/12, 151, 67, , 17, 13, 8
2014/12/13, 160, 78, , 22, 24, 10
2014/12/14, 173, 92, , 21, 28, 12
2014/12/15, 191, 97, , 20, 21, 10
2014/12/16, 198, 128, , 23, 13, 14
2014/12/17, 246, 74, , 12, 11, 9
2014/12/18, 162, 66, , 13, 19, 8
2014/12/19, 144, 89, , 25, 27, 11
2014/12/20, 189, 84, , 17, 15, 10
2014/12/21, 171, 62, , 14, 14, 9
2014/12/22, 144, 75, , 17, 25, 10
2014/12/23, 159, 93, , 20, 22, 10
2014/12/24, 189, 67, , 14, 16, 7
2014/12/25, 148, 69, , 21, 25, 10
2014/12/26, 167, 66, , 13, 21, 10
2014/12/27, 154, 80, , 20, 23, 12
2014/12/28, 168, , , , , 
2014/7/1, 104, 68, , 10, 1, 9
2014/7/2, 131, 78, , 14, 1, 8
2014/7/3, 142, 114, , 7, 7, 8
2014/7/4, 167, 96, , 8, 1, 7
2014/7/5, 146, 65, , 7, 2, 5
2014/7/6, 106, 51, , 14, 1, 2
2014/7/7, 75, 53, , 10, 2, 3
2014/7/8, 92, 56, , 10, 1, 3
2014/7/9, 85, 38, , 13, 1, 6
2014/7/10, 57, 23, , 10, 1, 5
2014/7/11, 45, 34, , 13, 1, 5
2014/7/12, 53, 43, , 14, 1, 5
2014/7/13, 65, 38, , 14, 6, 5
2014/7/14, 57, 62, , 9, 1, 6
2014/7/15, 109, 55, , 11, 4, 6
2014/7/16, 105, 43, , 5, 1, 5
2014/7/17, 72, 79, , 8, 1, 7
2014/7/18, 119, 92, , 5, , 7
2014/7/19, 131, 118, , 3, 1, 8
2014/7/20, 160, 59, , 3, 1, 5
2014/7/21, 106, 38, , 4, 6, 5
2014/7/22, 64, 54, , 5, 3, 5
2014/7/23, 69, 75, , 13, 3, 6
2014/7/24, 115, 137, , 16, 2, 10
2014/7/25, 192, 125, , 11, 3, 10
2014/7/26, 204, 103, , 7, 2, 8
2014/7/27, 163, 86, , 6, 3, 8
2014/7/28, 164, 79, , 3, 2, 7
2014/7/29, 144, 62, , 3, 2, 6
2014/7/30, 117, 69, , 8, 5, 7
2014/7/31, 105, 64, , 8, 2, 6
2014/8/1, 98, 70, , 8, 2, 7
2014/8/2, 96, 66, , 9, 2, 6
2014/8/3, 102, 44, , 12, 3, 5
2014/8/4, 65, 37, , 9, 4, 5
2014/8/5, 59, 48, , 11, 2, 4
2014/8/6, 68, 69, , 16, 5, 5
2014/8/7, 118, 72, , 14, 2, 5
2014/8/8, 112, 72, , 12, 3, 5
2014/8/9, 86, 63, , 11, 2, 5
2014/8/10, 91, 61, , 17, 6, 7
2014/8/11, 102, 69, , 13, 2, 4
2014/8/12, 87, 59, , 14, 3, 3
2014/8/13, 76, 63, , 18, 2, 4
2014/8/14, 79, 49, , 10, 2, 5
2014/8/15, 108, 48, , 8, 2, 5
2014/8/16, 89, 59, , 12, 2, 6
2014/8/17, 97, 58, , 8, 3, 7
2014/8/18, 129, , , , , 
2014/8/21, 94, 72, , 9, 7, 8
2014/8/22, 126, 75, , 8, 3, 5
2014/8/23, 108, 56, , 9, 2, 5
2014/8/24, 109, 49, , 9, 1, 4
2014/8/25, 78, 40, , 9, 6, 3
2014/8/26, 54, 41, , 10, 4, 4
2014/8/27, 74, 80, , 16, 3, 7
2014/8/28, 119, 101, , 20, 4, 8
2014/8/29, 129, 66, , 15, 3, 5
2014/8/30, 97, 84, , 20, 3, 6
2014/8/31, 127, 64, , 16, 3, 6
2014/9/1, 115, 58, , 13, 3, 5
2014/9/2, 99, 31, , 8, 5, 5
2014/9/3, 54, 30, , 9, 1, 4
2014/9/4, 50, 28, , 9, 1, 4
2014/9/5, 53, 52, , 13, 3, 5
2014/9/6, 68, 81, , 10, 4, 7
2014/9/7, 102, 56, , 4, 2, 5
2014/9/8, 74, 45, , 10, 3, 4
2014/9/9, 49, 63, , 12, 3, 5
2014/9/10, 74, 83, , 16, 6, 7
2014/9/11, 103, 231, , 19, 3, 5
2014/9/12, 119, 161, , 16, 2, 4
2014/9/13, 98, 63, , 12, 3, 4
2014/9/14, 69, 60, , 11, 3, 3
2014/9/15, 97, 54, , 13, 3, 4
2014/9/16, 68, 52, , 18, 4, 5
2014/9/17, 94, 76, , 27, 8, 8
2014/9/18, 142, 66, , 16, 3, 4
2014/9/19, 95, 68, , 16, 4, 5
2014/9/20, 90, 63, , 20, 2, 6
2014/9/21, 96, 93, , 19, 1, 6
2014/9/22, 114, 120, , 25, 4, 7
2014/9/23, 137, 38, , 16, 3, 4
2014/9/24, 67, 68, , 18, 4, 5
2014/9/25, 87, 54, , 11, 3, 4
2014/9/26, 74, 41, , 10, 1, 5
2014/9/27, 70, 55, , 17, 4, 5
2014/9/28, 76, 31, , 9, 2, 3
2014/9/29, 50, 47, , 13, 2, 4
2014/9/30, 64, 47, , 16, 2, 5
2014/4/1, 247, 69, , 13, 14, 5
2014/4/2, 136, 48, , 14, 15, 5
2014/4/3, 86, 45, , 13, 12, 5
2014/4/4, 81, 35, , 9, 13, 5
2014/4/5, 82, , , 11, 4, 7
2014/4/7, 132, 94, , 16, 5, 10
2014/4/8, 118, 113, , 22, 16, 9
2014/4/9, 151, 84, , 20, 6, 5
2014/4/10, 116, 130, , 20, 3, 6
2014/4/11, 120, 134, , 17, 3, 6
2014/4/12, 125, 88, , 21, 3, 6
2014/4/13, 128, 179, , 19, 8, 10
2014/4/14, 170, 63, , 10, 7, 3
2014/4/15, 63, 82, , 15, 4, 5
2014/4/16, 125, 60, , 16, 8, 6
2014/4/17, 110, 62, , 14, 13, 4
2014/4/18, 150, 67, , 22, 5, 5
2014/4/19, 144, 66, , 9, 2, 5
2014/4/20, 116, 78, , 15, 2, 4
2014/4/21, 141, 70, , 7, 1, 3
2014/4/22, 131, 99, , 8, 5, 5
2014/4/23, 112, 85, , 8, 6, 6
2014/4/24, 129, 80, , 10, 4, 6
2014/4/25, 141, 89, , 8, 4, 5
2014/4/26, 111, 62, , 9, 2, 5
2014/4/27, 74, 121, , 21, 3, 8
2014/4/28, 141, 125, , 20, 2, 11
2014/4/29, 146, 138, , 19, 4, 11
2014/4/30, 165, 82, , 9, 10, 13
2014/5/1, 181, 71, , 11, 4, 10
2014/5/2, 147, 34, , 5, 1, 10
2014/5/3, 138, 30, , 4, 1, 9
2014/5/4, 121, 19, , 4, 1, 7
2014/5/5, 110, 54, , 11, 2, 8
2014/5/6, 116, 74, , 13, 8, 9
2014/5/7, 119, 52, , 7, 4, 8
2014/5/8, 107, 73, , 11, 5, 8
2014/5/9, 107, 96, , 10, 2, 9
2014/5/10, 125, 83, , 12, 3, 10
2014/5/11, 110, 25, , 2, , 9
2014/5/12, 104, 19, , 3, 1, 9
2014/5/13, 65, , , , , 
2014/5/31, 132, , , , , 
2014/6/3, 128, 108, , 5, 1, 6
2014/6/4, 176, 146, , 9, , 9
2014/6/5, 183, , , , , 
2014/6/10, 80, 22, , 13, 1, 5
2014/6/11, 50, 50, , 5, , 9
2014/6/12, 121, 24, , 3, 1, 9
2014/6/13, 56, 30, , 20, 1, 5
2014/6/14, 65, , , , , 
2014/6/16, 108, 37, , 3, 1, 5
2014/6/17, 72, 76, , 14, 1, 6
2014/6/18, 114, 53, , 7, , 5
2014/6/19, 107, , , , , 
2014/6/21, 151, 31, , 7, 2, 4
2014/6/22, 67, 55, , 7, 3, 6
2014/6/23, 77, 38, , 7, 5, 4
2014/6/24, 72, , , , , 
2014/6/26, 220, 152, , 16, 2, 10
2014/6/27, 184, 75, , 1, 1, 8
2014/6/28, 166, , , , , 
2014/1/1, 71, 72, , 13, 9, 7
2014/1/2, 116, 100, , 22, 21, 11
2014/1/3, 158, 88, , 20, 7, 13
2014/1/4, 170, 168, , 33, 15, 19
2014/1/5, 278, 99, , 20, 25, 13
2014/1/6, 176, 74, , 11, 13, 7
2014/1/7, 152, 52, , 12, 14, 4
2014/1/8, 99, 63, , 14, 18, 5
2014/1/9, 128, 67, , 18, 12, 6
2014/1/10, 148, 69, , 15, 13, 6
2014/1/11, 140, 72, , 15, 19, 6
2014/1/12, 151, 86, , 22, 8, 10
2014/1/13, 169, 92, , 19, 18, 12
2014/1/14, 177, 97, , 23, 32, 11
2014/1/15, 173, 95, , 28, 55, 10
2014/1/16, 178, 109, , 24, 16, 12
2014/1/17, 198, 112, , 24, 27, 13
2014/1/18, 197, 72, , 11, 15, 9
2014/1/19, 158, 88, , 25, 26, 10
2014/1/20, 175, 92, , 24, 19, 10
2014/1/21, 192, 97, , 23, 30, 10
2014/1/22, 177, 75, , 11, 27, 7
2014/1/23, 158, 102, , 22, 30, 11
2014/1/24, 190, 107, , 21, 15, 11
2014/1/25, 191, 67, , 13, 15, 8
2014/1/26, 121, 74, , 5, 10, 6
2014/1/27, 94, 51, , 3, 5, 8
2014/1/28, 98, 76, , 6, 13, 8
2014/1/29, 124, 63, , 6, 6, 9
2014/1/30, 133, 141, , 11, 14, 14
2014/1/31, 228, 115, , 9, 16, 15
2014/2/1, 203, 208, , 3, 6, 9
2014/2/2, 106, 43, , 5, 3, 8
2014/2/3, 77, 37, , 7, 8, 9
2014/2/4, 77, 63, , 10, 6, 13
2014/2/5, 140, 58, , 13, 8, 11
2014/2/6, 116, 74, , 20, 31, 11
2014/2/7, 155, 69, , 20, 45, 6
2014/2/8, 144, 63, , 18, 27, 6
2014/2/9, 138, 68, , 13, 6, 9
2014/2/10, 142, 59, , 13, 8, 7
2014/2/11, 128, 98, , 28, 30, 12
2014/2/12, 176, 79, , 21, 22, 9
2014/2/13, 160, 90, , 12, 15, 11
2014/2/14, 168, 95, , 20, 27, 10
2014/2/15, 177, 83, , 24, 45, 9
2014/2/16, 167, 100, , 27, 22, 11
2014/2/17, 192, 78, , 20, 8, 7
2014/2/18, 147, 72, , 26, 33, 6
2014/2/19, 147, 73, , 18, 13, 6
2014/2/20, 153, 71, , 22, 11, 8
2014/2/21, 154, 85, , 27, 22, 8
2014/2/22, 164, 79, , 23, 12, 8
2014/2/23, 158, 139, , 23, 29, 15
2014/2/24, 223, 168, , 19, 27, 15
2014/2/25, 269, 125, , 12, 18, 11
2014/2/26, 205, 60, , 10, 3, 5
2014/2/27, 91, 50, , 12, 10, 7
2014/2/28, 105, 45, , 7, 13, 6
2014/3/1, 91, 61, , 13, 16, 7
2014/3/2, 119, 54, , 11, 17, 8
2014/3/3, 103, 56, , 13, 28, 7
2014/3/4, 103, 55, , 8, 8, 7
2014/3/5, 100, 46, , 6, 7, 7
2014/3/6, 76, 52, , 10, 6, 8
2014/3/7, 87, 75, , 13, 7, 9
2014/3/8, 113, 70, , 15, 7, 9
2014/3/9, 129, 72, , 17, 13, 10
2014/3/10, 122, 94, , 11, 12, 7
2014/3/11, 154, 100, , 17, 14, 7
2014/3/12, 176, 97, , 21, 13, 7
2014/3/13, 161, 104, , 17, 6, 6
2014/3/14, 155, 95, , 16, 15, 7
2014/3/15, 155, 81, , 16, 8, 5
2014/3/16, 147, 87, , 14, 14, 8
2014/3/17, 149, 51, , 15, 13, 3
2014/3/18, 111, 80, , 15, 7, 5
2014/3/19, 135, 42, , 14, 24, 3
2014/3/20, 91, 51, , 15, 10, 4
2014/3/21, 108, 66, , 18, 10, 4
2014/3/22, 114, 84, , 21, 8, 5
2014/3/23, 145, 182, , 14, 14, 8
2014/3/24, 178, 133, , 22, 19, 9
2014/3/25, 203, 170, , 27, 16, 11
2014/3/26, 243, 138, , 21, 10, 9
2014/3/27, 194, 100, , 14, 10, 9
2014/3/28, 158, 57, , 16, 16, 7
2014/3/29, 121, 178, , 30, 2, 13
2014/3/30, 169, , , , , 
2025/12/31, , 45, 2, 11, 4, 7
2026/2/4, , 109, , 7, 3, 3
2024/12/31, , 40, , 8, 4, 5
2025/2/28, , 54, , 10, 5, 5
2025/3/12, , 71, , 25, 4, 6
2023/11/12, , 41, , 20, 4, 6
2021/8/19, , 25, 26, 4, 2, 3
2020/3/31, , 75, 47, 20, 3, 5
2019/12/31, , 70, 22, 24, 7, 11
2018/12/31, , 65, 24, 15, 9, 8
2018/12/21, , 50, 26, 12, 6, 7
2017/7/20, , 47, 53, 23, 5, 9
2017/9/10, , 25, 63, 11, 4, 6
2017/1/1, , 65, 35, 22, 9, 14
2016/1/3, , 47, 33, 9, 5, 5
2014/12/31, , 66, , 15, 15, 6
2014/6/30, , 63, , 7, 2, 6
2014/8/20, , 67, , 26, 2, 6
2014/3/31, , 110, , 17, 13, 9
2014/4/6, , 88, , 18, 8, 9
2014/5/30, , 71, , 5, 2, 7
2014/6/2, , 75, , 27, 1, 10
2014/6/9, , 77, , 23, 2, 6
2014/6/15, , 51, , 10, , 6
2014/6/20, , 71, , 2, 2, 6
2014/6/25, , 130, , 7, 2, 11
2013/12/31, , 37, , 4, 7, 4