date, pm25, pm10, o3, no2, so2, co
2026/5/1, 71, 30, 35, 6, 3, 3
2026/5/2, 42, 27, 41, 5, 3, 3
2026/5/3, 55, 38, 39, 6, 3, 2
2026/5/4, 54, 114, 56, 4, 4, 3
2026/5/5, 84, 25, 36, 4, 3, 3
2026/5/6, 51, 24, 36, 5, 3, 3
2026/5/7, 55, 14, 23, 3, , 
2026/5/8, 53, , , , , 
2026/4/1, 109, 83, 53, 15, 4, 6
2026/4/2, 159, 204, 30, 15, 5, 10
2026/4/3, 278, 29, 38, 5, 3, 3
2026/4/4, 76, 40, 36, 4, 3, 4
2026/4/5, 83, 25, 28, 4, 3, 3
2026/4/6, 70, 19, 37, 3, 3, 3
2026/4/7, 59, 173, 51, 5, 4, 4
2026/4/8, 99, 49, 37, 11, 4, 4
2026/4/9, 112, 44, 34, 7, 3, 2
2026/4/10, 114, 27, 33, 3, 3, 1
2026/4/11, 30, 73, 50, 4, 3, 1
2026/4/12, 72, 28, 36, 5, 3, 1
2026/4/13, 59, 38, 42, 5, 3, 1
2026/4/14, 86, 52, 49, 10, 3, 3
2026/4/15, 124, 56, 50, 6, 4, 5
2026/4/16, 128, 39, 49, 4, 3, 3
2026/4/17, 84, 31, 45, 4, 3, 3
2026/4/18, 89, 99, 67, 4, 3, 4
2026/4/19, 103, 205, 35, 1, 3, 2
2026/4/20, 94, 52, 39, 1, 3, 2
2026/4/21, 58, 22, 35, 5, 3, 2
2026/4/22, 52, 34, 44, 7, 3, 3
2026/4/23, 70, 70, 71, 18, 4, 5
2026/4/24, 144, 54, 44, 4, 3, 4
2026/4/25, 110, 20, 41, 3, 3, 4
2026/4/26, 56, 22, 36, 8, 3, 5
2026/4/27, 52, 22, 40, 6, 3, 4
2026/4/28, 51, 26, 40, 7, 3, 4
2026/4/29, 53, 31, 49, 5, 4, 2
2026/4/30, 57, 41, 40, 7, 3, 2
2026/1/1, 99, 55, , 13, 6, 6
2026/1/2, 131, 70, , 16, 6, 8
2026/1/3, 152, 68, , 20, 7, 8
2026/1/4, 150, 41, , 11, 4, 2
2026/1/5, 93, 43, , 11, 5, 3
2026/1/6, 96, 34, , 7, 4, 1
2026/1/7, 69, 41, , 14, 6, 3
2026/1/8, 97, 53, , 15, 6, 4
2026/1/9, 116, , , 13, 6, 4
2026/1/10, 145, 35, , 11, 6, 3
2026/1/11, 103, 40, , 9, 5, 4
2026/1/12, 92, 30, , 8, 5, 3
2026/1/13, 67, 42, , 13, 6, 6
2026/1/14, 98, 39, , 12, 5, 6
2026/1/15, 108, 51, , 17, 6, 6
2026/1/16, 131, 37, , 13, 7, 5
2026/1/17, 100, 37, , 13, 6, 5
2026/1/18, 101, 35, , 11, 5, 5
2026/1/19, 78, 45, , 14, 6, 4
2026/1/20, 89, 37, , 15, 6, 3
2026/1/21, 93, 36, , 12, 5, 3
2026/1/22, 80, 33, , 13, 5, 2
2026/1/23, 75, 46, , 17, 6, 3
2026/1/24, 102, 47, , 16, 5, 4
2026/1/25, 117, 54, , 17, 5, 5
2026/1/26, 131, 52, , 25, 6, 5
2026/1/27, 125, 56, , 21, 5, 5
2026/1/28, 129, 44, , 15, 4, 4
2026/1/29, 109, 62, , 22, 5, 7
2026/1/30, 145, 55, , 18, 5, 7
2026/1/31, 129, 54, , 16, 5, 7
2026/2/1, 132, 60, , 27, 6, 8
2026/2/2, 158, , , , , 
2026/2/5, 76, 34, , 7, 4, 3
2026/2/6, 62, 43, , 13, 5, 5
2026/2/7, 99, 42, , 12, 5, 5
2026/2/8, 90, 52, , 13, 7, 7
2026/2/9, 120, 62, , 13, 5, 8
2026/2/10, 147, 49, , 15, 5, 6
2026/2/11, 119, 70, , 21, 6, 9
2026/2/12, 163, 87, , 13, 6, 10
2026/2/13, 178, 84, , 6, 4, 6
2026/2/14, 115, 34, , 3, 3, 3
2026/2/15, 58, 39, , 3, 5, 4
2026/2/16, 85, 74, , 5, 7, 5
2026/2/17, 154, 32, , 5, 4, 3
2026/2/18, 92, 42, , 5, 5, 5
2026/2/19, 97, 56, , 9, 6, 6
2026/2/20, 123, 64, , 7, 6, 6
2026/2/21, 148, 267, , 2, 3, 3
2026/2/22, 72, 77, , , 3, 3
2026/2/23, 44, 49, , 6, 4, 7
2026/2/24, 120, 92, , 5, 4, 5
2026/2/25, 137, 38, , 3, 4, 2
2026/2/26, 58, 37, , 4, 4, 3
2026/2/27, 84, 37, , 4, 4, 3
2026/2/28, 89, 53, 35, 6, 4, 5
2026/3/1, 123, 65, 36, 8, 4, 5
2026/3/2, 147, 88, 23, 10, 4, 7
2026/3/3, 160, 36, 31, 7, 4, 4
2026/3/4, 95, 42, 34, 10, 4, 5
2026/3/5, 109, 27, 30, 7, 4, 2
2026/3/6, 71, 42, 35, 15, 6, 4
2026/3/7, 100, 53, 36, 11, 5, 5
2026/3/8, 134, 44, 37, 11, 5, 4
2026/3/9, 106, 62, 36, 14, 5, 6
2026/3/10, 128, 51, 36, 8, 4, 3
2026/3/11, 116, 49, 37, 12, 4, 4
2026/3/12, 129, 79, 48, 8, 4, 4
2026/3/13, 138, 47, 35, 5, 4, 2
2026/3/14, 81, 105, 56, 16, 5, 7
2026/3/15, 196, 74, 52, 12, 5, 4
2026/3/16, 148, 132, 61, 15, 7, 8
2026/3/17, 228, 60, 34, 6, 4, 2
2026/3/18, 79, 60, 35, 6, 4, 2
2026/3/19, 89, 142, 55, 11, 5, 6
2026/3/20, 198, 149, 59, 13, 5, 8
2026/3/21, 233, 103, 45, 16, 5, 8
2026/3/22, 183, 79, 42, 17, 4, 7
2026/3/23, 157, 71, 56, 11, 6, 7
2026/3/24, 159, 103, 64, 14, 4, 8
2026/3/25, 186, 101, 43, 18, 4, 8
2026/3/26, 187, 63, 42, 11, 3, 4
2026/3/27, 127, 76, 47, 12, 4, 6
2026/3/28, 158, 86, 34, 10, 4, 6
2026/3/29, 141, 45, 41, 8, 3, 4
2026/3/30, 85, 89, 59, 15, 4, 7
2026/3/31, 170, 64, 44, 8, 5, 3
2025/10/1, 83, 50, , 6, 2, 6
2025/10/2, 91, 43, , 7, 2, 4
2025/10/3, 83, 35, , 5, 2, 3
2025/10/4, 68, 19, , 4, 2, 1
2025/10/5, 34, 23, , 6, 2, 1
2025/10/6, 40, 34, , 4, 2, 2
2025/10/7, 57, 20, , 5, 2, 1
2025/10/8, 37, 33, , 8, 2, 2
2025/10/9, 58, 39, , 10, 3, 2
2025/10/10, 73, 39, , 15, 2, 4
2025/10/11, 78, 31, , 6, 2, 1
2025/10/12, 55, 77, , 13, 3, 5
2025/10/13, 153, 95, , 13, 3, 6
2025/10/14, 180, 47, , 11, 3, 3
2025/10/15, 111, 48, , 8, 3, 3
2025/10/16, 108, 57, , 11, 3, 4
2025/10/17, 138, 32, , 7, 5, 2
2025/10/18, 93, 21, , 10, 3, 2
2025/10/19, 52, 21, , 12, 3, 3
2025/10/20, 49, 36, , 17, 4, 3
2025/10/21, 71, 39, , 16, 3, 4
2025/10/22, 88, 36, , 14, 3, 4
2025/10/23, 88, 48, , 20, 3, 5
2025/10/24, 102, 65, , 19, 5, 6
2025/10/25, 143, 34, , 6, 3, 1
2025/10/26, 61, 33, , 7, 3, 2
2025/10/27, 55, 60, , 14, 3, 4
2025/10/28, 118, 116, , 17, 4, 8
2025/10/29, 227, 38, , 10, 3, 4
2025/10/30, 81, 41, , 15, 3, 5
2025/10/31, 94, 68, , 13, 4, 5
2025/11/1, 134, 40, , 6, 3, 3
2025/11/2, 85, 33, , 8, 6, 4
2025/11/3, 77, 56, , 17, 7, 6
2025/11/4, 133, 100, , 17, 6, 7
2025/11/5, 194, 68, , 20, 3, 6
2025/11/6, 160, 139, , 11, 4, 6
2025/11/7, 227, 116, , 17, 4, 8
2025/11/8, 214, 41, , 8, 3, 3
2025/11/9, 82, 42, , 12, 3, 5
2025/11/10, 84, 94, , 23, 4, 7
2025/11/11, 185, 77, , 12, 5, 5
2025/11/12, 153, 38, , 11, 3, 2
2025/11/13, 74, 73, 23, 18, 3, 6
2025/11/14, 148, 90, 29, 17, 5, 7
2025/11/15, 182, 52, 20, 7, 3, 3
2025/11/16, 75, 144, 42, 10, 4, 7
2025/11/17, 179, 43, 22, 10, 4, 3
2025/11/18, 100, 50, 23, 11, 8, 3
2025/11/19, 100, 37, 24, 8, 4, 3
2025/11/20, 69, 54, 29, 10, 4, 4
2025/11/21, 101, 77, 33, 11, 6, 6
2025/11/22, 144, 82, 28, 18, 6, 8
2025/11/23, 171, 100, 35, 19, 6, 8
2025/11/24, 272, 104, 24, 19, 6, 7
2025/11/25, 204, 111, 23, 18, 7, 9
2025/11/26, 211, 40, 23, 11, 5, 3
2025/11/27, 100, 45, 23, 10, 5, 4
2025/11/28, 110, 51, 27, 7, 5, 3
2025/11/29, 68, 40, 20, 11, 5, 4
2025/11/30, 91, 54, 20, 12, 5, 5
2025/12/1, 113, 35, 22, 5, 4, 2
2025/12/2, 48, 20, 18, 5, 4, 1
2025/12/3, 45, 35, 17, 10, 5, 4
2025/12/4, 74, 39, 17, 12, 6, 5
2025/12/5, 68, 51, 19, 14, 6, 5
2025/12/6, 99, 52, 20, 16, 4, 6
2025/12/7, 119, 34, 22, 8, 4, 3
2025/12/8, 64, 54, 18, 18, 5, 5
2025/12/9, 122, 64, 11, 20, 5, 6
2025/12/10, 141, 32, 19, 9, 4, 3
2025/12/11, 72, 53, 17, 15, 7, 4
2025/12/12, 107, 66, 9, 21, 5, 7
2025/12/13, 138, 81, 17, 16, 5, 9
2025/12/14, 161, 59, 16, 14, 6, 8
2025/12/15, 136, 48, 16, 8, 6, 3
2025/12/16, 111, 59, 18, 11, 5, 5
2025/12/17, 132, 60, 25, 8, 4, 5
2025/12/18, 141, 60, 25, 7, 5, 4
2025/12/19, 109, 37, 18, 4, 4, 2
2025/12/20, 56, 39, 18, 6, 4, 3
2025/12/21, 74, 41, 16, 7, 4, 5
2025/12/22, 86, 46, 17, 10, 4, 5
2025/12/23, 115, 49, 14, 14, 6, 5
2025/12/24, 119, 26, 16, 5, 4, 3
2025/12/25, 71, 47, 13, 11, 4, 6
2025/12/26, 112, 48, 16, 11, 5, 7
2025/12/27, 118, 63, 17, 12, 5, 8
2025/12/28, 158, , , , , 
2025/7/1, 48, 22, , 4, , 4
2025/7/2, 49, 18, , 4, , 3
2025/7/3, 46, 12, , 7, 1, 2
2025/7/4, 27, 23, , 7, 1, 4
2025/7/5, 44, 11, , 5, 1, 2
2025/7/6, 42, 23, , 11, 1, 2
2025/7/7, 31, 27, , 9, 3, 4
2025/7/8, 51, 34, , 7, 2, 5
2025/7/9, 73, 31, , 6, , 5
2025/7/10, 66, 30, , 6, 2, 4
2025/7/11, 68, 37, , 5, 2, 4
2025/7/12, 71, 15, , 4, 3, 2
2025/7/13, 44, 16, , 6, 2, 1
2025/7/14, 22, 16, , 6, 2, 2
2025/7/15, 33, 13, , 5, 2, 3
2025/7/16, 37, 19, , 5, 2, 4
2025/7/17, 41, 19, , 9, 2, 3
2025/7/18, 42, 19, , 6, 2, 3
2025/7/19, 44, 17, , 4, 2, 3
2025/7/20, 37, 16, , 4, 2, 3
2025/7/21, 34, 22, , 5, 2, 3
2025/7/22, 53, 19, , 4, 2, 3
2025/7/23, 44, 15, , 3, 2, 2
2025/7/24, 26, 20, , 5, 2, 3
2025/7/25, 46, 29, , 5, 2, 4
2025/7/26, 69, 14, , 3, , 4
2025/7/27, 43, 22, , 4, 2, 3
2025/7/28, 48, 18, , 4, 2, 3
2025/7/29, 52, 12, , 4, 2, 2
2025/7/30, 29, 15, , 5, 2, 2
2025/7/31, 29, 21, , 6, 2, 3
2025/8/1, 36, 28, , 7, 2, 3
2025/8/2, 55, 19, , 4, 2, 2
2025/8/3, 44, 13, , 6, 2, 2
2025/8/4, 28, 20, , 9, 2, 3
2025/8/5, 32, 16, , 6, 2, 2
2025/8/6, 29, 14, , 7, 2, 2
2025/8/7, 28, 22, , 8, 2, 3
2025/8/8, 36, 18, , 7, 2, 3
2025/8/9, 39, 16, , 7, 2, 2
2025/8/10, 38, 17, , 8, 2, 2
2025/8/11, 28, 27, , 6, 2, 4
2025/8/12, 54, 25, , 7, 2, 3
2025/8/13, 58, 30, , 6, 2, 3
2025/8/14, 48, 33, , 5, 2, 5
2025/8/15, 62, 24, , 4, 2, 4
2025/8/16, 58, 13, , 4, 2, 2
2025/8/17, 31, 23, , 7, 2, 4
2025/8/18, 40, 25, , 5, 2, 4
2025/8/19, 65, 19, , 9, 2, 3
2025/8/20, 39, 18, , 7, 2, 4
2025/8/21, 34, 14, , 3, 2, 3
2025/8/22, 30, 27, , 4, 2, 6
2025/8/23, 59, 18, , 5, 2, 4
2025/8/24, 40, 19, , 7, 2, 4
2025/8/25, 38, 20, , 7, 2, 3
2025/8/26, 41, 16, , 7, 2, 3
2025/8/27, 28, 16, , 4, 2, 4
2025/8/28, 35, 18, , 5, 2, 3
2025/8/29, 32, 35, , 6, 2, 6
2025/8/30, 65, 32, , 5, 2, 6
2025/8/31, 72, 22, , 5, 2, 5
2025/9/1, 43, 37, , 8, 2, 6
2025/9/2, 67, 30, , 5, 2, 6
2025/9/3, 58, 32, , 6, 2, 5
2025/9/4, 58, 33, , 8, 2, 5
2025/9/5, 64, 17, , 5, 2, 3
2025/9/6, 49, 21, , 7, 2, 3
2025/9/7, 37, 22, , 8, 2, 3
2025/9/8, 31, 28, , 11, 2, 3
2025/9/9, 37, 25, , 9, 2, 3
2025/9/10, 49, 33, , 8, 2, 4
2025/9/11, 52, 39, , 6, 2, 4
2025/9/12, 74, 38, , 7, 2, 4
2025/9/13, 70, 36, , 4, 2, 3
2025/9/14, 64, 14, , 5, 2, 2
2025/9/15, 28, 28, , 5, 2, 2
2025/9/16, 39, 19, , 8, 2, 2
2025/9/17, 41, 27, , 11, 2, 4
2025/9/18, 51, 19, , 8, 2, 3
2025/9/19, 45, 30, , 12, 2, 4
2025/9/20, 57, 26, , 11, 2, 4
2025/9/21, 55, 20, , 6, 2, 3
2025/9/22, 38, 26, , 6, 2, 3
2025/9/23, 57, 18, , 5, 2, 3
2025/9/24, 41, 19, , 8, 2, 3
2025/9/25, 47, 24, , 14, 2, 4
2025/9/26, 44, 31, , 11, 2, 4
2025/9/27, 57, 26, , 7, 2, 4
2025/9/28, 54, 41, , 11, 3, 6
2025/9/29, 76, 43, , 7, 3, 5
2025/9/30, 87, 43, , 7, 2, 5
2025/4/1, 152, 51, , 12, 3, 3
2025/4/2, 109, 68, , 16, 3, 5
2025/4/3, 156, 64, , 8, 4, 4
2025/4/4, 147, 34, , 7, 3, 2
2025/4/5, 81, 50, , 10, 2, 3
2025/4/6, 136, 52, , 7, 2, 3
2025/4/7, 107, 47, , 8, 2, 3
2025/4/8, 130, 69, , 12, 4, 5
2025/4/9, 156, 76, , 10, 4, 5
2025/4/10, 141, 71, , 9, 4, 4
2025/4/11, 142, 43, , 8, 3, 3
2025/4/12, 90, 30, , 9, 2, 3
2025/4/13, 48, 22, , 8, 2, 3
2025/4/14, 65, 21, , 8, 2, 2
2025/4/15, 61, 17, , 5, 2, 1
2025/4/16, 49, 46, , 9, 3, 3
2025/4/17, 115, 17, , 4, 2, 1
2025/4/18, 80, 23, , 5, 2, 1
2025/4/19, 59, 48, , 12, 3, 4
2025/4/20, 104, 51, , 11, 3, 4
2025/4/21, 101, 18, , 5, 2, 1
2025/4/22, 63, 40, , 5, 3, 2
2025/4/23, 59, 71, , 4, 2, 2
2025/4/24, 103, 25, , 4, 2, 1
2025/4/25, 57, 41, , 14, 3, 3
2025/4/26, 92, 31, , 4, 2, 4
2025/4/27, 87, 40, , 5, 2, 3
2025/4/28, 108, 61, , 7, 3, 5
2025/4/29, 108, 35, , 8, 3, 4
2025/4/30, 70, 22, , 5, 2, 3
2025/5/1, 58, 21, , 6, 3, 4
2025/5/2, 61, 20, , 9, 2, 4
2025/5/3, 61, 17, , 8, 2, 4
2025/5/4, 50, 31, , 7, 3, 5
2025/5/5, 74, 20, , 9, 2, 4
2025/5/6, 74, 40, , 8, 3, 3
2025/5/7, 90, 43, , 7, 2, 3
2025/5/8, 79, 32, , 6, 2, 3
2025/5/9, 77, 24, , 7, 2, 2
2025/5/10, 64, 40, , 12, 3, 3
2025/5/11, 77, 53, , 7, 3, 4
2025/5/12, 97, 55, , 5, 3, 3
2025/5/13, 81, 43, , 6, 3, 4
2025/5/14, 103, 47, , 6, 2, 5
2025/5/15, 105, 30, , 5, 2, 3
2025/5/16, 56, 23, , 6, 2, 2
2025/5/17, 61, 30, , 6, 2, 2
2025/5/18, 71, 28, , 7, 2, 3
2025/5/19, 55, 27, , 11, 2, 2
2025/5/20, 59, 33, , 11, 2, 2
2025/5/21, 88, 32, , 12, 2, 2
2025/5/22, 82, 26, , 13, 2, 3
2025/5/23, 75, 22, , 8, 3, 1
2025/5/24, 52, 25, , 10, 3, 1
2025/5/25, 52, 38, , 10, 3, 2
2025/5/26, 67, 46, , 11, 3, 3
2025/5/27, 85, 40, , 10, 3, 2
2025/5/28, 77, 40, , 12, 3, 3
2025/5/29, 85, 53, , 9, 3, 3
2025/5/30, 91, 51, , 7, 3, 3
2025/5/31, 102, 20, , 8, 2, 1
2025/6/1, 38, 33, , 11, 3, 3
2025/6/2, 66, 21, , 7, 2, 1
2025/6/3, 41, 15, , 12, 2, 1
2025/6/4, 40, 33, , 8, 3, 2
2025/6/5, 45, 37, , 11, 2, 1
2025/6/6, 45, 22, , 11, 2, 2
2025/6/7, 57, 41, , 13, 3, 2
2025/6/8, 53, 24, , 8, 3, 1
2025/6/9, 56, 11, , 7, 2, 2
2025/6/10, 34, 14, , 4, 2, 2
2025/6/11, 33, 25, , 8, 2, 2
2025/6/12, 46, 30, , 9, 3, 3
2025/6/13, 53, 22, , 8, 3, 3
2025/6/14, 41, 19, , 6, 3, 3
2025/6/15, 51, 17, , 6, 3, 3
2025/6/16, 47, 18, , 13, 3, 3
2025/6/17, 41, 30, , 10, 3, 4
2025/6/18, 72, 22, , 4, 3, 4
2025/6/19, 71, 14, , 3, 3, 2
2025/6/20, 48, 13, , 9, 3, 2
2025/6/21, 16, 20, , 8, 3, 3
2025/6/22, 40, 34, , 12, 3, 4
2025/6/23, 48, 38, , 16, 3, 5
2025/6/24, 63, 45, , 19, 3, 6
2025/6/25, 87, 26, , 11, 2, 4
2025/6/26, 61, 42, , 12, 2, 6
2025/6/27, 65, 35, , 9, 2, 5
2025/6/28, 78, 32, , 5, 2, 6
2025/6/29, 66, 19, , 8, , 5
2025/6/30, 48, 16, , 4, 2, 4
2025/1/1, 77, 32, , 12, 12, 2
2025/1/2, 79, 37, , 14, 10, 3
2025/1/3, 77, 56, , 19, 9, 6
2025/1/4, 121, 59, , 17, 6, 5
2025/1/5, 148, 72, , 22, 8, 7
2025/1/6, 166, 50, , 13, 6, 5
2025/1/7, 117, 48, , 13, 6, 3
2025/1/8, 110, 47, , 16, 9, 4
2025/1/9, 125, 61, , 20, 9, 5
2025/1/10, 152, 59, , 22, 7, 6
2025/1/11, 141, 70, , 24, 7, 8
2025/1/12, 160, 69, , 20, 8, 8
2025/1/13, 163, 45, , 15, 8, 4
2025/1/14, 112, 45, , 10, 8, 2
2025/1/15, 74, 53, , 14, 7, 4
2025/1/16, 101, 53, , 16, 9, 7
2025/1/17, 107, 69, , 16, 9, 8
2025/1/18, 131, 59, , 17, 9, 6
2025/1/19, 136, 57, , 16, 5, 7
2025/1/20, 145, 63, , 14, 6, 8
2025/1/21, 163, 58, , 12, 6, 8
2025/1/22, 153, 64, , 20, 6, 8
2025/1/23, 152, 59, , 14, 7, 8
2025/1/24, 148, 63, , 14, 7, 9
2025/1/25, 156, 66, , 16, 6, 9
2025/1/26, 156, 67, , 12, 6, 10
2025/1/27, 166, 50, , 6, 7, 6
2025/1/28, 113, 71, , 9, 12, 6
2025/1/29, 154, 46, , 9, 9, 7
2025/1/30, 126, 53, , 11, 9, 7
2025/1/31, 143, 62, , 16, 9, 7
2025/2/1, 162, 81, , 17, 8, 8
2025/2/2, 181, 49, , 10, 9, 4
2025/2/3, 127, 54, , 12, 10, 5
2025/2/4, 139, 52, , 16, 12, 5
2025/2/5, 136, 36, , 14, 6, 5
2025/2/6, 126, 31, , 12, 10, 3
2025/2/7, 102, 24, , 9, 10, 3
2025/2/8, 69, 44, , 19, 12, 5
2025/2/9, 113, 54, , 23, 9, 8
2025/2/10, 130, 64, , 13, 9, 8
2025/2/11, 155, 55, , 6, 9, 3
2025/2/12, 85, 66, , 13, 9, 5
2025/2/13, 122, 56, , 18, 7, 6
2025/2/14, 124, 62, , 11, 6, 7
2025/2/15, 137, 33, , 6, 4, 3
2025/2/16, 81, 25, , 8, 5, 3
2025/2/17, 67, 28, , 7, 4, 3
2025/2/18, 64, 34, , 15, 4, 5
2025/2/19, 86, 29, , 12, 3, 4
2025/2/20, 83, 36, , 13, 3, 5
2025/2/21, 96, 38, , 13, 3, 5
2025/2/22, 102, 41, , 15, 8, 5
2025/2/23, 98, 47, , 9, 5, 5
2025/2/24, 81, 142, , 6, 5, 5
2025/2/25, 84, 60, , 8, 5, 4
2025/2/26, 73, 74, , 13, 7, 8
2025/2/27, 144, 75, , 17, 6, 8
2025/2/28, 174, 51, , 17, 4, 6
2025/3/1, 105, 23, , 7, 3, 3
2025/3/2, 60, 36, , 9, 5, 4
2025/3/3, 90, 32, , 11, 6, 5
2025/3/4, 82, 58, , 15, 5, 6
2025/3/5, 136, 52, , 16, 3, 5
2025/3/6, 134, 47, , 10, 6, 4
2025/3/7, 114, 69, , 14, 6, 6
2025/3/8, 143, 84, , 21, 9, 8
2025/3/9, 172, 113, , 11, 8, 6
2025/3/10, 160, 60, , 9, 5, 6
2025/3/11, 152, 157, , 4, 3, 4
2025/3/12, 102, 33, , 4, 2, 3
2025/3/13, 76, 36, , 9, 3, 3
2025/3/14, 93, 36, , 8, 4, 3
2025/3/15, 91, 39, , 6, 3, 4
2025/3/16, 101, 59, , 14, 3, 6
2025/3/17, 130, 51, , 10, 4, 3
2025/3/18, 129, 70, , 11, 5, 5
2025/3/19, 137, 78, , 14, 7, 6
2025/3/20, 160, 67, , 9, 5, 3
2025/3/21, 108, 79, , 11, 5, 5
2025/3/22, 172, 91, , 12, 6, 6
2025/3/23, 183, 67, , 7, 4, 4
2025/3/24, 113, 94, , 14, 4, 6
2025/3/25, 197, 77, , 15, 7, 6
2025/3/26, 166, 41, , 4, 3, 2
2025/3/27, 74, 28, , 2, 3, 1
2025/3/28, 49, 24, , 2, 4, 2
2025/3/29, 53, 31, , 3, 4, 2
2025/3/30, 64, 59, , 9, 5, 4
2025/3/31, 131, 71, , 8, 4, 4
2024/10/1, 33, 22, , 8, 3, 1
2024/10/2, 45, 26, , 7, 4, 1
2024/10/3, 55, 36, , 8, 3, 3
2024/10/4, 66, 44, , 11, 4, 4
2024/10/5, 70, 46, , 10, 3, 3
2024/10/6, 79, 32, , 13, 3, 2
2024/10/7, 72, 42, , 15, 3, 3
2024/10/8, 92, 36, , 11, 3, 2
2024/10/9, 74, 25, , 8, 3, 2
2024/10/10, 47, 34, , 11, 4, 3
2024/10/11, 46, 39, , 17, 3, 3
2024/10/12, 65, 52, , 13, 4, 4
2024/10/13, 102, 53, , 8, 3, 3
2024/10/14, 86, 15, , 6, 3, 2
2024/10/15, 47, 27, , 15, 3, 2
2024/10/16, 53, 55, , 21, 5, 5
2024/10/17, 112, 34, , 11, 4, 4
2024/10/18, 72, 23, , 8, 4, 1
2024/10/19, 41, 35, , 12, 3, 2
2024/10/20, 65, 32, , 10, 5, 2
2024/10/21, 58, 30, , 13, 5, 1
2024/10/22, 63, 34, , 15, 5, 2
2024/10/23, 89, 52, , 18, 6, 6
2024/10/24, 119, 60, , 16, 6, 6
2024/10/25, 148, 58, , 14, 4, 3
2024/10/26, 126, 30, , 11, 5, 2
2024/10/27, 94, 35, , 18, 6, 4
2024/10/28, 79, 50, , 19, 5, 5
2024/10/29, 119, 57, , 14, 4, 4
2024/10/30, 160, 59, , 16, 6, 6
2024/10/31, 144, 44, , 14, 4, 3
2024/11/1, 106, 37, , 15, 5, 3
2024/11/2, 105, 65, , 19, 6, 6
2024/11/3, 171, 22, , 12, 5, 2
2024/11/4, 66, 26, , 13, 8, 2
2024/11/5, 60, 37, , 15, 9, 2
2024/11/6, 76, 40, , 14, 4, 3
2024/11/7, 95, 59, , 23, 6, 5
2024/11/8, 144, 54, , 15, 6, 4
2024/11/9, 139, 58, , 12, 5, 3
2024/11/10, 122, 70, , 19, 6, 4
2024/11/11, 152, 45, , 15, 4, 3
2024/11/12, 115, 73, , 24, 8, 6
2024/11/13, 156, 57, , 14, 5, 5
2024/11/14, 112, 32, , 12, 4, 5
2024/11/15, 79, 51, , 10, 4, 4
2024/11/16, 110, 51, , 9, 6, 2
2024/11/17, 110, 80, , 12, 6, 4
2024/11/18, 186, 62, , 13, 5, 5
2024/11/19, 127, 56, , 20, 8, 7
2024/11/20, 135, 85, , 19, 8, 6
2024/11/21, 178, 55, , 14, 7, 3
2024/11/22, 125, 64, , 19, 4, 5
2024/11/23, 168, 56, , 15, 4, 5
2024/11/24, 145, 49, , 11, 4, 5
2024/11/25, 143, 38, , 9, 4, 3
2024/11/26, 99, 31, , 6, 4, 2
2024/11/27, 49, 62, , 10, 7, 2
2024/11/28, 79, 28, , 16, 11, 3
2024/11/29, 79, 34, , 23, 8, 6
2024/11/30, 117, 30, , 14, 6, 5
2024/12/1, 108, 20, , 9, 8, 3
2024/12/2, 50, 31, , 9, 7, 2
2024/12/3, 44, 28, , 10, 10, 1
2024/12/4, 40, 31, , 11, 8, 2
2024/12/5, 46, 37, , 14, 7, 2
2024/12/6, 84, 39, , 16, 8, 3
2024/12/7, 98, 48, , 17, 9, 3
2024/12/8, 94, 55, , 18, 9, 6
2024/12/9, 120, 58, , 20, 9, 5
2024/12/10, 139, 33, , 15, 8, 3
2024/12/11, 78, 48, , 21, 9, 5
2024/12/12, 100, 51, , 23, 7, 5
2024/12/13, 118, 40, , 14, 8, 3
2024/12/14, 84, 28, , 11, 9, 3
2024/12/15, 61, 30, , 14, 7, 4
2024/12/16, 68, 36, , 15, 6, 4
2024/12/17, 86, 44, , 19, 7, 4
2024/12/18, 108, 45, , 20, 9, 5
2024/12/19, 98, 62, , 20, 8, 6
2024/12/20, 149, 57, , 19, 10, 5
2024/12/21, 138, 40, , 19, 9, 4
2024/12/22, 96, 37, , 18, 6, 4
2024/12/23, 88, 37, , 17, 8, 4
2024/12/24, 74, 56, , 11, 7, 5
2024/12/25, 113, 34, , 10, 9, 1
2024/12/26, 70, 34, , 11, 10, 2
2024/12/27, 68, 35, , 13, 8, 3
2024/12/28, 77, 47, , 14, 6, 4
2024/12/29, 103, , , , , 
2024/7/1, 146, 48, , 14, 4, 3
2024/7/2, 102, 18, , 6, 3, 2
2024/7/3, 33, 25, , 5, 3, 3
2024/7/4, 55, 26, , 4, 3, 3
2024/7/5, 69, 24, , 7, 3, 5
2024/7/6, 54, 39, , 6, 2, 4
2024/7/7, 81, 51, , 7, 2, 5
2024/7/8, 106, 47, , 8, 3, 3
2024/7/9, 97, 61, , 16, 3, 5
2024/7/10, 127, 62, , 15, 3, 5
2024/7/11, 137, 60, , 12, 3, 6
2024/7/12, 130, 60, , 9, , 7
2024/7/13, 137, 55, , 8, 3, 7
2024/7/14, 114, 51, , 6, 2, 6
2024/7/15, 111, 35, , 6, 2, 5
2024/7/16, 78, 13, , 5, , 2
2024/7/17, 33, 29, , 7, 3, 3
2024/7/18, 57, 42, , 7, 3, 5
2024/7/19, 72, 22, , 5, 3, 3
2024/7/20, 51, 32, , 6, 3, 4
2024/7/21, 58, 21, , 5, 2, 3
2024/7/22, 52, 17, , 5, 2, 2
2024/7/23, 29, 15, , 5, , 2
2024/7/24, 30, 21, , 6, 2, 3
2024/7/25, 39, 7, , 4, 2, 2
2024/7/26, 16, 10, , 3, 2, 2
2024/7/27, 24, 10, , 4, 3, 2
2024/7/28, 13, 15, , 4, 3, 3
2024/7/29, 26, 24, , 7, 3, 4
2024/7/30, 39, 17, , 4, 2, 3
2024/7/31, 39, 13, , 3, 3, 3
2024/8/1, 28, 18, , 4, 3, 3
2024/8/2, 38, 25, , 6, 3, 4
2024/8/3, 44, 26, , 4, , 3
2024/8/4, 52, 16, , 4, 2, 4
2024/8/5, 39, 25, , 6, 2, 4
2024/8/6, 55, 37, , 8, 3, 4
2024/8/7, 66, 33, , 7, , 4
2024/8/8, 68, 27, , 10, , 3
2024/8/9, 50, 26, , 7, , 3
2024/8/10, 52, 26, , 4, , 3
2024/8/11, 52, 23, , 4, , 3
2024/8/12, 48, 15, , 4, , 3
2024/8/13, 33, 19, , 5, 3, 2
2024/8/14, 39, 24, , 7, 3, 3
2024/8/15, 43, 38, , 11, 3, 6
2024/8/16, 71, 36, , 12, 3, 4
2024/8/17, 57, 36, , 7, 3, 4
2024/8/18, 64, 20, , 6, 3, 4
2024/8/19, 52, 26, , 6, 3, 3
2024/8/20, 47, 17, , 5, , 3
2024/8/21, 47, 10, , 4, 3, 
2024/8/22, 26, 18, , 6, 3, 3
2024/8/23, 38, 27, , 7, 3, 3
2024/8/24, 58, 24, , 5, 3, 3
2024/8/25, 52, 19, , 8, 3, 3
2024/8/26, 40, 14, , 6, 3, 3
2024/8/27, 27, 22, , 10, 3, 3
2024/8/28, 34, 28, , 10, 3, 4
2024/8/29, 44, 32, , 9, 3, 4
2024/8/30, 64, 20, , 8, 3, 2
2024/8/31, 29, 13, , 4, 3, 2
2024/9/1, 31, 18, , 11, 3, 2
2024/9/2, 26, 20, , 10, , 2
2024/9/3, 34, 23, , 8, , 3
2024/9/4, 45, 18, , 6, 3, 2
2024/9/5, 46, 18, , 9, 3, 2
2024/9/6, 23, 25, , 9, 3, 3
2024/9/7, 33, 23, , 9, 3, 3
2024/9/8, 47, 26, , 8, 3, 3
2024/9/9, 51, 16, , 8, 3, 2
2024/9/10, 39, 28, , 13, 3, 3
2024/9/11, 25, 29, , 13, 3, 4
2024/9/12, 38, 30, , 8, 3, 3
2024/9/13, 45, 14, , 9, 3, 2
2024/9/14, 34, 27, , 11, 3, 3
2024/9/15, 50, 23, , 10, 3, 3
2024/9/16, 43, 33, , 10, 3, 4
2024/9/17, 57, 32, , 13, 3, 4
2024/9/18, 61, 31, , 8, 3, 3
2024/9/19, 49, 16, , 8, 3, 1
2024/9/20, 28, 15, , 6, 3, 1
2024/9/21, 33, 24, , 12, 3, 2
2024/9/22, 52, 24, , 12, 3, 2
2024/9/23, 41, 29, , 10, 3, 2
2024/9/24, 48, 25, , 9, 3, 3
2024/9/25, 44, 38, , 13, 3, 4
2024/9/26, 71, 37, , 16, 4, 4
2024/9/27, 74, 31, , 13, 3, 3
2024/9/28, 59, 36, , 7, 3, 2
2024/9/29, 57, 21, , 4, 3, 1
2024/9/30, 47, 16, , 8, 3, 1
2024/4/1, 116, 78, , 17, 5, 4
2024/4/2, 155, 47, , 8, 4, 2
2024/4/3, 86, 58, , 14, 5, 4
2024/4/4, 126, 106, , 19, 5, 6
2024/4/5, 183, 73, , 8, 5, 4
2024/4/6, 119, 77, , 7, 4, 3
2024/4/7, 92, 53, , 6, 4, 2
2024/4/8, 117, 55, , 12, 4, 3
2024/4/9, 128, 114, , 20, 6, 8
2024/4/10, 202, 72, , 10, 5, 5
2024/4/11, 150, 149, , 7, 6, 4
2024/4/12, 114, 60, , 8, 5, 5
2024/4/13, 98, 49, , 6, 3, 4
2024/4/14, 88, 80, , 16, 4, 7
2024/4/15, 158, 125, , 9, 3, 4
2024/4/16, 101, 61, , 13, 3, 4
2024/4/17, 78, 69, , 9, 4, 3
2024/4/18, 92, 64, , 15, 6, 5
2024/4/19, 166, 122, , 19, 5, 7
2024/4/20, 271, 83, , 18, 3, 7
2024/4/21, 243, 66, , 13, 3, 4
2024/4/22, 107, 50, , 13, 3, 5
2024/4/23, 89, 40, , 9, 3, 4
2024/4/24, 99, 53, , 8, 4, 3
2024/4/25, 80, 47, , 12, 4, 2
2024/4/26, 96, 38, , 10, 3, 2
2024/4/27, 120, 34, , 10, 3, 1
2024/4/28, 72, 60, , 14, 4, 3
2024/4/29, 142, 43, , 15, 3, 3
2024/4/30, 112, 45, , 11, 4, 2
2024/5/1, 72, 58, , 10, 4, 3
2024/5/2, 86, 68, , 8, 5, 3
2024/5/3, 97, 61, , 6, 4, 2
2024/5/4, 86, 40, , 6, 4, 2
2024/5/5, 65, 59, , 7, 4, 2
2024/5/6, 111, 46, , 7, 3, 1
2024/5/7, 71, 50, , 13, 4, 2
2024/5/8, 91, 77, , 6, 3, 1
2024/5/9, 65, 60, , 7, 3, 3
2024/5/10, 77, 65, , 4, 3, 1
2024/5/11, 51, 23, , 9, 3, 4
2024/5/12, 55, 38, , 9, 4, 2
2024/5/13, 61, 45, , 6, 4, 3
2024/5/14, 66, 16, , 6, 3, 1
2024/5/15, 37, 31, , 11, 3, 2
2024/5/16, 54, 46, , 9, 4, 3
2024/5/17, 64, 46, , 7, 4, 2
2024/5/18, 65, 19, , 5, 3, 
2024/5/19, 39, 26, , 7, 3, 1
2024/5/20, 40, 37, , 6, 4, 3
2024/5/21, 43, 52, , 7, 3, 3
2024/5/22, 50, 28, , 6, 3, 1
2024/5/23, 53, 22, , 9, 3, 2
2024/5/24, 47, 27, , 12, , 2
2024/5/25, 47, 9, , 4, 3, 2
2024/5/26, 25, 13, , 5, 3, 2
2024/5/27, 32, 20, , 6, 3, 2
2024/5/28, 43, 23, , 7, 3, 3
2024/5/29, 58, 26, , 7, 3, 2
2024/5/30, 52, 13, , 6, 3, 1
2024/5/31, 38, 14, , 7, 3, 2
2024/6/1, 33, 15, , 7, 3, 3
2024/6/2, 32, 22, , 12, 3, 3
2024/6/3, 44, 35, , 16, 3, 3
2024/6/4, 56, 44, , 13, 4, 3
2024/6/5, 64, 35, , 9, 4, 2
2024/6/6, 56, 34, , 11, 3, 2
2024/6/7, 54, 22, , 7, 3, 2
2024/6/8, 57, 19, , 8, 3, 2
2024/6/9, 43, 27, , 15, 3, 3
2024/6/10, 36, 39, , 12, 4, 3
2024/6/11, 59, 18, , 6, 3, 2
2024/6/12, 47, 32, , 15, 3, 3
2024/6/13, 57, 17, , 7, 3, 3
2024/6/14, 45, 15, , 5, 3, 1
2024/6/15, 30, 21, , 12, 3, 1
2024/6/16, 30, 21, , 8, 3, 2
2024/6/17, 45, 26, , 15, 3, 1
2024/6/18, 31, 48, , 16, 4, 3
2024/6/19, 54, 37, , 12, 4, 3
2024/6/20, 57, 32, , 14, 3, 3
2024/6/21, 54, 78, , 7, 3, 2
2024/6/22, 73, 10, , 5, 3, 1
2024/6/23, 34, 6, , 4, 3, 1
2024/6/24, 23, 12, , 8, 3, 2
2024/6/25, 25, 28, , 11, 3, 2
2024/6/26, 54, 45, , 9, 4, 3
2024/6/27, 57, 38, , 8, 4, 3
2024/6/28, 65, 31, , 8, 3, 2
2024/6/29, 45, 29, , 11, 3, 3
2024/6/30, 60, 57, , 9, 3, 3
2024/1/1, 160, 82, , 24, 11, 11
2024/1/2, 177, 71, , 18, 9, 8
2024/1/3, 163, 51, , 11, 8, 5
2024/1/4, 126, 43, , 14, 10, 3
2024/1/5, 92, 53, , 15, 8, 5
2024/1/6, 122, 30, , 6, 9, 3
2024/1/7, 66, 42, , 12, 8, 7
2024/1/8, 94, 49, , 16, 7, 6
2024/1/9, 128, 37, , 11, 11, 5
2024/1/10, 85, 56, , 12, 7, 6
2024/1/11, 141, 53, , 18, 8, 4
2024/1/12, 121, 54, , 14, 6, 4
2024/1/13, 134, 37, , 7, 7, 4
2024/1/14, 77, 51, , 17, 10, 4
2024/1/15, 84, 53, , 15, 7, 7
2024/1/16, 114, 59, , 13, 7, 8
2024/1/17, 153, 51, , 15, 7, 4
2024/1/18, 111, 62, , 15, 6, 5
2024/1/19, 142, 47, , 8, 5, 3
2024/1/20, 110, 40, , 9, 10, 1
2024/1/21, 88, 40, , 11, 12, 2
2024/1/22, 104, 60, , 17, 12, 4
2024/1/23, 148, 40, , 15, 8, 3
2024/1/24, 103, 56, , 20, 8, 6
2024/1/25, 137, 60, , 17, 8, 6
2024/1/26, 139, 57, , 23, 7, 5
2024/1/27, 138, 68, , 18, 8, 6
2024/1/28, 151, 58, , 15, 6, 5
2024/1/29, 126, 68, , 22, 12, 8
2024/1/30, 156, 51, , 16, 13, 5
2024/1/31, 137, 70, , 25, 15, 6
2024/2/1, 152, 67, , 26, 11, 7
2024/2/2, 149, 79, , 31, 8, 7
2024/2/3, 175, 71, , 27, 7, 7
2024/2/4, 157, 68, , 15, 8, 5
2024/2/5, 158, 69, , 20, 10, 6
2024/2/6, 155, 84, , 28, 7, 8
2024/2/7, 171, 79, , 20, 10, 7
2024/2/8, 172, 127, , 18, 10, 8
2024/2/9, 213, 227, , 16, 14, 8
2024/2/10, 303, 60, , 9, 11, 4
2024/2/11, 134, 58, , 5, 9, 4
2024/2/12, 116, 85, , 9, 11, 6
2024/2/13, 145, 40, , 8, 7, 2
2024/2/14, 69, 48, , 10, 6, 4
2024/2/15, 113, 58, , 9, 6, 4
2024/2/16, 96, 48, , 12, 6, 3
2024/2/17, 93, 24, , 8, 5, 3
2024/2/18, 72, 28, , 5, 4, 2
2024/2/19, 68, 28, , 6, 6, 2
2024/2/20, 63, 29, , 10, 7, 3
2024/2/21, 71, 38, , 18, 6, 4
2024/2/22, 90, 40, , 18, 5, 4
2024/2/23, 97, 66, , 13, 7, 5
2024/2/24, 126, 68, , 11, 7, 4
2024/2/25, 162, 37, , 10, 5, 2
2024/2/26, 77, 52, , 14, 8, 5
2024/2/27, 105, 64, , 15, 7, 5
2024/2/28, 157, 62, , 16, 6, 4
2024/2/29, 105, 43, , 8, 8, 2
2024/3/1, 67, 45, , 13, 8, 2
2024/3/2, 96, 32, , 11, 6, 2
2024/3/3, 70, 37, , 15, 9, 2
2024/3/4, 76, 35, , 17, 8, 4
2024/3/5, 79, 49, , 21, 8, 4
2024/3/6, 106, 44, , 13, 4, 3
2024/3/7, 91, 26, , 9, 4, 3
2024/3/8, 68, 51, , 21, 6, 4
2024/3/9, 103, 62, , 16, 6, 6
2024/3/10, 127, 70, , 21, 5, 6
2024/3/11, 135, 47, , 19, 5, 4
2024/3/12, 102, 51, , 13, 5, 3
2024/3/13, 100, 59, , 12, 6, 4
2024/3/14, 114, 76, , 10, 4, 4
2024/3/15, 124, 74, , 12, 5, 4
2024/3/16, 127, 21, , 5, 3, 1
2024/3/17, 53, 41, , 9, 4, 2
2024/3/18, 98, 34, , 11, 3, 3
2024/3/19, 88, 35, , 13, 4, 3
2024/3/20, 85, 43, , 13, 3, 3
2024/3/21, 99, 34, , 7, 4, 3
2024/3/22, 83, 48, , 10, 4, 4
2024/3/23, 117, 20, , 4, 3, 1
2024/3/24, 44, 27, , 6, 4, 2
2024/3/25, 60, 32, , 9, 4, 3
2024/3/26, 69, 71, , 14, 4, 5
2024/3/27, 145, 286, , 7, 4, 3
2024/3/28, 119, 95, , 6, 4, 1
2024/3/29, 66, 58, , 6, 4, 2
2024/3/30, 56, 46, , 8, 3, 1
2024/3/31, 76, 63, , 14, 5, 3
2023/10/1, 65, 29, 27, 14, 2, 3
2023/10/2, 50, 46, 53, 10, 2, 4
2023/10/3, 56, 19, 26, 5, 2, 1
2023/10/4, 43, 21, 25, 9, 2, 3
2023/10/5, 43, 33, 29, 12, 2, 3
2023/10/6, 65, 34, 28, 14, 3, 3
2023/10/7, 65, 40, 34, 17, 2, 5
2023/10/8, 83, 46, 21, 21, 2, 5
2023/10/9, 102, 40, 30, 16, 2, 6
2023/10/10, 90, 50, 39, 19, 2, 7
2023/10/11, 95, 58, 34, 25, 2, 8
2023/10/12, 118, 56, 50, 18, 3, 6
2023/10/13, 119, 46, 45, 17, 2, 5
2023/10/14, 94, 44, 25, 9, 2, 3
2023/10/15, 66, 39, 24, 16, 2, 3
2023/10/16, 76, 48, 30, 13, 3, 4
2023/10/17, 93, 35, 28, 13, 3, 3
2023/10/18, 72, 31, 13, 14, 5, 2
2023/10/19, 61, 22, 19, 7, 3, 1
2023/10/20, 43, 24, 23, 9, 3, 1
2023/10/21, 46, 45, 24, 14, 4, 3
2023/10/22, 81, 60, 50, 15, 4, 4
2023/10/23, 132, 65, 57, 20, 7, 5
2023/10/24, 147, 78, 64, 21, 5, 8
2023/10/25, 154, 41, 24, 13, 4, 2
2023/10/26, 46, 62, 20, 22, 4, 4
2023/10/27, 112, 54, 29, 21, 3, 4
2023/10/28, 108, 80, 48, 17, 5, 6
2023/10/29, 171, 75, 35, 14, 4, 5
2023/10/30, 136, 77, 35, 13, 4, 4
2023/10/31, 128, 77, 18, 19, 3, 5
2023/11/1, 168, 58, 44, 10, 4, 5
2023/11/2, 110, 27, 20, 8, 3, 2
2023/11/3, 83, 53, 15, 15, 5, 5
2023/11/4, 118, 130, 8, 22, 5, 9
2023/11/5, 242, 30, 22, 8, 5, 3
2023/11/6, 61, 21, 22, 11, 5, 4
2023/11/7, 45, 28, 13, 17, 6, 7
2023/11/8, 99, 40, 26, 21, 9, 7
2023/11/9, 126, , , , , 
2023/11/13, 101, 48, , 24, 9, 5
2023/11/14, 127, 66, , 22, 8, 8
2023/11/15, 163, 25, , 11, 6, 1
2023/11/16, 68, 33, , 10, 6, 2
2023/11/17, 96, 34, , 11, 6, 2
2023/11/18, 89, 30, , 13, 7, 2
2023/11/19, 76, 26, , 15, 8, 3
2023/11/20, 66, 50, , 17, 5, 6
2023/11/21, 130, 59, , 19, 5, 8
2023/11/22, 162, 17, , 5, 3, 1
2023/11/23, 48, 23, , 7, 7, 1
2023/11/24, 55, 23, , 9, 8, 2
2023/11/25, 55, 37, , 19, 7, 5
2023/11/26, 114, 59, , 20, 8, 7
2023/11/27, 153, 30, , 13, 9, 3
2023/11/28, 77, 22, , 9, 7, 3
2023/11/29, 65, 37, , 17, 10, 3
2023/11/30, 77, 38, , 16, 10, 3
2023/12/1, 81, 35, , 13, 7, 4
2023/12/2, 85, 38, , 16, 10, 5
2023/12/3, 86, 46, , 18, 7, 7
2023/12/4, 111, 61, , 18, 10, 8
2023/12/5, 162, 35, , 10, 6, 4
2023/12/6, 93, 25, , 13, 6, 2
2023/12/7, 53, 75, , 10, 8, 4
2023/12/8, 93, 22, , 6, 7, 2
2023/12/9, 55, 27, , 7, 7, 3
2023/12/10, 61, 29, , 8, 7, 3
2023/12/11, 73, 44, , 13, 7, 5
2023/12/12, 107, 47, , 13, 11, 5
2023/12/13, 119, 55, , 13, 7, 5
2023/12/14, 133, 37, , 7, 6, 1
2023/12/15, 71, 37, , 9, 9, 2
2023/12/16, 69, 30, , 11, 9, 4
2023/12/17, 65, 48, , 21, 15, 7
2023/12/18, 111, 52, , 18, 10, 5
2023/12/19, 140, 56, , 15, 9, 6
2023/12/20, 138, 49, , 16, 11, 4
2023/12/21, 117, 51, , 20, 7, 5
2023/12/22, 120, 62, , 26, 12, 8
2023/12/23, 148, 62, , 21, 13, 7
2023/12/24, 146, 62, , 19, 12, 6
2023/12/25, 133, 45, , 16, 7, 5
2023/12/26, 112, 54, , 19, 8, 6
2023/12/27, 133, 72, , 22, 9, 10
2023/12/28, 159, 65, , 23, 8, 8
2023/12/29, 146, 69, , 23, 8, 10
2023/12/30, 183, 45, , 17, 11, 5
2023/12/31, 107, 68, , 18, 9, 7
2023/7/1, 36, 27, 54, 12, 2, 3
2023/7/2, 31, 35, 59, 8, 2, 4
2023/7/3, 62, 31, 45, 8, 2, 4
2023/7/4, 59, 20, 54, 4, 2, 3
2023/7/5, 33, 46, 58, 8, 2, 4
2023/7/6, 63, 29, 55, 5, , 3
2023/7/7, 55, 19, 49, 5, 2, 3
2023/7/8, 38, 17, 36, 4, 2, 3
2023/7/9, 38, 18, 34, 5, 2, 3
2023/7/10, 37, 18, 32, 6, 2, 3
2023/7/11, 32, 22, 45, 8, 2, 3
2023/7/12, 41, 31, 53, 8, 2, 4
2023/7/13, 57, 13, 33, 4, , 3
2023/7/14, 28, 12, 24, 4, , 2
2023/7/15, 19, 7, 19, 3, , 2
2023/7/16, 15, 9, 23, 3, 2, 2
2023/7/17, 13, 23, 43, 6, 2, 3
2023/7/18, 38, 34, 45, 8, 2, 4
2023/7/19, 65, 39, 56, 5, 2, 4
2023/7/20, 58, 30, 35, 6, 2, 3
2023/7/21, 23, 38, 34, 8, 2, 4
2023/7/22, 68, 11, 34, 2, 2, 3
2023/7/23, 27, 14, 38, 4, 2, 3
2023/7/24, 27, 29, 36, 7, 2, 5
2023/7/25, 55, 28, 47, 4, 2, 4
2023/7/26, 61, 28, 44, 3, 2, 3
2023/7/27, 53, 23, 37, 3, 2, 2
2023/7/28, 42, 24, 32, 3, , 3
2023/7/29, 46, 22, 18, 3, , 3
2023/7/30, 42, 27, 37, 5, , 3
2023/7/31, 56, 32, 25, 4, , 4
2023/8/1, 66, 30, 37, 3, , 3
2023/8/2, 54, 32, 39, 4, 2, 3
2023/8/3, 72, 33, 34, 4, 2, 3
2023/8/4, 69, 8, 27, 3, 2, 1
2023/8/5, 18, 11, 24, 5, 2, 1
2023/8/6, 16, 15, 11, 6, 2, 2
2023/8/7, 31, 18, 29, 6, 2, 2
2023/8/8, 38, 15, 31, 5, 2, 1
2023/8/9, 26, 21, 36, 5, 2, 2
2023/8/10, 30, 16, 24, 4, 2, 2
2023/8/11, 26, 14, 13, 6, 2, 3
2023/8/12, 27, 12, 15, 6, 2, 2
2023/8/13, 18, 19, 43, 5, 2, 3
2023/8/14, 35, 24, 45, 6, 2, 4
2023/8/15, 45, 21, 35, 5, 2, 3
2023/8/16, 34, 32, 41, 9, 2, 5
2023/8/17, 53, 32, 41, 6, 2, 5
2023/8/18, 60, 15, 37, 4, 2, 2
2023/8/19, 31, 34, 59, 9, 2, 4
2023/8/20, 55, 28, 33, 5, 2, 4
2023/8/21, 58, 15, 39, 6, 2, 3
2023/8/22, 36, 25, 36, 11, 2, 3
2023/8/23, 29, 24, 40, 10, 2, 3
2023/8/24, 38, 21, 32, 6, 2, 2
2023/8/25, 22, 16, 26, 5, , 2
2023/8/26, 31, 22, 31, 8, , 2
2023/8/27, 36, 21, 30, 5, 2, 2
2023/8/28, 24, 10, 19, 4, 2, 2
2023/8/29, 21, 13, 24, 4, 2, 3
2023/8/30, 20, 24, 31, 9, 2, 3
2023/8/31, 42, 29, 31, 7, 2, 3
2023/9/1, 57, 31, 40, 10, 2, 3
2023/9/2, 45, 26, 41, 6, 2, 3
2023/9/3, 46, 28, 37, 6, 2, 4
2023/9/4, 63, 24, 28, 5, , 2
2023/9/5, 37, 29, 39, 12, 2, 3
2023/9/6, 34, 39, 40, 8, 2, 3
2023/9/7, 77, 44, 39, 5, 3, 3
2023/9/8, 67, 23, 29, 6, 2, 2
2023/9/9, 41, 39, 38, 9, 2, 4
2023/9/10, 43, 37, 40, 6, 2, 4
2023/9/11, 62, 17, 26, 7, 2, 2
2023/9/12, 26, 24, 36, 9, , 2
2023/9/13, 32, 24, 33, 9, , 1
2023/9/14, 35, 30, 45, 9, 2, 2
2023/9/15, 40, 39, 46, 11, 2, 4
2023/9/16, 65, 49, 75, 12, 2, 5
2023/9/17, 88, 35, 56, 7, 2, 4
2023/9/18, 77, 12, 21, 6, 2, 1
2023/9/19, 26, 18, 25, 11, 2, 2
2023/9/20, 31, 29, 34, 11, 2, 2
2023/9/21, 45, 26, 25, 9, 2, 3
2023/9/22, 41, 28, 26, 13, 2, 2
2023/9/23, 45, 27, 39, 8, 2, 3
2023/9/24, 37, 24, 28, 7, 2, 2
2023/9/25, 47, 22, 36, 7, 2, 3
2023/9/26, 47, 33, 35, 10, 2, 2
2023/9/27, 52, 24, 29, 11, 2, 1
2023/9/28, 24, 33, 36, 12, 2, 3
2023/9/29, 39, 23, 26, 8, , 3
2023/9/30, 35, 35, 27, 12, 2, 3
2023/4/1, 144, 72, 79, 14, 5, 5
2023/4/2, 126, 72, 64, 11, 5, 4
2023/4/3, 120, 84, 37, 23, 8, 9
2023/4/4, 225, 246, 93, 36, 13, 14
2023/4/5, 371, 155, 48, 29, 9, 12
2023/4/6, 313, 92, 36, 3, 2, 1
2023/4/7, 49, 35, 39, 6, 2, 2
2023/4/8, 62, 97, 60, 8, 4, 4
2023/4/9, 95, 103, 51, 7, 4, 4
2023/4/10, 130, 437, 31, 4, 2, 2
2023/4/11, 144, 99, 34, 6, 2, 3
2023/4/12, 81, 137, 46, 15, 3, 5
2023/4/13, 155, 57, 43, 13, 3, 3
2023/4/14, 106, 89, 50, 16, 4, 5
2023/4/15, 138, 87, 51, 18, 4, 6
2023/4/16, 165, 71, 43, 15, 3, 4
2023/4/17, 118, 85, 39, 11, 2, 4
2023/4/18, 73, 78, 52, 12, 3, 4
2023/4/19, 76, 292, 33, 4, 2, 2
2023/4/20, 127, 162, 36, 3, 3, 2
2023/4/21, 93, 44, 38, 15, 3, 3
2023/4/22, 71, 38, 37, 9, 3, 3
2023/4/23, 58, 47, 40, 14, 3, 3
2023/4/24, 66, 58, 38, 8, 4, 4
2023/4/25, 76, 20, 37, 7, 2, 3
2023/4/26, 48, 41, 45, 8, 3, 5
2023/4/27, 75, 26, 37, 8, 3, 4
2023/4/28, 54, 27, 35, 8, 2, 3
2023/4/29, 67, 17, 36, 7, 2, 3
2023/4/30, 42, 35, 42, 16, 2, 3
2023/5/1, 59, 49, 64, 5, 3, 3
2023/5/2, 58, 53, 74, 7, 4, 3
2023/5/3, 62, 45, 37, 9, 3, 3
2023/5/4, 95, 37, 36, 6, 2, 1
2023/5/5, 67, 26, 41, 10, 3, 2
2023/5/6, 48, 50, 41, 20, 3, 4
2023/5/7, 81, 57, 41, 13, 3, 3
2023/5/8, 58, 36, 34, 14, 3, 3
2023/5/9, 60, 27, 39, 6, 3, 2
2023/5/10, 47, 47, 47, 15, 3, 3
2023/5/11, 87, 53, 52, 8, 3, 2
2023/5/12, 97, 39, 50, 6, 3, 3
2023/5/13, 86, 36, 56, 6, 3, 3
2023/5/14, 72, 47, 49, 9, 3, 3
2023/5/15, 69, 63, 59, 17, 3, 4
2023/5/16, 92, 39, 21, 15, 2, 4
2023/5/17, 77, 27, 35, 9, 2, 3
2023/5/18, 48, 36, 43, 12, 2, 3
2023/5/19, 47, 574, 32, 4, 2, 2
2023/5/20, 202, 111, 31, 6, 3, 3
2023/5/21, 116, 38, 37, 10, 2, 3
2023/5/22, 93, 38, 48, 14, 2, 3
2023/5/23, 70, 62, 73, 7, 2, 4
2023/5/24, 75, 70, 56, 4, 2, 3
2023/5/25, 77, 49, 56, 6, 2, 3
2023/5/26, 68, 45, 61, 8, 3, 4
2023/5/27, 71, 39, 48, 7, 2, 2
2023/5/28, 75, 18, 36, 5, 2, 1
2023/5/29, 26, 24, 40, 8, 2, 2
2023/5/30, 34, 39, 54, 13, 3, 2
2023/5/31, 50, 45, 45, 8, 2, 3
2023/6/1, 40, 23, 34, 7, 2, 2
2023/6/2, 50, 23, 33, 10, 2, 2
2023/6/3, 37, 24, 34, 13, 2, 2
2023/6/4, 38, 32, 47, 15, 2, 3
2023/6/5, 45, 21, 41, 12, 2, 2
2023/6/6, 44, 40, 43, 9, 3, 3
2023/6/7, 41, 24, 34, 7, 2, 2
2023/6/8, 41, 21, 26, 14, 2, 3
2023/6/9, 22, 21, 31, 13, 2, 3
2023/6/10, 41, 19, 27, 13, 2, 3
2023/6/11, 42, 17, 33, 8, 2, 4
2023/6/12, 37, 30, 58, 15, 2, 5
2023/6/13, 58, 26, 68, 15, 2, 4
2023/6/14, 46, 40, 96, 14, 2, 5
2023/6/15, 65, 49, 102, 13, 3, 6
2023/6/16, 72, 50, 89, 12, 2, 5
2023/6/17, 81, 37, 83, 14, 2, 4
2023/6/18, 55, 43, 101, 13, 2, 4
2023/6/19, 60, 19, 39, 8, 2, 3
2023/6/20, 51, 19, 41, 7, 2, 5
2023/6/21, 46, 19, 46, 8, 2, 4
2023/6/22, 43, 20, 64, 9, 2, 2
2023/6/23, 31, 42, 107, 11, 2, 3
2023/6/24, 57, 42, 85, 7, 2, 3
2023/6/25, 58, 37, 70, 9, 2, 3
2023/6/26, 59, 15, 34, 6, 2, 3
2023/6/27, 30, 40, 95, 8, 2, 5
2023/6/28, 69, 28, 58, 7, 2, 4
2023/6/29, 60, 24, 55, 12, 2, 3
2023/6/30, 40, 23, 51, 7, 2, 3
2023/1/2, 93, 56, 17, 23, 12, 5
2023/1/3, 117, 61, 15, 25, 7, 9
2023/1/4, 142, 64, 15, 28, 10, 11
2023/1/5, 158, 113, 9, 30, 7, 13
2023/1/6, 204, 84, 17, 31, 12, 9
2023/1/7, 192, 81, 19, 19, 8, 7
2023/1/8, 147, 49, 19, 20, 9, 4
2023/1/9, 95, 50, 24, 17, 6, 5
2023/1/10, 90, 53, 23, 18, 11, 6
2023/1/11, 108, 39, 23, 17, 10, 4
2023/1/12, 107, 38, 28, 8, 6, 4
2023/1/13, 93, 15, 28, 3, 3, 1
2023/1/14, 37, 33, 20, 13, 7, 3
2023/1/15, 80, 36, 23, 15, 9, 3
2023/1/16, 75, 47, 21, 12, 7, 5
2023/1/17, 93, 55, 22, 13, 7, 4
2023/1/18, 76, 64, 19, 11, 8, 3
2023/1/19, 95, 49, 20, 6, 6, 2
2023/1/20, 82, 48, 21, 7, 8, 3
2023/1/21, 91, 95, 17, 10, 12, 5
2023/1/22, 190, 30, 22, 7, 8, 2
2023/1/23, 85, 28, 25, 6, 9, 2
2023/1/24, 66, 44, 18, 11, 12, 4
2023/1/25, 81, 66, 23, 14, 12, 7
2023/1/26, 142, 62, 23, 11, 8, 5
2023/1/27, 141, 34, 22, 8, 6, 2
2023/1/28, 80, 51, 19, 11, 7, 4
2023/1/29, 119, 55, 20, 17, 5, 5
2023/1/30, 130, 41, 22, 15, 9, 4
2023/1/31, 105, 61, 27, 17, 7, 5
2023/2/1, 151, 44, 24, 16, 8, 4
2023/2/2, 103, 52, 25, 13, 6, 4
2023/2/3, 123, 46, 24, 16, 7, 5
2023/2/4, 111, 70, 26, 15, 10, 6
2023/2/5, 151, 73, 23, 20, 10, 6
2023/2/6, 167, 59, 22, 22, 9, 6
2023/2/7, 135, 40, 26, 14, 8, 4
2023/2/8, 85, 51, 28, 15, 6, 6
2023/2/9, 106, 52, 23, 18, 9, 6
2023/2/10, 142, 71, 31, 16, 6, 8
2023/2/11, 168, 64, 28, 20, 8, 6
2023/2/12, 161, 55, 29, 24, 6, 6
2023/2/13, 128, 33, 26, 14, 7, 4
2023/2/14, 83, 28, 22, 16, 7, 3
2023/2/15, 72, 57, 26, 18, 10, 7
2023/2/16, 121, 53, 29, 17, 7, 5
2023/2/17, 127, 32, 30, 12, 8, 3
2023/2/18, 78, 39, 27, 12, 6, 3
2023/2/19, 70, 37, 29, 9, 6, 3
2023/2/20, 69, 54, 27, 17, 6, 4
2023/2/21, 94, 71, 26, 19, 7, 7
2023/2/22, 113, 75, 31, 19, 8, 7
2023/2/23, 129, 34, 30, 13, 5, 3
2023/2/24, 82, 56, 29, 20, 6, 5
2023/2/25, 108, 63, 30, 16, 7, 5
2023/2/26, 109, 319, 46, 13, 7, 5
2023/2/27, 146, 69, 41, 12, 6, 5
2023/2/28, 119, 41, 32, 11, 5, 3
2023/3/1, 63, 62, 30, 15, 6, 4
2023/3/2, 81, 65, 34, 21, 8, 5
2023/3/3, 121, 50, 38, 22, 5, 5
2023/3/4, 96, 71, 82, 15, 6, 6
2023/3/5, 139, 75, 42, 20, 7, 7
2023/3/6, 168, 137, 53, 17, 5, 7
2023/3/7, 161, 32, 33, 13, 4, 4
2023/3/8, 78, 60, 41, 22, 5, 6
2023/3/9, 122, 153, 56, 17, 4, 6
2023/3/10, 136, 97, 34, 6, 4, 3
2023/3/11, 75, 34, 31, 7, 5, 3
2023/3/12, 69, 52, 35, 17, 7, 5
2023/3/13, 111, 66, 26, 18, 5, 6
2023/3/14, 121, 67, 30, 6, 4, 3
2023/3/15, 53, 39, 32, 9, 5, 3
2023/3/16, 79, 44, 37, 14, 5, 3
2023/3/17, 94, 60, 39, 18, 6, 6
2023/3/18, 132, 77, 45, 18, 7, 7
2023/3/19, 152, 76, 56, 15, 6, 6
2023/3/20, 165, 78, 56, 18, 8, 7
2023/3/21, 166, 561, 41, 12, 5, 4
2023/3/22, 165, 140, 34, 6, 3, 2
2023/3/23, 101, 55, 35, 10, 4, 3
2023/3/24, 100, 53, 38, 15, 4, 4
2023/3/25, 109, 53, 37, 15, 4, 4
2023/3/26, 115, 61, 44, 18, 5, 5
2023/3/27, 129, 66, 44, 20, 5, 6
2023/3/28, 137, 86, 69, 16, 6, 7
2023/3/29, 158, 75, 48, 18, 5, 7
2023/3/30, 137, 89, 86, 19, 6, 7
2023/3/31, 171, 86, 89, 16, 7, 6
2022/10/1, 77, 43, 36, 12, 2, 5
2022/10/2, 74, 20, 15, 6, 2, 2
2022/10/3, 47, 10, 20, 5, 2, 1
2022/10/4, 31, 27, 23, 10, 2, 1
2022/10/5, 38, 27, 25, 13, 2, 3
2022/10/6, 48, 32, 28, 12, 2, 2
2022/10/7, 48, 35, 46, 10, 2, 3
2022/10/8, 49, 18, 24, 10, 2, 3
2022/10/9, 42, 15, 20, 5, 2, 2
2022/10/10, 40, 24, 23, 10, 2, 2
2022/10/11, 33, 34, 40, 10, 3, 4
2022/10/12, 58, 50, 53, 13, 4, 6
2022/10/13, 69, 64, 43, 17, 3, 8
2022/10/14, 96, 72, 30, 18, 3, 9
2022/10/15, 113, 22, 19, 9, 2, 2
2022/10/16, 24, 23, 14, 11, , 3
2022/10/17, 32, 40, 20, 18, 3, 4
2022/10/18, 66, 41, 29, 16, 4, 3
2022/10/19, 60, 61, 51, 16, 8, 6
2022/10/20, 115, 57, 44, 13, 7, 4
2022/10/21, 82, 37, 18, 17, 4, 3
2022/10/22, 80, 25, 22, 12, 4, 2
2022/10/23, 50, 41, 16, 21, 4, 4
2022/10/24, 76, 39, 29, 15, 9, 2
2022/10/25, 67, 46, 26, 13, 4, 3
2022/10/26, 86, 19, 20, 12, 4, 2
2022/10/27, 55, 34, 21, 18, 5, 3
2022/10/28, 78, 53, 21, 23, 4, 4
2022/10/29, 113, 49, 18, 26, 8, 6
2022/10/30, 90, 58, 21, 15, 10, 8
2022/10/31, 96, 25, 21, 10, 4, 4
2022/11/1, 36, 33, 22, 16, 6, 2
2022/11/2, 58, 37, 16, 12, 7, 2
2022/11/3, 58, 41, 18, 15, 10, 2
2022/11/4, 68, 40, 24, 15, 5, 4
2022/11/5, 78, 59, 18, 23, 7, 6
2022/11/6, 113, 65, 23, 24, 6, 7
2022/11/7, 112, 44, 25, 17, 8, 4
2022/11/8, 66, 63, 33, 22, 7, 8
2022/11/9, 130, 90, 29, 28, 6, 9
2022/11/10, 171, 66, 28, 18, 4, 8
2022/11/11, 128, 65, 19, 11, 5, 6
2022/11/12, 154, 49, 17, 21, 9, 6
2022/11/13, 119, 56, 24, 22, 6, 9
2022/11/14, 147, 47, 17, 28, 4, 10
2022/11/15, 141, 45, 20, 23, 5, 8
2022/11/16, 109, 48, 17, 21, 5, 10
2022/11/17, 125, 40, 12, 20, 5, 6
2022/11/18, 87, 31, 26, 11, 5, 5
2022/11/19, 78, 24, 16, 9, 6, 2
2022/11/20, 41, 35, 11, 12, 7, 3
2022/11/21, 76, 34, 15, 14, 5, 3
2022/11/22, 68, 49, 10, 18, 8, 6
2022/11/23, 108, 61, 13, 16, 7, 8
2022/11/24, 156, 66, 25, 9, 4, 4
2022/11/25, 100, 52, 22, 6, 4, 2
2022/11/26, 43, 29, 15, 10, 4, 2
2022/11/27, 68, 47, 15, 12, 6, 4
2022/11/28, 119, 43, 19, 3, 5, 1
2022/11/29, 50, 26, 20, 3, 6, 1
2022/11/30, 43, 21, 20, 6, 8, 1
2022/12/1, 43, 37, 20, 13, 10, 3
2022/12/2, 62, 29, 22, 7, 8, 2
2022/12/3, 58, 26, 21, 10, 8, 2
2022/12/4, 57, 39, 21, 15, 9, 2
2022/12/5, 73, 39, 22, 12, 7, 2
2022/12/6, 57, 45, 21, 12, 8, 2
2022/12/7, 57, 37, 20, 17, 7, 3
2022/12/8, 75, 45, 19, 19, 10, 3
2022/12/9, 91, 36, 21, 15, 8, 2
2022/12/10, 74, 47, 17, 18, 8, 3
2022/12/11, 89, 238, 24, 11, 8, 3
2022/12/12, 98, 66, 21, 4, 7, 1
2022/12/13, 62, 44, 22, 9, 7, 2
2022/12/14, 72, 37, 20, 12, 10, 2
2022/12/15, 73, 30, 20, 11, 9, 2
2022/12/16, 58, 30, 19, 7, 8, 1
2022/12/17, 56, 38, 21, 11, 11, 3
2022/12/18, 75, 43, 19, 13, 8, 3
2022/12/19, 87, 46, 19, 15, 9, 5
2022/12/20, 102, 49, 19, 12, 7, 5
2022/12/21, 117, 37, 21, 9, 8, 4
2022/12/22, 96, 29, 20, 8, 7, 2
2022/12/23, 69, 43, 19, 16, 10, 4
2022/12/24, 114, 63, 20, 21, 9, 6
2022/12/25, 157, 75, 13, 31, 8, 9
2022/12/26, 162, 68, 17, 21, 12, 7
2022/12/27, 155, 63, 12, 20, 9, 7
2022/12/28, 150, 45, 17, 19, 9, 7
2022/12/29, 104, 44, 18, 18, 13, 6
2022/12/30, 101, 50, 19, 19, 13, 6
2022/12/31, 122, 42, 20, 11, 10, 3
2023/1/1, 67, 50, 20, 15, 9, 4
2022/7/1, 52, 14, 40, 6, 2, 4
2022/7/2, 46, 27, 54, 5, 2, 4
2022/7/3, 63, 29, 41, 6, , 4
2022/7/4, 70, 22, 24, 8, 2, 4
2022/7/5, 59, 23, 21, 10, 3, 3
2022/7/6, 56, 9, 45, 6, , 1
2022/7/7, 25, 16, 44, 10, 2, 3
2022/7/8, 45, 27, 38, 7, 2, 2
2022/7/9, 41, 19, 36, 11, 2, 2
2022/7/10, 39, 24, 57, 13, 2, 3
2022/7/11, 59, 26, 54, 12, 2, 3
2022/7/12, 56, 13, 24, 7, 2, 3
2022/7/13, 37, 7, 33, 6, , 3
2022/7/14, 22, , 33, 3, 2, 3
2022/7/15, 17, 12, 20, 4, 2, 4
2022/7/16, 18, 17, 25, 8, 2, 6
2022/7/17, 34, 24, 24, 11, 2, 6
2022/7/18, 45, 24, 21, 12, 2, 5
2022/7/19, 43, 28, 31, 11, 2, 5
2022/7/20, 48, 28, 24, 13, 2, 5
2022/7/21, 54, 18, 31, 6, 2, 3
2022/7/22, 38, 24, 28, 7, 2, 4
2022/7/23, 43, 13, 29, 7, 2, 3
2022/7/24, 31, 28, 44, 7, 2, 4
2022/7/25, 53, 40, 62, 6, 2, 5
2022/7/26, 80, 40, 47, 8, 2, 4
2022/7/27, 75, 34, 35, 8, 2, 3
2022/7/28, 62, 20, 25, 5, 2, 2
2022/7/29, 42, 21, 38, 4, , 2
2022/7/30, 46, 25, 28, 5, , 2
2022/7/31, 59, 31, 40, 8, , 3
2022/8/1, 57, 40, 49, 7, , 4
2022/8/2, 76, 37, 34, 9, 2, 4
2022/8/3, 62, 36, 44, 5, 3, 5
2022/8/4, 72, 26, 36, 5, 2, 4
2022/8/5, 53, 23, 44, 7, 1, 4
2022/8/6, 33, 28, 34, 7, 1, 6
2022/8/7, 77, 14, 23, 5, 1, 4
2022/8/8, 45, 20, 33, 10, 2, 4
2022/8/9, 20, 27, 40, 7, 2, 6
2022/8/10, 43, 19, 33, 6, 2, 4
2022/8/11, 42, 28, 25, 10, 2, 3
2022/8/12, 40, 22, 39, 10, 2, 4
2022/8/13, 42, 31, 22, 14, 1, 4
2022/8/14, 54, 13, 24, 5, , 3
2022/8/15, 26, 17, 31, 8, 2, 4
2022/8/16, 33, 30, 33, 10, 1, 4
2022/8/17, 46, 38, 60, 8, 1, 5
2022/8/18, 57, 19, 34, 5, 1, 4
2022/8/19, 62, 26, 27, 10, 2, 3
2022/8/20, 48, 33, 50, 8, 2, 5
2022/8/21, 51, 18, 38, 5, 2, 3
2022/8/22, 31, 13, 18, 8, , 3
2022/8/23, 24, 24, 23, 9, 2, 4
2022/8/24, 31, 17, 25, 8, 2, 3
2022/8/25, 49, 19, 17, 11, 2, 3
2022/8/26, 30, 18, 20, 8, 2, 3
2022/8/27, 27, 25, 28, 9, 2, 3
2022/8/28, 36, 23, 17, 11, 2, 4
2022/8/29, 42, 25, 41, 8, , 4
2022/8/30, 53, 38, 40, 12, 2, 4
2022/8/31, 48, 14, 24, 7, , 2
2022/9/1, 18, 25, 31, 11, , 3
2022/9/2, 28, 31, 42, 11, 2, 4
2022/9/3, 44, 26, 17, 9, 2, 3
2022/9/4, 46, 21, 22, 8, 2, 3
2022/9/5, 36, 23, 19, 8, 2, 2
2022/9/6, 26, 23, 28, 8, 2, 3
2022/9/7, 22, 41, 49, 9, 3, 4
2022/9/8, 42, 39, 78, 11, 2, 5
2022/9/9, 64, 41, 71, 13, 2, 5
2022/9/10, 64, 43, 50, 12, 2, 5
2022/9/11, 68, 37, 49, 11, 2, 5
2022/9/12, 56, 25, 28, 7, 2, 3
2022/9/13, 38, 39, 24, 15, 2, 5
2022/9/14, 54, 19, 19, 9, , 3
2022/9/15, 40, 16, 16, 6, 2, 2
2022/9/16, 29, 19, 24, 6, 2, 2
2022/9/17, 31, 42, 25, 6, 2, 2
2022/9/18, 38, 24, 26, 5, 2, 1
2022/9/19, 25, 30, 25, 12, 2, 2
2022/9/20, 30, 40, 42, 8, 2, 2
2022/9/21, 34, 35, 42, 7, 2, 3
2022/9/22, 51, 14, 20, 5, , 1
2022/9/23, 32, 13, 25, 6, , 2
2022/9/24, 13, 37, 63, 8, 3, 3
2022/9/25, 38, 44, 40, 16, 2, 5
2022/9/26, 71, 63, 89, 15, 3, 8
2022/9/27, 105, 65, 96, 14, 3, 7
2022/9/28, 98, 60, 85, 12, 2, 6
2022/9/29, 97, 59, 90, 9, 2, 5
2022/9/30, 94, 39, 11, 8, 2, 3
2022/4/1, 75, 33, 40, 4, 5, 4
2022/4/2, 68, 41, 48, 4, 4, 5
2022/4/3, 75, 74, 71, 6, 9, 5
2022/4/4, 124, 64, 56, 3, 4, 4
2022/4/5, 75, 22, 37, 1, 4, 4
2022/4/6, 34, 56, 40, 5, 3, 5
2022/4/7, 110, 270, 61, 5, 6, 8
2022/4/8, 167, 69, 46, 4, 2, 6
2022/4/9, 117, 154, 67, 17, 8, 11
2022/4/10, 192, 90, 50, 8, 2, 9
2022/4/11, 141, 13, , 3, 1, 4
2022/4/12, 32, 34, , 5, 1, 6
2022/4/13, 72, 58, , 4, 1, 6
2022/4/14, 126, 68, , 6, 1, 6
2022/4/15, 130, 62, , 5, 1, 6
2022/4/16, 99, 95, , 8, 2, 8
2022/4/17, 170, 160, , 14, 4, 11
2022/4/18, 252, , , , , 
2022/4/24, 127, 73, , 5, 1, 10
2022/4/25, 125, 73, , 1, , 7
2022/4/26, 63, 39, , 3, 1, 7
2022/4/27, 66, 53, , 6, 1, 8
2022/4/28, 105, 69, 45, 6, 1, 8
2022/4/29, 132, 19, 32, 2, , 6
2022/4/30, 40, 32, 39, 4, , 7
2022/5/1, 74, 41, 45, 5, , 7
2022/5/2, 85, 69, 69, 5, 2, 9
2022/5/3, 77, 75, 79, 3, 2, 9
2022/5/4, 83, 95, 70, 2, 2, 7
2022/5/5, 79, 24, 37, 2, , 4
2022/5/6, 52, 29, 32, 4, , 4
2022/5/7, 50, 49, 44, 9, 1, 5
2022/5/8, 83, 58, 59, 9, 2, 6
2022/5/9, 99, 56, 54, 4, 1, 6
2022/5/10, 76, 37, 35, 3, , 5
2022/5/11, 64, 30, 31, 6, , 4
2022/5/12, 50, 41, 37, 7, , 5
2022/5/13, 53, 32, 36, 9, , 4
2022/5/14, 59, 37, 37, 8, 1, 4
2022/5/15, 54, 29, 40, 10, , 5
2022/5/16, 47, 58, 49, 8, 1, 5
2022/5/17, 67, 54, 48, 8, 1, 5
2022/5/18, 76, 56, 44, 8, 1, 5
2022/5/19, 75, 59, 60, 9, 1, 4
2022/5/20, 87, 63, 49, 5, 1, 5
2022/5/21, 101, 21, 48, 8, , 3
2022/5/22, 45, 60, 97, 11, 2, 6
2022/5/23, 79, 76, 84, 8, 2, 6
2022/5/24, 88, 13, 23, 5, , 4
2022/5/25, 31, 15, 22, 6, 3, 4
2022/5/26, 37, 22, 39, 7, , 5
2022/5/27, 31, 44, 61, 9, 1, 7
2022/5/28, 67, 51, 67, 9, 1, 6
2022/5/29, 64, 24, 32, 7, , 5
2022/5/30, 48, 26, 29, 11, 1, 5
2022/5/31, 40, 32, 32, 14, 1, 5
2022/6/1, 46, 23, 37, 13, , 6
2022/6/2, 45, 25, 35, 12, , 4
2022/6/3, 37, 34, 36, 8, , 5
2022/6/4, 41, 30, 42, 5, , 4
2022/6/5, 54, 20, 22, 5, , 3
2022/6/6, 34, 23, 21, 8, , 4
2022/6/7, 29, 32, 39, 9, 1, 4
2022/6/8, 49, 40, 31, 15, 2, 5
2022/6/9, 58, 37, 46, 13, 2, 6
2022/6/10, 53, 53, 43, 18, 2, 7
2022/6/11, 71, 49, 43, 16, 2, 7
2022/6/12, 62, 39, 40, 6, 2, 6
2022/6/13, 53, 27, 39, 8, 2, 5
2022/6/14, 41, 46, 38, 12, 4, 4
2022/6/15, 58, 60, 50, 13, 2, 5
2022/6/16, 74, 58, 49, 11, 2, 5
2022/6/17, 69, 57, 60, 15, 2, 5
2022/6/18, 66, 85, 70, 12, 2, 6
2022/6/19, 66, 28, 67, 11, 2, 7
2022/6/20, 74, 40, 46, 11, 2, 6
2022/6/21, 79, 39, 40, 12, 2, 7
2022/6/22, 69, 10, 44, 5, 2, 4
2022/6/23, 41, 13, 43, 8, , 2
2022/6/24, 33, 7, 42, 5, , 2
2022/6/25, 22, 18, 40, 14, 2, 3
2022/6/26, 39, 25, 47, 11, 2, 4
2022/6/27, 59, 9, 25, 5, 2, 3
2022/6/28, 27, 10, 29, 6, , 4
2022/6/29, 31, 14, 34, 9, 2, 3
2022/6/30, 43, 24, 38, 11, 2, 4
2022/1/3, 116, 51, 16, 16, 8, 6
2022/1/4, 97, 62, 12, 16, 11, 11
2022/1/5, 134, 72, 9, 18, 12, 11
2022/1/6, 154, 73, 10, 24, 10, 12
2022/1/7, 151, 88, 12, 27, 8, 10
2022/1/8, 180, 68, 14, 24, 8, 9
2022/1/9, 149, 75, 16, 20, 5, 8
2022/1/10, 149, 45, 13, 15, 11, 6
2022/1/11, 98, 58, 9, 21, 9, 8
2022/1/12, 129, 61, 18, 18, 11, 7
2022/1/13, 124, 50, 19, 12, 5, 8
2022/1/14, 103, 68, 21, 16, 7, 7
2022/1/15, 136, 60, 18, 15, 6, 5
2022/1/16, 122, 54, 20, 16, 6, 6
2022/1/17, 111, 59, 17, 19, 10, 6
2022/1/18, 134, 60, 17, 16, 9, 5
2022/1/19, 143, 69, 14, 25, 7, 8
2022/1/20, 141, 70, 17, 22, 7, 9
2022/1/21, 143, 102, 13, 27, 12, 11
2022/1/22, 179, 78, 20, 22, 9, 8
2022/1/23, 122, 104, 20, 28, 19, 12
2022/1/24, 166, 108, 23, 28, 15, 12
2022/1/25, 187, 80, 23, 17, 5, 9
2022/1/26, 146, 57, 22, 16, 3, 8
2022/1/27, 122, 54, 22, 15, 3, 8
2022/1/28, 114, 48, 25, 12, 4, 7
2022/1/29, 81, 48, 26, 13, 5, 7
2022/1/30, 96, 54, 27, 16, 6, 9
2022/1/31, 120, 234, 27, 14, 13, 10
2022/2/1, 268, 38, 26, 6, 5, 6
2022/2/2, 88, 52, 27, 8, 5, 6
2022/2/3, 106, 44, 24, 7, 4, 3
2022/2/4, 87, 46, 26, 7, 4, 3
2022/2/5, 79, 51, 26, 11, 6, 5
2022/2/6, 115, 48, 24, 11, 7, 5
2022/2/7, 96, 53, 26, 13, 8, 6
2022/2/8, 107, 72, 26, 17, 6, 9
2022/2/9, 137, 93, 29, 26, 9, 14
2022/2/10, 177, 91, 27, 14, 5, 11
2022/2/11, 157, 50, 16, 19, 9, 7
2022/2/12, 110, 51, 26, 11, 8, 6
2022/2/13, 124, 52, 22, 11, 6, 6
2022/2/14, 124, 61, 25, 12, 7, 7
2022/2/15, 119, 72, 23, 14, 8, 7
2022/2/16, 147, 48, 20, 15, 8, 7
2022/2/17, 113, 58, 21, 11, 6, 7
2022/2/18, 102, 55, 26, 11, 7, 5
2022/2/19, 109, 50, 25, 13, 4, 6
2022/2/20, 104, 39, 28, 12, 3, 5
2022/2/21, 76, 39, 26, 11, 6, 5
2022/2/22, 89, 60, 25, 18, 4, 7
2022/2/23, 109, 64, 25, 14, 5, 6
2022/2/24, 105, 90, 29, 15, 6, 8
2022/2/25, 127, 37, 29, 9, 4, 5
2022/2/26, 61, 50, 27, 10, 6, 6
2022/2/27, 64, 40, 21, 13, 6, 4
2022/2/28, 71, 28, 25, 8, 5, 3
2022/3/1, 61, 46, 24, 10, 8, 4
2022/3/2, 75, 44, 24, 15, 5, 4
2022/3/3, 78, 108, 27, 8, 4, 5
2022/3/4, 79, 58, 27, 4, 2, 3
2022/3/5, 51, 34, 28, 8, 2, 5
2022/3/6, 57, 59, 30, 21, 5, 9
2022/3/7, 100, 93, 34, 25, 7, 11
2022/3/8, 154, 90, 35, 23, 4, 9
2022/3/9, 144, 92, 39, 16, 6, 7
2022/3/10, 145, 49, 30, 9, 2, 3
2022/3/11, 53, 44, 23, 9, 1, 6
2022/3/12, 74, 49, 21, 6, 3, 6
2022/3/13, 115, 42, 25, 7, 5, 5
2022/3/14, 97, 42, 30, 7, 1, 6
2022/3/15, 93, 28, 35, 3, 1, 4
2022/3/16, 67, 27, 34, 6, 5, 4
2022/3/17, 55, 31, 37, 4, 6, 3
2022/3/18, 70, 33, 39, 6, 7, 3
2022/3/19, 79, 42, 37, 8, 7, 4
2022/3/20, 88, 43, 37, 6, 4, 4
2022/3/21, 90, 29, 37, 6, 6, 2
2022/3/22, 60, 42, 36, 9, 12, 5
2022/3/23, 88, 61, 37, 6, 5, 7
2022/3/24, 127, 59, 40, 3, 3, 5
2022/3/25, 91, 30, 38, 4, 3, 3
2022/3/26, 57, 22, 36, 2, 2, 3
2022/3/27, 42, 117, 46, 5, 9, 4
2022/3/28, 92, 44, 37, 5, 6, 3
2022/3/29, 76, 23, 36, 6, 4, 3
2022/3/30, 57, 28, 39, 4, 2, 4
2022/3/31, 67, 36, 39, 5, 3, 4
2021/10/1, 78, 75, 22, 13, 2, 6
2021/10/2, 67, 50, 19, 12, , 4
2021/10/3, 60, 48, 20, 12, , 2
2021/10/4, 54, 48, 18, 19, 3, 3
2021/10/5, 61, 52, 17, 20, 2, 3
2021/10/6, 63, 68, 16, 26, 3, 6
2021/10/7, 93, 77, 19, 27, 2, 8
2021/10/8, 88, 41, 12, 18, 2, 6
2021/10/9, 51, 61, 18, 12, 2, 3
2021/10/10, 53, 57, 14, 25, 3, 6
2021/10/11, 70, 124, 16, 35, 3, 17
2021/10/12, 111, 98, 20, 27, 2, 7
2021/10/13, 95, 74, 11, 31, 3, 4
2021/10/14, 91, 92, 14, 25, 4, 4
2021/10/15, 70, 68, 13, 18, 4, 4
2021/10/16, 54, 64, 13, 17, 6, 4
2021/10/17, 60, 56, 11, 15, 4, 5
2021/10/18, 75, 65, 14, 20, 5, 7
2021/10/19, 94, 65, 14, 23, 4, 6
2021/10/20, 95, 84, 14, 28, 5, 10
2021/10/21, 123, 85, 17, 32, 5, 11
2021/10/22, 112, 82, 15, 32, 4, 5
2021/10/23, 106, 83, 19, 37, 6, 5
2021/10/24, 136, 75, 29, 31, 3, 5
2021/10/25, 158, 87, 14, 34, 3, 5
2021/10/26, 142, 75, 13, 28, 4, 3
2021/10/27, 64, 83, 16, 27, 4, 8
2021/10/28, 94, 85, 14, 27, 5, 7
2021/10/29, 89, 96, 23, 29, 4, 9
2021/10/30, 154, 51, 7, 22, 2, 5
2021/10/31, 81, 72, 6, 22, 4, 6
2021/11/1, 116, 78, 14, 24, 3, 9
2021/11/2, 147, 82, 15, 25, 3, 8
2021/11/3, 154, 120, 16, 31, 3, 12
2021/11/4, 172, 113, 27, 34, 3, 10
2021/11/5, 179, 64, 10, 19, 2, 3
2021/11/6, 57, 83, 10, 16, 3, 3
2021/11/7, 68, 27, 13, 12, 2, 4
2021/11/8, 64, 40, 10, 17, 3, 4
2021/11/9, 69, 30, 13, 16, 3, 4
2021/11/10, 56, 26, 15, 18, 4, 5
2021/11/11, 72, 41, 13, 21, 4, 6
2021/11/12, 88, 46, 12, 25, 6, 8
2021/11/13, 103, 59, 10, 29, 5, 7
2021/11/14, 137, 77, 9, 32, 4, 8
2021/11/15, 165, 53, 14, 27, 7, 6
2021/11/16, 103, 61, 20, 18, 5, 6
2021/11/17, 128, 60, 14, 20, 4, 6
2021/11/18, 128, 39, 11, 17, 5, 4
2021/11/19, 63, 60, 11, 23, 7, 6
2021/11/20, 125, 72, 10, 21, 7, 6
2021/11/21, 158, 81, 15, 14, 4, 4
2021/11/22, 63, 28, 15, 16, 4, 4
2021/11/23, 41, 38, 12, 21, 7, 5
2021/11/24, 67, 52, 11, 24, 6, 6
2021/11/25, 99, 71, 10, 30, 7, 8
2021/11/26, 130, 57, 18, 20, 5, 8
2021/11/27, 119, 54, 18, 19, 6, 7
2021/11/28, 127, 62, 12, 18, 5, 7
2021/11/29, 142, 45, 12, 15, 4, 5
2021/11/30, 107, 46, 14, 16, 5, 5
2021/12/1, 86, 28, 13, 10, 5, 4
2021/12/2, 47, , , , , 
2021/12/5, 161, 47, 18, 14, 4, 3
2021/12/6, 101, 47, 6, 21, 4, 6
2021/12/7, 84, 57, 13, 22, 5, 10
2021/12/8, 121, 51, 12, 19, 7, 7
2021/12/9, 124, 59, 11, 14, 4, 7
2021/12/10, 148, 62, 17, 15, 3, 7
2021/12/11, 137, 25, 20, 7, 4, 2
2021/12/12, 41, 41, 17, 14, 9, 5
2021/12/13, 65, 57, 12, 19, 6, 8
2021/12/14, 124, 71, 9, 24, 8, 8
2021/12/15, 154, 69, 14, 16, 9, 6
2021/12/16, 124, 41, 15, 13, 8, 4
2021/12/17, 90, 56, 11, 18, 11, 7
2021/12/18, 108, 51, 13, 17, 8, 5
2021/12/19, 89, 53, 18, 15, 8, 6
2021/12/20, 91, 29, 18, 8, 7, 2
2021/12/21, 61, 51, 11, 19, 21, 5
2021/12/22, 98, 57, 14, 20, 9, 6
2021/12/23, 132, 32, 19, 9, 7, 4
2021/12/24, 78, 35, 19, 11, 8, 4
2021/12/25, 83, 45, 14, 14, 7, 5
2021/12/26, 92, 52, 17, 18, 8, 6
2021/12/27, 106, 67, 14, 21, 9, 10
2021/12/28, 132, 59, 14, 20, 12, 6
2021/12/29, 143, 42, 23, 11, 6, 4
2021/12/30, 82, 43, 22, 17, 7, 6
2021/12/31, 90, 59, 12, 16, 10, 7
2022/1/1, 116, 47, 17, 12, 8, 5
2022/1/2, 89, 59, 17, 17, 6, 8
2021/7/1, 68, 50, 54, 17, 2, 6
2021/7/2, 71, 51, 46, 17, 2, 5
2021/7/3, 74, 29, 23, 16, 2, 5
2021/7/4, 46, 40, 29, 24, 2, 6
2021/7/5, 55, 54, 36, 19, 2, 7
2021/7/6, 74, 31, 32, 16, 2, 7
2021/7/7, 66, 35, 31, 19, 2, 6
2021/7/8, 58, 43, 35, 14, , 6
2021/7/9, 71, 43, 34, 17, 2, 6
2021/7/10, 76, 60, 49, 22, 2, 8
2021/7/11, 108, 52, 47, 14, 2, 7
2021/7/12, 78, 43, 44, 8, 2, 5
2021/7/13, 61, 41, 23, 8, 1, 4
2021/7/14, 53, 34, 26, 9, 1, 3
2021/7/15, 32, 33, 18, 13, 2, 4
2021/7/16, 34, 50, 32, 17, 1, 5
2021/7/17, 59, 52, 36, 16, 2, 5
2021/7/18, 68, 48, 36, 15, 2, 6
2021/7/19, 68, 47, 29, 15, , 5
2021/7/20, 60, 51, 32, 16, 2, 5
2021/7/21, 68, 57, 34, 17, 2, 5
2021/7/22, 78, 55, 36, 12, 2, 6
2021/7/23, 85, 55, 42, 15, , 7
2021/7/24, 70, 54, 42, 12, , 6
2021/7/25, 73, 57, 33, 16, 2, 5
2021/7/26, 70, 51, 30, 19, , 5
2021/7/27, 65, 53, 30, 22, 2, 5
2021/7/28, 74, 51, 33, 20, 2, 5
2021/7/29, 66, 54, 22, 19, 1, 5
2021/7/30, 71, 28, 25, 10, 1, 5
2021/7/31, 44, 21, 24, 8, 1, 4
2021/8/1, 33, 11, 9, 6, 1, 4
2021/8/2, 29, 26, 19, 12, 2, 4
2021/8/3, 29, 43, 38, 13, , 6
2021/8/4, 60, 49, 42, 12, 1, 6
2021/8/5, 76, 63, 26, 20, 1, 7
2021/8/6, 93, 64, 35, 22, , 6
2021/8/7, 83, 79, 54, 23, 2, 8
2021/8/8, 129, 68, 47, 15, , 7
2021/8/9, 114, , , , , 
2021/8/20, 57, 27, 26, 15, 2, 6
2021/8/21, 54, 36, 37, 14, 2, 5
2021/8/22, 48, 57, 48, 15, 2, 8
2021/8/23, 120, 44, 44, 13, 2, 7
2021/8/24, 57, 26, 34, 9, 2, 5
2021/8/25, 44, 38, 35, 12, , 5
2021/8/26, 59, 43, 26, 10, , 5
2021/8/27, 46, 37, 17, 9, 2, 4
2021/8/28, 31, 35, 16, 13, 3, 5
2021/8/29, 47, 34, 21, 12, 2, 4
2021/8/30, 49, 54, 27, 18, 2, 4
2021/8/31, 60, 67, 38, 21, 2, 7
2021/9/1, 78, 61, 39, 19, 2, 6
2021/9/2, 73, 62, 41, 22, 2, 6
2021/9/3, 74, 67, 43, 25, 2, 8
2021/9/4, 83, 56, 36, 21, 2, 5
2021/9/5, 53, 55, 18, 19, 2, 7
2021/9/6, 59, 24, 24, 15, , 5
2021/9/7, 46, 29, 30, 12, 2, 4
2021/9/8, 41, 27, 32, 15, 2, 5
2021/9/9, 43, 32, 32, 15, 2, 6
2021/9/10, 63, 34, 21, 15, 3, 4
2021/9/11, 48, 46, 23, 19, 2, 4
2021/9/12, 53, 36, 20, 16, 2, 4
2021/9/13, 47, 45, 19, 19, 2, 5
2021/9/14, 74, 47, 25, 20, 2, 5
2021/9/15, 59, 35, 14, 18, , 5
2021/9/16, 60, 54, 26, 20, 2, 8
2021/9/17, 82, 78, 25, 28, 2, 6
2021/9/18, 83, 74, 35, 22, 2, 5
2021/9/19, 80, 55, 19, 14, 2, 3
2021/9/20, 64, 14, 22, 8, 2, 3
2021/9/21, 28, 8, 11, 8, 2, 3
2021/9/22, 21, 25, 20, 12, 2, 3
2021/9/23, 43, 51, 24, 17, 2, 7
2021/9/24, 67, 28, 16, 17, 2, 7
2021/9/25, 51, 23, 18, 19, 2, 8
2021/9/26, 76, 38, 19, 19, 2, 7
2021/9/27, 72, 41, 22, 16, 2, 6
2021/9/28, 62, 55, 21, 17, 2, 5
2021/9/29, 58, 67, 16, 21, 2, 6
2021/9/30, 68, 81, 18, 20, 2, 7
2021/4/1, 95, 103, 37, 25, 7, 7
2021/4/2, 145, 57, 31, 16, 4, 3
2021/4/3, 67, 71, 36, 26, 4, 5
2021/4/4, 119, 87, 30, 21, 5, 5
2021/4/5, 117, 67, 32, 22, 4, 6
2021/4/6, 98, 89, 32, 26, 7, 7
2021/4/7, 139, 114, 36, 29, 9, 8
2021/4/8, 188, 144, 62, 37, 5, 9
2021/4/9, 202, 134, 55, 26, 5, 8
2021/4/10, 182, 132, 42, 18, 4, 5
2021/4/11, 134, 69, 42, 10, 2, 3
2021/4/12, 77, 25, 29, 9, 2, 3
2021/4/13, 44, 49, 28, 16, 3, 5
2021/4/14, 74, 83, 47, 17, 3, 6
2021/4/15, 127, 129, 35, 8, 2, 3
2021/4/16, 71, 85, 22, 12, 2, 5
2021/4/17, 115, 53, 35, 18, 2, 5
2021/4/18, 90, 106, 61, 21, 4, 8
2021/4/19, 133, 86, 51, 23, 4, 6
2021/4/20, 150, 117, 76, 27, 5, 8
2021/4/21, 160, 64, 45, 18, 3, 5
2021/4/22, 98, 52, 27, 21, 2, 5
2021/4/23, 120, 50, 31, 19, 3, 5
2021/4/24, 98, 75, 44, 25, 3, 6
2021/4/25, 120, 84, 48, 24, 4, 5
2021/4/26, 131, 97, 31, 15, 3, 5
2021/4/27, 130, 79, 31, 17, 2, 3
2021/4/28, 70, 64, 30, 17, 3, 4
2021/4/29, 85, 31, 27, 12, 2, 3
2021/4/30, 62, 54, 37, 16, 2, 4
2021/5/1, 91, 59, 43, 22, 2, 5
2021/5/2, 110, 70, 47, 15, 3, 5
2021/5/3, 92, 52, 33, 11, 2, 4
2021/5/4, 72, 79, 24, 15, 2, 6
2021/5/5, 63, 103, 52, 18, 3, 6
2021/5/6, 98, 141, 35, 13, 2, 4
2021/5/7, 126, 23, 24, 8, 2, 3
2021/5/8, 32, 29, 31, 13, 2, 5
2021/5/9, 40, 65, 36, 23, 2, 6
2021/5/10, 81, 63, 50, 16, 2, 5
2021/5/11, 88, 58, 36, 14, 2, 4
2021/5/12, 68, 62, 45, 19, 3, 7
2021/5/13, 111, 63, 53, 18, 3, 6
2021/5/14, 90, 38, 26, 17, 2, 5
2021/5/15, 59, 59, 36, 24, 2, 7
2021/5/16, 79, 64, 38, 23, 3, 5
2021/5/17, 79, 65, 57, 17, 3, 5
2021/5/18, 71, 83, 69, 27, 5, 9
2021/5/19, 125, 74, 71, 24, 4, 8
2021/5/20, 134, 72, 59, 28, 4, 8
2021/5/21, 126, 84, 88, 18, 3, 8
2021/5/22, 135, 103, 52, 14, 2, 5
2021/5/23, 131, 97, 23, 19, 2, 4
2021/5/24, 117, 62, 27, 24, 2, 4
2021/5/25, 94, 61, 28, 16, 3, 5
2021/5/26, 77, 48, 43, 13, 2, 4
2021/5/27, 70, 50, 30, 18, , 4
2021/5/28, 75, 54, 34, 22, 2, 5
2021/5/29, 72, 78, 29, 28, 3, 6
2021/5/30, 112, 65, 58, 19, 2, 5
2021/5/31, 101, 44, 33, 15, 2, 4
2021/6/1, 67, 32, 27, 17, 2, 5
2021/6/2, 56, 29, 28, 12, 2, 4
2021/6/3, 54, 28, 29, 16, 2, 4
2021/6/4, 41, 23, 27, 14, 2, 4
2021/6/5, 41, 29, 27, 16, 2, 4
2021/6/6, 45, 33, 49, 19, 2, 4
2021/6/7, 56, 45, 68, 18, 2, 4
2021/6/8, 65, 55, 51, 20, 2, 5
2021/6/9, 72, 45, 27, 17, 2, 7
2021/6/10, 74, 38, 39, 16, 2, 7
2021/6/11, 68, 60, 104, 18, 2, 9
2021/6/12, 78, 56, 52, 23, 2, 8
2021/6/13, 85, 39, 49, 12, 2, 5
2021/6/14, 60, 40, 36, 18, 2, 6
2021/6/15, 56, 50, 57, 21, 2, 6
2021/6/16, 72, 27, 31, 11, 2, 4
2021/6/17, 39, 30, 25, 10, 2, 3
2021/6/18, 34, 29, 27, 11, 2, 3
2021/6/19, 35, 23, 33, 12, 2, 3
2021/6/20, 36, 36, 28, 17, 2, 4
2021/6/21, 55, 34, 37, 15, 2, 3
2021/6/22, 46, 71, 43, 22, 2, 5
2021/6/23, 79, 75, 44, 33, 2, 5
2021/6/24, 81, 73, 76, 34, 2, 5
2021/6/25, 100, 48, 38, 22, 2, 3
2021/6/26, 63, 28, 39, 10, , 2
2021/6/27, 56, 45, 46, 16, 2, 2
2021/6/28, 74, 32, 48, 15, 2, 2
2021/6/29, 51, 41, 41, 18, 2, 3
2021/6/30, 66, 46, 53, 15, 2, 5
2021/1/4, 87, 51, 14, 18, 11, 7
2021/1/5, 92, 54, 14, 15, 10, 7
2021/1/6, 99, 31, 13, 14, 7, 5
2021/1/7, 68, 44, 13, 17, 8, 6
2021/1/8, 95, 50, 11, 20, 10, 7
2021/1/9, 101, 65, 10, 24, 11, 10
2021/1/10, 140, 56, 12, 21, 13, 10
2021/1/11, 103, 66, 12, 21, 10, 11
2021/1/12, 130, 70, 16, 21, 10, 8
2021/1/13, 137, 44, 20, 16, 10, 5
2021/1/14, 73, 55, 16, 19, 15, 6
2021/1/15, 126, 64, 15, 22, 10, 9
2021/1/16, 147, 50, 18, 20, 9, 7
2021/1/17, 107, 34, 19, 13, 8, 5
2021/1/18, 76, 49, 21, 18, 11, 7
2021/1/19, 98, 54, 17, 15, 10, 6
2021/1/20, 103, 86, 7, 24, 7, 11
2021/1/21, 178, 64, 19, 24, 18, 7
2021/1/22, 138, 72, 25, 31, 9, 11
2021/1/23, 159, 91, 19, 37, 8, 18
2021/1/24, 181, 135, 8, 46, 9, 24
2021/1/25, 248, 92, 19, 25, 10, 10
2021/1/26, 166, 46, 19, 19, 8, 5
2021/1/27, 72, 44, 21, 15, 7, 5
2021/1/28, 97, 46, 21, 14, 11, 5
2021/1/29, 76, 70, 21, 22, 10, 9
2021/1/30, 146, 72, 20, 22, 11, 9
2021/1/31, 161, 64, 25, 17, 9, 8
2021/2/1, 147, 38, 20, 16, 9, 6
2021/2/2, 84, 34, 22, 17, 9, 5
2021/2/3, 74, 42, 24, 16, 11, 4
2021/2/4, 84, 76, 16, 25, 13, 10
2021/2/5, 147, 95, 31, 28, 14, 10
2021/2/6, 185, 72, 23, 27, 8, 8
2021/2/7, 144, 75, 17, 25, 7, 10
2021/2/8, 158, 67, 22, 22, 9, 10
2021/2/9, 137, 104, 17, 28, 7, 14
2021/2/10, 195, 67, 48, 14, 10, 7
2021/2/11, 137, 97, 41, 15, 9, 9
2021/2/12, 175, 93, 20, 19, 7, 9
2021/2/13, 179, 38, 26, 10, 9, 4
2021/2/14, 84, 31, 28, 9, 11, 5
2021/2/15, 71, 39, 26, 9, 7, 5
2021/2/16, 75, 42, 22, 8, 6, 4
2021/2/17, 60, 51, 22, 10, 9, 4
2021/2/18, 71, 108, 27, 16, 9, 7
2021/2/19, 94, 47, 23, 15, 8, 5
2021/2/20, 68, 46, 27, 14, 12, 6
2021/2/21, 98, 41, 25, 11, 7, 5
2021/2/22, 71, 37, 25, 13, 6, 5
2021/2/23, 69, 63, 28, 22, 8, 7
2021/2/24, 104, 53, 27, 18, 8, 6
2021/2/25, 105, 81, 27, 24, 10, 6
2021/2/26, 127, 129, 41, 17, 9, 7
2021/2/27, 160, 56, 23, 17, 7, 5
2021/2/28, 98, 34, 30, 14, 9, 3
2021/3/1, 69, 49, 26, 24, 10, 5
2021/3/2, 95, 75, 31, 17, 10, 7
2021/3/3, 138, 86, 29, 17, 6, 6
2021/3/4, 121, 42, 29, 12, 5, 5
2021/3/5, 75, 53, 23, 24, 8, 7
2021/3/6, 92, 66, 24, 26, 9, 8
2021/3/7, 112, 94, 34, 31, 10, 11
2021/3/8, 167, 82, 25, 24, 7, 10
2021/3/9, 123, 98, 32, 25, 6, 10
2021/3/10, 118, 114, 26, 30, 7, 9
2021/3/11, 182, 88, 37, 32, 8, 8
2021/3/12, 165, 99, 26, 40, 5, 10
2021/3/13, 149, 106, 44, 28, 6, 9
2021/3/14, 176, 207, 35, 20, 4, 6
2021/3/15, 120, 184, 23, 27, 5, 5
2021/3/16, 89, 65, 28, 30, 5, 7
2021/3/17, 104, 88, 28, 30, 7, 7
2021/3/18, 131, 68, 36, 22, 6, 6
2021/3/19, 127, 59, 14, 24, 5, 8
2021/3/20, 129, 40, 22, 18, 3, 6
2021/3/21, 83, 54, 23, 21, 5, 6
2021/3/22, 80, 156, 12, 28, 8, 10
2021/3/23, 147, 93, 23, 33, 6, 9
2021/3/24, 126, 83, 29, 25, 6, 6
2021/3/25, 125, 78, 51, 20, 4, 5
2021/3/26, 141, 93, 45, 26, 5, 8
2021/3/27, 161, 286, 25, 25, 3, 7
2021/3/28, 153, 107, 22, 16, 4, 3
2021/3/29, 65, 70, 29, 29, 3, 6
2021/3/30, 105, 85, 46, 22, 4, 6
2021/3/31, 130, 67, 34, 23, 4, 5
2020/10/1, 99, 37, 23, 10, 1, 4
2020/10/2, 45, 38, 22, 15, 2, 3
2020/10/3, 38, 25, , 9, 1, 2
2020/10/4, 29, 21, 15, 9, 1, 3
2020/10/5, 32, 61, 20, 18, 2, 7
2020/10/6, 82, 72, 32, 25, 3, 8
2020/10/7, 108, 88, 64, 19, 3, 9
2020/10/8, 150, 62, 45, 25, 2, 6
2020/10/9, 91, 67, 45, 23, 3, 7
2020/10/10, 118, 47, 47, 18, 2, 6
2020/10/11, 86, 34, 21, 17, 2, 4
2020/10/12, 43, 54, 20, 13, 2, 3
2020/10/13, 50, 29, 20, 11, 2, 4
2020/10/14, 42, 46, 22, 18, 3, 5
2020/10/15, 64, 50, 23, 21, 3, 6
2020/10/16, 79, 53, 22, 18, 3, 6
2020/10/17, 62, 41, 23, 20, 4, 5
2020/10/18, 55, 62, 24, 24, 8, 7
2020/10/19, 91, 80, 50, 22, 4, 10
2020/10/20, 165, 111, 53, 15, 3, 5
2020/10/21, 104, 36, 43, 15, 4, 4
2020/10/22, 39, 43, 20, 18, 5, 5
2020/10/23, 63, 49, 21, 19, 5, 6
2020/10/24, 68, 58, 18, 28, 9, 8
2020/10/25, 90, 83, 22, 33, 7, 11
2020/10/26, 145, 44, 20, 16, 4, 6
2020/10/27, 48, 43, 13, 17, 4, 6
2020/10/28, 58, 64, 13, 22, 7, 7
2020/10/29, 92, 68, 16, 20, 4, 7
2020/10/30, 118, 98, 24, 19, 5, 8
2020/10/31, 148, 46, 16, 14, 4, 4
2020/11/1, 40, 43, 17, 13, 4, 5
2020/11/2, 44, 40, 15, 14, 6, 5
2020/11/3, 48, 57, 13, 22, 8, 8
2020/11/4, 74, 89, 13, 30, 7, 11
2020/11/5, 155, 80, 22, 21, 6, 7
2020/11/6, 110, 87, 14, 20, 4, 4
2020/11/7, 70, 39, 14, 11, 4, 4
2020/11/8, 50, 39, 15, 13, 4, 4
2020/11/9, 53, 65, 10, 23, 7, 8
2020/11/10, 91, 80, 21, 26, 6, 10
2020/11/11, 158, 80, 26, 20, 5, 6
2020/11/12, 117, 58, 9, 20, 5, 6
2020/11/13, 69, 89, 13, 26, 6, 8
2020/11/14, 142, 82, 17, 20, 7, 8
2020/11/15, 150, 67, 17, 19, 8, 6
2020/11/16, 121, 110, 21, 27, 5, 10
2020/11/17, 196, 58, 13, 12, 2, 7
2020/11/18, 134, 32, 18, 8, 4, 2
2020/11/19, 33, 32, 13, 17, 8, 4
2020/11/20, 67, 57, 8, 25, 7, 7
2020/11/21, 130, 45, 11, 19, 9, 6
2020/11/22, 94, 39, 14, 20, 7, 6
2020/11/23, 82, 54, 8, 27, 7, 9
2020/11/24, 119, 62, 10, 25, 8, 9
2020/11/25, 144, 66, 6, 24, 10, 9
2020/11/26, 144, 58, 12, 21, 9, 8
2020/11/27, 121, 58, 7, 21, 10, 8
2020/11/28, 112, 67, 8, 24, 9, 10
2020/11/29, 146, 49, 11, 22, 11, 7
2020/11/30, 91, 54, 11, 22, 8, 8
2020/12/1, 101, 58, 13, 23, 9, 6
2020/12/2, 115, 46, 15, 21, 8, 4
2020/12/3, 77, 55, 15, 21, 7, 5
2020/12/4, 87, 65, 14, 24, 8, 7
2020/12/5, 113, 69, 12, 25, 10, 7
2020/12/6, 132, 49, 13, 18, 9, 5
2020/12/7, 77, 55, 16, 18, 7, 6
2020/12/8, 84, 72, 11, 23, 10, 8
2020/12/9, 119, 63, 15, 22, 9, 6
2020/12/10, 108, 69, 8, 23, 10, 7
2020/12/11, 109, 72, 10, 22, 10, 8
2020/12/12, 137, 63, 12, 17, 8, 7
2020/12/13, 118, 53, 12, 14, 8, 7
2020/12/14, 85, 51, 9, 16, 10, 7
2020/12/15, 86, 67, 7, 19, 10, 9
2020/12/16, 127, 62, 11, 19, 13, 8
2020/12/17, 115, 54, 14, 13, 7, 5
2020/12/18, 68, 50, 10, 18, 12, 6
2020/12/19, 89, 63, 13, 19, 8, 8
2020/12/20, 120, 67, 15, 21, 11, 9
2020/12/21, 80, 70, 10, 23, 13, 12
2020/12/22, 113, 129, 16, 21, 8, 10
2020/12/23, 149, 62, 10, 19, 8, 7
2020/12/24, 123, 56, 11, 18, 10, 6
2020/12/25, 94, 62, 11, 24, 10, 8
2020/12/26, 101, 87, 6, 27, 13, 10
2020/12/27, 152, 64, 11, 20, 17, 8
2020/12/28, 136, 61, 12, 17, 9, 8
2020/12/29, 115, 56, 12, 14, 8, 7
2020/12/30, 77, 48, 15, 16, 8, 6
2020/12/31, 75, 51, 18, 16, 9, 6
2021/1/1, 90, 59, 12, 18, 8, 8
2021/1/2, 119, 47, 15, 15, 9, 5
2021/1/3, 77, 45, 16, 17, 10, 6
2020/7/1, 47, 54, 58, 21, 2, 5
2020/7/2, 70, 52, 74, 21, 2, 6
2020/7/3, 67, 62, 67, 18, 1, 6
2020/7/4, 101, 78, 43, 11, 1, 5
2020/7/5, 74, 50, 39, 15, 2, 5
2020/7/6, 53, 39, 31, 17, 1, 5
2020/7/7, 76, 48, 44, 22, 2, 6
2020/7/8, 68, 55, 68, 23, 1, 5
2020/7/9, 83, 54, 70, 18, 1, 5
2020/7/10, 75, 54, 64, 16, 1, 5
2020/7/11, 68, 57, 66, 21, 1, 5
2020/7/12, 77, 47, 64, 14, 2, 4
2020/7/13, 51, 38, 46, 11, 2, 3
2020/7/14, 38, 55, 38, 30, 1, 7
2020/7/15, 70, 60, 76, 24, 1, 7
2020/7/16, 96, 66, 90, 15, , 8
2020/7/17, 119, 53, 90, 14, 1, 6
2020/7/18, 82, 55, 48, 16, 1, 5
2020/7/19, 68, 25, 30, 15, 1, 4
2020/7/20, 40, 37, 37, 19, 1, 4
2020/7/21, 46, 64, 98, 21, 1, 7
2020/7/22, 81, 61, 96, 18, 1, 6
2020/7/23, 85, 49, 81, 12, 1, 4
2020/7/24, 51, 40, 61, 12, 1, 3
2020/7/25, 43, 48, 69, 12, 2, 4
2020/7/26, 49, 48, 53, 18, 1, 5
2020/7/27, 59, 32, 29, 11, 1, 6
2020/7/28, 48, 29, 43, 9, 1, 5
2020/7/29, 44, 34, 48, 10, , 5
2020/7/30, 63, 63, 64, 13, 1, 8
2020/7/31, 107, 33, 51, 10, , 4
2020/8/1, 42, 32, 37, 7, , 3
2020/8/2, 20, 41, 48, 12, 1, 5
2020/8/3, 50, 30, 44, 11, 1, 5
2020/8/4, 36, 28, 41, 13, 1, 6
2020/8/5, 42, 35, 35, 16, 1, 5
2020/8/6, 45, 27, 32, 12, 1, 5
2020/8/7, 33, 45, 57, 15, 1, 7
2020/8/8, 57, 38, 34, 11, 1, 7
2020/8/9, 60, 41, 48, 12, 2, 8
2020/8/10, 69, 50, 57, 15, 2, 7
2020/8/11, 76, 38, 51, 11, 1, 6
2020/8/12, 67, 31, 32, 9, 2, 4
2020/8/13, 38, 24, 28, 9, 1, 5
2020/8/14, 25, 26, 28, 14, 2, 5
2020/8/15, 30, 55, 55, 18, 1, 5
2020/8/16, 50, 50, 30, 17, 1, 6
2020/8/17, 63, 37, 32, 12, , 6
2020/8/18, 65, 17, 29, 10, 2, 4
2020/8/19, 32, 25, 26, 12, 2, 3
2020/8/20, 45, 31, 38, 14, 2, 4
2020/8/21, 41, 52, 45, 23, 2, 8
2020/8/22, 62, 65, 45, 24, 2, 9
2020/8/23, 86, 29, 44, 11, 1, 6
2020/8/24, 42, 37, 42, 16, 1, 6
2020/8/25, 59, 46, 42, 17, 1, 6
2020/8/26, 61, 19, 25, 7, 1, 4
2020/8/27, 32, 23, 17, 12, , 6
2020/8/28, 40, 19, 14, 9, 1, 5
2020/8/29, 30, 39, 26, 16, 1, 6
2020/8/30, 47, 57, 67, 18, 2, 9
2020/8/31, 85, 35, 41, 14, 1, 5
2020/9/1, 64, 41, 34, 17, 1, 6
2020/9/2, 69, 20, 27, 9, 1, 4
2020/9/3, 34, 19, 20, 7, 1, 4
2020/9/4, 42, 28, 31, 10, 1, 5
2020/9/5, 48, 45, 53, 19, 1, 7
2020/9/6, 68, 48, 37, 20, 1, 7
2020/9/7, 79, 7, 36, 6, , 5
2020/9/8, 19, 6, 21, 8, , 5
2020/9/9, 16, 13, 16, 8, 1, 5
2020/9/10, 30, 26, 28, 7, 2, 4
2020/9/11, 49, 29, 17, 10, 2, 4
2020/9/12, 43, 33, 18, 14, 2, 5
2020/9/13, 48, 47, 26, 18, 1, 8
2020/9/14, 69, 45, 34, 16, 1, 6
2020/9/15, 58, 25, 34, 9, 1, 4
2020/9/16, 38, 27, 26, 11, 1, 3
2020/9/17, 28, 26, 19, 12, 2, 4
2020/9/18, 45, 25, 15, 13, 1, 6
2020/9/19, 51, 31, 13, 13, 1, 5
2020/9/20, 51, 34, 22, 14, 1, 4
2020/9/21, 55, 42, 22, 17, , 7
2020/9/22, 74, 42, 32, 17, 1, 6
2020/9/23, 86, 58, 33, 20, 2, 7
2020/9/24, 90, 67, 33, 23, 2, 9
2020/9/25, 107, 70, 41, 26, 2, 9
2020/9/26, 109, 59, 43, 21, 2, 6
2020/9/27, 84, 56, 43, 17, 2, 7
2020/9/28, 101, 44, 32, 17, 2, 5
2020/9/29, 72, 58, 30, 22, 2, 6
2020/9/30, 97, 58, 25, 16, 2, 6
2020/4/1, 131, 74, 53, 17, 4, 6
2020/4/2, 134, 186, 42, 15, 3, 5
2020/4/3, 129, 105, 42, 14, 5, 6
2020/4/4, 165, 157, 97, 31, 8, 11
2020/4/5, 244, 196, 77, 31, 6, 11
2020/4/6, 269, 73, 76, 17, 6, 7
2020/4/7, 125, 49, 27, 14, 3, 6
2020/4/8, 115, 37, 42, 11, 2, 5
2020/4/9, 85, 119, 46, 38, 4, 10
2020/4/10, 209, 123, 48, 28, 4, 9
2020/4/11, 194, 92, 75, 33, 4, 8
2020/4/12, 171, 241, 72, 49, 6, 13
2020/4/13, 282, 137, 85, 28, 6, 10
2020/4/14, 198, 376, 82, 46, 11, 17
2020/4/15, 373, 268, 102, 41, 7, 15
2020/4/16, 312, 246, 69, 35, 5, 13
2020/4/17, 297, 131, 78, 33, 3, 9
2020/4/18, 208, 114, 78, 16, 3, 7
2020/4/19, 186, 18, 43, 8, , 3
2020/4/20, 39, 38, 32, 7, , 3
2020/4/21, 36, 17, 21, 8, , 3
2020/4/22, 38, 30, 30, 13, , 5
2020/4/23, 53, 43, 41, 15, 1, 5
2020/4/24, 68, 29, , 9, 1, 4
2020/4/25, 52, 37, 34, 14, 1, 6
2020/4/26, 66, 64, 39, 23, 1, 8
2020/4/27, 97, 68, 53, 20, 3, 9
2020/4/28, 120, 52, 47, 15, 1, 8
2020/4/29, 102, 64, 78, 24, 1, 7
2020/4/30, 130, 98, 103, 16, 4, 7
2020/5/1, 143, 87, 103, 16, 4, 7
2020/5/2, 138, 44, 60, 12, , 4
2020/5/3, 86, 28, 36, 13, 1, 3
2020/5/4, 54, 44, 38, 18, 1, 4
2020/5/5, 81, 47, 50, 21, 1, 5
2020/5/6, 88, 65, 53, 20, 4, 5
2020/5/7, 93, 57, 40, 15, 2, 6
2020/5/8, 104, 47, 66, 18, 1, 6
2020/5/9, 91, 148, 52, 21, , 6
2020/5/10, 84, 53, 34, 10, , 4
2020/5/11, 43, 25, 32, 14, , 5
2020/5/12, 41, 34, 35, 15, , 4
2020/5/13, 44, 122, 76, 13, 2, 6
2020/5/14, 102, 58, 65, 15, 1, 4
2020/5/15, 62, 40, 47, 16, 1, 5
2020/5/16, 67, 41, 38, 16, 1, 5
2020/5/17, 56, 40, 29, 10, 1, 4
2020/5/18, 63, 15, 26, 4, 1, 2
2020/5/19, 18, 15, 25, 8, 1, 3
2020/5/20, 44, 35, 44, 9, 1, 5
2020/5/21, 77, 24, 41, 8, 1, 5
2020/5/22, 53, 15, 35, 9, 1, 5
2020/5/23, 44, 33, 39, 18, 1, 6
2020/5/24, 57, 37, 39, 15, 1, 5
2020/5/25, 41, 27, 33, 16, 1, 5
2020/5/26, 38, 54, 37, 23, 1, 6
2020/5/27, 71, 40, 50, 17, 1, 5
2020/5/28, 66, 50, 53, 19, 2, 4
2020/5/29, 59, 62, 88, 14, 2, 5
2020/5/30, 73, 48, 70, 12, 1, 5
2020/5/31, 78, 28, 49, 15, 1, 5
2020/6/1, 50, 45, 50, 21, 2, 6
2020/6/2, 64, 44, 50, 12, 1, 4
2020/6/3, 50, 29, 35, 16, 1, 4
2020/6/4, 38, 31, 33, 18, 1, 4
2020/6/5, 42, 47, 63, 22, 1, 4
2020/6/6, 51, 57, 91, 24, 2, 5
2020/6/7, 62, 79, 124, 20, 2, 6
2020/6/8, 94, 64, 95, 23, 3, 6
2020/6/9, 97, 57, 53, 28, 1, 5
2020/6/10, 78, 27, 42, 15, , 3
2020/6/11, 23, 56, 83, 26, 2, 5
2020/6/12, 66, 63, 112, 23, 1, 5
2020/6/13, 90, 27, 112, 10, , 3
2020/6/14, 32, 25, 37, 15, , 3
2020/6/15, 18, 31, 39, 21, , 4
2020/6/16, 36, 41, 68, 20, 2, 4
2020/6/17, 44, 32, 40, 13, 1, 3
2020/6/18, 36, 32, 44, 19, 2, 4
2020/6/19, 46, 52, 98, 22, 1, 6
2020/6/20, 64, 62, 89, 13, 2, 7
2020/6/21, 117, 45, 75, 14, 1, 6
2020/6/22, 84, 52, 53, 21, 2, 6
2020/6/23, 79, 37, 50, 19, 2, 5
2020/6/24, 55, 32, 38, 13, 1, 4
2020/6/25, 48, 31, 26, 16, 1, 4
2020/6/26, 36, 30, 32, 18, , 5
2020/6/27, 37, 44, 42, 23, 2, 6
2020/6/28, 53, 49, 66, 22, 2, 5
2020/6/29, 67, 32, 52, 12, , 3
2020/6/30, 43, 30, 39, 14, 2, 3
2020/1/1, 151, 80, 22, 27, 10, 12
2020/1/2, 161, 94, 22, 35, 29, 13
2020/1/3, 184, 107, 14, 39, 19, 14
2020/1/4, 198, 78, 16, 30, 7, 11
2020/1/5, 168, 64, 24, 24, 6, 10
2020/1/6, 153, 118, 24, 25, 12, 13
2020/1/7, 219, 66, 19, 20, 11, 8
2020/1/8, 147, 73, 15, 27, 14, 10
2020/1/9, 162, 88, 17, 28, 16, 12
2020/1/10, 180, 85, 18, 31, 17, 10
2020/1/11, 172, 103, 15, 32, 15, 13
2020/1/12, 188, 83, 14, 27, 18, 10
2020/1/13, 160, 122, 10, 39, 15, 16
2020/1/14, 204, 98, 23, 31, 12, 13
2020/1/15, 184, 125, 17, 38, 17, 14
2020/1/16, 216, 99, 20, 33, 7, 14
2020/1/17, 180, 104, 32, 35, 14, 14
2020/1/18, 193, 114, 37, 33, 15, 14
2020/1/19, 214, 89, 27, 29, 10, 10
2020/1/20, 174, 54, 27, 14, 6, 7
2020/1/21, 83, 76, 24, 23, 20, 9
2020/1/22, 158, 88, 35, 22, 13, 9
2020/1/23, 176, 53, 29, 15, 16, 6
2020/1/24, 108, 150, 37, 18, 11, 11
2020/1/25, 238, 174, 41, 19, 10, 14
2020/1/26, 273, 88, 36, 23, 11, 12
2020/1/27, 170, 129, 49, 27, 22, 14
2020/1/28, 224, 82, 28, 16, 17, 8
2020/1/29, 157, 64, 21, 20, 19, 7
2020/1/30, 132, 100, 29, 28, 14, 10
2020/1/31, 189, 97, 29, 14, 8, 8
2020/2/1, 170, 39, 22, 7, 6, 4
2020/2/2, 69, 44, 29, 8, 7, 5
2020/2/3, 96, 32, 29, 5, 9, 3
2020/2/4, 75, 61, 29, 8, 7, 7
2020/2/5, 142, 54, 34, 8, 5, 7
2020/2/6, 127, 62, 36, 12, 10, 7
2020/2/7, 136, 69, 29, 17, 12, 6
2020/2/8, 141, 66, 40, 10, 12, 6
2020/2/9, 146, 58, 32, 18, 15, 5
2020/2/10, 128, 64, 49, 10, 12, 7
2020/2/11, 150, 54, 47, 15, 7, 7
2020/2/12, 141, 62, 39, 15, 4, 9
2020/2/13, 144, 25, 26, 5, 5, 2
2020/2/14, 48, 31, 29, 7, 11, 3
2020/2/15, 74, 32, 29, 4, 5, 3
2020/2/16, 64, 34, 28, 9, 11, 5
2020/2/17, 86, 48, 30, 11, 6, 6
2020/2/18, 104, 48, 33, 15, 6, 6
2020/2/19, 103, 52, 38, 15, 4, 7
2020/2/20, 119, 58, 35, 15, 6, 7
2020/2/21, 144, 51, 28, 9, 3, 4
2020/2/22, 95, 47, 35, 11, 5, 5
2020/2/23, 84, 35, 33, 12, 7, 4
2020/2/24, 74, 39, 35, 9, 7, 4
2020/2/25, 101, 38, 32, 14, 9, 5
2020/2/26, 90, 49, 34, 17, 6, 6
2020/2/27, 107, 45, 28, 12, 6, 6
2020/2/28, 110, 49, 35, 15, 4, 5
2020/2/29, 105, 51, 32, 16, 4, 6
2020/3/1, 122, 62, 39, 19, 7, 6
2020/3/2, 151, 64, 41, 17, 4, 6
2020/3/3, 159, 50, 41, 15, 6, 6
2020/3/4, 116, 38, 42, 12, 4, 5
2020/3/5, 87, 46, 45, 7, 4, 5
2020/3/6, 115, 63, 40, 14, 3, 6
2020/3/7, 153, 57, 33, 15, 3, 7
2020/3/8, 151, 45, 36, 11, 3, 5
2020/3/9, 105, 46, 36, 15, 8, 5
2020/3/10, 98, 42, 35, 13, 4, 4
2020/3/11, 84, 237, 31, 8, 4, 4
2020/3/12, 80, 42, 30, 8, 4, 4
2020/3/13, 49, 54, 29, 11, 5, 6
2020/3/14, 75, 49, , 7, 2, 4
2020/3/15, 50, 61, 37, 14, 2, 7
2020/3/16, 84, 55, 23, 20, 11, 9
2020/3/17, 112, 60, 43, 16, 5, 8
2020/3/18, 95, 37, 33, 10, 2, 5
2020/3/19, 62, 64, 35, 20, 4, 6
2020/3/20, 107, 65, 37, 16, 4, 5
2020/3/21, 108, 51, 41, 12, 4, 4
2020/3/22, 95, 49, 38, 20, 4, 5
2020/3/23, 100, 51, 44, 15, 7, 5
2020/3/24, 98, 72, 54, 15, 4, 6
2020/3/25, 128, 49, 39, 12, 2, 4
2020/3/26, 59, 66, 29, 8, 2, 3
2020/3/27, 48, 44, 32, 9, 2, 4
2020/3/28, 55, 59, 33, 13, 5, 7
2020/3/29, 86, , , , , 
2019/10/1, 127, 68, 94, 28, 2, 7
2019/10/2, 120, 58, 27, 9, 2, 2
2019/10/3, 62, 19, 15, 9, 1, 2
2019/10/4, 36, 37, 24, 20, 2, 4
2019/10/5, 52, 46, 25, 21, 2, 3
2019/10/6, 57, 56, 30, 20, 3, 6
2019/10/7, 70, 29, 23, 11, 2, 4
2019/10/8, 38, 59, 27, 20, 4, 6
2019/10/9, 58, 51, 32, 21, 3, 6
2019/10/10, 86, 34, 21, 12, 2, 3
2019/10/11, 43, 40, 19, 13, 2, 3
2019/10/12, 51, 35, 17, 13, 2, 4
2019/10/13, 52, 52, 18, 17, 2, 5
2019/10/14, 70, 68, 70, 20, 3, 5
2019/10/15, 74, 71, 21, 29, 5, 11
2019/10/16, 108, 80, 29, 30, 3, 11
2019/10/17, 125, 80, 30, 37, 5, 11
2019/10/18, 137, 84, 32, 39, 5, 12
2019/10/19, 147, 93, 32, 23, 6, 9
2019/10/20, 142, 51, 28, 22, 4, 7
2019/10/21, 59, 89, 20, 37, 6, 12
2019/10/22, 112, 96, 34, 40, 9, 13
2019/10/23, 161, 90, 42, 36, 5, 11
2019/10/24, 162, 32, 32, 12, 2, 4
2019/10/25, 62, 44, 13, 19, 3, 5
2019/10/26, 66, 60, 19, 24, 6, 8
2019/10/27, 104, 53, 30, 16, 5, 6
2019/10/28, 107, 28, 19, 15, 3, 5
2019/10/29, 59, 48, 18, 18, 5, 6
2019/10/30, 76, 76, 23, 15, 5, 6
2019/10/31, 94, 42, 19, 20, 4, 6
2019/11/1, 66, 46, 21, 19, 12, 6
2019/11/2, 74, 31, 18, 15, 14, 4
2019/11/3, 56, 57, 19, 26, 10, 9
2019/11/4, 94, 45, 18, 19, 6, 6
2019/11/5, 82, 60, 15, 20, 7, 7
2019/11/6, 104, 36, 19, 16, 5, 5
2019/11/7, 71, 54, 21, 20, 10, 7
2019/11/8, 93, 61, 25, 24, 8, 8
2019/11/9, 110, 71, 19, 24, 7, 8
2019/11/10, 157, 35, 23, 16, 5, 5
2019/11/11, 84, 54, 17, 21, 8, 7
2019/11/12, 89, 60, 17, 13, 5, 4
2019/11/13, 99, 27, 20, 12, 6, 4
2019/11/14, 54, 35, 19, 17, 6, 5
2019/11/15, 66, 40, 18, 19, 7, 6
2019/11/16, 76, 47, 13, 20, 8, 6
2019/11/17, 106, 60, 21, 12, 5, 3
2019/11/18, 62, 39, 21, 14, 5, 4
2019/11/19, 49, 52, 18, 23, 10, 7
2019/11/20, 91, 57, 21, 21, 7, 8
2019/11/21, 117, 45, 24, 18, 5, 6
2019/11/22, 90, 44, 32, 16, 7, 5
2019/11/23, 90, 30, 26, 12, 7, 4
2019/11/24, 66, 36, 18, 14, 8, 5
2019/11/25, 64, 48, 17, 14, 10, 6
2019/11/26, 71, 35, 19, 14, 7, 5
2019/11/27, 64, 49, 19, 20, 8, 6
2019/11/28, 85, 57, 20, 20, 9, 8
2019/11/29, 116, 46, 18, 17, 7, 6
2019/11/30, 95, 33, 23, 19, 6, 5
2019/12/1, 76, 30, 23, 14, 7, 5
2019/12/2, 68, 25, 22, 14, 8, 4
2019/12/3, 57, 36, 20, 14, 12, 6
2019/12/4, 69, 57, 18, 18, 8, 8
2019/12/5, 98, 53, 21, 18, 9, 7
2019/12/6, 82, 55, 19, 22, 10, 8
2019/12/7, 113, 50, 17, 21, 10, 7
2019/12/8, 108, 74, 20, 22, 9, 10
2019/12/9, 162, 62, 16, 27, 11, 8
2019/12/10, 132, 60, 20, 22, 10, 8
2019/12/11, 145, 44, 22, 19, 7, 7
2019/12/12, 102, 49, 17, 23, 6, 9
2019/12/13, 111, 68, 13, 26, 5, 10
2019/12/14, 150, 45, 18, 19, 7, 7
2019/12/15, 88, 41, 18, 19, 5, 7
2019/12/16, 97, 37, 23, 19, 4, 7
2019/12/17, 107, 53, 19, 25, 3, 8
2019/12/18, 116, 67, 17, 26, 6, 10
2019/12/19, 155, 49, 19, 22, 8, 7
2019/12/20, 110, 50, 19, 24, 9, 8
2019/12/21, 116, 59, 19, 28, 15, 9
2019/12/22, 139, 135, 13, 39, 26, 16
2019/12/23, 255, 113, 21, 30, 6, 13
2019/12/24, 219, 103, 24, 30, 9, 14
2019/12/25, 205, 142, 10, 37, 17, 17
2019/12/26, 257, 103, 25, 26, 7, 12
2019/12/27, 202, 109, 10, 32, 17, 16
2019/12/28, 198, 99, 15, 24, 11, 12
2019/12/29, 185, , , , , 
2019/7/1, 35, 38, 48, 21, 2, 5
2019/7/2, 60, 32, 48, 23, 2, 5
2019/7/3, 66, 44, 98, 14, 2, 5
2019/7/4, 73, 55, 96, 18, 2, 6
2019/7/5, 103, 45, 78, 20, 2, 5
2019/7/6, 73, 47, 67, 17, 1, 5
2019/7/7, 88, 35, 91, 14, 2, 3
2019/7/8, 55, 40, 68, 18, 2, 4
2019/7/9, 52, 36, 91, 15, 1, 3
2019/7/10, 58, 38, 91, 20, 1, 4
2019/7/11, 60, 38, 31, 23, 1, 5
2019/7/12, 66, 27, 54, 15, 1, 3
2019/7/13, 55, 40, 43, 26, 1, 5
2019/7/14, 63, 38, 45, 24, 1, 5
2019/7/15, 64, 49, 58, 20, 1, 7
2019/7/16, 90, 55, 49, 21, 2, 8
2019/7/17, 111, 54, 48, 19, 1, 7
2019/7/18, 102, 56, 72, 13, 1, 6
2019/7/19, 105, 53, 66, 17, 1, 6
2019/7/20, 90, 35, 22, 19, 1, 5
2019/7/21, 50, 36, 34, 22, 2, 6
2019/7/22, 55, 48, 40, 20, 1, 8
2019/7/23, 99, 31, 46, 15, 1, 5
2019/7/24, 56, 27, 39, 20, 1, 5
2019/7/25, 43, 39, 42, 17, 1, 7
2019/7/26, 73, 60, 57, 16, 1, 8
2019/7/27, 118, 50, 53, 13, , 6
2019/7/28, 81, 44, 45, 12, 1, 6
2019/7/29, 78, 20, 38, 12, , 5
2019/7/30, 42, 40, 61, 14, 1, 8
2019/7/31, 80, 33, 47, 17, 1, 7
2019/8/1, 61, 55, 60, 20, 2, 8
2019/8/2, 92, 31, 47, 12, 1, 5
2019/8/3, 55, 39, 33, 13, 1, 5
2019/8/4, 48, 43, 45, 14, 1, 6
2019/8/5, 77, 40, 39, 13, 1, 5
2019/8/6, 73, 44, 27, 19, 1, 6
2019/8/7, 77, 26, 25, 13, 1, 5
2019/8/8, 49, 23, 30, 13, 1, 5
2019/8/9, 32, 37, 30, 15, 1, 6
2019/8/10, 68, 13, 28, 9, 1, 4
2019/8/11, 30, 21, 25, 9, 1, 4
2019/8/12, 43, 26, 23, 8, 1, 4
2019/8/13, 41, 10, 26, 12, 1, 5
2019/8/14, 28, 15, 22, 9, 1, 5
2019/8/15, 38, 10, 16, 8, , 5
2019/8/16, 23, 8, 10, 7, 1, 5
2019/8/17, 20, 19, 27, 11, 1, 5
2019/8/18, 36, 28, 42, 15, 1, 6
2019/8/19, 53, 33, 32, 11, 1, 7
2019/8/20, 50, 27, 35, 11, 1, 6
2019/8/21, 53, 31, 25, 15, 2, 6
2019/8/22, 44, 26, 21, 15, 1, 7
2019/8/23, 48, 30, 27, 15, 1, 7
2019/8/24, 48, 41, 28, 19, 1, 9
2019/8/25, 58, 38, 41, 12, 1, 7
2019/8/26, 58, 23, 45, 14, 1, 6
2019/8/27, 49, 23, 35, 17, 1, 5
2019/8/28, 40, 20, 32, 13, 1, 5
2019/8/29, 46, 83, 24, 14, 1, 5
2019/8/30, 40, 36, 23, 18, 1, 4
2019/8/31, 50, 46, 51, 20, 1, 5
2019/9/1, 59, 53, 67, 24, 2, 6
2019/9/2, 71, 70, 78, 26, 2, 9
2019/9/3, 115, 60, 79, 19, 2, 8
2019/9/4, 93, 37, 49, 12, 1, 4
2019/9/5, 45, 23, 42, 12, 1, 5
2019/9/6, 40, 28, 42, 11, 1, 5
2019/9/7, 45, 28, 30, 11, 1, 5
2019/9/8, 41, 40, 30, 18, 1, 5
2019/9/9, 57, 33, 16, 14, 2, 5
2019/9/10, 46, 36, 24, 19, 2, 6
2019/9/11, 48, 37, 31, 14, 2, 4
2019/9/12, 43, 24, 24, 10, 1, 5
2019/9/13, 46, 30, 24, 15, 1, 5
2019/9/14, 52, 32, 30, 17, 2, 4
2019/9/15, 43, 27, 25, 12, 2, 4
2019/9/16, 40, 41, 28, 13, 2, 5
2019/9/17, 49, 28, 22, 11, 2, 4
2019/9/18, 33, 42, 27, 17, 2, 5
2019/9/19, 59, 53, 30, 24, 2, 9
2019/9/20, 89, 30, 25, 20, 2, 5
2019/9/21, 47, 44, 32, 22, 2, 7
2019/9/22, 76, 49, 32, 31, 2, 8
2019/9/23, 70, 46, 26, 22, 2, 6
2019/9/24, 63, 54, 29, 24, 2, 6
2019/9/25, 60, 68, 54, 32, 4, 9
2019/9/26, 93, 64, 54, 34, 3, 8
2019/9/27, 98, 63, 74, 23, 3, 7
2019/9/28, 105, 43, 71, 21, 2, 4
2019/9/29, 65, 72, 88, 23, 2, 7
2019/9/30, 109, 73, 94, 21, 3, 7
2019/4/1, 90, 48, 32, 25, 8, 8
2019/4/2, 103, 63, 31, 21, 4, 5
2019/4/3, 96, 194, 78, 21, 10, 7
2019/4/4, 138, 73, 78, 17, 5, 4
2019/4/5, 90, 53, 31, 21, 3, 5
2019/4/6, 83, 38, 32, 18, 3, 4
2019/4/7, 61, 39, 30, 22, 2, 5
2019/4/8, 80, 48, 37, 24, 4, 7
2019/4/9, 104, 43, 42, 24, 3, 5
2019/4/10, 100, 50, 42, 29, 2, 6
2019/4/11, 104, 73, 41, 24, 2, 5
2019/4/12, 110, 70, 45, 21, 2, 5
2019/4/13, 115, 55, 41, 19, 1, 3
2019/4/14, 69, 63, 37, 21, 2, 4
2019/4/15, 79, 212, 63, 18, 4, 5
2019/4/16, 142, 164, 59, 14, 1, 3
2019/4/17, 99, 56, 41, 13, , 3
2019/4/18, 52, 50, 43, 26, 1, 5
2019/4/19, 101, 70, 37, 22, 2, 6
2019/4/20, 114, 103, 42, 25, 1, 5
2019/4/21, 124, 109, 49, 17, 1, 4
2019/4/22, 102, 76, 59, 16, 2, 5
2019/4/23, 124, 69, 44, 15, , 5
2019/4/24, 80, 35, 32, 13, 2, 3
2019/4/25, 168, 34, 36, 18, 2, 3
2019/4/26, 65, 56, 38, 24, 3, 4
2019/4/27, 88, 48, 47, 13, 2, 4
2019/4/28, 86, 39, 44, 17, 2, 4
2019/4/29, 91, 53, 40, 19, 2, 5
2019/4/30, 111, 61, 35, 16, 2, 5
2019/5/1, 48, 49, 38, 19, 2, 5
2019/5/2, 60, 52, 50, 23, 2, 5
2019/5/3, 72, 77, 85, 19, 3, 5
2019/5/4, 98, 38, 72, 16, 1, 3
2019/5/5, 55, 32, 32, 20, 1, 3
2019/5/6, 57, 46, 38, 24, 2, 2
2019/5/7, 60, 62, 41, 24, 3, 7
2019/5/8, 101, 62, 85, 28, 2, 8
2019/5/9, 100, 79, 68, 22, 4, 8
2019/5/10, 116, 62, 74, 24, 3, 8
2019/5/11, 111, 51, 66, 18, 2, 6
2019/5/12, 78, 106, 50, 12, 2, 5
2019/5/13, 142, 64, 47, 17, 2, 7
2019/5/14, 84, 76, 81, 15, 2, 7
2019/5/15, 107, 135, 72, 14, 2, 7
2019/5/16, 161, 55, 46, 13, 3, 4
2019/5/17, 76, 36, 41, 14, 1, 5
2019/5/18, 72, 32, 38, 11, 2, 3
2019/5/19, 57, 16, 38, 10, 1, 3
2019/5/20, 30, 30, 28, 21, 1, 4
2019/5/21, 60, 26, 37, 19, 1, 3
2019/5/22, 44, 35, 46, 23, 2, 4
2019/5/23, 61, 70, 120, 20, 4, 6
2019/5/24, 103, 72, 101, 14, 4, 5
2019/5/25, 110, 33, 52, 17, 2, 4
2019/5/26, 67, 20, 32, 11, 1, 4
2019/5/27, 27, 36, 32, 14, 1, 4
2019/5/28, 44, 34, 34, 17, 1, 4
2019/5/29, 39, 54, 33, 13, 2, 3
2019/5/30, 56, 43, 32, 17, 1, 3
2019/5/31, 48, 25, 43, 17, 1, 3
2019/6/1, 42, 54, 74, 18, 4, 6
2019/6/2, 104, 26, 60, 17, 1, 5
2019/6/3, 67, 35, 50, 19, 1, 6
2019/6/4, 77, 49, 66, 22, 2, 7
2019/6/5, 86, 50, 72, 19, 2, 5
2019/6/6, 72, 43, 72, 22, 2, 5
2019/6/7, 77, 29, 50, 12, 1, 4
2019/6/8, 53, 23, 47, 15, 1, 5
2019/6/9, 56, 29, 53, 18, 1, 5
2019/6/10, 55, 34, 54, 20, 1, 6
2019/6/11, 75, 34, 77, 16, 1, 5
2019/6/12, 69, 41, 59, 21, 1, 6
2019/6/13, 86, 30, 35, 15, 1, 5
2019/6/14, 68, 14, 18, 7, 1, 3
2019/6/15, 30, 19, 38, 11, 1, 3
2019/6/16, 31, 45, 46, 24, 2, 6
2019/6/17, 73, 42, 57, 27, 2, 5
2019/6/18, 71, 60, 59, 30, 2, 7
2019/6/19, 93, 39, 39, 20, 2, 4
2019/6/20, 59, 24, 40, 17, 1, 3
2019/6/21, 33, 44, 40, 27, 2, 7
2019/6/22, 74, 109, 70, 22, 2, 8
2019/6/23, 93, 43, 89, 29, 2, 5
2019/6/24, 65, 56, 84, 22, 2, 6
2019/6/25, 75, 47, 74, 17, 2, 4
2019/6/26, 67, 51, 85, 21, 3, 6
2019/6/27, 74, 33, 85, 17, 2, 5
2019/6/28, 64, 25, 32, 13, 1, 4
2019/6/29, 48, 18, 17, 17, 1, 4
2019/6/30, 28, 22, 24, 18, 2, 4
2019/1/2, 144, 65, 11, 27, 23, 13
2019/1/3, 141, 61, 16, 22, 10, 8
2019/1/4, 109, 39, 17, 21, 15, 7
2019/1/5, 89, 67, 18, 28, 8, 13
2019/1/6, 140, 70, 16, 27, 12, 11
2019/1/7, 134, 38, 15, 19, 15, 8
2019/1/8, 82, 77, 19, 18, 12, 8
2019/1/9, 87, 68, 18, 29, 11, 14
2019/1/10, 154, 92, 13, 34, 17, 17
2019/1/11, 177, 119, 13, 38, 16, 19
2019/1/12, 219, 158, 7, 38, 10, 25
2019/1/13, 267, 110, 4, 31, 15, 14
2019/1/14, 196, 45, 13, 16, 5, 6
2019/1/15, 75, 61, , 22, 10, 8
2019/1/16, 90, 45, 17, 24, 16, 7
2019/1/17, 96, 52, 17, 27, 13, 9
2019/1/18, 123, 81, 19, 29, 13, 11
2019/1/19, 153, 46, 16, 19, 9, 6
2019/1/20, 90, 58, 17, 24, 13, 9
2019/1/21, 115, 85, 18, 29, 12, 11
2019/1/22, 160, 44, 20, 20, 9, 7
2019/1/23, 95, 93, 17, 26, 9, 13
2019/1/24, 170, 46, 17, 18, 10, 8
2019/1/25, 96, 72, 16, 25, 11, 10
2019/1/26, 152, 103, 17, 23, 15, 11
2019/1/27, 148, 55, 18, 17, 10, 8
2019/1/28, 114, 139, 18, 24, 13, 13
2019/1/29, 223, 120, 21, 12, 11, 7
2019/1/30, 95, 59, 22, 20, 9, 8
2019/1/31, 114, 88, 20, 26, 13, 11
2019/2/1, 158, 108, , 24, 12, 12
2019/2/2, 185, 95, 24, 17, 10, 10
2019/2/3, 171, 43, 23, 11, 14, 6
2019/2/4, 96, 51, 23, 7, 12, 5
2019/2/5, 110, 62, 27, 19, 15, 7
2019/2/6, 146, 47, 28, 13, 19, 5
2019/2/7, 105, 54, 23, 17, 12, 5
2019/2/8, 137, 79, 24, 23, 15, 8
2019/2/9, 172, 82, 24, 26, 9, 8
2019/2/10, 182, 78, 25, 27, 18, 9
2019/2/11, 172, 69, 75, 25, 15, 8
2019/2/12, 156, 87, 10, 27, 11, 11
2019/2/13, 200, 114, 20, 32, 13, 12
2019/2/15, 260, 54, 25, 23, 12, 8
2019/2/16, 144, 43, 25, 18, 6, 6
2019/2/17, 80, 63, 26, 22, 10, 9
2019/2/18, 119, 101, 26, 31, 15, 12
2019/2/19, 184, 99, 29, 28, 7, 11
2019/2/20, 187, 62, 24, 27, 8, 9
2019/2/21, 134, 79, 23, 33, 14, 12
2019/2/22, 161, 98, 36, 27, 9, 12
2019/2/23, 182, 79, 31, 21, 11, 7
2019/2/24, 142, 66, 30, 21, 11, 8
2019/2/25, 138, 94, 28, 28, 13, 11
2019/2/26, 205, 114, 32, 29, 7, 11
2019/2/27, 202, 99, 32, 33, 14, 12
2019/2/28, 172, 84, 74, 32, 10, 13
2019/3/1, 158, 119, 39, 29, 8, 12
2019/3/2, 201, 132, 47, 44, 17, 15
2019/3/3, 226, 98, 55, 41, 16, 11
2019/3/4, 179, 103, 43, 32, 7, 11
2019/3/5, 193, 44, 94, 15, 7, 4
2019/3/6, 79, 63, 35, 29, 7, 8
2019/3/7, 139, 83, 36, 25, 6, 8
2019/3/8, 135, 78, 33, 18, 8, 5
2019/3/9, 120, 63, 40, 29, 10, 6
2019/3/10, 123, 74, 34, 24, 6, 5
2019/3/11, 120, 46, 33, 14, 8, 3
2019/3/12, 64, 50, 29, 18, 8, 5
2019/3/13, 75, 53, 26, 31, 9, 6
2019/3/14, 101, 45, 27, 39, 8, 7
2019/3/15, 109, 53, 30, 25, 7, 9
2019/3/16, 121, 71, 33, 23, 5, 9
2019/3/17, 121, 119, 31, 21, 5, 8
2019/3/18, 119, 164, 43, 14, 8, 8
2019/3/19, 151, 118, 38, 23, 3, 10
2019/3/20, 222, 95, 26, 20, 6, 7
2019/3/21, 129, 75, 29, 28, 5, 9
2019/3/22, 130, 38, 36, 17, 5, 6
2019/3/23, 95, 44, 30, 16, 4, 6
2019/3/24, 78, 101, 28, 22, 12, 8
2019/3/25, 128, 36, 33, 16, 6, 4
2019/3/26, 53, 35, 30, 14, 6, 4
2019/3/27, 79, 49, 32, 23, 7, 6
2019/3/28, 101, 63, 31, 23, 6, 7
2019/3/29, 125, 66, 40, 16, 9, 6
2019/3/30, 129, 44, 43, 20, 8, 6
2019/3/31, 92, 43, 35, 22, 7, 7
2018/10/1, 50, 47, , 25, 2, 6
2018/10/2, 65, 58, 22, 31, 4, 8
2018/10/3, 95, 61, 42, 31, 3, 10
2018/10/4, 109, 64, 35, 33, 3, 10
2018/10/5, 113, 58, 25, 26, 3, 7
2018/10/6, 93, 60, 19, 23, 3, 6
2018/10/7, 57, 43, 6, 17, 3, 5
2018/10/8, 58, 43, 12, 18, 3, 6
2018/10/9, 61, 20, 14, 15, 2, 5
2018/10/10, 49, 38, 11, 18, 3, 9
2018/10/11, 63, 60, 17, 29, 4, 11
2018/10/12, 94, 57, 31, 32, 4, 9
2018/10/13, 110, 52, 36, 25, 3, 8
2018/10/14, 115, 51, 23, 20, 3, 7
2018/10/15, 73, 40, 16, 20, 4, 7
2018/10/16, 51, 51, 20, 23, 5, 9
2018/10/17, 79, 80, 16, 38, 5, 15
2018/10/18, 122, 60, 17, 38, 7, 10
2018/10/19, 92, 71, 22, 45, 10, 12
2018/10/20, 130, 76, 39, 42, 14, 14
2018/10/21, 161, 77, 40, 28, 7, 11
2018/10/22, 168, 53, 32, 23, 3, 11
2018/10/23, 101, 65, 22, 28, 6, 11
2018/10/24, 107, 64, 35, 21, 7, 8
2018/10/25, 130, 56, 39, 14, 4, 5
2018/10/26, 72, 32, 22, 10, 4, 4
2018/10/27, 45, 32, 14, 12, 6, 6
2018/10/28, 52, 21, 11, 10, 6, 6
2018/10/29, 62, 40, 7, 16, 7, 7
2018/10/30, 67, 45, 11, 20, 6, 7
2018/10/31, 75, 64, 10, 30, 8, 10
2018/11/1, 107, 64, 17, 32, 7, 10
2018/11/2, 131, 81, 37, 35, 10, 10
2018/11/3, 163, 27, 24, 16, 7, 3
2018/11/4, 61, 33, 14, 18, 9, 5
2018/11/5, 66, 59, 13, 25, 7, 9
2018/11/6, 111, 71, 16, 25, 5, 11
2018/11/7, 121, 61, 18, 22, 10, 10
2018/11/8, 127, 65, 15, 19, 7, 9
2018/11/9, 121, 53, 12, 18, 5, 8
2018/11/10, 102, 67, 8, 26, 7, 14
2018/11/11, 119, 57, 15, 22, 10, 10
2018/11/12, 114, 45, 21, 21, 8, 8
2018/11/13, 97, 45, 21, 19, 8, 6
2018/11/14, 98, 56, 14, 19, 8, 8
2018/11/15, 116, 32, 14, 17, 12, 5
2018/11/16, 55, 56, 13, 25, 11, 11
2018/11/17, 104, 68, 12, 25, 12, 12
2018/11/18, 142, 70, 14, 25, 9, 10
2018/11/19, 138, 45, 14, 21, 10, 8
2018/11/20, 87, 49, 15, 21, 10, 8
2018/11/21, 82, 33, 16, 16, 11, 7
2018/11/22, 68, 45, 16, 22, 11, 8
2018/11/23, 83, 58, , 22, 10, 11
2018/11/24, 144, 55, 14, 22, 9, 11
2018/11/25, 129, 101, 27, 19, 11, 11
2018/11/26, 161, 67, 29, 12, 8, 5
2018/11/27, 56, 44, 17, 15, 10, 6
2018/11/28, 67, 42, 10, 17, 15, 7
2018/11/29, 87, 51, 13, 16, 13, 7
2018/11/30, 84, 44, 14, 17, 11, 7
2018/12/1, 76, 54, 23, 16, 7, 7
2018/12/2, 102, 86, 22, 12, 9, 7
2018/12/3, 97, 28, 17, 10, 10, 6
2018/12/4, 57, 36, 15, 17, 12, 8
2018/12/5, 71, 51, 16, 18, 11, 9
2018/12/6, 91, 43, , 12, 7, 8
2018/12/7, 61, 39, 18, 13, 7, 8
2018/12/8, 60, 53, 16, 19, 13, 11
2018/12/9, 95, 81, 10, 29, 18, 16
2018/12/10, 150, 74, 9, 30, 17, 14
2018/12/11, 149, 59, 18, 23, 18, 9
2018/12/12, 122, 76, 14, 20, 14, 7
2018/12/13, 147, 71, 14, 26, 13, 8
2018/12/14, 148, 82, 14, 24, 18, 9
2018/12/15, 167, 87, 16, 31, 13, 11
2018/12/16, 169, 57, 15, 23, 18, 7
2018/12/17, 96, 40, 17, 20, 12, 6
2018/12/18, 83, 61, 15, 25, 17, 10
2018/12/19, 126, 73, 14, 29, 12, 12
2018/12/20, 146, 58, 16, 25, 14, 9
2018/12/21, 132, 65, 15, 26, 15, 9
2018/12/22, 137, 27, 16, 16, 11, 4
2018/12/23, 68, 53, 16, 21, 25, 6
2018/12/24, 96, 67, 17, 16, 18, 5
2018/12/25, 86, 45, 17, 13, 10, 4
2018/12/26, 62, 40, 15, 16, 20, 6
2018/12/27, 72, 50, 15, 19, 24, 7
2018/12/28, 80, 48, 15, 22, 22, 9
2018/12/29, 101, 58, 15, 24, 25, 10
2018/12/30, 126, , , , , 
2018/7/1, 76, 75, 61, 41, , 8
2018/7/2, 112, 51, 48, 30, , 7
2018/7/3, 77, 32, 32, 20, 1, 5
2018/7/4, 49, 39, 25, 25, , 6
2018/7/5, 56, 30, 25, 15, 1, 5
2018/7/6, 53, 40, 34, 15, 1, 6
2018/7/7, 70, 21, 14, 15, , 5
2018/7/8, 50, 33, 15, 18, , 6
2018/7/9, 56, 49, 30, 21, 1, 8
2018/7/10, 91, 38, 24, 21, , 7
2018/7/11, 59, 35, 18, 14, , 7
2018/7/12, 61, 45, 14, 15, 1, 7
2018/7/13, 74, 37, 13, 14, , 7
2018/7/14, 57, 53, 22, 13, , 9
2018/7/15, 86, 35, 22, 14, 1, 6
2018/7/16, 61, 44, 21, 16, , 7
2018/7/17, 73, 36, 20, 15, , 6
2018/7/18, 72, 53, 42, 16, , 6
2018/7/19, 81, 42, 40, 16, , 5
2018/7/20, 73, 47, 49, 15, , 5
2018/7/21, 80, 62, 60, 19, 1, 7
2018/7/22, 123, 56, 59, 20, , 6
2018/7/23, 103, 50, 44, 15, 1, 6
2018/7/24, 85, 36, 33, 12, , 5
2018/7/25, 50, 20, 20, 15, , 7
2018/7/26, 40, 38, 43, 17, , 8
2018/7/27, 61, 46, 85, 22, , 8
2018/7/28, 72, 54, 74, 26, 1, 9
2018/7/29, 86, 62, 53, 29, , 10
2018/7/30, 99, 55, 47, 25, , 9
2018/7/31, 98, 29, 33, 13, 1, 5
2018/8/1, 59, 44, 42, 19, 1, 6
2018/8/2, 57, 55, 62, 23, 1, 8
2018/8/3, 73, 53, 41, 15, , 8
2018/8/4, 99, 17, 24, 10, , 6
2018/8/5, 46, 41, 12, 19, 1, 8
2018/8/6, 60, 34, 11, 23, 1, 8
2018/8/7, 58, 36, 15, 22, 1, 8
2018/8/8, 60, 37, 32, 23, , 9
2018/8/9, 63, 30, 33, 19, , 6
2018/8/10, 48, 32, 37, 14, 1, 5
2018/8/11, 48, 18, 35, 16, 1, 6
2018/8/12, 43, 21, 30, 11, 1, 6
2018/8/13, 52, 16, 30, 16, 1, 6
2018/8/14, 40, 24, 28, 15, 1, 6
2018/8/15, 52, 21, 25, 9, 2, 4
2018/8/16, 45, 31, 26, 21, 2, 6
2018/8/17, 44, 46, 25, 29, 2, 8
2018/8/18, 66, 38, 29, 22, 2, 7
2018/8/19, 71, 39, 30, 16, 1, 7
2018/8/20, 71, 28, 29, 20, 2, 7
2018/8/21, 50, 42, 23, 30, 2, 8
2018/8/22, 64, 44, 24, 19, 2, 8
2018/8/23, 65, 15, 38, 9, 2, 5
2018/8/24, 37, 14, 23, 15, 1, 7
2018/8/25, 28, 25, 17, 15, 2, 7
2018/8/26, 28, 43, 18, 23, 2, 9
2018/8/27, 57, 43, 18, 18, 2, 9
2018/8/28, 65, 20, 19, 18, 1, 7
2018/8/29, 51, 39, 16, 17, 1, 6
2018/8/30, 51, 28, 13, 17, 2, 7
2018/8/31, 49, 39, 27, 17, 2, 8
2018/9/1, 61, 34, 23, 13, 1, 6
2018/9/2, 56, 28, 29, 17, 1, 6
2018/9/3, 54, 21, 27, 17, 2, 7
2018/9/4, 37, 30, 14, 16, 2, 7
2018/9/5, 41, 32, 15, 20, 3, 7
2018/9/6, 55, 30, 16, 20, 2, 6
2018/9/7, 43, 24, 14, 18, 2, 5
2018/9/8, 38, 38, 21, 20, 2, 6
2018/9/9, 55, 37, 27, 18, 2, 4
2018/9/10, 53, 43, 28, 24, 2, 6
2018/9/11, 65, 38, 25, 21, 2, 6
2018/9/12, 58, 52, 40, 25, 2, 7
2018/9/13, 89, 52, 47, 24, 2, 6
2018/9/14, 86, 34, 39, 21, 2, 6
2018/9/15, 69, 40, 22, 22, 2, 5
2018/9/16, 52, 44, 23, 26, 3, 7
2018/9/17, 69, 54, 37, 37, 3, 8
2018/9/18, 69, 62, , 37, 4, 9
2018/9/19, 100, 53, 44, 26, 2, 7
2018/9/20, 76, 55, 31, 32, 2, 9
2018/9/21, 98, 48, 16, 17, 2, 7
2018/9/22, 54, 35, 15, 17, 2, 7
2018/9/23, 57, 38, 13, 15, 2, 7
2018/9/24, 59, 48, 15, 25, 2, 9
2018/9/25, 70, 44, 25, 25, 2, 7
2018/9/26, 76, 56, 34, 26, 2, 9
2018/9/27, 93, 39, 27, 16, 2, 5
2018/9/28, 65, 29, 23, 18, 2, 6
2018/9/29, 66, 23, 25, 23, 1, 6
2018/9/30, 59, 30, 22, 16, 2, 5
2018/4/1, 172, 97, 72, 18, 9, 8
2018/4/2, 145, 52, 44, 15, 4, 6
2018/4/3, 92, 59, 45, 18, 7, 7
2018/4/4, 125, 78, 44, 16, 8, 7
2018/4/5, 149, 76, 37, 18, 7, 8
2018/4/6, 149, 48, 35, 21, 6, 8
2018/4/7, 85, 57, 37, 22, 9, 9
2018/4/8, 84, 76, 122, 29, 7, 10
2018/4/9, 145, 68, 40, 17, 3, 9
2018/4/10, 130, 166, 38, 13, 1, 6
2018/4/11, 93, 59, 30, 19, 2, 6
2018/4/12, 84, 80, 43, 25, 2, 9
2018/4/13, 136, 106, 33, 17, 1, 6
2018/4/14, 95, 44, 37, 21, 1, 7
2018/4/15, 85, 79, 39, 25, 2, 8
2018/4/16, 99, 147, 53, 16, 3, 7
2018/4/17, 110, 88, 54, 24, 5, 8
2018/4/18, 135, 74, 48, 32, 2, 9
2018/4/19, 124, 96, 66, 23, 3, 8
2018/4/20, 135, 51, 59, 15, 1, 6
2018/4/21, 111, 34, 39, 10, 1, 5
2018/4/22, 70, 46, 47, 15, 2, 5
2018/4/23, 78, 67, 46, 33, 4, 10
2018/4/24, 127, 64, 36, 42, 2, 8
2018/4/25, 103, 69, 39, 22, 3, 6
2018/4/26, 86, 64, 36, 31, 3, 7
2018/4/27, 88, 126, 49, 28, 5, 10
2018/4/28, 131, 85, 58, 21, 5, 9
2018/4/29, 142, 35, 43, 15, 2, 6
2018/4/30, 43, 54, 41, 20, 2, 7
2018/5/1, 65, 54, 36, 14, 2, 6
2018/5/2, 90, 69, 34, 17, 2, 5
2018/5/3, 77, 59, 38, 23, 2, 6
2018/5/4, 110, 134, 31, 24, 3, 7
2018/5/5, 115, 91, 28, 26, 3, 6
2018/5/6, 88, 49, 33, 19, 2, 5
2018/5/7, 66, 58, 39, 25, 3, 6
2018/5/8, 89, 46, 42, 23, 3, 6
2018/5/9, 78, 83, 41, 35, 5, 9
2018/5/10, 120, 81, 39, 32, 6, 9
2018/5/11, 146, 56, 35, 29, 3, 8
2018/5/12, 135, 71, 46, 34, 3, 10
2018/5/13, 153, 82, 50, 27, 3, 10
2018/5/14, 125, 66, 47, 23, 2, 9
2018/5/15, 107, 44, 32, 22, 1, 8
2018/5/16, 71, 35, 28, 14, 1, 5
2018/5/17, 52, 45, 36, 17, 2, 5
2018/5/18, 64, 42, 43, 14, 1, 4
2018/5/19, 63, 53, 38, 31, 3, 6
2018/5/20, 67, 58, 38, 36, 3, 7
2018/5/21, 77, 60, 34, 23, 3, 6
2018/5/22, 87, 120, 27, 23, 5, 7
2018/5/23, 109, 85, 32, 25, 3, 8
2018/5/24, 108, 39, 38, 22, 2, 6
2018/5/25, 68, 52, 39, 30, 4, 7
2018/5/26, 75, 40, 43, 16, 2, 7
2018/5/27, 84, 21, 37, 15, 1, 7
2018/5/28, 49, 25, 35, 14, 1, 7
2018/5/29, 49, 44, 37, 30, 5, 8
2018/5/30, 84, 59, 44, 41, 3, 8
2018/5/31, 89, 71, 67, 38, 4, 9
2018/6/1, 114, 75, 78, 27, 4, 7
2018/6/2, 98, 78, 82, 22, 3, 7
2018/6/3, 109, 69, 69, 18, 2, 7
2018/6/4, 105, 76, 98, 24, 3, 8
2018/6/5, 108, 66, 96, 30, 2, 7
2018/6/6, 117, 66, 40, 38, 2, 8
2018/6/7, 101, 41, 49, 26, 2, 5
2018/6/8, 66, 38, 64, 22, 2, 5
2018/6/9, 69, 36, 62, 25, 1, 5
2018/6/10, 57, 33, 50, 23, 1, 6
2018/6/11, 59, 42, 47, 30, 1, 7
2018/6/12, 65, 52, 55, 33, 2, 8
2018/6/13, 84, 30, 45, 20, 1, 6
2018/6/14, 59, 27, 37, 18, 7, 6
2018/6/15, 36, 47, 37, 21, 1, 7
2018/6/16, 73, 57, 34, 23, 1, 9
2018/6/17, 114, 51, 52, 18, 1, 8
2018/6/18, 98, 41, 48, 23, 1, 7
2018/6/19, 80, 31, 44, 23, 2, 7
2018/6/20, 57, 42, 51, 31, 2, 8
2018/6/21, 68, 67, 76, 37, 3, 9
2018/6/22, 85, 61, 100, 27, 2, 10
2018/6/23, 113, 38, 69, 22, 3, 6
2018/6/24, 53, 63, 50, 43, 1, 11
2018/6/25, 95, 49, 74, 27, 2, 7
2018/6/26, 84, 33, 52, 24, , 6
2018/6/27, 59, 33, 41, 29, 1, 6
2018/6/28, 52, 53, 55, 37, 1, 7
2018/6/29, 66, 52, 69, 30, 1, 7
2018/6/30, 75, 48, 77, 26, 1, 7
2018/1/1, 107, 60, 15, 20, 31, 6
2018/1/2, 107, 68, 13, 23, 30, 8
2018/1/3, 136, 90, 17, 26, 27, 11
2018/1/4, 160, 80, 18, 24, 32, 11
2018/1/5, 153, 86, 17, 23, 29, 9
2018/1/6, 150, 81, 18, 25, 32, 10
2018/1/7, 156, 70, 17, 22, 21, 9
2018/1/8, 143, 73, 22, 16, 42, 6
2018/1/9, 105, 42, 22, 17, 20, 6
2018/1/10, 105, 64, 25, 24, 28, 9
2018/1/11, 144, 67, 25, 23, 27, 11
2018/1/12, 148, 82, 26, 25, 36, 16
2018/1/13, 169, 64, 27, 19, 27, 10
2018/1/14, 148, 64, 24, 23, 31, 11
2018/1/15, 141, 73, 18, 30, 35, 14
2018/1/16, 156, 103, 18, 29, 28, 16
2018/1/17, 182, 78, 17, 29, 37, 13
2018/1/18, 143, 74, 17, 27, 30, 13
2018/1/19, 145, 50, 23, 16, 23, 6
2018/1/20, 80, 58, 19, 21, 43, 9
2018/1/21, 114, 49, 18, 18, 28, 9
2018/1/22, 113, 49, , 16, 32, 9
2018/1/23, 98, 53, 25, 20, 40, 9
2018/1/24, 113, 52, 28, 23, 21, 10
2018/1/25, 118, 73, 25, 28, 35, 11
2018/1/26, 154, 62, 25, 26, 31, 9
2018/1/27, 123, 47, 26, 19, 43, 7
2018/1/28, 80, 54, 24, 25, 36, 9
2018/1/29, 109, 64, 25, 29, 33, 12
2018/1/30, 126, 60, 21, 27, 39, 10
2018/1/31, 123, 70, 26, 28, 30, 12
2018/2/1, 149, 58, 21, 26, 30, 9
2018/2/2, 118, 72, 21, 27, 26, 10
2018/2/3, 153, 64, 23, 26, 28, 11
2018/2/4, 142, 66, 23, 26, 26, 11
2018/2/5, 139, 86, 19, 33, 23, 15
2018/2/6, 168, 81, 22, 34, 24, 15
2018/2/7, 167, 78, 30, 23, 30, 10
2018/2/8, 129, 73, 29, 23, 25, 10
2018/2/9, 131, 61, 24, 18, 31, 7
2018/2/10, 80, 50, 25, 15, 23, 7
2018/2/11, 65, 50, 26, 19, 37, 8
2018/2/12, 67, 57, 24, 25, 21, 10
2018/2/13, 90, 50, 26, 21, 34, 9
2018/2/14, 89, 46, 32, 14, 29, 7
2018/2/15, 77, 68, 32, 13, 35, 7
2018/2/16, 98, 43, 29, 16, 29, 7
2018/2/17, 84, 49, 33, 21, 21, 9
2018/2/18, 107, 42, 32, 20, 27, 8
2018/2/19, 86, 43, 31, 15, 36, 7
2018/2/20, 75, 50, 31, 18, 19, 7
2018/2/21, 85, 46, 32, 24, 20, 7
2018/2/22, 93, 53, 26, 28, 29, 9
2018/2/23, 115, 68, 28, 35, 24, 12
2018/2/24, 144, 56, 35, 25, 25, 9
2018/2/25, 126, 59, 39, 27, 19, 10
2018/2/26, 133, 51, 37, 27, 26, 9
2018/2/27, 113, 69, 35, 28, 27, 12
2018/2/28, 154, 65, 36, 22, 24, 8
2018/3/1, 110, 66, 38, 23, 13, 9
2018/3/2, 93, 68, 35, 22, 28, 9
2018/3/3, 136, 45, 34, 27, 22, 9
2018/3/4, 85, 43, 33, 28, 20, 9
2018/3/5, 95, 46, 48, 23, 17, 8
2018/3/6, 89, 59, 29, 32, 20, 11
2018/3/7, 136, 54, 35, 32, 20, 8
2018/3/8, 132, 61, 46, 37, 33, 11
2018/3/9, 138, 62, 40, 35, 23, 10
2018/3/10, 146, 61, 43, 30, 20, 10
2018/3/11, 138, 77, 41, 26, 13, 10
2018/3/12, 140, 109, 46, 28, 11, 11
2018/3/13, 167, 107, 34, 25, 11, 13
2018/3/14, 178, 23, 32, 14, 9, 5
2018/3/15, 65, 49, 28, 29, 12, 9
2018/3/16, 97, 53, 32, 25, 10, 11
2018/3/17, 109, 67, 26, 20, 9, 11
2018/3/18, 157, 29, 36, 9, 7, 6
2018/3/19, 70, 39, 47, 11, 7, 6
2018/3/20, 76, 60, 47, 34, 17, 10
2018/3/21, 107, 113, 52, 50, 12, 17
2018/3/22, 173, 102, 31, 46, 20, 14
2018/3/23, 174, 94, 35, 34, 9, 12
2018/3/24, 166, 105, 48, 44, 12, 14
2018/3/25, 162, 110, 89, 30, 9, 11
2018/3/26, 165, 106, 91, 20, 7, 10
2018/3/27, 153, 170, 75, 16, 6, 7
2018/3/28, 116, 89, 44, 22, 8, 9
2018/3/29, 162, 161, 77, 28, 13, 13
2018/3/30, 248, 83, 57, 25, 13, 10
2018/3/31, 160, 105, 61, 25, 6, 12
2017/10/1, 80, 49, 21, 20, 3, 7
2017/10/2, 62, 47, 21, 19, 4, 7
2017/10/3, 63, 68, 25, 24, 6, 8
2017/10/4, 102, 66, 40, 21, 4, 10
2017/10/5, 100, 54, 47, 19, , 9
2017/10/6, 99, 68, 33, 29, 3, 12
2017/10/7, 147, 84, 24, 28, 5, 11
2017/10/8, 164, 43, 15, 20, 5, 9
2017/10/9, 76, 49, 21, 18, 5, 8
2017/10/10, 80, 50, 26, 23, 5, 9
2017/10/11, 103, 73, 24, 28, 6, 10
2017/10/12, 134, 75, 24, 29, 6, 11
2017/10/13, 143, 94, , 27, 7, 12
2017/10/14, 162, 114, 20, 32, 6, 13
2017/10/15, 180, 96, 23, 28, 6, 12
2017/10/16, 178, 68, 25, 25, 8, 9
2017/10/17, 117, 126, 45, 40, 13, 14
2017/10/18, 209, 116, 34, 48, 12, 20
2017/10/19, 201, 226, 45, 42, 8, 23
2017/10/20, 267, 46, 45, 18, 6, 8
2017/10/21, 82, 58, 32, 22, 8, 8
2017/10/22, 93, 71, 27, 31, 13, 14
2017/10/23, 118, 100, 28, 38, 10, 14
2017/10/24, 152, 103, 26, 46, 22, 21
2017/10/25, 165, 180, 46, 49, 17, 27
2017/10/26, 266, 106, 41, 36, 19, 18
2017/10/27, 194, 106, 27, 23, 27, 12
2017/10/28, 129, 64, 20, 21, 26, 10
2017/10/29, 116, 74, 17, 27, 26, 12
2017/10/30, 136, 93, 19, 28, 19, 14
2017/10/31, 132, 90, 26, 29, 17, 13
2017/11/1, 182, 69, 11, 26, 9, 7
2017/11/2, 134, 116, 16, 22, 13, 10
2017/11/3, 209, 72, 15, 24, 10, 7
2017/11/4, 117, 91, 34, 24, 21, 10
2017/11/5, 161, 95, 31, 29, 13, 11
2017/11/6, 179, 128, 26, 31, 14, 13
2017/11/7, 238, 69, 12, 20, 14, 8
2017/11/8, 133, 75, 25, 20, 13, 9
2017/11/9, 160, 48, 18, 15, 16, 7
2017/11/10, 102, 49, 15, 20, 17, 9
2017/11/11, 103, 65, 19, 21, 13, 12
2017/11/12, 135, 72, 19, 21, 23, 12
2017/11/13, 131, 56, 19, 14, 19, 7
2017/11/14, 82, 69, 17, 18, 35, 10
2017/11/15, 147, 91, 17, 27, 33, 12
2017/11/16, 176, 76, 17, 24, 16, 11
2017/11/17, 175, 50, 15, 15, 28, 9
2017/11/18, 104, 58, 16, 20, 21, 12
2017/11/19, 136, 58, 17, 22, 28, 13
2017/11/20, 109, 106, 17, 19, 18, 13
2017/11/21, 128, 53, 13, 14, 15, 8
2017/11/22, 56, 51, 30, 21, 38, 7
2017/11/23, 105, 62, 23, 23, 31, 9
2017/11/24, 120, 65, 11, 23, 21, 9
2017/11/25, 133, 61, 14, 22, 28, 9
2017/11/26, 122, 71, 19, 16, 17, 8
2017/11/27, 100, 103, , 17, 31, 9
2017/11/28, 117, 51, 24, 16, 34, 6
2017/11/29, 67, 46, 14, 21, 47, 6
2017/11/30, 85, 58, 12, 24, 39, 9
2017/12/1, 118, 80, 25, 26, 31, 14
2017/12/2, 161, 69, 9, 22, 30, 11
2017/12/3, 154, 58, 11, 20, 29, 11
2017/12/4, 121, 56, 13, 22, 30, 11
2017/12/5, 109, 108, 16, 30, 36, 18
2017/12/6, 182, 116, 19, 27, 29, 15
2017/12/7, 208, 76, 16, 23, 33, 13
2017/12/8, 155, 73, 12, 25, 34, 16
2017/12/9, 141, 70, 15, 15, 21, 14
2017/12/10, 116, 64, 16, 11, 31, 6
2017/12/11, 104, 58, 9, 7, 28, 11
2017/12/12, 135, 84, 6, 15, 30, 13
2017/12/13, 168, 80, 8, 23, 26, 13
2017/12/14, 167, 67, 7, 22, 17, 11
2017/12/15, 135, 51, 7, 19, 27, 9
2017/12/16, 114, 64, 6, 21, 23, 10
2017/12/17, 122, 52, 8, 21, 24, 10
2017/12/18, 118, 58, 8, 18, 22, 10
2017/12/19, 119, 63, 7, 21, 16, 11
2017/12/20, 127, 65, 8, 21, 16, 11
2017/12/21, 123, 84, 14, 25, 19, 16
2017/12/22, 169, 83, 9, 25, 16, 15
2017/12/23, 146, 61, 13, 22, 25, 13
2017/12/24, 126, 63, 15, 20, 22, 13
2017/12/25, 119, 53, 20, 16, 25, 10
2017/12/26, 116, 65, 12, 21, 43, 7
2017/12/27, 123, 84, 16, 27, 27, 13
2017/12/28, 154, 79, 15, 27, 33, 8
2017/12/29, 161, 94, 12, 35, 47, 12
2017/12/30, 170, 121, 9, 36, 39, 15
2017/12/31, 202, 85, 14, 19, 30, 6
2017/7/1, 152, 74, 45, 28, 4, 9
2017/7/2, 114, 33, 39, 23, 4, 9
2017/7/3, 50, 53, 42, 31, 4, 9
2017/7/4, 72, 59, 63, 26, 4, 9
2017/7/5, 82, 50, 91, 25, 4, 8
2017/7/6, 70, 50, 84, 18, 4, 8
2017/7/7, 67, 46, 71, 20, 3, 10
2017/7/8, 90, 45, 57, 20, 4, 9
2017/7/9, 73, 35, 52, 19, 3, 8
2017/7/10, 57, 55, 71, 23, 4, 11
2017/7/11, 92, 73, 92, 18, 4, 12
2017/7/12, 131, 56, 73, 17, , 11
2017/7/13, 98, 43, 48, 26, 3, 10
2017/7/14, 73, 56, 44, 28, 4, 11
2017/7/15, 81, 55, 50, 20, 3, 10
2017/7/16, 82, 50, 49, 18, 4, 9
2017/7/17, 79, 55, 59, 15, 3, 9
2017/7/18, 95, 61, 45, 22, 3, 10
2017/7/19, 116, 23, 34, 13, 4, 7
2017/7/20, 52, 26, 44, 15, 3, 6
2017/7/21, 42, 46, 46, 27, 4, 8
2017/7/22, 70, 54, 48, 32, 4, 8
2017/7/23, 76, 45, 39, 24, 4, 7
2017/7/24, 67, 57, 35, 29, 5, 8
2017/7/25, 84, 46, 48, 16, 4, 9
2017/7/26, 67, 55, 52, 25, 4, 7
2017/7/27, 76, 26, 43, 17, 4, 6
2017/7/28, 49, 44, 64, 24, 4, 11
2017/7/29, 64, 58, 69, 32, 5, 13
2017/7/30, 88, 64, 75, 32, 4, 15
2017/7/31, 107, 57, 58, 26, 4, 13
2017/8/1, 84, 46, 38, 16, 4, 10
2017/8/2, 63, 22, 32, 9, 3, 9
2017/8/3, 41, 28, 26, 16, 4, 11
2017/8/4, 34, 47, 31, 20, 3, 12
2017/8/5, 67, 33, 42, 27, 3, 11
2017/8/6, 63, 33, 38, 23, 3, 10
2017/8/7, 49, 42, 44, 25, 4, 10
2017/8/8, 49, 37, 52, 17, 3, 9
2017/8/9, 49, 33, 64, 13, 3, 9
2017/8/10, 53, 40, 45, 20, 3, 11
2017/8/11, 68, 35, 50, 16, 3, 10
2017/8/12, 59, 46, 60, 21, 3, 12
2017/8/13, 75, 47, 40, 19, , 11
2017/8/14, 75, 43, 28, 18, , 10
2017/8/15, 59, 27, 28, 16, 3, 10
2017/8/16, 46, 33, 33, 12, 4, 9
2017/8/17, 49, 36, 25, 15, 4, 10
2017/8/18, 48, 30, 27, 11, 3, 9
2017/8/19, 39, 34, 36, 12, 3, 10
2017/8/20, 51, 46, 33, 22, 4, 11
2017/8/21, 63, 70, 33, 26, 4, 15
2017/8/22, 121, 23, , 17, 4, 8
2017/8/23, 56, 47, 28, 20, 4, 11
2017/8/24, 87, 49, 21, 14, 5, 9
2017/8/25, 67, 38, 21, 20, 5, 9
2017/8/26, 46, 47, 39, 18, 5, 8
2017/8/27, 56, 42, 37, 14, 5, 6
2017/8/28, 61, 35, 24, 13, 5, 5
2017/8/29, 41, 42, 21, 15, 4, 7
2017/8/30, 61, 52, , 24, 3, 9
2017/8/31, 77, 57, 33, 29, 3, 9
2017/9/1, 82, 43, 32, 26, 3, 7
2017/9/2, 68, 51, 38, 28, 3, 8
2017/9/3, 78, 46, 41, 17, 2, 8
2017/9/4, 83, 46, 39, 21, 3, 9
2017/9/5, 79, 38, , 19, 3, 7
2017/9/6, 70, , , , , 
2017/9/11, 61, 38, 23, 20, 3, 9
2017/9/12, 64, 51, 17, 21, 4, 11
2017/9/13, 80, 46, 21, 23, 4, 9
2017/9/14, 66, 48, 16, 25, 3, 11
2017/9/15, 61, 55, 45, 26, 4, 12
2017/9/16, 93, 36, 36, 23, 3, 11
2017/9/17, 62, 58, 24, 32, 4, 13
2017/9/18, 82, 46, 44, 20, 6, 11
2017/9/19, 66, 41, 22, 23, 4, 10
2017/9/20, 65, 48, 30, 25, 3, 9
2017/9/21, 70, 39, 35, 25, 3, 9
2017/9/22, 64, 59, 35, 26, 4, 9
2017/9/23, 73, 52, 35, 24, 3, 9
2017/9/24, 70, 48, 37, 25, 3, 8
2017/9/25, 60, 46, 39, 22, 3, 9
2017/9/26, 72, 46, 18, 21, 4, 9
2017/9/27, 74, 48, 17, 19, 5, 7
2017/9/28, 54, 51, 20, 20, 5, 7
2017/9/29, 56, 46, 20, 24, 4, 7
2017/9/30, 58, 80, 40, 14, 3, 7
2017/4/1, 184, 115, 50, 38, 17, 14
2017/4/2, 173, 139, 82, 42, 18, 18
2017/4/3, 207, 135, 73, 22, 14, 13
2017/4/4, 166, 107, 73, 25, 15, 14
2017/4/5, 176, 87, 65, 28, 19, 13
2017/4/6, 175, 121, 51, 32, 19, 15
2017/4/7, 231, 60, 37, 20, 11, 11
2017/4/8, 91, 101, 27, 27, 13, 11
2017/4/9, 115, 108, 41, 29, 11, 12
2017/4/10, 148, 82, 34, 14, 6, 10
2017/4/11, 79, 68, 32, 20, 6, 8
2017/4/12, 61, 108, 37, 27, 8, 9
2017/4/13, 96, 88, 47, 27, 14, 12
2017/4/14, 145, 94, 48, 24, 11, 11
2017/4/15, 136, 77, 46, 25, 9, 9
2017/4/16, 98, 107, 45, 27, 11, 12
2017/4/17, 170, 67, 38, 22, 8, 9
2017/4/18, 86, 43, 37, 21, 7, 8
2017/4/19, 76, 57, 37, 23, 7, 10
2017/4/20, 114, 73, 40, 31, 8, 12
2017/4/21, 120, 83, 38, 28, 7, 10
2017/4/22, 106, 46, 33, 11, 5, 7
2017/4/23, 52, 42, 29, 15, 7, 8
2017/4/24, 75, 53, 30, 23, 7, 8
2017/4/25, 74, 45, 27, 22, 6, 8
2017/4/26, 55, 58, 33, 29, 7, 9
2017/4/27, 82, 68, 41, 32, 7, 11
2017/4/28, 97, 214, 41, 24, 8, 8
2017/4/29, 108, 50, 40, 16, 5, 7
2017/4/30, 53, 80, 43, 31, 6, 11
2017/5/1, 108, 82, 64, 24, 7, 10
2017/5/2, 106, 73, 75, 20, 6, 9
2017/5/3, 87, 57, 53, 21, 8, 10
2017/5/4, 102, 173, 35, 17, 6, 10
2017/5/5, 137, 456, 29, 9, 4, 8
2017/5/6, 128, 139, 34, 13, 4, 9
2017/5/7, 93, 46, 53, 21, 4, 10
2017/5/8, 78, 80, 67, 24, 5, 11
2017/5/9, 108, 64, 64, 22, 6, 9
2017/5/10, 87, 95, 61, 21, 6, 10
2017/5/11, 117, 111, 52, 20, 4, 8
2017/5/12, 89, 63, 40, 20, 4, 8
2017/5/13, 80, 24, 34, 18, 4, 9
2017/5/14, 59, 36, 27, 18, 4, 9
2017/5/15, 74, 44, 47, 19, 5, 9
2017/5/16, 79, 53, 60, 24, 5, 9
2017/5/17, 76, 94, 91, 24, 7, 11
2017/5/18, 115, 75, 100, 22, 7, 11
2017/5/19, 117, 62, 110, 20, 8, 9
2017/5/20, 86, 39, 60, 6, 5, 7
2017/5/21, 48, 18, 37, 15, 4, 8
2017/5/22, 51, 38, 33, 21, 5, 8
2017/5/23, 73, 39, 37, 20, 5, 8
2017/5/24, 62, 29, 36, 13, 4, 8
2017/5/25, 54, 41, 41, 24, 5, 10
2017/5/26, 75, 50, 59, 24, 5, 10
2017/5/27, 73, 65, 68, 27, 6, 9
2017/5/28, 78, 73, 43, 21, 6, 8
2017/5/29, 79, 45, 35, 18, 5, 9
2017/5/30, 56, 66, 39, 32, 5, 10
2017/5/31, 92, 65, 29, 21, 5, 9
2017/6/1, 66, 29, 22, 19, 5, 9
2017/6/2, 57, 50, 26, 25, 5, 12
2017/6/3, 77, 33, 35, 25, 5, 9
2017/6/4, 66, 86, 61, 20, 5, 8
2017/6/5, 72, 57, 56, 29, 5, 11
2017/6/6, 76, 50, 41, 24, 4, 12
2017/6/7, 103, 44, 35, 24, 4, 11
2017/6/8, 64, 63, 25, 19, 5, 10
2017/6/9, 60, 39, 18, 14, 5, 9
2017/6/10, 56, 43, 19, 13, 5, 9
2017/6/11, 74, 45, 31, 18, 5, 9
2017/6/12, 69, 68, 44, 34, 6, 13
2017/6/13, 94, 66, 48, 30, 7, 12
2017/6/14, 95, 52, 44, 23, 6, 9
2017/6/15, 67, 47, 95, 20, 4, 9
2017/6/16, 61, 80, 105, 37, 6, 14
2017/6/17, 127, 72, 103, 24, 6, 13
2017/6/18, 120, 46, 87, 24, 4, 12
2017/6/19, 91, 30, 63, 21, 4, 9
2017/6/20, 63, 33, 39, 26, 4, 9
2017/6/21, 60, 42, 39, 24, 4, 10
2017/6/22, 63, 65, 45, 37, 4, 12
2017/6/23, 93, 83, 48, 49, 4, 15
2017/6/24, 102, 53, 38, 37, 4, 11
2017/6/25, 88, 31, 54, 18, 4, 8
2017/6/26, 58, 55, 74, 33, 4, 10
2017/6/27, 84, 56, 69, 28, 4, 8
2017/6/28, 83, 58, 73, 20, 4, 6
2017/6/29, 90, 79, 61, 30, 4, 9
2017/6/30, 138, 89, 66, 31, 4, 13
2017/1/2, 149, 72, 20, 27, 32, 16
2017/1/3, 153, 78, 14, 36, 46, 19
2017/1/4, 146, 82, 12, 39, 36, 18
2017/1/5, 178, 107, 17, 39, 43, 20
2017/1/6, 209, 166, 17, 49, 46, 26
2017/1/7, 311, 221, 13, 54, 49, 28
2017/1/8, 347, 68, 22, 24, 33, 13
2017/1/9, 109, 64, 26, 19, 37, 20
2017/1/10, 85, 55, 21, 23, 38, 9
2017/1/11, 102, 49, 20, 22, 40, 13
2017/1/12, 103, 58, 21, 18, 35, 13
2017/1/13, 98, 37, 19, 16, 17, 8
2017/1/14, 74, 71, 16, 25, 42, 9
2017/1/15, 138, 115, 12, 34, 40, 14
2017/1/16, 209, 123, 18, 40, 38, 13
2017/1/17, 226, 141, 13, 34, 36, 15
2017/1/18, 249, 87, 16, 28, 28, 12
2017/1/19, 172, 72, 14, 25, 33, 11
2017/1/20, 152, 66, 22, 20, 33, 10
2017/1/21, 157, 78, 25, 25, 32, 12
2017/1/22, 172, 97, 21, 32, 38, 15
2017/1/23, 199, 108, 19, 35, 42, 16
2017/1/24, 191, 90, 29, 30, 43, 15
2017/1/25, 173, 89, 25, 21, 39, 13
2017/1/26, 154, 56, 26, 14, 36, 10
2017/1/27, 98, 80, 33, 18, 43, 12
2017/1/28, 167, 69, 28, 17, 30, 11
2017/1/29, 148, 59, 25, 17, 39, 10
2017/1/30, 140, 66, 27, 17, 43, 11
2017/1/31, 134, 49, 28, 12, 32, 9
2017/2/1, 89, 79, 27, 25, 52, 13
2017/2/2, 163, 110, 26, 38, 40, 23
2017/2/3, 213, 128, 29, 37, 36, 23
2017/2/4, 249, 98, 31, 22, 26, 15
2017/2/5, 179, 81, 27, 21, 24, 11
2017/2/6, 93, 84, 19, 31, 31, 16
2017/2/7, 165, 81, 22, 29, 28, 17
2017/2/8, 148, 51, 21, 21, 23, 11
2017/2/9, 107, 41, 23, 17, 18, 10
2017/2/10, 89, 76, 26, 19, 37, 11
2017/2/11, 130, 139, 34, 33, 39, 15
2017/2/12, 230, 110, 34, 37, 35, 17
2017/2/13, 205, 90, 39, 30, 24, 16
2017/2/14, 192, 82, 47, 27, 42, 15
2017/2/15, 170, 107, 66, 19, 44, 11
2017/2/16, 101, 61, 27, 23, 38, 11
2017/2/17, 104, 43, 28, 19, 23, 10
2017/2/18, 95, 56, 27, 19, 30, 12
2017/2/19, 132, 43, 29, 24, 22, 12
2017/2/20, 107, 60, 30, 29, 30, 12
2017/2/21, 138, 45, 27, 26, 23, 11
2017/2/22, 124, 44, 27, 29, 30, 11
2017/2/23, 112, 51, 31, 29, 31, 12
2017/2/24, 126, 46, 29, 29, 38, 11
2017/2/25, 116, 67, 18, 37, 26, 14
2017/2/26, 154, 57, 33, 28, 25, 13
2017/2/27, 140, 52, 34, 28, 24, 12
2017/2/28, 122, 38, 29, 18, 15, 11
2017/3/1, 71, 56, 30, 26, 23, 12
2017/3/2, 110, 60, 33, 32, 25, 13
2017/3/3, 135, 42, 34, 14, 13, 10
2017/3/4, 90, 65, 32, 29, 31, 14
2017/3/5, 146, 76, 30, 29, 24, 13
2017/3/6, 124, 53, 26, 21, 26, 11
2017/3/7, 86, 62, 31, 25, 26, 12
2017/3/8, 108, 76, 31, 31, 23, 14
2017/3/9, 132, 92, 35, 35, 25, 15
2017/3/10, 156, 114, 43, 37, 28, 16
2017/3/11, 187, 85, 31, 21, 16, 11
2017/3/12, 110, 50, 28, 23, 23, 12
2017/3/13, 96, 66, 36, 29, 22, 14
2017/3/14, 119, 85, 41, 31, 19, 14
2017/3/15, 142, 113, 47, 50, 27, 16
2017/3/16, 192, 168, 77, 48, 39, 20
2017/3/17, 264, 133, 49, 38, 23, 17
2017/3/18, 223, 72, 39, 27, 20, 12
2017/3/19, 115, 83, 35, 28, 17, 13
2017/3/20, 129, 79, 41, 26, 28, 13
2017/3/21, 147, 72, 34, 25, 19, 13
2017/3/22, 135, 83, 35, 30, 28, 14
2017/3/23, 141, 106, 45, 30, 18, 15
2017/3/24, 167, 86, 51, 35, 17, 13
2017/3/25, 166, 91, 55, 31, 19, 13
2017/3/26, 172, 93, 47, 34, 19, 13
2017/3/27, 164, 112, 41, 31, 16, 13
2017/3/28, 169, 95, 37, 20, 18, 10
2017/3/29, 129, 92, 47, 29, 19, 12
2017/3/30, 177, 160, 47, 38, 27, 18
2017/3/31, 224, 100, 60, 32, 23, 13
2016/10/1, 123, 67, 75, 25, 4, 9
2016/10/2, 145, 46, 75, 20, 3, 7
2016/10/3, 108, 44, 17, 19, 2, 6
2016/10/4, 83, 42, 20, 15, 3, 5
2016/10/5, 92, 62, 20, 21, 4, 8
2016/10/6, 111, 64, 20, 20, 3, 8
2016/10/7, 134, 26, 13, 17, 3, 7
2016/10/8, 63, 41, 17, 17, 4, 6
2016/10/9, 73, 62, 22, 21, 4, 8
2016/10/10, 111, 50, 22, 21, 4, 6
2016/10/11, 83, 60, 39, 25, 4, 8
2016/10/12, 92, 85, 20, 26, 4, 11
2016/10/13, 175, 109, 50, 27, 4, 13
2016/10/14, 203, 99, 48, 31, 7, 12
2016/10/15, 170, 68, 43, 21, 4, 10
2016/10/16, 160, 40, 36, 18, 4, 8
2016/10/17, 65, 73, 22, 30, 6, 9
2016/10/18, 137, 81, 12, 28, 4, 11
2016/10/19, 164, 41, 23, 16, 8, 6
2016/10/20, 75, 63, 28, 23, 10, 8
2016/10/21, 131, 43, 23, 19, 8, 7
2016/10/22, 107, 77, 18, 31, 10, 11
2016/10/23, 137, 81, 21, 31, 20, 11
2016/10/24, 160, 88, 19, 34, 29, 11
2016/10/25, 165, 54, 20, 20, 25, 8
2016/10/26, 100, 89, 39, 31, 24, 11
2016/10/27, 176, 77, 28, 24, 18, 10
2016/10/28, 154, 70, 22, 25, 23, 10
2016/10/29, 137, 99, 14, 29, 23, 13
2016/10/30, 205, 52, 16, 19, 26, 8
2016/10/31, 91, 60, 18, 23, 16, 9
2016/11/1, 119, 65, 16, 26, 30, 11
2016/11/2, 115, 68, 24, 24, 34, 9
2016/11/3, 169, 155, 14, 41, 35, 17
2016/11/4, 324, 152, 33, 30, 16, 14
2016/11/5, 345, 110, 28, 21, 15, 11
2016/11/6, 205, 104, 26, 25, 16, 12
2016/11/7, 205, 60, 30, 21, 16, 10
2016/11/8, 140, 70, 23, 25, 21, 11
2016/11/9, 148, 52, 21, 16, 37, 9
2016/11/10, 139, 52, 21, 21, 20, 11
2016/11/11, 134, 48, 19, 27, 19, 12
2016/11/12, 119, 65, 22, 22, 30, 13
2016/11/13, 157, 67, 28, 14, 20, 11
2016/11/14, 115, 58, 21, 22, 23, 13
2016/11/15, 120, 93, 26, 26, 27, 14
2016/11/16, 195, 121, 32, 27, 28, 17
2016/11/17, 228, 86, 20, 22, 18, 13
2016/11/18, 184, 49, 19, 21, 17, 9
2016/11/19, 134, 35, 16, 20, 38, 8
2016/11/20, 94, 46, 19, 21, 44, 9
2016/11/21, 90, 48, 18, 22, 35, 10
2016/11/22, 96, 55, 16, 24, 31, 11
2016/11/23, 116, 64, 16, 28, 42, 12
2016/11/24, 131, 73, 19, 30, 31, 15
2016/11/25, 145, 88, 12, 25, 41, 15
2016/11/26, 164, 67, 21, 26, 33, 12
2016/11/27, 143, 64, 16, 27, 33, 12
2016/11/28, 129, 54, 22, 24, 30, 11
2016/11/29, 127, 43, 19, 20, 20, 12
2016/11/30, 114, 39, 19, 20, 31, 9
2016/12/1, 85, 67, 15, 30, 40, 13
2016/12/2, 136, 107, 29, 27, 33, 10
2016/12/3, 206, 65, 24, 19, 27, 7
2016/12/4, 131, 45, 22, 21, 31, 9
2016/12/5, 107, 50, 17, 21, 35, 10
2016/12/6, 111, 90, 12, 29, 41, 14
2016/12/7, 186, 87, 8, 29, 40, 15
2016/12/8, 180, 96, 12, 31, 37, 17
2016/12/9, 189, 70, 15, 30, 41, 14
2016/12/10, 147, 74, 19, 23, 36, 15
2016/12/11, 163, 79, 15, 27, 21, 18
2016/12/12, 180, 68, 13, 24, 26, 14
2016/12/13, 143, 73, 12, 28, 37, 14
2016/12/14, 163, 73, 13, 28, 28, 13
2016/12/15, 161, 79, 9, 34, 31, 15
2016/12/16, 159, 102, 9, 37, 31, 22
2016/12/17, 203, 124, 11, 42, 32, 24
2016/12/18, 241, 129, 16, 36, 19, 24
2016/12/19, 247, 113, 20, 25, 26, 17
2016/12/20, 207, 92, 11, 23, 36, 15
2016/12/21, 183, 66, 13, 24, 40, 12
2016/12/22, 132, 58, 16, 27, 31, 12
2016/12/23, 126, 80, 23, 32, 35, 15
2016/12/24, 188, 72, 15, 31, 38, 15
2016/12/25, 171, 48, 19, 25, 31, 12
2016/12/26, 129, 103, 41, 35, 42, 18
2016/12/27, 198, 89, 19, 21, 41, 12
2016/12/28, 123, 68, 19, 25, 42, 13
2016/12/29, 139, 76, 15, 31, 40, 20
2016/12/30, 159, 115, 10, 32, 41, 23
2016/12/31, 211, , , , , 
2016/7/1, 38, 39, 35, 29, 2, 6
2016/7/2, 67, 41, 50, 26, 2, 5
2016/7/3, 68, 40, 56, 24, 1, 5
2016/7/4, 69, 33, 56, 15, 4, 4
2016/7/5, 60, 32, 62, 18, 2, 4
2016/7/6, 52, 55, 72, 30, 2, 7
2016/7/7, 99, 51, 60, 27, 3, 7
2016/7/8, 101, 60, 47, 33, 3, 7
2016/7/9, 127, 66, 59, 29, 2, 8
2016/7/10, 138, 66, 71, 23, 2, 8
2016/7/11, 136, 50, 48, 22, 2, 6
2016/7/12, 97, 26, 42, 18, , 4
2016/7/13, 48, 26, 30, 14, 1, 3
2016/7/14, 39, 33, 48, 18, 3, 4
2016/7/15, 60, 41, 30, 20, 1, 5
2016/7/16, 65, 34, 31, 20, 2, 5
2016/7/17, 66, 41, 39, 29, 2, 6
2016/7/18, 69, 54, 75, 20, 2, 7
2016/7/19, 104, 57, 79, 18, 1, 7
2016/7/20, 103, 48, 47, 21, 1, 6
2016/7/21, 83, 14, 35, 5, , 4
2016/7/22, 37, 37, 33, 14, , 7
2016/7/23, 80, 39, 37, 21, 1, 7
2016/7/24, 85, 41, 30, 24, 1, 6
2016/7/25, 67, 30, 56, 14, 1, 4
2016/7/26, 55, 44, 50, 27, 1, 7
2016/7/27, 78, 55, 57, 24, 1, 8
2016/7/28, 100, 37, 38, 28, 1, 8
2016/7/29, 70, 54, 45, 25, 1, 7
2016/7/30, 105, 59, 42, 26, , 8
2016/7/31, 116, 36, 55, 18, 2, 6
2016/8/1, 74, 60, 51, 34, 2, 9
2016/8/2, 114, 56, 65, 31, 2, 8
2016/8/3, 98, 62, 79, 33, 1, 8
2016/8/4, 112, 74, 60, 33, 1, 10
2016/8/5, 133, 70, 51, 28, 1, 8
2016/8/6, 118, 21, 37, 16, 1, 4
2016/8/7, 43, 32, 41, 21, 3, 4
2016/8/8, 54, 39, 42, 21, 2, 5
2016/8/9, 62, 56, 44, 19, 1, 8
2016/8/10, 103, 59, 57, 14, 1, 7
2016/8/11, 120, 72, 49, 22, 2, 9
2016/8/12, 144, 61, 45, 26, 2, 8
2016/8/13, 106, 38, 38, 21, 2, 5
2016/8/14, 55, 36, 22, 24, 2, 5
2016/8/15, 53, 41, 34, 20, 2, 5
2016/8/16, 57, 37, 55, 25, 2, 5
2016/8/17, 64, 53, 35, 37, 2, 8
2016/8/18, 90, 22, 48, 14, 1, 4
2016/8/19, 51, 36, 48, 20, 2, 5
2016/8/20, 73, 37, 40, 30, 2, 6
2016/8/21, 66, 32, 40, 26, 2, 5
2016/8/22, 55, 48, 56, 28, 2, 6
2016/8/23, 77, 59, 39, 30, 3, 9
2016/8/24, 103, 22, 31, 18, 1, 5
2016/8/25, 40, 42, 24, 26, 3, 6
2016/8/26, 61, 39, 41, 24, 2, 5
2016/8/27, 58, 40, 38, 25, 2, 5
2016/8/28, 68, 34, 32, 18, 2, 4
2016/8/29, 50, 21, 16, 12, 1, 4
2016/8/30, 35, 12, 10, 8, , 4
2016/8/31, 22, 19, 6, 12, , 6
2016/9/1, 47, 25, 33, 15, 1, 5
2016/9/2, 57, 39, 47, 23, 2, 6
2016/9/3, 82, 24, 31, 20, 1, 6
2016/9/4, 54, 36, 39, 22, , 7
2016/9/5, 78, 39, 31, 28, 1, 8
2016/9/6, 81, 47, 36, 21, , 7
2016/9/7, 89, 23, 39, 17, , 5
2016/9/8, 81, 38, 27, 25, , 8
2016/9/9, 65, 36, 26, 21, , 8
2016/9/10, 83, 45, 32, 26, , 7
2016/9/11, 104, 66, 18, 28, 1, 10
2016/9/12, 137, 53, 19, 29, 1, 8
2016/9/13, 85, 60, 34, 33, 1, 8
2016/9/14, 102, 46, 32, 27, , 7
2016/9/15, 90, 22, 31, 19, , 5
2016/9/16, 36, 43, 20, 20, , 5
2016/9/17, 77, 38, 21, 21, 1, 5
2016/9/18, 60, 75, 22, 32, 2, 10
2016/9/19, 109, 91, 25, 34, 2, 11
2016/9/20, 135, 66, 35, 32, 1, 7
2016/9/21, 112, 59, 33, 31, 1, 6
2016/9/22, 102, 61, 37, 19, 1, 6
2016/9/23, 135, 51, 45, 20, 1, 6
2016/9/24, 113, 63, 35, 27, 1, 11
2016/9/25, 123, 76, 36, 22, 1, 10
2016/9/26, 162, 40, 43, 18, 1, 7
2016/9/27, 91, 46, 17, 23, 2, 9
2016/9/28, 69, 62, 29, 26, 2, 10
2016/9/29, 100, 66, 30, 40, 5, 10
2016/9/30, 116, 72, 68, 25, 5, 9
2016/4/1, 125, 69, 46, 21, 11, 8
2016/4/2, 63, 55, 29, 20, 13, 9
2016/4/3, 66, 65, 38, 29, 12, 10
2016/4/4, 110, 47, 32, 23, 9, 9
2016/4/5, 74, 72, 61, 23, 13, 9
2016/4/6, 118, 131, 56, 16, 12, 7
2016/4/7, 97, 128, 35, 20, 11, 7
2016/4/8, 90, 45, 30, 17, 7, 6
2016/4/9, 54, 49, 32, 23, 10, 8
2016/4/10, 86, 60, 44, 24, 13, 8
2016/4/11, 107, 57, 41, 24, 5, 9
2016/4/12, 127, 53, 38, 20, 5, 7
2016/4/13, 120, 58, 35, 29, 7, 8
2016/4/14, 126, 61, 38, 21, 6, 7
2016/4/15, 119, 84, 43, 29, 5, 9
2016/4/16, 143, 40, 34, 21, 2, 8
2016/4/17, 80, 39, 31, 25, 5, 7
2016/4/18, 77, 57, 35, 24, 6, 7
2016/4/19, 89, 47, 44, 21, 4, 6
2016/4/20, 77, 78, 50, 20, 4, 7
2016/4/21, 100, 126, 34, 19, 4, 5
2016/4/22, 93, 49, 29, 20, 2, 6
2016/4/23, 61, 83, 39, 27, 4, 8
2016/4/24, 104, 61, 25, 20, 4, 7
2016/4/25, 86, 37, 37, 17, 3, 6
2016/4/26, 62, 65, 42, 34, 4, 9
2016/4/27, 108, 37, 44, 21, 2, 6
2016/4/28, 62, 56, 48, 36, 6, 7
2016/4/29, 83, 32, 42, 17, 2, 6
2016/4/30, 74, 71, 52, 23, 5, 10
2016/5/1, 135, 58, 38, 27, 3, 8
2016/5/2, 111, 16, 33, 11, 1, 5
2016/5/3, 44, 33, 41, 17, 2, 5
2016/5/4, 40, 53, 51, 29, 5, 7
2016/5/5, 81, 80, 51, 19, 2, 6
2016/5/6, 92, 35, 35, 18, 1, 5
2016/5/7, 61, 55, 40, 25, 3, 5
2016/5/8, 69, 69, 55, 29, 5, 7
2016/5/9, 88, 58, 52, 34, 4, 7
2016/5/10, 89, 78, 75, 34, 4, 7
2016/5/11, 111, 41, 73, 23, 2, 6
2016/5/12, 85, 45, 43, 24, 3, 5
2016/5/13, 83, 45, 38, 24, 4, 5
2016/5/14, 69, 34, 40, 26, 1, 6
2016/5/15, 77, 54, 32, 36, 3, 8
2016/5/16, 108, 63, 70, 36, 6, 8
2016/5/17, 104, 64, 99, 21, 6, 6
2016/5/18, 98, 56, 92, 26, 4, 7
2016/5/19, 92, 54, 81, 28, 4, 7
2016/5/20, 83, 51, 78, 31, 5, 7
2016/5/21, 80, 35, 49, 17, 2, 5
2016/5/22, 49, 55, 62, 30, 5, 8
2016/5/23, 96, 26, 53, 24, 1, 9
2016/5/24, 68, 42, 41, 27, 2, 8
2016/5/25, 71, 45, 32, 24, 3, 7
2016/5/26, 70, 77, 45, 28, 4, 6
2016/5/27, 80, 61, 80, 27, 6, 7
2016/5/28, 92, 36, 69, 21, 2, 4
2016/5/29, 53, 44, 28, 24, 3, 4
2016/5/30, 53, 27, 28, 21, 1, 4
2016/5/31, 51, 51, 40, 33, 4, 9
2016/6/1, 88, 50, 48, 38, 3, 7
2016/6/2, 79, 52, 82, 48, 4, 6
2016/6/3, 83, 50, 83, 41, 4, 5
2016/6/4, 92, 69, 82, 52, 7, 8
2016/6/5, 132, 51, 69, 43, 5, 6
2016/6/6, 79, 26, 51, 26, 2, 4
2016/6/7, 52, 40, 34, 31, 2, 5
2016/6/8, 63, 55, 53, 37, 4, 7
2016/6/9, 100, 50, 42, 34, 2, 7
2016/6/10, 101, 25, , 22, 1, 6
2016/6/11, 58, 52, 35, 30, 2, 6
2016/6/12, 60, 28, 33, 30, 2, 6
2016/6/13, 53, 45, 55, 33, 2, 7
2016/6/14, 78, 38, 51, 39, 2, 8
2016/6/15, 78, 53, 43, 39, 3, 10
2016/6/16, 96, 51, 45, 30, 3, 8
2016/6/17, 94, 60, 69, 25, 3, 9
2016/6/18, 113, 21, 57, 22, 1, 6
2016/6/19, 50, 32, 79, 16, 1, 6
2016/6/20, 68, 56, 68, 22, 1, 7
2016/6/21, 120, 50, 55, 23, 1, 7
2016/6/22, 114, 18, 41, 22, 1, 5
2016/6/23, 38, 24, 28, 22, 1, 5
2016/6/24, 44, 29, 27, 24, 1, 6
2016/6/25, 54, 37, 45, 32, 2, 6
2016/6/26, 63, 40, 72, 22, 1, 4
2016/6/27, 67, 61, 58, 29, 2, 7
2016/6/28, 123, 37, 67, 17, 1, 5
2016/6/29, 77, 42, 45, 22, , 7
2016/6/30, 86, 23, 28, 20, 1, 5
2016/1/4, 99, 59, 14, 19, 33, 7
2016/1/5, 102, 68, , 23, 36, 11
2016/1/6, 132, 71, 13, 24, 49, 9
2016/1/7, 127, 75, 11, 25, 43, 8
2016/1/8, 135, 67, 13, 24, 34, 8
2016/1/9, 128, 77, 16, 28, 37, 11
2016/1/10, 153, 80, 16, 27, 44, 11
2016/1/11, 150, 68, 13, 22, 38, 8
2016/1/12, 124, 53, 14, 21, 38, 8
2016/1/13, 103, 69, 14, 29, 29, 9
2016/1/14, 136, 93, 9, 37, 56, 12
2016/1/15, 176, 116, 13, 37, 48, 13
2016/1/16, 202, 96, 13, 35, 53, 12
2016/1/17, 175, 67, 15, 26, 32, 8
2016/1/18, 138, 70, 11, 23, 35, 9
2016/1/19, 154, 70, 13, 30, 35, 10
2016/1/20, 146, 85, 18, 33, 42, 12
2016/1/21, 162, 94, 15, 32, 49, 13
2016/1/22, 167, 72, 16, 25, 33, 9
2016/1/23, 146, 85, 14, 23, 41, 9
2016/1/24, 131, 111, 17, 28, 35, 11
2016/1/25, 148, 57, 19, 22, 45, 9
2016/1/26, 102, 66, 18, 26, 40, 11
2016/1/27, 112, 76, 17, 29, 43, 11
2016/1/28, 144, 65, 14, 28, 49, 9
2016/1/29, 141, 70, 15, 27, 40, 9
2016/1/30, 140, 67, 17, 26, 48, 9
2016/1/31, 141, 70, 19, 29, 32, 11
2016/2/1, 141, 86, 15, 35, 40, 12
2016/2/2, 158, 88, 15, 30, 39, 10
2016/2/3, 146, 72, 18, 21, 41, 5
2016/2/4, 97, 71, 15, 26, 40, 7
2016/2/5, 114, 81, 14, 25, 33, 10
2016/2/6, 153, 70, 21, 20, 40, 8
2016/2/7, 144, 95, 22, 17, 26, 10
2016/2/8, 168, 81, 26, 22, 26, 9
2016/2/9, 162, 65, 24, 19, 22, 8
2016/2/10, 120, 45, 27, 12, 26, 6
2016/2/11, 90, 51, 25, 20, 23, 9
2016/2/12, 115, 36, 23, 14, 23, 5
2016/2/13, 81, 38, 20, 13, 17, 5
2016/2/14, 64, 49, , 16, 34, 6
2016/2/15, 89, 47, 19, 19, 36, 6
2016/2/16, 81, 58, 21, 19, 31, 6
2016/2/17, 85, 57, 20, 23, 38, 8
2016/2/18, 110, 53, 22, 17, 42, 4
2016/2/19, 69, 51, 20, 15, 32, 5
2016/2/20, 68, 45, 18, 16, 30, 5
2016/2/21, 74, 56, 16, 20, 33, 7
2016/2/22, 120, 55, 22, 23, 30, 7
2016/2/23, 115, 58, 23, 24, 32, 7
2016/2/24, 110, 60, , 30, 30, 9
2016/2/25, 119, 48, 23, 25, 39, 7
2016/2/26, 96, 51, 25, 27, 31, 7
2016/2/27, 105, 63, 28, 26, 27, 8
2016/2/28, 131, 53, 27, 24, 39, 7
2016/2/29, 103, 58, 25, 22, 26, 8
2016/3/1, 101, 83, 20, 29, 39, 12
2016/3/2, 146, 59, 35, 24, 29, 7
2016/3/3, 137, 73, 42, 26, 37, 9
2016/3/4, 156, 228, 36, 25, 24, 10
2016/3/5, 173, 72, 28, 23, 25, 7
2016/3/6, 93, 42, 37, 24, 25, 7
2016/3/7, 84, 50, 33, 16, 18, 5
2016/3/8, 66, 51, 30, 19, 29, 5
2016/3/9, 73, 48, 22, 19, 22, 5
2016/3/10, 72, 46, 22, 22, 22, 5
2016/3/11, 77, 73, 24, 23, 22, 7
2016/3/12, 122, 49, 27, 19, 16, 5
2016/3/13, 64, 59, 25, 27, 28, 8
2016/3/14, 113, 98, 38, 30, 22, 12
2016/3/15, 151, 115, 46, 32, 22, 11
2016/3/16, 164, 89, 51, 21, 24, 7
2016/3/17, 151, 78, 66, 20, 17, 7
2016/3/18, 128, 58, 44, 28, 24, 7
2016/3/19, 107, 101, 41, 45, 28, 13
2016/3/20, 171, 84, 43, 33, 18, 8
2016/3/21, 155, 53, 32, 21, 18, 6
2016/3/22, 101, 65, 33, 18, 13, 6
2016/3/23, 112, 64, 37, 24, 23, 8
2016/3/24, 132, 93, 42, 39, 20, 12
2016/3/25, 170, 95, 42, 40, 25, 11
2016/3/26, 171, 89, 57, 24, 21, 9
2016/3/27, 167, 247, 46, 24, 13, 9
2016/3/28, 158, 77, 53, 18, 11, 7
2016/3/29, 72, 63, 32, 27, 17, 9
2016/3/30, 101, 249, 44, 30, 14, 12
2016/3/31, 156, 105, 60, 20, 8, 10
2015/10/1, 57, 49, 27, 10, 1, 2
2015/10/2, 41, 36, 23, 13, 1, 3
2015/10/3, 43, 55, 24, 29, 3, 6
2015/10/4, 87, 84, 57, 24, 6, 8
2015/10/5, 135, 102, 65, 43, 6, 12
2015/10/6, 168, 81, 63, 26, 5, 8
2015/10/7, 158, 62, 47, 21, 3, 6
2015/10/8, 99, 60, 29, 22, 3, 5
2015/10/9, 98, 60, 24, 30, 4, 6
2015/10/10, 96, 39, 10, 21, 3, 6
2015/10/11, 88, 40, 15, 21, 3, 6
2015/10/12, 71, 45, 12, 25, 3, 7
2015/10/13, 75, 72, 32, 28, 4, 9
2015/10/14, 145, 124, 56, 53, 11, 14
2015/10/15, 195, 98, 46, 45, 10, 11
2015/10/16, 166, 95, 45, 34, 9, 11
2015/10/17, 163, 29, 28, 21, 3, 5
2015/10/18, 58, 111, 22, 38, 8, 10
2015/10/19, 193, 95, 13, 33, 12, 8
2015/10/20, 152, 128, 19, 49, 20, 16
2015/10/21, 197, 108, , 39, 12, 12
2015/10/22, 173, 80, 24, 37, 10, 12
2015/10/23, 150, 53, 22, 21, 12, 9
2015/10/24, 81, 232, 40, 48, 20, 23
2015/10/25, 322, 190, 31, 40, 17, 17
2015/10/26, 254, 73, 18, 17, 29, 8
2015/10/27, 72, 51, 17, 17, 31, 8
2015/10/28, 85, 77, 15, 22, 43, 10
2015/10/29, 120, 129, 14, 29, 48, 15
2015/10/30, 200, 111, 19, 35, 37, 12
2015/10/31, 190, 98, 26, 35, 36, 13
2015/11/1, 171, 190, 24, 54, 45, 30
2015/11/2, 270, 276, 37, 45, 33, 29
2015/11/3, 330, 142, 44, 30, 27, 13
2015/11/4, 192, 90, 35, 22, 16, 6
2015/11/5, 152, 206, 39, 32, 18, 10
2015/11/6, 264, 241, 32, 37, 23, 14
2015/11/7, 313, 377, 14, 43, 27, 21
2015/11/8, 417, 353, 14, 36, 15, 18
2015/11/9, 393, 65, 24, 23, 32, 7
2015/11/10, 158, 69, 24, 24, 31, 7
2015/11/11, 158, 73, 21, 27, 32, 11
2015/11/12, 163, 62, 23, 22, 26, 10
2015/11/13, 147, 53, 25, 23, 22, 9
2015/11/14, 111, 56, 17, 18, 28, 8
2015/11/15, 116, 56, 14, 17, 26, 6
2015/11/16, 111, 66, 18, 18, 25, 7
2015/11/17, 147, 49, 21, 13, 15, 5
2015/11/18, 115, 49, 16, 17, 19, 4
2015/11/19, 120, 75, 18, 29, 46, 8
2015/11/20, 151, 97, 13, 37, 40, 13
2015/11/21, 176, 69, 19, 26, 31, 7
2015/11/22, 143, 48, 16, 15, 24, 4
2015/11/23, 100, 50, 18, 22, 37, 6
2015/11/24, 106, 54, 21, 21, 33, 5
2015/11/25, 122, 66, 19, 24, 38, 6
2015/11/26, 141, 67, 13, 28, 39, 8
2015/11/27, 137, 88, 11, 33, 36, 9
2015/11/28, 166, 80, 13, 30, 43, 10
2015/11/29, 165, 73, 13, 25, 26, 9
2015/11/30, 162, 60, 20, 19, 30, 8
2015/12/1, 139, 66, 17, 25, 37, 11
2015/12/2, 135, 56, 13, 21, 40, 8
2015/12/3, 125, 46, 16, 20, 46, 7
2015/12/4, 93, 38, 15, 20, 44, 6
2015/12/5, 87, 50, 15, 25, 44, 7
2015/12/6, 118, 77, 13, 39, 54, 13
2015/12/7, 162, 86, 17, 33, 41, 13
2015/12/8, 173, 85, 11, 29, 28, 12
2015/12/9, 170, 66, 15, 24, 22, 10
2015/12/10, 148, 67, 15, 27, 41, 9
2015/12/11, 153, 100, 14, 35, 55, 14
2015/12/12, 187, 142, 13, 47, 52, 19
2015/12/13, 236, 144, 7, 37, 45, 19
2015/12/14, 239, 68, 12, 24, 45, 7
2015/12/15, 129, 41, 13, 20, 24, 6
2015/12/16, 100, 55, 11, 23, 25, 7
2015/12/17, 116, 72, , 30, 42, 10
2015/12/18, 145, 58, 14, 28, 26, 6
2015/12/19, 123, 59, 11, 28, 31, 8
2015/12/20, 134, 109, 7, 34, 40, 15
2015/12/21, 198, 137, 7, 37, 59, 17
2015/12/22, 229, 125, 9, 32, 40, 18
2015/12/23, 201, 89, 15, 31, 46, 12
2015/12/24, 166, 62, 10, 25, 43, 9
2015/12/25, 145, 69, 13, 25, 40, 10
2015/12/26, 150, 61, 12, 22, 31, 8
2015/12/27, 136, 79, 9, 31, 45, 11
2015/12/28, 159, 87, 10, 36, 49, 15
2015/12/29, 170, 154, 7, 50, 61, 27
2015/12/30, 235, 193, 9, 46, 49, 23
2015/12/31, 258, , , , , 
2015/7/1, 54, 40, 25, 24, 2, 5
2015/7/2, 77, 39, 23, 24, 2, 6
2015/7/3, 74, 50, 32, 26, 4, 6
2015/7/4, 93, 64, 44, 28, 3, 9
2015/7/5, 98, 71, 50, 40, 4, 7
2015/7/6, 126, 65, 75, 41, 3, 7
2015/7/7, 112, 69, 62, 38, 3, 7
2015/7/8, 118, 57, 74, 30, 5, 6
2015/7/9, 97, 68, 98, 33, 3, 6
2015/7/10, 107, 62, 98, 26, 2, 7
2015/7/11, 109, 86, 63, 24, 4, 7
2015/7/12, 147, 48, 44, 17, 1, 4
2015/7/13, 86, 32, 38, 16, 2, 4
2015/7/14, 52, 32, 36, 11, 2, 3
2015/7/15, 52, 36, 46, 14, 4, 3
2015/7/16, 51, 54, 61, 25, 5, 4
2015/7/17, 76, 60, 73, 33, 5, 6
2015/7/18, 91, 74, 60, 36, 4, 7
2015/7/19, 121, 83, 70, 31, 4, 7
2015/7/20, 124, 69, 57, 26, 3, 7
2015/7/21, 125, 71, 49, 26, 2, 8
2015/7/22, 144, 88, 54, 25, 2, 8
2015/7/23, 156, 75, 38, 29, 2, 8
2015/7/24, 156, 90, 48, 23, 2, 8
2015/7/25, 161, 67, 53, 20, 2, 7
2015/7/26, 140, 70, 39, 28, 3, 7
2015/7/27, 105, 98, 64, 29, 3, 8
2015/7/28, 163, 35, 70, 16, 2, 5
2015/7/29, 82, 36, 50, 16, 3, 5
2015/7/30, 68, 33, 59, 20, 4, 4
2015/7/31, 54, 40, 59, 14, 3, 4
2015/8/1, 63, 41, 43, 12, 2, 4
2015/8/2, 82, 53, 44, 18, 2, 6
2015/8/3, 122, 43, 51, 14, 3, 5
2015/8/4, 84, 46, 51, 20, 4, 5
2015/8/5, 70, 33, 40, 12, 3, 4
2015/8/6, 60, 27, 37, 17, 2, 4
2015/8/7, 56, 42, 48, 20, 3, 5
2015/8/8, 87, 31, 36, 19, 3, 4
2015/8/9, 58, 38, 31, 22, 2, 6
2015/8/10, 67, 44, 40, 26, 3, 5
2015/8/11, 64, 38, 48, 23, 3, 5
2015/8/12, 64, 64, 68, 33, 4, 8
2015/8/13, 98, 39, 63, 19, 3, 5
2015/8/14, 66, 49, 57, 23, 3, 7
2015/8/15, 94, 46, 43, 27, 3, 7
2015/8/16, 81, 77, 61, 30, 4, 10
2015/8/17, 156, 67, 54, 28, 4, 9
2015/8/18, 134, 51, 64, 18, 2, 7
2015/8/19, 116, 27, 45, 17, 1, 5
2015/8/20, 72, 37, 37, 31, 2, 7
2015/8/21, 82, 51, 33, 29, 2, 9
2015/8/22, 107, 48, 41, 25, 3, 7
2015/8/23, 100, 46, 39, 22, 4, 6
2015/8/24, 89, 27, 39, 13, 3, 3
2015/8/25, 42, 37, 26, 17, 4, 4
2015/8/26, 55, 24, 18, 18, 2, 5
2015/8/27, 53, 18, 15, 14, 1, 6
2015/8/28, 37, 27, 18, 15, 2, 5
2015/8/29, 50, 42, 18, 18, 2, 6
2015/8/30, 71, 45, 36, 19, 3, 9
2015/8/31, 85, 52, 30, 23, 4, 10
2015/9/1, 102, 44, 36, 27, 4, 7
2015/9/2, 78, 29, 27, 18, 2, 4
2015/9/3, 56, 44, 32, 23, 4, 5
2015/9/4, 68, 33, 31, 18, 5, 2
2015/9/5, 52, 39, 33, 27, 4, 5
2015/9/6, 64, 58, 47, 24, 3, 6
2015/9/7, 81, 50, 76, 21, 4, 5
2015/9/8, 74, 49, 46, 32, 5, 7
2015/9/9, 89, 25, 25, 22, 2, 4
2015/9/10, 44, 35, 25, 25, 2, 4
2015/9/11, 49, 35, 17, 23, 3, 5
2015/9/12, 52, 52, 24, 27, 4, 7
2015/9/13, 76, 63, 50, 38, 4, 8
2015/9/14, 98, 62, 57, 38, 6, 8
2015/9/15, 102, 64, 65, 34, 5, 8
2015/9/16, 112, 72, 80, 39, 5, 9
2015/9/17, 122, 77, 57, 43, 6, 10
2015/9/18, 134, 35, 32, 25, 2, 6
2015/9/19, 74, 36, 26, 29, 2, 5
2015/9/20, 58, 63, 42, 39, 5, 9
2015/9/21, 104, 59, 47, 30, 4, 6
2015/9/22, 93, 28, 37, 13, 1, 4
2015/9/23, 59, 43, 24, 23, 1, 5
2015/9/24, 93, 48, 13, 26, 2, 8
2015/9/25, 88, 43, 17, 22, 2, 5
2015/9/26, 66, 44, 17, 22, 2, 6
2015/9/27, 69, 42, 17, 22, 3, 6
2015/9/28, 68, 54, 23, 26, 3, 8
2015/9/29, 83, 63, 28, 27, 3, 6
2015/9/30, 101, 30, 27, 16, 1, 4
2015/4/1, 160, 83, 37, 31, 16, 7
2015/4/2, 147, 52, 39, 19, 12, 5
2015/4/3, 119, 46, 41, 21, 16, 6
2015/4/4, 97, 66, 32, 22, 20, 7
2015/4/5, 131, 40, 32, 17, 12, 4
2015/4/6, 71, 45, 34, 21, 16, 5
2015/4/7, 74, 62, 37, 25, 17, 5
2015/4/8, 102, 85, 42, 30, 16, 8
2015/4/9, 149, 44, 41, 29, 12, 6
2015/4/10, 79, 64, 47, 23, 9, 5
2015/4/11, 125, 62, 49, 19, 7, 5
2015/4/12, 123, 82, 60, 43, 10, 7
2015/4/13, 156, 80, 46, 40, 9, 8
2015/4/14, 134, 109, 70, 34, 9, 10
2015/4/15, 155, 189, 61, 21, 4, 6
2015/4/16, 107, 105, 40, 25, 4, 7
2015/4/17, 115, 82, 56, 29, 4, 8
2015/4/18, 131, 97, 50, 21, 3, 7
2015/4/19, 124, 117, 48, 31, 3, 8
2015/4/20, 147, 72, 42, 28, 2, 7
2015/4/21, 102, 83, 45, 28, 3, 7
2015/4/22, 99, 110, 51, 17, 3, 7
2015/4/23, 102, 56, 44, 21, 2, 6
2015/4/24, 73, 94, 46, 30, 7, 8
2015/4/25, 131, 124, 75, 27, 11, 11
2015/4/26, 164, 101, 102, 26, 10, 8
2015/4/27, 146, 74, 84, 37, 9, 8
2015/4/28, 134, 95, 61, 54, 9, 12
2015/4/29, 136, 77, 50, 28, 7, 6
2015/4/30, 129, 87, 63, 22, 5, 6
2015/5/1, 143, 55, 43, 19, 3, 6
2015/5/2, 119, 69, 36, 19, 3, 5
2015/5/3, 97, 135, 35, 18, 3, 5
2015/5/4, 133, 541, 35, 17, 3, 4
2015/5/5, 219, 183, 30, 19, 2, 5
2015/5/6, 153, 158, 35, 22, 3, 5
2015/5/7, 153, 46, 27, 26, 3, 5
2015/5/8, 175, 55, 23, 25, 3, 6
2015/5/9, 155, 53, 43, 29, 4, 8
2015/5/10, 430, 56, 38, 32, 4, 8
2015/5/11, 141, 23, 26, 16, 2, 6
2015/5/12, 49, 24, 34, 23, 2, 6
2015/5/13, 36, 52, 32, 34, 3, 8
2015/5/14, 90, 53, 36, 23, 3, 5
2015/5/15, 76, 53, 36, 22, 3, 4
2015/5/16, 123, 57, 35, 27, 4, 8
2015/5/17, 103, 55, 60, 24, 2, 8
2015/5/18, 109, 35, 39, 21, 1, 5
2015/5/19, 123, 45, 29, 30, 2, 7
2015/5/20, 127, 59, 33, 31, 4, 7
2015/5/21, 72, 70, 30, 35, 5, 7
2015/5/22, 98, 78, 55, 31, 9, 8
2015/5/23, 128, 69, 62, 24, 7, 7
2015/5/24, 111, 79, 77, 27, 8, 9
2015/5/25, 148, 81, 89, 29, 7, 8
2015/5/26, 155, 56, 92, 21, 3, 6
2015/5/27, 116, 75, 65, 29, 5, 6
2015/5/28, 116, 61, 37, 28, 4, 6
2015/5/29, 120, 33, 27, 26, 2, 5
2015/5/30, 46, 144, 55, 27, 4, 5
2015/5/31, 103, 77, 48, 23, 3, 6
2015/6/1, 93, 45, 45, 33, 3, 7
2015/6/2, 75, 28, 26, 28, 2, 6
2015/6/3, 52, 62, 44, 33, 5, 5
2015/6/4, 83, 43, 48, 15, 3, 3
2015/6/5, 69, 40, 41, 20, 2, 5
2015/6/6, 85, 27, 38, 20, 2, 5
2015/6/7, 58, 35, 34, 25, 2, 5
2015/6/8, 76, 40, 25, 32, 5, 6
2015/6/9, 77, 58, 38, 27, 5, 7
2015/6/10, 117, 40, 57, 14, 3, 6
2015/6/11, 93, 26, 49, 12, 2, 6
2015/6/12, 67, 36, 54, 20, 3, 6
2015/6/13, 76, 63, 42, 37, 5, 10
2015/6/14, 105, 71, 59, 43, 5, 11
2015/6/15, 110, 76, 94, 58, 6, 8
2015/6/16, 128, 108, 108, 56, 7, 12
2015/6/17, 153, 47, 64, 30, 3, 7
2015/6/18, 96, 56, 56, 33, 3, 7
2015/6/19, 113, 62, 50, 34, 4, 7
2015/6/20, 108, 62, 46, 39, 4, 7
2015/6/21, 96, 67, 67, 30, 6, 9
2015/6/22, 115, 58, 53, 30, 4, 7
2015/6/23, 118, 72, 84, 28, 4, 8
2015/6/24, 135, 77, 75, 35, 5, 9
2015/6/25, 156, 97, 37, 26, 4, 9
2015/6/26, 181, 115, 57, 43, 5, 12
2015/6/27, 177, 89, 56, 36, 5, 10
2015/6/28, 161, 37, 39, 24, 2, 6
2015/6/29, 71, 40, 31, 26, 2, 5
2015/6/30, 73, 25, 31, 18, 1, 4
2015/1/1, 159, 70, , 23, 49, 8
2015/1/2, 146, 58, , 23, 36, 8
2015/1/3, 119, 127, , 41, 52, 15
2015/1/4, 207, 108, , 24, 57, 9
2015/1/5, 125, 69, , 22, 44, 6
2015/1/6, 95, 81, 19, 27, 49, 10
2015/1/7, 139, 101, 15, 32, 37, 15
2015/1/8, 170, 120, 10, 37, 57, 16
2015/1/9, 197, 120, 12, 35, 58, 16
2015/1/10, 197, 101, 17, 31, 56, 12
2015/1/11, 182, 91, 26, 25, 36, 13
2015/1/12, 174, 93, 26, 27, 46, 13
2015/1/13, 167, 191, 15, 36, 57, 22
2015/1/14, 277, 92, 15, 29, 45, 10
2015/1/15, 166, 73, , 27, 55, 7
2015/1/16, 148, 73, 18, 28, 34, 7
2015/1/17, 126, 64, 23, 22, 37, 8
2015/1/18, 137, 94, 20, 35, 52, 11
2015/1/19, 178, 77, 30, 26, 40, 10
2015/1/20, 165, 140, 21, 47, 50, 18
2015/1/21, 246, 191, 35, 46, 45, 18
2015/1/22, 271, 111, 38, 33, 45, 16
2015/1/23, 198, 161, 21, 45, 62, 18
2015/1/24, 259, 135, 25, 39, 54, 16
2015/1/25, 218, 85, 23, 26, 44, 10
2015/1/26, 126, 66, 19, 28, 50, 8
2015/1/27, 124, 86, 16, 37, 60, 11
2015/1/28, 163, 80, 24, 29, 54, 10
2015/1/29, 151, 82, 21, 27, 47, 9
2015/1/30, 127, 86, 16, 34, 45, 12
2015/1/31, 153, 98, 18, 37, 48, 14
2015/2/1, 174, 114, 21, 45, 46, 17
2015/2/2, 192, 154, 33, 62, 62, 23
2015/2/3, 241, 172, 23, 45, 47, 18
2015/2/4, 266, 76, 24, 29, 39, 8
2015/2/5, 142, 81, 20, 33, 47, 9
2015/2/6, 139, 70, 25, 17, 30, 4
2015/2/7, 75, 60, 23, 21, 42, 6
2015/2/8, 96, 75, 25, 29, 50, 9
2015/2/9, 128, 68, 32, 29, 42, 9
2015/2/10, 133, 87, 28, 33, 36, 11
2015/2/11, 141, 48, 26, 22, 31, 6
2015/2/12, 75, 75, 22, 35, 37, 10
2015/2/13, 137, 94, 30, 32, 40, 13
2015/2/14, 172, 117, 41, 45, 51, 14
2015/2/15, 201, 175, 28, 49, 52, 20
2015/2/16, 263, 72, 18, 29, 46, 8
2015/2/17, 143, 57, 27, 24, 46, 6
2015/2/18, 117, 109, 42, 19, 31, 11
2015/2/19, 203, 50, 43, 15, 35, 5
2015/2/20, 110, 31, 36, 15, 21, 6
2015/2/21, 82, 240, 28, 12, 23, 4
2015/2/22, 175, 48, 26, 20, 40, 5
2015/2/23, 84, 76, 31, 31, 43, 8
2015/2/24, 149, 72, 30, 25, 40, 7
2015/2/25, 153, 69, 28, 24, 35, 6
2015/2/26, 141, 69, 28, 30, 33, 7
2015/2/27, 144, 53, 34, 19, 28, 6
2015/2/28, 105, 57, 29, 25, 31, 8
2015/3/1, 113, 61, 23, 31, 32, 9
2015/3/2, 124, 61, 28, 25, 31, 7
2015/3/3, 119, 57, 36, 22, 16, 6
2015/3/4, 111, 60, 38, 19, 30, 7
2015/3/5, 122, 72, 36, 23, 29, 7
2015/3/6, 138, 98, 26, 32, 31, 10
2015/3/7, 175, 58, 22, 28, 31, 8
2015/3/8, 116, 49, 26, 19, 29, 5
2015/3/9, 57, 61, 33, 30, 39, 8
2015/3/10, 111, 55, 31, 28, 31, 7
2015/3/11, 91, 56, 27, 27, 33, 6
2015/3/12, 81, 58, 27, 34, 31, 8
2015/3/13, 118, 61, 33, 30, 25, 7
2015/3/14, 119, 113, 29, 29, 28, 9
2015/3/15, 140, 110, 32, 27, 32, 10
2015/3/16, 146, 79, 29, 29, 25, 9
2015/3/17, 114, 65, 39, 27, 21, 8
2015/3/18, 115, 79, 36, 38, 22, 8
2015/3/19, 116, 65, 38, 31, 25, 5
2015/3/20, 109, 72, 35, 24, 24, 6
2015/3/21, 104, 105, 32, 16, 22, 4
2015/3/22, 65, 52, 33, 18, 25, 5
2015/3/23, 78, 81, 41, 33, 25, 7
2015/3/24, 144, 83, 42, 34, 21, 7
2015/3/25, 131, 147, 62, 33, 18, 9
2015/3/26, 171, 157, 63, 30, 15, 9
2015/3/27, 159, 128, 64, 31, 20, 10
2015/3/28, 170, 107, 57, 34, 12, 9
2015/3/29, 158, 180, 47, 34, 19, 10
2015/3/30, 180, 74, 47, 22, 14, 7
2015/3/31, 119, 93, 57, 42, 17, 9
2014/10/1, 91, 55, , 23, 2, 7
2014/10/2, 97, 66, , 32, 5, 10
2014/10/3, 109, 74, , 39, 6, 11
2014/10/4, 126, 74, , 35, 9, 9
2014/10/5, 139, 74, , 38, 7, 10
2014/10/6, 132, 96, , 39, 9, 13
2014/10/7, 149, 137, , 42, 11, 16
2014/10/8, 206, 99, , 28, 10, 12
2014/10/9, 166, 71, , 30, 6, 6
2014/10/10, 126, 120, , 35, 7, 10
2014/10/11, 192, 42, , 17, 2, 4
2014/10/12, 77, 72, , 29, 7, 7
2014/10/13, 132, 216, , 53, 9, 15
2014/10/14, 284, 165, , 34, 13, 12
2014/10/15, 203, 81, , 28, 5, 7
2014/10/16, 92, 118, , 44, 9, 14
2014/10/17, 180, 272, , 55, 11, 21
2014/10/18, 294, 115, , 25, 9, 7
2014/10/19, 167, 63, , 20, 6, 4
2014/10/20, 115, 101, , 38, 15, 7
2014/10/21, 181, 326, , 58, 23, 18
2014/10/22, 362, 179, , 47, 16, 14
2014/10/23, 252, 132, , 32, 13, 11
2014/10/24, 199, 284, , 35, 19, 15
2014/10/25, 285, 121, , 33, 15, 7
2014/10/26, 117, 86, , 32, 15, 8
2014/10/27, 150, 194, , 42, 27, 15
2014/10/28, 299, 250, , 59, 30, 23
2014/10/29, 349, 238, , 47, 29, 24
2014/10/30, 397, 225, , 34, 23, 14
2014/10/31, 368, 365, , 36, 35, 17
2014/11/1, 310, 62, , 22, 25, 9
2014/11/2, 129, 76, , 30, 44, 11
2014/11/3, 134, 103, , 35, 25, 12
2014/11/4, 160, 96, , 26, 23, 9
2014/11/5, 150, 48, , 18, 21, 11
2014/11/6, 99, 90, , 21, 30, 22
2014/11/7, 173, 94, , 12, 30, 7
2014/11/8, 168, 117, , 14, 38, 11
2014/11/9, 183, 110, , 32, 34, 12
2014/11/10, 175, 106, , 29, 34, 9
2014/11/11, 165, 65, , 16, 30, 3
2014/11/12, 75, 50, , 19, 36, 4
2014/11/13, 75, 61, , 24, 29, 7
2014/11/14, 105, 111, , 31, 38, 11
2014/11/15, 172, 112, , 34, 43, 12
2014/11/16, 176, 108, , 34, 39, 10
2014/11/17, 180, 129, , 37, 39, 11
2014/11/18, 194, 130, , 38, 31, 12
2014/11/19, 188, 93, , 25, 29, 8
2014/11/20, 159, 78, , 23, 30, 7
2014/11/21, 101, 59, , 28, 38, 6
2014/11/22, 111, 96, , 27, 32, 11
2014/11/23, 159, 67, , 25, 37, 7
2014/11/24, 118, 92, , 29, 37, 10
2014/11/25, 167, 88, , 24, 31, 8
2014/11/26, 139, 60, , 21, 26, 6
2014/11/27, 78, 82, , 31, 45, 9
2014/11/28, 141, 119, , 30, 36, 11
2014/11/29, 184, 113, , 25, 26, 12
2014/11/30, 185, 57, , 14, 17, 4
2014/12/1, 55, 67, , 15, 45, 4
2014/12/2, 77, 89, , 19, 35, 6
2014/12/3, 81, 68, , 21, 47, 7
2014/12/4, 100, 50, , 19, 35, 7
2014/12/5, 95, 51, , 21, 29, 8
2014/12/6, 102, 75, , 23, 36, 10
2014/12/7, 143, 92, , 28, 42, 12
2014/12/8, 152, 84, , 23, 47, 9
2014/12/9, 161, 83, , 24, 46, 12
2014/12/10, 157, 55, , 25, 41, 10
2014/12/11, 116, 77, , 31, 49, 13
2014/12/12, 159, 74, , 28, 52, 13
2014/12/13, 160, 81, , 29, 50, 13
2014/12/14, 165, 96, , 32, 69, 13
2014/12/15, 181, 103, , 28, 42, 10
2014/12/16, 189, 112, , 31, 50, 13
2014/12/17, 200, 70, , 19, 41, 8
2014/12/18, 150, 77, , 29, 56, 9
2014/12/19, 145, 91, , 32, 51, 10
2014/12/20, 177, 96, , 29, 47, 11
2014/12/21, 172, 64, , 27, 52, 8
2014/12/22, 133, 82, , 31, 46, 12
2014/12/23, 158, 100, , 35, 54, 11
2014/12/24, 184, 77, , 31, 51, 10
2014/12/25, 149, 81, , 34, 52, 12
2014/12/26, 159, 74, , 27, 43, 11
2014/12/27, 156, 92, , 35, 56, 13
2014/12/28, 164, , , , , 
2014/7/1, 109, 63, , 28, 2, 6
2014/7/2, 103, 85, , 30, 2, 7
2014/7/3, 142, 113, , 25, 3, 9
2014/7/4, 165, 99, , 26, 3, 7
2014/7/5, 145, 74, , 24, 3, 7
2014/7/6, 116, 58, , 18, 1, 5
2014/7/7, 85, 64, , 21, 2, 5
2014/7/8, 94, 61, , 23, 6, 6
2014/7/9, 89, 51, , 24, 4, 4
2014/7/10, 63, 44, , 22, 1, 4
2014/7/11, 58, 47, , 22, 2, 4
2014/7/12, 68, 50, , 27, 2, 5
2014/7/13, 69, 49, , 24, 2, 4
2014/7/14, 75, 71, , 23, 5, 7
2014/7/15, 118, 60, , 23, 1, 6
2014/7/16, 110, 57, , 26, 1, 6
2014/7/17, 85, 106, , 34, 5, 9
2014/7/18, 130, 101, , 20, 1, 7
2014/7/19, 138, 111, , 17, 1, 8
2014/7/20, 161, 55, , 22, 2, 5
2014/7/21, 115, 51, , 24, 5, 6
2014/7/22, 79, 52, , 22, 3, 5
2014/7/23, 76, 70, , 29, 3, 7
2014/7/24, 119, 124, , 31, 5, 11
2014/7/25, 191, 105, , 25, 3, 10
2014/7/26, 187, 91, , 24, 3, 9
2014/7/27, 160, 93, , 18, 8, 10
2014/7/28, 162, 78, , 19, 3, 5
2014/7/29, 145, 63, , 24, 3, 4
2014/7/30, 117, 65, , 27, 4, 5
2014/7/31, 114, 66, , 29, 4, 4
2014/8/1, 113, 61, , 26, 3, 4
2014/8/2, 116, 53, , 20, 2, 3
2014/8/3, 102, 38, , 22, 3, 2
2014/8/4, 64, 40, , 27, 6, 6
2014/8/5, 56, 57, , 27, 2, 6
2014/8/6, 75, 61, , 29, 2, 7
2014/8/7, 111, 57, , 22, 3, 5
2014/8/8, 103, 66, , 23, 4, 5
2014/8/9, 92, 71, , 32, 3, 7
2014/8/10, 92, 72, , 35, 4, 6
2014/8/11, 113, 55, , 25, 5, 8
2014/8/12, 87, 55, , 32, 4, 5
2014/8/13, 72, 53, , 28, 2, 5
2014/8/14, 67, 54, , 28, 2, 6
2014/8/15, 84, 54, , 31, 2, 6
2014/8/16, 95, 67, , 29, 3, 6
2014/8/17, 108, 75, , 33, 5, 13
2014/8/18, 137, 60, , 31, 2, 7
2014/8/19, 110, 61, , 30, 2, 5
2014/8/20, 86, 99, , 39, 4, 12
2014/8/21, 153, 80, , 34, 3, 7
2014/8/22, 121, 87, , 33, 4, 7
2014/8/23, 123, 61, , 25, 2, 6
2014/8/24, 114, 64, , 31, 2, 7
2014/8/25, 86, 39, , 27, 7, 6
2014/8/26, 61, 50, , 32, 4, 5
2014/8/27, 70, 69, , 37, 4, 8
2014/8/28, 102, 81, , 43, 4, 10
2014/8/29, 132, 66, , 38, 4, 7
2014/8/30, 102, 87, , 41, 4, 9
2014/8/31, 128, 92, , 39, 3, 10
2014/9/1, 135, 60, , 26, 6, 7
2014/9/2, 98, 25, , 14, 1, 3
2014/9/3, 55, 35, , 20, 1, 4
2014/9/4, 54, 49, , 24, 2, 6
2014/9/5, 66, 62, , 36, 4, 8
2014/9/6, 84, 69, , 29, 4, 7
2014/9/7, 102, 59, , 17, 2, 5
2014/9/8, 85, 43, , 26, 6, 6
2014/9/9, 58, 49, , 25, 3, 5
2014/9/10, 68, 49, , 24, 4, 4
2014/9/11, 89, 53, , 26, 4, 5
2014/9/12, 72, 50, , 24, 3, 5
2014/9/13, 65, 76, , 26, 4, 6
2014/9/14, 68, 51, , 23, 4, 4
2014/9/15, 61, 52, , 22, 4, 5
2014/9/16, 68, 64, , 34, 5, 10
2014/9/17, 90, 73, , 37, 5, 7
2014/9/18, 110, 47, , 24, 4, 5
2014/9/19, 72, 59, , 31, 5, 6
2014/9/20, 81, 60, , 34, 3, 7
2014/9/21, 114, 40, , 31, 3, 8
2014/9/22, 57, 76, , 34, 4, 8
2014/9/23, 118, 29, , 21, 4, 4
2014/9/24, 58, 79, , 41, 8, 9
2014/9/25, 109, 54, , 25, 3, 5
2014/9/26, 82, 48, , 25, 3, 6
2014/9/27, 78, 55, , 29, 3, 7
2014/9/28, 86, 31, , 13, 4, 6
2014/9/29, 56, 55, , 25, 3, 8
2014/9/30, 74, 48, , 23, 1, 7
2014/4/1, 166, 76, , 22, 9, 6
2014/4/2, 110, 48, , 20, 16, 7
2014/4/3, 77, 65, , 26, 13, 5
2014/4/4, 96, 52, , 20, 17, 4
2014/4/5, 76, 86, , 29, 20, 6
2014/4/6, 109, 100, , 32, 24, 10
2014/4/7, 135, 148, , 36, 21, 10
2014/4/8, 153, 134, , 35, 20, 10
2014/4/9, 169, 79, , 31, 14, 7
2014/4/10, 96, 96, , 30, 14, 9
2014/4/11, 130, 94, , 38, 16, 11
2014/4/12, 134, 90, , 36, 20, 8
2014/4/13, 133, 170, , 41, 20, 12
2014/4/14, 162, 67, , 20, 4, 5
2014/4/15, 72, 79, , 27, 5, 6
2014/4/16, 98, 54, , 19, 6, 2
2014/4/17, 79, 58, , 23, 7, 2
2014/4/18, 87, 75, , 31, 10, 3
2014/4/19, 122, 72, , 25, 9, 3
2014/4/20, 108, 73, , 29, 10, 5
2014/4/21, 91, 87, , 36, 16, 4
2014/4/22, 117, 112, , 29, 11, 7
2014/4/23, 123, 101, , 22, 10, 6
2014/4/24, 138, 87, , 26, 7, 5
2014/4/25, 118, 94, , 21, 14, 5
2014/4/26, 114, 64, , 22, 5, 4
2014/4/27, 127, 81, , 29, 13, 7
2014/4/28, 110, 97, , 40, 12, 8
2014/4/29, 119, 133, , 49, 12, 10
2014/4/30, 145, 117, , 32, 16, 9
2014/5/1, 155, 68, , 17, 4, 4
2014/5/2, 105, 41, , 13, 4, 4
2014/5/3, 78, 44, , 19, 7, 6
2014/5/4, 66, 41, , 20, 6, 4
2014/5/5, 61, 64, , 31, 9, 6
2014/5/6, 85, 75, , 33, 8, 6
2014/5/7, 107, 42, , 22, 4, 4
2014/5/8, 63, 87, , 39, 7, 7
2014/5/9, 91, 85, , 38, 6, 7
2014/5/10, 104, 91, , 42, 8, 9
2014/5/11, 135, 25, , 18, 10, 6
2014/5/12, 63, 37, , 27, 29, 7
2014/5/13, 58, 52, , 33, 12, 9
2014/5/14, 76, 32, , 20, 5, 5
2014/5/15, 55, 38, , 24, 4, 6
2014/5/16, 66, 55, , 30, 4, 7
2014/5/17, 86, 51, , 26, 4, 6
2014/5/18, 78, 56, , 26, 5, 7
2014/5/19, 102, 47, , 29, 5, 7
2014/5/20, 90, 50, , 31, 9, 8
2014/5/21, 79, 75, , 31, 6, 6
2014/5/22, 89, 85, , 31, 7, 7
2014/5/23, 116, 107, , 39, 11, 8
2014/5/24, 140, 53, , 17, 3, 5
2014/5/25, 83, 54, , 20, 7, 7
2014/5/26, 74, 53, , 26, 7, 5
2014/5/27, 72, 61, , 28, 10, 5
2014/5/28, 66, 77, , 33, 6, 5
2014/5/29, 83, 63, , 32, 6, 5
2014/5/30, 72, 102, , 39, 8, 7
2014/5/31, 128, 115, , 42, 17, 10
2014/6/1, 165, 87, , 36, 14, 6
2014/6/2, 143, 61, , 32, 9, 5
2014/6/3, 85, 62, , 28, 4, 5
2014/6/4, 87, 74, , 36, 7, 7
2014/6/5, 119, 67, , 37, 12, 8
2014/6/6, 100, 51, , 24, 2, 4
2014/6/7, 81, 35, , 14, 1, 4
2014/6/8, 65, 44, , 24, 4, 5
2014/6/9, 75, 82, , 40, 4, 8
2014/6/10, 143, 61, , 29, 6, 6
2014/6/11, 109, 49, , 19, 2, 4
2014/6/12, 84, 39, , 21, 7, 5
2014/6/13, 78, 56, , 29, 3, 4
2014/6/14, 80, 62, , 30, 4, 5
2014/6/15, 79, 82, , 33, 9, 11
2014/6/16, 115, 83, , 37, 5, 7
2014/6/17, 133, 68, , 31, 2, 7
2014/6/18, 126, 54, , 22, 1, 5
2014/6/19, 94, 53, , 26, 5, 5
2014/6/20, 78, 76, , 31, 5, 6
2014/6/21, 108, 54, , 29, 5, 4
2014/6/22, 86, 88, , 45, 9, 8
2014/6/23, 104, 62, , 31, 6, 6
2014/6/24, 95, 74, , 28, 5, 7
2014/6/25, 108, 74, , 22, 4, 5
2014/6/26, 121, 50, , 24, 1, 5
2014/6/27, 83, 64, , 24, 1, 5
2014/6/28, 97, 67, , 28, 2, 5
2014/6/29, 101, 67, , 30, 7, 5
2014/6/30, 98, 68, , 30, 3, 7
2014/1/1, 98, 85, , 27, 44, 11
2014/1/2, 127, 96, , 29, 43, 9
2014/1/3, 168, 93, , 31, 44, 11
2014/1/4, 150, 171, , 49, 46, 21
2014/1/5, 249, 108, , 33, 47, 12
2014/1/6, 195, 83, , 26, 46, 10
2014/1/7, 143, 67, , 22, 39, 7
2014/1/8, 112, 73, , 24, 47, 9
2014/1/9, 129, 78, , 27, 55, 8
2014/1/10, 144, 85, , 27, 51, 8
2014/1/11, 147, 83, , 25, 43, 7
2014/1/12, 154, 95, , 30, 38, 10
2014/1/13, 161, 100, , 35, 53, 12
2014/1/14, 172, 113, , 36, 52, 16
2014/1/15, 181, 101, , 30, 41, 9
2014/1/16, 177, 106, , 36, 58, 11
2014/1/17, 178, 131, , 32, 49, 12
2014/1/18, 198, 80, , 29, 60, 9
2014/1/19, 156, 92, , 34, 53, 11
2014/1/20, 178, 106, , 36, 50, 13
2014/1/21, 186, 94, , 38, 57, 13
2014/1/22, 174, 83, , 25, 48, 9
2014/1/23, 163, 104, , 29, 43, 13
2014/1/24, 182, 103, , 31, 34, 12
2014/1/25, 175, 70, , 22, 53, 8
2014/1/26, 135, 84, , 18, 48, 8
2014/1/27, 107, 66, , 19, 44, 7
2014/1/28, 110, 80, , 16, 42, 9
2014/1/29, 120, 78, , 18, 43, 9
2014/1/30, 142, 156, , 25, 50, 12
2014/1/31, 229, 103, , 21, 56, 12
2014/2/1, 187, 191, , 17, 41, 7
2014/2/2, 114, 54, , 15, 33, 6
2014/2/3, 78, 54, , 18, 40, 7
2014/2/4, 88, 73, , 23, 36, 9
2014/2/5, 136, 81, , 25, 37, 10
2014/2/6, 138, 73, , 27, 46, 10
2014/2/7, 150, 71, , 22, 45, 10
2014/2/8, 141, 68, , 24, 45, 5
2014/2/9, 129, 73, , 21, 32, 7
2014/2/10, 141, 70, , 28, 45, 8
2014/2/11, 139, 101, , 37, 49, 12
2014/2/12, 175, 78, , 31, 56, 7
2014/2/13, 153, 114, , 30, 44, 10
2014/2/14, 177, 100, , 34, 57, 10
2014/2/15, 183, 96, , 34, 46, 8
2014/2/16, 172, 102, , 39, 45, 10
2014/2/17, 181, 70, , 30, 41, 7
2014/2/18, 135, 82, , 36, 46, 8
2014/2/19, 152, 74, , 31, 52, 11
2014/2/20, 154, 72, , 29, 40, 7
2014/2/21, 145, 99, , 42, 53, 9
2014/2/22, 170, 81, , 38, 50, 8
2014/2/23, 150, 150, , 45, 48, 15
2014/2/24, 225, 175, , 41, 48, 17
2014/2/25, 264, 129, , 29, 43, 11
2014/2/26, 198, 62, , 22, 31, 7
2014/2/27, 87, 58, , 25, 37, 6
2014/2/28, 95, 65, , 24, 33, 6
2014/3/1, 107, 66, , 26, 37, 6
2014/3/2, 122, 61, , 26, 32, 6
2014/3/3, 115, 71, , 25, 25, 6
2014/3/4, 112, 68, , 20, 23, 8
2014/3/5, 107, 70, , 26, 27, 5
2014/3/6, 95, 75, , 28, 27, 6
2014/3/7, 101, 103, , 29, 32, 7
2014/3/8, 120, 88, , 28, 27, 7
2014/3/9, 127, 89, , 29, 32, 8
2014/3/10, 140, 99, , 27, 40, 8
2014/3/11, 160, 108, , 31, 26, 9
2014/3/12, 176, 81, , 34, 35, 8
2014/3/13, 152, 97, , 35, 30, 8
2014/3/14, 152, 113, , 33, 35, 9
2014/3/15, 161, 88, , 30, 38, 8
2014/3/16, 154, 87, , 30, 43, 7
2014/3/17, 149, 66, , 23, 28, 7
2014/3/18, 115, 91, , 30, 31, 9
2014/3/19, 134, 59, , 22, 28, 6
2014/3/20, 108, 73, , 29, 29, 11
2014/3/21, 117, 90, , 35, 25, 7
2014/3/22, 128, 111, , 43, 32, 9
2014/3/23, 160, 194, , 37, 33, 10
2014/3/24, 179, 153, , 43, 49, 12
2014/3/25, 192, 187, , 46, 37, 18
2014/3/26, 241, 151, , 47, 31, 13
2014/3/27, 188, 104, , 34, 16, 11
2014/3/28, 162, 58, , 24, 9, 8
2014/3/29, 117, 112, , 31, 18, 10
2014/3/30, 143, 92, , 28, 16, 8
2014/3/31, 102, 123, , 41, 24, 10
2025/12/31, , 40, 2, 9, 6, 3
2026/2/4, , 108, , 8, 3, 3
2024/12/31, , 34, , 10, 8, 2
2023/11/12, , 39, , 22, 6, 2
2022/4/23, , 57, , 5, 1, 9
2021/12/4, , 71, 16, 13, 7, 5
2021/8/19, , 46, 27, 11, 2, 4
2020/3/31, , 76, 44, 23, 5, 7
2019/12/31, , 71, 16, 25, 13, 10
2019/1/1, , 69, 12, 31, 13, 13
2019/2/14, , 93, 34, 28, 19, 9
2017/9/10, , 33, 42, 20, 4, 8
2017/1/1, , 70, 14, 30, 34, 15
2016/1/3, , 68, 14, 20, 43, 8
2014/12/31, , 74, , 26, 34, 9
2013/12/31, , 59, , 19, 28, 7