date, pm25, pm10, o3, no2, so2, co
2026/5/1, 72, 31, 36, 6, 3, 2
2026/5/2, 47, 32, 42, 7, 3, 2
2026/5/3, 60, 32, 39, 6, 3, 3
2026/5/4, 48, 92, 58, 4, 4, 4
2026/5/5, 87, 24, 36, 5, 3, 2
2026/5/6, 54, 23, 39, 6, 3, 2
2026/5/7, 63, , , , , 
2026/4/1, 110, 86, 52, 18, 5, 5
2026/4/2, 160, 206, 26, 17, 5, 10
2026/4/3, 265, 33, 38, 6, 3, 3
2026/4/4, 87, 36, 34, 4, 3, 4
2026/4/5, 82, 24, 26, 4, 3, 4
2026/4/6, 69, 21, 33, 4, 3, 3
2026/4/7, 61, 124, 48, 5, 4, 5
2026/4/8, 95, 52, 34, 13, 3, 5
2026/4/9, 113, 62, 32, 9, 3, 6
2026/4/10, 123, 25, 32, 4, , 1
2026/4/11, 33, 61, 49, 6, 3, 3
2026/4/12, 73, 29, 34, 7, 3, 3
2026/4/13, 62, 44, 42, 8, 3, 3
2026/4/14, 94, 49, 48, 10, 3, 3
2026/4/15, 112, 55, 49, 10, 3, 5
2026/4/16, 125, 36, 48, 6, 3, 3
2026/4/17, 81, 36, 42, 8, 3, 4
2026/4/18, 91, 78, 66, 6, 4, 4
2026/4/19, 102, 172, 34, 3, , 3
2026/4/20, 80, 56, 37, 4, 3, 2
2026/4/21, 53, 21, 34, 5, 3, 1
2026/4/22, 47, 37, 43, 11, 3, 3
2026/4/23, 70, 70, 71, 10, 5, 5
2026/4/24, 144, 57, 44, 12, 3, 4
2026/4/25, 105, 22, 39, 6, 3, 6
2026/4/26, 49, 30, 35, 12, 3, 5
2026/4/27, 54, 26, 39, 8, 3, 3
2026/4/28, 54, 29, 41, 7, 3, 2
2026/4/29, 54, 31, 50, 6, 3, 2
2026/4/30, 55, 40, 42, 7, 3, 2
2026/1/1, 90, 54, , 15, 4, 8
2026/1/2, 118, 69, , 18, 4, 10
2026/1/3, 149, 67, , 21, 3, 10
2026/1/4, 139, 38, , 12, 4, 6
2026/1/5, 79, 43, , 12, 4, 5
2026/1/6, 85, 29, , 7, 4, 3
2026/1/7, 58, 39, , 12, 4, 5
2026/1/8, 92, 56, , 14, 5, 5
2026/1/9, 112, 49, , 12, 4, 5
2026/1/10, 117, 41, , 10, 5, 5
2026/1/11, 90, 39, , 10, 5, 5
2026/1/12, 82, 29, , 8, 4, 4
2026/1/13, 68, 44, , 13, 6, 5
2026/1/14, 107, 44, , 12, 5, 4
2026/1/15, 103, 52, , 19, 7, 6
2026/1/16, 135, 38, , 13, 5, 4
2026/1/17, 87, 43, , 11, 5, 4
2026/1/18, 96, 36, , 10, 5, 5
2026/1/19, 68, 48, , 16, 4, 4
2026/1/20, 87, 41, , 16, 3, 6
2026/1/21, 92, 38, , 12, 3, 4
2026/1/22, 78, 37, , 16, 2, 3
2026/1/23, 77, 48, , 15, 3, 2
2026/1/24, 96, 49, , 15, 2, 3
2026/1/25, 114, 63, , 18, 3, 2
2026/1/26, 140, 61, , 23, 3, 5
2026/1/27, 127, 60, , 16, 3, 9
2026/1/28, 124, 51, , 14, 2, 9
2026/1/29, 110, 65, , 20, 4, 11
2026/1/30, 141, 63, , 16, 2, 11
2026/1/31, 133, 57, , 14, 3, 8
2026/2/1, 124, 69, , 24, 2, 10
2026/2/2, 156, , , , , 
2026/2/5, 80, 35, , 5, 2, 4
2026/2/6, 57, 47, , 12, 2, 4
2026/2/7, 92, 45, , 12, 2, 3
2026/2/8, 91, 54, , 9, 3, 3
2026/2/9, 113, 69, , 14, 5, 6
2026/2/10, 147, 56, , 17, 7, 5
2026/2/11, 112, 81, , 19, 7, 17
2026/2/12, 165, 98, , 16, 8, 12
2026/2/13, 177, 88, , 5, 6, 5
2026/2/14, 114, 36, , 4, 5, 5
2026/2/15, 50, 41, , 3, 7, 4
2026/2/16, 82, 71, , 4, 9, 3
2026/2/17, 151, 33, , 3, 6, 4
2026/2/18, 88, 46, , 4, 5, 5
2026/2/19, 93, 59, , 5, 4, 6
2026/2/20, 126, 67, , 6, 6, 6
2026/2/21, 145, 228, , 2, 2, 5
2026/2/22, 70, 71, , 2, 2, 3
2026/2/23, 45, 40, , 8, 3, 4
2026/2/24, 77, 90, , 8, 3, 4
2026/2/25, 132, 44, , 5, 3, 3
2026/2/26, 63, 44, , 6, 3, 4
2026/2/27, 89, 43, , 5, 3, 5
2026/2/28, 96, 61, 35, 9, 4, 6
2026/3/1, 132, 75, 35, 11, 4, 6
2026/3/2, 149, 83, 22, 12, 4, 8
2026/3/3, 157, 40, 31, 6, 3, 5
2026/3/4, 97, 53, 33, 12, 4, 4
2026/3/5, 115, 33, 30, 8, 3, 4
2026/3/6, 72, 44, 36, 12, 4, 6
2026/3/7, 88, 64, 37, 14, 4, 6
2026/3/8, 137, 53, 37, 11, 4, 6
2026/3/9, 108, 69, 40, 12, 4, 7
2026/3/10, 125, 60, 38, 10, 3, 4
2026/3/11, 115, 63, 37, 17, 5, 6
2026/3/12, 139, 73, 50, 8, 4, 2
2026/3/13, 134, 43, 37, 6, 3, 1
2026/3/14, 77, 107, 57, 16, 5, 5
2026/3/15, 196, 77, 55, 14, 5, 3
2026/3/16, 156, 129, 65, 17, 6, 8
2026/3/17, 232, 56, 34, 6, 3, 1
2026/3/18, 67, 57, 36, 6, 4, 3
2026/3/19, 86, 112, 54, 9, 5, 7
2026/3/20, 192, 150, 58, 14, 6, 9
2026/3/21, 234, 107, 46, 15, 5, 9
2026/3/22, 189, 82, 42, 16, 4, 8
2026/3/23, 161, 74, 58, 11, 4, 7
2026/3/24, 162, 94, 62, 13, 5, 8
2026/3/25, 177, 111, 43, 18, 4, 9
2026/3/26, 193, 60, 42, 10, 3, 6
2026/3/27, 121, 81, 46, 14, 4, 7
2026/3/28, 161, 81, 32, 11, 4, 7
2026/3/29, 143, 45, 42, 10, 4, 6
2026/3/30, 87, 89, 63, 22, 4, 8
2026/3/31, 171, 69, 45, 9, 4, 2
2025/10/1, 94, 62, , 9, 3, 8
2025/10/2, 124, 55, , 10, 3, 6
2025/10/3, 89, 46, , 5, 3, 5
2025/10/4, 66, 31, , 7, 3, 3
2025/10/5, 35, 34, , 7, 4, 3
2025/10/6, 51, 49, , 5, 3, 3
2025/10/7, 61, 33, , 6, 4, 2
2025/10/8, 35, 55, , 12, 4, 3
2025/10/9, 67, 60, , 13, 4, 3
2025/10/10, 85, 57, , 15, 3, 4
2025/10/11, 84, 48, , 9, 4, 1
2025/10/12, 53, 118, , 19, 5, 5
2025/10/13, 166, 172, , 16, 5, 5
2025/10/14, 174, 53, , 12, 4, 5
2025/10/15, 105, 50, , 9, 4, 6
2025/10/16, 108, 55, , 12, 4, 8
2025/10/17, 134, 34, , 7, 4, 8
2025/10/18, 79, 24, , 10, 4, 3
2025/10/19, 52, 24, , 11, 5, 3
2025/10/20, 48, 38, , 18, 5, 3
2025/10/21, 82, 46, , 17, 4, 6
2025/10/22, 100, 47, , 18, 5, 5
2025/10/23, 87, 56, , 22, 4, 7
2025/10/24, 109, 71, , 19, 5, 7
2025/10/25, 140, 34, , 7, 4, 2
2025/10/26, 46, 31, , 6, 4, 3
2025/10/27, 50, 51, , 14, 4, 5
2025/10/28, 110, 116, , 17, 6, 10
2025/10/29, 248, 35, , 11, 5, 4
2025/10/30, 55, 46, , 19, 4, 6
2025/10/31, 89, 57, , 15, 4, 6
2025/11/1, 128, 31, , 6, 4, 5
2025/11/2, 54, 29, , 8, 4, 4
2025/11/3, 70, 58, , 14, 4, 5
2025/11/4, 127, 99, , 19, 4, 9
2025/11/5, 191, 72, , 15, 5, 5
2025/11/6, 167, 158, , 12, 5, 8
2025/11/7, 261, 111, , 17, 6, 9
2025/11/8, 205, 42, , 7, 4, 4
2025/11/9, 63, 31, , 11, 5, 7
2025/11/10, 87, 103, , 24, 6, 10
2025/11/11, 184, 79, , 12, 5, 7
2025/11/12, 138, 31, , 9, 4, 5
2025/11/13, 65, 76, 23, 18, 5, 5
2025/11/14, 150, 94, 31, 18, 7, 5
2025/11/15, 174, 54, 20, 7, 4, 2
2025/11/16, 53, 101, 38, 8, 4, 4
2025/11/17, 148, 41, 23, 9, 5, 2
2025/11/18, 81, 45, 24, 8, 5, 1
2025/11/19, 94, 37, 24, 7, 4, 1
2025/11/20, 57, 55, 28, 10, 5, 3
2025/11/21, 97, 77, 35, 11, 6, 5
2025/11/22, 146, 88, 29, 19, 6, 9
2025/11/23, 165, 140, 39, 19, 7, 9
2025/11/24, 242, 100, 20, 18, 5, 8
2025/11/25, 182, 108, 22, 17, 6, 7
2025/11/26, 191, 37, 24, 9, 5, 3
2025/11/27, 69, 45, 23, 11, 6, 6
2025/11/28, 96, 46, 26, 5, 5, 2
2025/11/29, 60, 40, 17, 10, 5, 5
2025/11/30, 88, 54, 22, 11, 4, 7
2025/12/1, 101, 29, 23, 3, 4, 6
2025/12/2, 45, 19, 18, 5, 3, 5
2025/12/3, 48, 36, 18, 10, 4, 5
2025/12/4, 78, 38, 20, 10, 4, 3
2025/12/5, 67, 48, 20, 9, 4, 4
2025/12/6, 99, 57, 20, 15, 4, 8
2025/12/7, 120, 32, 23, 6, 3, 5
2025/12/8, 59, 56, 19, 16, 4, 6
2025/12/9, 121, 67, 12, 17, 3, 8
2025/12/10, 132, 31, 19, 7, 3, 4
2025/12/11, 56, 53, 18, 12, 4, 6
2025/12/12, 101, 68, 9, 19, 5, 9
2025/12/13, 133, 82, 17, 16, 4, 11
2025/12/14, 142, 63, 15, 16, 5, 8
2025/12/15, 127, 56, 14, 12, 5, 5
2025/12/16, 111, 60, 17, 17, 4, 2
2025/12/17, 127, 62, 25, 13, 5, 2
2025/12/18, 126, 57, 26, 7, 4, 1
2025/12/19, 96, 33, 19, 5, 4, 1
2025/12/20, 42, 36, 20, 8, 4, 2
2025/12/21, 67, 41, 20, 9, 4, 3
2025/12/22, 81, 46, 21, 10, 3, 3
2025/12/23, 105, 48, 15, 19, 4, 4
2025/12/24, 109, 26, 15, 8, 5, 2
2025/12/25, 61, 43, 14, 15, 4, 6
2025/12/26, 100, 44, 10, 14, 5, 6
2025/12/27, 110, 68, 19, 13, 5, 6
2025/12/28, 151, , , , , 
2025/7/1, 39, , , , , 
2025/7/4, 68, 15, , 9, 2, 5
2025/7/5, 61, 20, , 8, 2, 4
2025/7/6, 32, 35, , 15, 3, 4
2025/7/7, 47, 41, , 13, 6, 4
2025/7/8, 73, 43, , 13, 3, 5
2025/7/9, 87, 43, , 9, 3, 4
2025/7/10, 69, 39, , 7, 3, 4
2025/7/11, 63, 46, , 6, 3, 6
2025/7/12, 75, 21, , 7, 3, 3
2025/7/13, 36, 26, , 10, 3, 1
2025/7/14, 39, 28, , 10, 5, 1
2025/7/15, 50, 15, , 7, 2, 4
2025/7/16, 47, 28, , 8, 2, 4
2025/7/17, 54, 28, , 12, 2, 4
2025/7/18, 53, 28, , 9, 2, 4
2025/7/19, 51, 17, , 6, 2, 5
2025/7/20, 40, 20, , 6, 2, 7
2025/7/21, 43, 31, , 6, 2, 5
2025/7/22, 60, 24, , 6, 2, 5
2025/7/23, 40, 21, , 5, 2, 2
2025/7/24, 31, 25, , 7, 2, 2
2025/7/25, 53, 33, , 7, 2, 3
2025/7/26, 74, 15, , 6, 2, 3
2025/7/27, 33, 28, , 8, 2, 4
2025/7/28, 58, 19, , 6, 2, 4
2025/7/29, 47, 16, , 6, 2, 4
2025/7/30, 34, 22, , 7, 3, 4
2025/7/31, 33, 31, , 9, 3, 5
2025/8/1, 54, 34, , 8, 3, 5
2025/8/2, 58, 21, , 6, 3, 5
2025/8/3, 45, 24, , 9, 3, 5
2025/8/4, 33, 25, , 11, 3, 5
2025/8/5, 42, 21, , 9, 3, 2
2025/8/6, 49, 22, , 9, 3, 2
2025/8/7, 32, 28, , 9, 3, 3
2025/8/8, 47, 23, , 7, 3, 3
2025/8/9, 49, 23, , 9, 3, 2
2025/8/10, 40, 27, , 10, 4, 2
2025/8/11, 40, 38, , 8, 3, 4
2025/8/12, 72, 31, , 6, 3, 2
2025/8/13, 53, 27, , 6, 3, 2
2025/8/14, 52, 42, , 6, 3, 3
2025/8/15, 67, 30, , 6, 3, 3
2025/8/16, 56, 22, , 7, 4, 1
2025/8/17, 29, 31, , 10, 4, 3
2025/8/18, 53, 34, , 5, 4, 3
2025/8/19, 65, 31, , 7, 3, 4
2025/8/20, 50, 24, , 10, 3, 4
2025/8/21, 40, 16, , 4, 3, 4
2025/8/22, 37, 31, , 5, 3, 5
2025/8/23, 59, 22, , 5, 3, 3
2025/8/24, 37, 26, , 10, 4, 3
2025/8/25, 38, 25, , 8, 3, 2
2025/8/26, 51, 25, , 9, 4, 2
2025/8/27, 56, 20, , 7, 3, 1
2025/8/28, 50, 20, , 6, 3, 1
2025/8/29, 45, 40, , 7, 3, 3
2025/8/30, 77, 39, , 7, 3, 5
2025/8/31, 70, 32, , 8, 3, 3
2025/9/1, 51, 40, , 9, 3, 3
2025/9/2, 79, 40, , 6, 4, 4
2025/9/3, 65, 41, , 10, 4, 4
2025/9/4, 71, 40, , 10, 3, 3
2025/9/5, 60, 22, , 5, 3, 1
2025/9/6, 47, 28, , 6, 4, 1
2025/9/7, 49, 28, , 9, 4, 1
2025/9/8, 31, 33, , 12, 4, 2
2025/9/9, 46, 34, , 12, 4, 2
2025/9/10, 61, 40, , 10, 4, 2
2025/9/11, 66, 45, , 7, 4, 3
2025/9/12, 69, 48, , 11, 4, 4
2025/9/13, 79, 44, , 4, 4, 4
2025/9/14, 56, 17, , 5, 4, 2
2025/9/15, 35, 34, , 6, 3, 2
2025/9/16, 52, 30, , 10, 3, 1
2025/9/17, 41, 38, , 14, 3, 2
2025/9/18, 65, 31, , 12, 3, 2
2025/9/19, 57, 48, , 18, 3, 2
2025/9/20, 71, 43, , 16, 3, 2
2025/9/21, 76, 36, , 11, 3, 2
2025/9/22, 45, 34, , 8, 3, 4
2025/9/23, 50, 21, , 5, 3, 3
2025/9/24, 51, 25, , 7, 3, 3
2025/9/25, 50, 31, , 14, 3, 4
2025/9/26, 57, 38, , 14, 3, 4
2025/9/27, 60, 33, , 9, 3, 4
2025/9/28, 61, 44, , 11, 3, 7
2025/9/29, 95, 50, , 8, 3, 6
2025/9/30, 80, 46, , 7, 3, 6
2025/4/1, 147, 40, , 13, 3, 4
2025/4/2, 104, 69, , 15, 3, 4
2025/4/3, 154, 62, , 8, 4, 3
2025/4/4, 135, 34, , 4, 3, 1
2025/4/5, 73, 48, , 10, 3, 3
2025/4/6, 123, 43, , 7, 3, 4
2025/4/7, 98, 51, , 7, 3, 4
2025/4/8, 133, 67, , 10, 4, 6
2025/4/9, 157, 68, , 8, 4, 6
2025/4/10, 132, 71, , 9, 4, 6
2025/4/11, 144, 33, , 5, 3, 2
2025/4/12, 75, 24, , 8, 2, 2
2025/4/13, 47, 26, , 8, 3, 1
2025/4/14, 61, 24, , 7, , 2
2025/4/15, 58, 24, , 8, 3, 2
2025/4/16, 50, 48, , 10, 4, 5
2025/4/17, 114, 22, , 3, 2, 3
2025/4/18, 67, 27, , 5, 3, 4
2025/4/19, 62, 48, , 12, 3, 7
2025/4/20, 105, 47, , 9, 4, 6
2025/4/21, 97, 26, , 4, 2, 2
2025/4/22, 51, 34, , 3, 3, 2
2025/4/23, 46, 65, , 3, 2, 2
2025/4/24, 95, 24, , 4, 2, 1
2025/4/25, 42, 47, , 14, 3, 2
2025/4/26, 86, 33, , 5, 3, 1
2025/4/27, 65, 43, , 5, 3, 1
2025/4/28, 92, 62, , 7, 4, 3
2025/4/29, 104, 43, , 8, 3, 3
2025/4/30, 77, 22, , 4, 3, 2
2025/5/1, 59, 25, , 6, 3, 3
2025/5/2, 64, 21, , 7, 3, 2
2025/5/3, 54, 22, , 7, , 2
2025/5/4, 51, 35, , 6, 3, 2
2025/5/5, 73, 26, , 7, 3, 2
2025/5/6, 65, 39, , 8, 3, 3
2025/5/7, 91, 42, , 7, 3, 3
2025/5/8, 75, 34, , 4, 3, 3
2025/5/9, 80, 30, , 7, 3, 4
2025/5/10, 69, 44, , 10, 3, 4
2025/5/11, 86, 55, , 6, 4, 4
2025/5/12, 105, 54, , 4, 3, 3
2025/5/13, 91, 42, , 6, 2, 5
2025/5/14, 108, 42, , 5, 3, 6
2025/5/15, 99, 24, , 4, 2, 4
2025/5/16, 42, 22, , 3, 2, 3
2025/5/17, 52, 33, , 4, 2, 2
2025/5/18, 68, 28, , 6, 3, 3
2025/5/19, 55, 31, , 12, 2, 2
2025/5/20, 66, 41, , 13, 3, 3
2025/5/21, 88, 44, , 13, 3, 3
2025/5/22, 93, 46, , 12, 3, 6
2025/5/23, 86, 27, , 8, 3, 2
2025/5/24, 51, 31, , 9, 3, 3
2025/5/25, 50, 33, , 9, 3, 3
2025/5/26, 59, 54, , 11, 3, 5
2025/5/27, 94, 45, , 9, 3, 4
2025/5/28, 74, 41, , 9, 3, 5
2025/5/29, 86, 53, , 9, 3, 5
2025/5/30, 89, 53, , 6, 3, 5
2025/5/31, 102, 26, , 7, 3, 2
2025/6/1, 43, 37, , 11, 3, 4
2025/6/2, 85, 23, , 5, 3, 3
2025/6/3, 35, 17, , 10, 3, 2
2025/6/4, 44, 32, , 8, 3, 2
2025/6/5, 43, 29, , 10, 3, 1
2025/6/6, 44, 24, , 10, 3, 2
2025/6/7, 47, 35, , 13, 3, 3
2025/6/8, 52, 23, , 10, 3, 3
2025/6/9, 44, 13, , 7, 3, 2
2025/6/10, 34, 19, , 5, 15, 3
2025/6/11, 47, 27, , 8, 3, 4
2025/6/12, 38, 33, , 9, 4, 5
2025/6/13, 39, 30, , 9, 3, 4
2025/6/14, 68, 21, , 9, 3, 5
2025/6/15, 68, 17, , 6, 3, 5
2025/6/16, 43, 30, , 13, 2, 4
2025/6/17, 64, 38, , 13, , 3
2025/6/18, 65, 26, , 7, , 3
2025/6/19, 54, 16, , 5, , 2
2025/6/20, 27, 17, , 9, , 1
2025/6/21, 28, 27, , 9, , 4
2025/6/22, 47, 43, , 16, , 4
2025/6/23, 56, 55, , 21, 8, 4
2025/6/24, 94, 57, , 20, 3, 4
2025/6/25, 93, 40, , 15, 3, 2
2025/6/26, 63, 52, , 12, 3, 4
2025/6/27, 82, 42, , 12, 2, 4
2025/6/28, 94, 39, , 6, 2, 5
2025/6/29, 70, 24, , 9, 2, 5
2025/6/30, 45, 17, , 6, 2, 4
2025/1/1, 70, 31, , 11, 7, 2
2025/1/2, 69, 30, , 13, 9, 3
2025/1/3, 63, 63, , 22, 8, 8
2025/1/4, 120, 66, , 19, 7, 6
2025/1/5, 146, 69, , 22, 9, 9
2025/1/6, 157, 51, , 14, 7, 6
2025/1/7, 112, 42, , 13, 6, 8
2025/1/8, 97, 40, , 15, 7, 5
2025/1/9, 101, 58, , 22, 12, 3
2025/1/10, 143, 70, , 27, 9, 7
2025/1/11, 152, 75, , 26, 7, 9
2025/1/12, 160, 65, , 22, 10, 10
2025/1/13, 157, 48, , 17, 6, 7
2025/1/14, 104, 40, , 11, 6, 6
2025/1/15, 68, 48, , 15, 5, 6
2025/1/16, 91, 50, , 15, 7, 7
2025/1/17, 97, 63, , 17, 9, 7
2025/1/18, 116, 53, , 15, 6, 5
2025/1/19, 120, 65, , 21, 5, 7
2025/1/20, 148, 66, , 15, 5, 8
2025/1/21, 173, 67, , 15, 4, 6
2025/1/22, 163, 69, , 22, 4, 8
2025/1/23, 148, 66, , 20, 5, 7
2025/1/24, 149, 72, , 17, 7, 8
2025/1/25, 157, 67, , 20, 6, 8
2025/1/26, 149, 64, , 12, 5, 8
2025/1/27, 155, 44, , 7, 5, 4
2025/1/28, 99, 70, , 6, 7, 6
2025/1/29, 142, 44, , 9, 7, 10
2025/1/30, 110, 59, , 13, 7, 11
2025/1/31, 146, 70, , 17, 6, 12
2025/2/1, 164, 81, , 17, 6, 11
2025/2/2, 175, 49, , 10, 7, 8
2025/2/3, 113, 45, , 11, 5, 9
2025/2/4, 110, 49, , 13, 8, 9
2025/2/5, 120, 45, , 15, 5, 9
2025/2/6, 109, 38, , 9, 6, 9
2025/2/7, 80, 28, , 9, 6, 3
2025/2/8, 65, 44, , 16, 9, 5
2025/2/9, 103, 53, , 19, 8, 7
2025/2/10, 128, 60, , 14, 6, 6
2025/2/11, 149, 61, , 7, 9, 3
2025/2/12, 82, 62, , 12, 7, 5
2025/2/13, 112, 57, , 18, 7, 7
2025/2/14, 117, 62, , 14, 6, 8
2025/2/15, 127, 31, , 5, 3, 5
2025/2/16, 67, 25, , 8, 4, 6
2025/2/17, 58, 36, , 6, 3, 7
2025/2/18, 54, 30, , 13, 4, 3
2025/2/19, 75, 34, , 12, 3, 3
2025/2/20, 75, 36, , 14, 3, 4
2025/2/21, 84, 36, , 13, 3, 4
2025/2/22, 86, 37, , 15, 4, 5
2025/2/23, 85, 47, , 9, 4, 3
2025/2/24, 75, 127, , 6, 4, 3
2025/2/25, 88, 56, , 8, 4, 5
2025/2/26, 65, 69, , 11, 6, 7
2025/2/27, 137, 68, , 14, 5, 4
2025/2/28, 169, 50, , 15, 4, 3
2025/3/1, 87, 24, , 9, 4, 4
2025/3/2, 82, 41, , 12, 5, 5
2025/3/3, 105, 36, , 12, 5, 5
2025/3/4, 88, 55, , 16, 5, 6
2025/3/5, 132, 49, , 14, 3, 3
2025/3/6, 123, 48, , 12, 4, 3
2025/3/7, 100, 66, , 12, 5, 3
2025/3/8, 132, 80, , 17, 4, 4
2025/3/9, 168, 106, , 8, 3, 3
2025/3/10, 152, 57, , 8, 5, 7
2025/3/11, 144, 136, , 2, 3, 3
2025/3/12, 86, 34, , 4, 2, 4
2025/3/13, 71, 39, , 10, 3, 6
2025/3/14, 88, 42, , 12, 3, 6
2025/3/15, 85, 44, , 8, 3, 8
2025/3/16, 104, 57, , 13, 3, 11
2025/3/17, 124, 47, , 9, 4, 7
2025/3/18, 120, 64, , 10, 5, 7
2025/3/19, 132, 70, , 11, 5, 5
2025/3/20, 149, 67, , 7, 4, 2
2025/3/21, 99, 82, , 12, 6, 5
2025/3/22, 175, 93, , 13, 6, 6
2025/3/23, 191, 65, , 7, 4, 3
2025/3/24, 104, 89, , 12, 4, 6
2025/3/25, 190, 64, , 11, 4, 9
2025/3/26, 152, 35, , 3, 3, 4
2025/3/27, 60, 23, , 2, 3, 3
2025/3/28, 38, 23, , 2, 2, 5
2025/3/29, 45, 35, , 3, 3, 2
2025/3/30, 71, 58, , 8, 4, 2
2025/3/31, 127, 64, , 8, 4, 5
2024/10/1, 48, 26, , 9, 3, 1
2024/10/2, 44, 28, , 8, 3, 1
2024/10/3, 43, 40, , 10, 3, 3
2024/10/4, 65, 49, , 10, 4, 4
2024/10/5, 85, 37, , 11, 3, 2
2024/10/6, 63, 36, , 13, 3, 2
2024/10/7, 70, 55, , 16, 3, 6
2024/10/8, 94, 50, , 15, 3, 4
2024/10/9, 75, 25, , 8, 3, 2
2024/10/10, 54, 38, , 10, 4, 4
2024/10/11, 48, 55, , 20, 3, 6
2024/10/12, 84, 63, , 15, 4, 7
2024/10/13, 101, 55, , 8, 4, 5
2024/10/14, 83, 18, , 7, 3, 3
2024/10/15, 29, 32, , 16, 3, 4
2024/10/16, 61, 61, , 19, 4, 7
2024/10/17, 111, 29, , 9, 4, 4
2024/10/18, 62, 25, , 7, 4, 2
2024/10/19, 37, 40, , 14, 4, 4
2024/10/20, 71, 34, , 8, 4, 3
2024/10/21, 61, 32, , 12, 4, 2
2024/10/22, 58, 36, , 14, 4, 3
2024/10/23, 92, 49, , 20, 5, 6
2024/10/24, 115, 61, , 14, 5, 7
2024/10/25, 138, 59, , 16, 4, 3
2024/10/26, 116, 32, , 11, 3, 2
2024/10/27, 88, 47, , 17, 4, 7
2024/10/28, 90, 57, , 19, 4, 7
2024/10/29, 114, 61, , 15, 4, 5
2024/10/30, 153, 60, , 17, 5, 6
2024/10/31, 133, 44, , 12, 5, 4
2024/11/1, 86, 50, , 16, 4, 4
2024/11/2, 109, 67, , 17, 6, 6
2024/11/3, 162, 22, , 10, 5, 2
2024/11/4, 52, 25, , 12, 6, 3
2024/11/5, 53, 32, , 12, 6, 5
2024/11/6, 71, 48, , 16, 5, 7
2024/11/7, 107, 62, , 22, 5, 9
2024/11/8, 143, 55, , 11, 5, 4
2024/11/9, 109, 45, , 9, 5, 2
2024/11/10, 85, 69, , 16, 5, 4
2024/11/11, 141, 49, , 15, 5, 3
2024/11/12, 100, 64, , 18, 5, 5
2024/11/13, 129, 42, , 12, 5, 4
2024/11/14, 98, 37, , 12, 4, 4
2024/11/15, 76, 48, , 8, 4, 2
2024/11/16, 103, 44, , 6, 5, 3
2024/11/17, 96, 50, , 12, 5, 6
2024/11/18, 177, 57, , 14, 6, 7
2024/11/19, 121, 55, , 21, 9, 8
2024/11/20, 126, 75, , 18, 6, 6
2024/11/21, 167, 48, , 14, 4, 5
2024/11/22, 129, 79, , 19, 4, 9
2024/11/23, 163, 59, , 20, 5, 9
2024/11/24, 141, 45, , 13, 5, 9
2024/11/25, 122, 28, , 8, 4, 7
2024/11/26, 81, 25, , 5, 6, 3
2024/11/27, 40, 37, , 9, 6, 6
2024/11/28, 74, 26, , 14, 8, 6
2024/11/29, 70, 37, , 22, 8, 7
2024/11/30, 103, 39, , 18, 5, 6
2024/12/1, 102, 18, , 7, 6, 1
2024/12/2, 41, 25, , 6, 5, 1
2024/12/3, 38, 24, , 8, 6, 1
2024/12/4, 37, 30, , 10, 6, 2
2024/12/5, 43, 38, , 13, 5, 3
2024/12/6, 77, 33, , 16, 8, 3
2024/12/7, 86, 43, , 17, 9, 3
2024/12/8, 84, 56, , 22, 8, 6
2024/12/9, 118, 49, , 20, 8, 5
2024/12/10, 118, 28, , 14, 6, 4
2024/12/11, 64, 45, , 20, 9, 7
2024/12/12, 93, 52, , 22, 7, 9
2024/12/13, 117, 38, , 14, 7, 7
2024/12/14, 76, 27, , 12, 6, 5
2024/12/15, 58, 26, , 13, 6, 6
2024/12/16, 63, 41, , 16, 6, 6
2024/12/17, 89, 34, , 17, 6, 7
2024/12/18, 86, 50, , 22, 10, 8
2024/12/19, 105, 63, , 19, 8, 9
2024/12/20, 147, 54, , 19, 7, 8
2024/12/21, 128, 39, , 18, 8, 7
2024/12/22, 90, 34, , 17, 5, 6
2024/12/23, 83, 37, , 15, 7, 6
2024/12/24, 76, 55, , 11, 8, 6
2024/12/25, 103, 32, , 9, 5, 5
2024/12/26, 60, 31, , 10, 6, 6
2024/12/27, 60, 33, , 12, 7, 5
2024/12/28, 69, 49, , 16, 6, 8
2024/12/29, 101, , , , , 
2024/7/1, 135, 55, , 19, 3, 5
2024/7/2, 100, 20, , 7, 2, 4
2024/7/3, 33, 25, , 5, , 4
2024/7/4, 58, 26, , 4, 1, 4
2024/7/5, 65, 24, , 8, 1, 6
2024/7/6, 51, 40, , 6, 1, 6
2024/7/7, 87, 55, , 9, , 7
2024/7/8, 104, 50, , 11, 1, 5
2024/7/9, 94, 63, , 15, 2, 7
2024/7/10, 131, 70, , 22, 1, 7
2024/7/11, 142, 67, , 17, 1, 7
2024/7/12, 135, 67, , 16, 1, 9
2024/7/13, 139, 59, , 13, 1, 9
2024/7/14, 115, 57, , 11, 1, 8
2024/7/15, 112, 38, , 6, 1, 4
2024/7/16, 66, 15, , 4, 1, 3
2024/7/17, 23, 28, , 6, 1, 5
2024/7/18, 51, 41, , 6, 1, 7
2024/7/19, 65, 22, , 5, 1, 5
2024/7/20, 46, 33, , 5, 1, 6
2024/7/21, 53, 22, , 5, 1, 5
2024/7/22, 41, 14, , 6, 1, 6
2024/7/23, 24, 19, , 6, 1, 5
2024/7/24, 33, 23, , 8, 1, 5
2024/7/25, 38, 8, , 3, , 4
2024/7/26, 13, 14, , 3, , 5
2024/7/27, 15, 8, , 4, , 5
2024/7/28, 13, 15, , 3, , 5
2024/7/29, 27, 25, , 8, , 4
2024/7/30, 38, 19, , 4, 1, 4
2024/7/31, 37, 12, , 3, 3, 5
2024/8/1, 22, 18, , 6, 3, 5
2024/8/2, 33, 26, , 9, 3, 6
2024/8/3, 48, 26, , 5, 3, 6
2024/8/4, 49, 16, , 3, 3, 6
2024/8/5, 30, 25, , 5, 3, 6
2024/8/6, 48, 34, , 9, 3, 5
2024/8/7, 60, 34, , 7, 3, 4
2024/8/8, 63, 26, , 9, 3, 4
2024/8/9, 45, 33, , 9, 2, 5
2024/8/10, 51, 25, , 3, 2, 5
2024/8/11, 45, 21, , 5, 3, 5
2024/8/12, 42, 21, , 6, 3, 5
2024/8/13, 30, 29, , 7, 3, 5
2024/8/14, 45, 31, , 9, 3, 5
2024/8/15, 47, 49, , 13, 3, 7
2024/8/16, 78, 54, , 20, 3, 7
2024/8/17, 80, 42, , 9, 3, 6
2024/8/18, 65, 22, , 7, 3, 6
2024/8/19, 49, 26, , 7, 3, 5
2024/8/20, 46, 15, , 6, 3, 5
2024/8/21, 27, 13, , 5, 2, 4
2024/8/22, 25, 22, , 7, 3, 5
2024/8/23, 37, 33, , 9, 3, 4
2024/8/24, 58, 23, , 4, 3, 3
2024/8/25, 43, 22, , 8, 3, 3
2024/8/26, 38, 17, , 8, 4, 3
2024/8/27, 28, 25, , 13, 3, 5
2024/8/28, 35, 36, , 12, 3, 5
2024/8/29, 45, 32, , 8, 3, 5
2024/8/30, 57, 21, , 6, 3, 3
2024/8/31, 25, 14, , 4, 3, 4
2024/9/1, 22, 18, , 11, 3, 6
2024/9/2, 52, 26, , 12, 3, 6
2024/9/3, 38, 29, , 9, 3, 5
2024/9/4, 49, 15, , 7, 3, 2
2024/9/5, 41, 18, , 10, 3, 1
2024/9/6, 22, 27, , 10, 4, 2
2024/9/7, 41, 30, , 10, 3, 3
2024/9/8, 52, 29, , 10, 3, 4
2024/9/9, 55, 22, , 8, 3, 3
2024/9/10, 48, 30, , 15, 4, 7
2024/9/11, 32, 30, , 14, 3, 7
2024/9/12, 47, 31, , 8, 4, 4
2024/9/13, 29, 14, , 8, 3, 3
2024/9/14, 31, 33, , 14, 4, 2
2024/9/15, 71, 23, , 11, 4, 3
2024/9/16, 44, 39, , 15, 4, 5
2024/9/17, 72, 39, , 15, 4, 6
2024/9/18, 71, 35, , 10, 4, 4
2024/9/19, 42, 21, , 10, 3, 1
2024/9/20, 55, 22, , 8, 4, 1
2024/9/21, 32, 37, , 15, 4, 3
2024/9/22, 61, 39, , 15, 4, 3
2024/9/23, 50, 39, , 13, 4, 2
2024/9/24, 49, 31, , 10, 4, 3
2024/9/25, 61, 44, , 16, 4, 4
2024/9/26, 77, 56, , 19, 4, 5
2024/9/27, 93, 49, , 18, 4, 4
2024/9/28, 75, 40, , 10, 4, 2
2024/9/29, 59, 25, , 5, 4, 1
2024/9/30, 35, 22, , 8, 3, 1
2024/4/1, 135, 77, , 17, 3, 6
2024/4/2, 150, 51, , 8, 2, 2
2024/4/3, 85, 57, , 12, 2, 2
2024/4/4, 109, 108, , 19, 3, 5
2024/4/5, 174, 71, , 9, 3, 3
2024/4/6, 121, 69, , 9, 3, 2
2024/4/7, 99, 61, , 9, 3, 3
2024/4/8, 120, 58, , 17, 3, 5
2024/4/9, 131, 109, , 23, 5, 9
2024/4/10, 201, 73, , 9, 3, 5
2024/4/11, 154, 137, , 6, 4, 4
2024/4/12, 116, 58, , 7, 3, 4
2024/4/13, 93, 51, , 6, 2, 4
2024/4/14, 80, 80, , 18, 3, 7
2024/4/15, 152, 124, , 8, 1, 3
2024/4/16, 94, 65, , 14, 2, 4
2024/4/17, 79, 64, , 9, 2, 3
2024/4/18, 88, 67, , 17, 4, 5
2024/4/19, 176, 123, , 23, 5, 8
2024/4/20, 285, 85, , 23, 2, 8
2024/4/21, 250, 70, , 16, 2, 5
2024/4/22, 110, 55, , 18, 2, 5
2024/4/23, 98, 41, , 10, 2, 3
2024/4/24, 93, 49, , 8, 2, 2
2024/4/25, 69, 49, , 13, 3, 3
2024/4/26, 102, 47, , 11, 2, 2
2024/4/27, 121, 34, , 10, 2, 1
2024/4/28, 71, 55, , 15, 3, 1
2024/4/29, 135, 45, , 14, 2, 2
2024/4/30, 112, 47, , 14, 2, 3
2024/5/1, 79, 58, , 12, 3, 5
2024/5/2, 85, 60, , 8, 3, 5
2024/5/3, 87, 53, , 5, 3, 4
2024/5/4, 80, 38, , 7, 2, 3
2024/5/5, 64, 57, , 9, 2, 3
2024/5/6, 101, 47, , 11, 2, 3
2024/5/7, 77, 50, , 14, 2, 3
2024/5/8, 83, 71, , 7, 2, 2
2024/5/9, 63, 47, , 8, 2, 4
2024/5/10, 77, 57, , 4, 2, 1
2024/5/11, 50, 26, , 8, , 2
2024/5/12, 58, 36, , 9, 2, 2
2024/5/13, 53, 41, , 7, 3, 3
2024/5/14, 53, 17, , 8, 2, 1
2024/5/15, 26, 35, , 15, 2, 4
2024/5/16, 62, 46, , 15, 3, 4
2024/5/17, 58, 42, , 8, 2, 3
2024/5/18, 63, 17, , 8, 2, 
2024/5/19, 30, 22, , 9, 2, 2
2024/5/20, 43, 33, , 7, 2, 3
2024/5/21, 45, 48, , 6, 2, 3
2024/5/22, 68, 23, , 8, 2, 1
2024/5/23, 43, 25, , 11, 2, 1
2024/5/24, 50, 38, , 16, 2, 3
2024/5/25, 56, 8, , 6, 1, 2
2024/5/26, 29, 17, , 7, , 3
2024/5/27, 35, 19, , 8, 2, 1
2024/5/28, 39, 25, , 11, 2, 3
2024/5/29, 59, 24, , 9, 2, 2
2024/5/30, 54, 15, , 7, 2, 1
2024/5/31, 32, 15, , 9, 2, 1
2024/6/1, 34, 19, , 10, 2, 3
2024/6/2, 41, 30, , 15, 1, 4
2024/6/3, 52, 42, , 17, 2, 5
2024/6/4, 66, 42, , 13, 3, 4
2024/6/5, 54, 32, , 8, 2, 4
2024/6/6, 45, 38, , 10, 2, 4
2024/6/7, 60, 21, , 7, 2, 4
2024/6/8, 49, 19, , 7, 1, 4
2024/6/9, 39, 33, , 15, 1, 5
2024/6/10, 55, 38, , 14, 2, 5
2024/6/11, 54, 23, , 8, 2, 4
2024/6/12, 51, 37, , 13, 2, 4
2024/6/13, 54, 18, , 7, , 3
2024/6/14, 37, 15, , 4, 2, 2
2024/6/15, 23, 19, , 10, , 2
2024/6/16, 33, 21, , 9, 2, 2
2024/6/17, 36, 38, , 19, 2, 2
2024/6/18, 43, 45, , 18, 2, 3
2024/6/19, 55, 38, , 16, 2, 4
2024/6/20, 57, 38, , 19, 2, 5
2024/6/21, 61, 74, , 7, 2, 3
2024/6/22, 65, 10, , 5, 2, 2
2024/6/23, 24, 7, , 4, 2, 2
2024/6/24, 13, 16, , 7, 2, 1
2024/6/25, 48, 31, , 15, 2, 2
2024/6/26, 47, 45, , 10, 3, 3
2024/6/27, 57, 40, , 8, 2, 3
2024/6/28, 55, 32, , 8, 2, 3
2024/6/29, 46, 36, , 16, 2, 4
2024/6/30, 62, 62, , 11, 2, 5
2024/1/1, 156, 78, , 26, 11, 10
2024/1/2, 174, 69, , 22, 9, 6
2024/1/3, 157, 50, , 13, 7, 3
2024/1/4, 113, 41, , 12, 5, 6
2024/1/5, 81, 49, , 15, 5, 9
2024/1/6, 109, 26, , 6, 4, 4
2024/1/7, 57, 42, , 11, 6, 3
2024/1/8, 81, 49, , 15, 5, 4
2024/1/9, 116, 44, , 11, 4, 3
2024/1/10, 88, 51, , 14, 6, 4
2024/1/11, 119, 51, , 16, 5, 4
2024/1/12, 117, 52, , 12, 4, 3
2024/1/13, 125, 33, , 7, 4, 1
2024/1/14, 62, 39, , 14, 8, 3
2024/1/15, 64, 54, , 15, 4, 5
2024/1/16, 107, 59, , 16, 4, 6
2024/1/17, 141, 52, , 18, 3, 5
2024/1/18, 116, 69, , 21, 4, 6
2024/1/19, 155, 47, , 12, 3, 5
2024/1/20, 109, 30, , 8, 3, 3
2024/1/21, 76, 30, , 11, 5, 2
2024/1/22, 82, 52, , 19, 11, 4
2024/1/23, 127, 34, , 15, 6, 3
2024/1/24, 89, 55, , 21, 6, 6
2024/1/25, 132, 57, , 20, 7, 6
2024/1/26, 131, 60, , 24, 4, 6
2024/1/27, 137, 67, , 22, 5, 6
2024/1/28, 148, 60, , 18, 6, 6
2024/1/29, 133, 76, , 26, 6, 9
2024/1/30, 164, 50, , 15, 5, 4
2024/1/31, 125, 61, , 26, 9, 5
2024/2/1, 140, 70, , 32, 5, 7
2024/2/2, 154, 75, , 31, 1, 7
2024/2/3, 155, 72, , 28, 2, 7
2024/2/4, 159, 74, , 19, 4, 8
2024/2/5, 166, 67, , 19, 4, 6
2024/2/6, 160, 81, , 25, 3, 8
2024/2/7, 165, 72, , 22, 4, 7
2024/2/8, 161, 111, , 22, 4, 8
2024/2/9, 204, 261, , 20, 6, 8
2024/2/10, 323, 61, , 10, 4, 4
2024/2/11, 139, 53, , 9, 5, 4
2024/2/12, 111, 79, , 8, 5, 4
2024/2/13, 138, 40, , 11, 1, 1
2024/2/14, 63, 47, , 21, 3, 2
2024/2/15, 105, 49, , 16, 4, 2
2024/2/16, 84, 40, , 3, 2, 1
2024/2/17, 76, 20, , 4, 4, 2
2024/2/18, 72, 24, , 6, 2, 2
2024/2/19, 73, 28, , 7, 3, 1
2024/2/20, 59, 28, , 10, 3, 1
2024/2/21, 64, 38, , 19, 3, 4
2024/2/22, 88, 48, , 21, 4, 8
2024/2/23, 110, 73, , 19, 6, 6
2024/2/24, 132, 78, , 13, 5, 5
2024/2/25, 167, 38, , 12, 3, 3
2024/2/26, 76, 54, , 15, 4, 6
2024/2/27, 92, 59, , 12, 3, 6
2024/2/28, 144, 55, , 13, 3, 5
2024/2/29, 95, 37, , 7, 5, 4
2024/3/1, 56, 41, , 12, 7, 5
2024/3/2, 78, 29, , 9, 4, 4
2024/3/3, 59, 30, , 11, 4, 5
2024/3/4, 64, 33, , 15, 3, 6
2024/3/5, 69, 41, , 17, 4, 5
2024/3/6, 82, 43, , 13, 2, 3
2024/3/7, 84, 23, , 7, 2, 2
2024/3/8, 57, 44, , 18, 3, 5
2024/3/9, 84, 60, , 18, 6, 6
2024/3/10, 122, 67, , 20, 3, 6
2024/3/11, 132, 42, , 17, 3, 3
2024/3/12, 87, 47, , 12, 4, 4
2024/3/13, 88, 52, , 10, 4, 4
2024/3/14, 101, 74, , 11, 4, 5
2024/3/15, 123, 71, , 10, 3, 6
2024/3/16, 125, 22, , 4, 2, 3
2024/3/17, 55, 38, , 7, 3, 4
2024/3/18, 87, 36, , 11, 2, 5
2024/3/19, 84, 34, , 11, 2, 5
2024/3/20, 75, 47, , 14, 2, 4
2024/3/21, 92, 37, , 8, 2, 4
2024/3/22, 83, 47, , 7, 2, 4
2024/3/23, 108, 24, , 5, 2, 2
2024/3/24, 50, 42, , 9, 4, 3
2024/3/25, 69, 46, , 13, 5, 3
2024/3/26, 85, 68, , 13, 3, 5
2024/3/27, 143, 282, , 4, 2, 2
2024/3/28, 112, 84, , 4, 2, 1
2024/3/29, 58, 54, , 4, 2, 2
2024/3/30, 52, 42, , 5, 3, 3
2024/3/31, 64, 68, , 14, 2, 5
2023/10/1, 55, 44, 26, 16, 2, 6
2023/10/2, 67, 47, 54, 12, 2, 5
2023/10/3, 64, 20, 26, 5, 2, 2
2023/10/4, 24, 24, 22, 10, 2, 3
2023/10/5, 30, 39, 24, 14, 2, 4
2023/10/6, 59, 43, 25, 19, 3, 5
2023/10/7, 64, 61, 31, 24, 3, 8
2023/10/8, 106, 52, 22, 23, 2, 6
2023/10/9, 96, 56, 24, 22, 2, 7
2023/10/10, 84, 75, 32, 24, 2, 10
2023/10/11, 104, 84, 30, 25, 2, 11
2023/10/12, 118, 65, 47, 19, 2, 7
2023/10/13, 108, 48, 41, 18, 2, 6
2023/10/14, 76, 46, 26, 9, 2, 4
2023/10/15, 49, 41, 22, 15, 2, 4
2023/10/16, 53, 56, 25, 16, 3, 4
2023/10/17, 74, 40, 24, 12, 3, 3
2023/10/18, 73, 22, 21, 9, 3, 2
2023/10/19, 37, 18, 11, 10, 2, 1
2023/10/20, 21, 20, 13, 12, 2, 1
2023/10/21, 25, 44, 14, 16, 3, 6
2023/10/22, 65, 65, 47, 16, 4, 6
2023/10/23, 120, 69, 56, 14, 5, 7
2023/10/24, 147, 89, 60, 21, 4, 9
2023/10/25, 158, 37, 22, 11, 3, 2
2023/10/26, 42, 67, 17, 23, 4, 5
2023/10/27, 118, 73, 25, 23, 3, 6
2023/10/28, 114, 85, 52, 19, 4, 6
2023/10/29, 169, 82, 34, 14, 4, 4
2023/10/30, 137, 79, 33, 13, 4, 4
2023/10/31, 127, 74, 17, 18, 3, 4
2023/11/1, 163, 55, 45, 10, 3, 5
2023/11/2, 114, 37, 19, 9, 3, 2
2023/11/3, 78, 54, 15, 15, 5, 6
2023/11/4, 108, 131, 6, 20, 5, 11
2023/11/5, 238, 34, 22, 6, 2, 6
2023/11/6, 61, 23, 22, 9, 5, 7
2023/11/7, 38, 36, 11, 18, 4, 8
2023/11/8, 90, 44, 26, 22, 5, 5
2023/11/9, 118, , , , , 
2023/11/13, 89, 44, , 22, 8, 5
2023/11/14, 114, 58, , 20, 7, 8
2023/11/15, 153, 22, , 11, 5, 2
2023/11/16, 58, 34, , 11, 5, 3
2023/11/17, 79, 29, , 11, 5, 3
2023/11/18, 74, 26, , 12, 5, 3
2023/11/19, 62, 27, , 13, 6, 4
2023/11/20, 62, 45, , 16, 5, 5
2023/11/21, 113, 66, , 21, 4, 9
2023/11/22, 155, 17, , 5, 2, 2
2023/11/23, 42, 19, , 7, 4, 3
2023/11/24, 43, 25, , 9, 6, 3
2023/11/25, 51, 41, , 17, 6, 6
2023/11/26, 108, 59, , 19, 5, 6
2023/11/27, 145, 21, , 13, 8, 3
2023/11/28, 58, 20, , 8, 5, 2
2023/11/29, 47, 29, , 16, 8, 3
2023/11/30, 60, 35, , 17, 10, 4
2023/12/1, 72, 33, , 13, 7, 3
2023/12/2, 76, 35, , 12, 5, 3
2023/12/3, 79, 41, , 16, 6, 3
2023/12/4, 93, 64, , 17, 5, 5
2023/12/5, 159, 28, , 10, 5, 2
2023/12/6, 87, 25, , 12, 5, 3
2023/12/7, 45, 74, , 7, 4, 4
2023/12/8, 84, 19, , 5, 6, 3
2023/12/9, 42, 25, , 7, 4, 5
2023/12/10, 52, 31, , 9, 8, 7
2023/12/11, 70, 46, , 15, 12, 8
2023/12/12, 108, 50, , 14, 11, 8
2023/12/13, 120, 59, , 16, 9, 9
2023/12/14, 137, 31, , 8, 6, 8
2023/12/15, 67, 22, , 9, 6, 4
2023/12/16, 58, 26, , 10, 8, 4
2023/12/17, 58, 41, , 19, 13, 7
2023/12/18, 99, 54, , 18, 8, 10
2023/12/19, 133, 41, , 14, 9, 6
2023/12/20, 124, 41, , 14, 11, 1
2023/12/21, 91, 50, , 22, 10, 3
2023/12/22, 111, 57, , 27, 15, 6
2023/12/23, 133, 58, , 19, 11, 9
2023/12/24, 138, 57, , 17, 8, 7
2023/12/25, 121, 43, , 16, 7, 4
2023/12/26, 98, 54, , 21, 7, 7
2023/12/27, 124, 65, , 23, 10, 7
2023/12/28, 148, 65, , 24, 8, 6
2023/12/29, 144, 68, , 24, 9, 10
2023/12/30, 171, 45, , 13, 5, 6
2023/12/31, 128, 70, , 18, 10, 8
2023/7/1, 31, 30, 52, 15, 3, 3
2023/7/2, 32, 37, 65, 11, 2, 4
2023/7/3, 57, 35, 49, 11, 2, 4
2023/7/4, 62, 21, 60, 5, 2, 3
2023/7/5, 36, 46, 62, 9, 2, 4
2023/7/6, 60, 32, 55, 7, 2, 4
2023/7/7, 56, 23, 49, 8, 2, 4
2023/7/8, 41, 15, 38, 6, 2, 4
2023/7/9, 35, 16, 38, 5, 2, 3
2023/7/10, 33, 14, 36, 7, 2, 3
2023/7/11, 28, 28, 44, 11, 2, 4
2023/7/12, 43, 31, 49, 11, 2, 6
2023/7/13, 52, 11, 34, 5, , 4
2023/7/14, 27, 14, 28, 5, 2, 3
2023/7/15, 20, 7, 18, 3, 2, 2
2023/7/16, 14, 12, 23, 5, 2, 2
2023/7/17, 16, 26, 41, 9, 2, 3
2023/7/18, 34, 39, 43, 12, 2, 6
2023/7/19, 65, 38, 59, 7, 2, 5
2023/7/20, 67, 34, 32, 10, 2, 3
2023/7/21, 41, 36, 27, 12, 2, 4
2023/7/22, 55, 9, 34, 2, , 2
2023/7/23, 28, 14, 39, 4, 2, 3
2023/7/24, 26, 25, 37, 9, 2, 5
2023/7/25, 54, 31, 45, 6, 2, 4
2023/7/26, 61, 26, 45, 4, 2, 4
2023/7/27, 50, 26, 37, 4, 2, 1
2023/7/28, 42, 22, 33, 4, 2, 2
2023/7/29, 41, 17, 19, 4, 2, 2
2023/7/30, 35, 24, 41, 5, 2, 3
2023/7/31, 52, 31, 25, 6, 2, 3
2023/8/1, 61, 28, 40, 4, 2, 3
2023/8/2, 56, 31, 47, 3, 2, 3
2023/8/3, 62, 32, 35, 4, 2, 3
2023/8/4, 65, 8, 26, 3, , 1
2023/8/5, 18, 13, 21, 6, 2, 1
2023/8/6, 19, 17, 12, 8, 2, 1
2023/8/7, 35, 23, 29, 9, 2, 1
2023/8/8, 39, 19, 28, 8, 2, 2
2023/8/9, 32, 26, 35, 9, 2, 3
2023/8/10, 32, 22, 23, 7, 2, 4
2023/8/11, 28, 13, 14, 7, 2, 4
2023/8/12, 19, 10, 18, 7, , 3
2023/8/13, 19, 23, 39, 9, 2, 4
2023/8/14, 39, 29, 40, 11, 2, 6
2023/8/15, 43, 34, 32, 11, 3, 5
2023/8/16, 40, 40, 43, 14, 2, 5
2023/8/17, 49, 34, 63, 7, 2, 5
2023/8/18, 55, 24, 33, 8, 2, 3
2023/8/19, 30, 37, 63, 10, 2, 4
2023/8/20, 54, 29, 34, 9, 2, 5
2023/8/21, 53, 17, 41, 6, 2, 3
2023/8/22, 30, 26, 37, 12, 3, 2
2023/8/23, 34, 31, 38, 11, 3, 2
2023/8/24, 40, 25, 34, 8, 3, 1
2023/8/25, 28, 18, 26, 6, 3, 1
2023/8/26, 28, 35, 31, 13, 3, 2
2023/8/27, 41, 31, 27, 10, 3, 1
2023/8/28, 37, 14, 18, 6, 3, 1
2023/8/29, 28, 18, 25, 7, 3, 3
2023/8/30, 53, 22, 34, 10, 3, 2
2023/8/31, 33, 25, 32, 8, 3, 4
2023/9/1, 47, 36, 39, 13, 3, 4
2023/9/2, 48, 30, 42, 11, 3, 4
2023/9/3, 44, 29, 38, 8, 3, 5
2023/9/4, 50, 24, 28, 8, 3, 3
2023/9/5, 32, 35, 39, 16, 2, 4
2023/9/6, 40, 42, 40, 11, 2, 3
2023/9/7, 76, 43, 39, 6, 2, 4
2023/9/8, 66, 32, 28, 12, 2, 2
2023/9/9, 37, 53, 39, 14, 2, 4
2023/9/10, 56, 36, 41, 8, 2, 5
2023/9/11, 55, 23, 24, 10, 2, 3
2023/9/12, 23, 47, 24, 18, 2, 4
2023/9/13, 73, 34, 35, 15, 2, 3
2023/9/14, 46, 36, 44, 14, 2, 3
2023/9/15, 50, 48, 46, 14, 2, 5
2023/9/16, 72, 54, 74, 14, 2, 6
2023/9/17, 84, 35, 54, 7, 2, 6
2023/9/18, 71, 13, 21, 6, 1, 2
2023/9/19, 19, 27, 23, 13, 2, 4
2023/9/20, 28, 29, 34, 11, 2, 3
2023/9/21, 37, 29, 27, 11, 2, 3
2023/9/22, 42, 39, 25, 16, 2, 4
2023/9/23, 46, 36, 36, 15, 2, 4
2023/9/24, 52, 26, 28, 7, 2, 4
2023/9/25, 52, 25, 34, 8, 2, 4
2023/9/26, 46, 35, 34, 8, 2, 3
2023/9/27, 42, 33, 11, 16, 2, 2
2023/9/28, 70, 35, 36, 13, 2, 4
2023/9/29, 49, 27, 27, 10, 2, 6
2023/9/30, 39, 33, 27, 12, 2, 4
2023/4/1, 160, 79, 76, 16, 6, 4
2023/4/2, 131, 75, 62, 13, 5, 3
2023/4/3, 124, 104, 44, 24, 9, 7
2023/4/4, 212, 230, 90, 42, 15, 17
2023/4/5, 407, 104, 50, 28, 8, 12
2023/4/6, 313, 91, 37, 4, 2, 3
2023/4/7, 45, 39, 43, 6, 2, 2
2023/4/8, 59, 98, 66, 7, 3, 3
2023/4/9, 89, 105, 59, 6, 3, 2
2023/4/10, 121, 427, 34, 4, 2, 1
2023/4/11, 126, 94, 35, 6, 3, 1
2023/4/12, 73, 133, 48, 15, 3, 4
2023/4/13, 136, 63, 42, 17, 3, 4
2023/4/14, 113, 92, 51, 16, 5, 4
2023/4/15, 138, 90, 53, 17, 3, 5
2023/4/16, 163, 72, 45, 16, 2, 4
2023/4/17, 118, 80, 40, 8, 2, 3
2023/4/18, 76, 73, 55, 12, 3, 3
2023/4/19, 74, 249, 37, 4, 2, 1
2023/4/20, 111, 144, 38, 5, 2, 2
2023/4/21, 91, 54, 40, 19, 3, 3
2023/4/22, 76, 44, 38, 14, 2, 2
2023/4/23, 68, 46, 43, 15, 3, 4
2023/4/24, 90, 54, 40, 8, 3, 4
2023/4/25, 77, 24, 38, 7, 2, 2
2023/4/26, 52, 40, 49, 8, 3, 3
2023/4/27, 75, 23, 37, 8, 2, 3
2023/4/28, 55, 31, 34, 11, 2, 3
2023/4/29, 57, 21, 37, 7, 2, 2
2023/4/30, 36, 33, 44, 16, 2, 4
2023/5/1, 54, 46, 70, 7, 3, 3
2023/5/2, 54, 50, 80, 6, 4, 3
2023/5/3, 64, 48, 35, 10, 3, 3
2023/5/4, 79, 41, 39, 8, 3, 1
2023/5/5, 46, 32, 44, 12, 3, 2
2023/5/6, 47, 51, 45, 18, 3, 5
2023/5/7, 77, 58, 45, 15, 3, 3
2023/5/8, 59, 36, 37, 13, 3, 4
2023/5/9, 56, 31, 42, 10, 3, 2
2023/5/10, 48, 54, 51, 20, 3, 4
2023/5/11, 83, 49, 55, 11, 3, 3
2023/5/12, 83, 31, 55, 7, 3, 3
2023/5/13, 73, 31, 64, 6, 3, 3
2023/5/14, 62, 43, 55, 8, 3, 3
2023/5/15, 66, 62, 62, 18, 3, 5
2023/5/16, 88, 41, 22, 18, 3, 4
2023/5/17, 69, 30, 40, 10, 2, 3
2023/5/18, 39, 43, 45, 15, 3, 4
2023/5/19, 34, 457, 35, 5, 2, 2
2023/5/20, 176, 117, 34, 7, 2, 3
2023/5/21, 127, 39, 40, 11, 2, 3
2023/5/22, 63, 44, 54, 15, 3, 4
2023/5/23, 65, 59, 80, 9, 3, 4
2023/5/24, 69, 71, 67, 5, 3, 2
2023/5/25, 71, 46, 64, 7, 3, 3
2023/5/26, 75, 44, 69, 9, 3, 4
2023/5/27, 74, 41, 52, 8, 3, 3
2023/5/28, 64, 24, 39, 8, 3, 1
2023/5/29, 25, 33, 43, 14, 3, 2
2023/5/30, 38, 43, 61, 16, 3, 2
2023/5/31, 57, 48, 50, 9, 3, 2
2023/6/1, 89, 26, 36, 10, 3, 1
2023/6/2, 51, 29, 36, 11, 3, 1
2023/6/3, 37, 29, 37, 13, 3, 2
2023/6/4, 43, 39, 51, 17, 3, 3
2023/6/5, 60, 26, 45, 13, 3, 1
2023/6/6, 35, 37, 50, 10, 4, 2
2023/6/7, 51, 22, 38, 8, 3, 1
2023/6/8, 25, 21, 29, 14, 3, 1
2023/6/9, 31, 24, 34, 16, 3, 1
2023/6/10, 43, 22, 31, 18, 3, 1
2023/6/11, 48, 22, 43, 11, , 2
2023/6/12, 43, 41, 65, 20, 3, 5
2023/6/13, 64, 31, 78, 18, 3, 4
2023/6/14, 45, 41, 106, 20, 3, 6
2023/6/15, 62, 46, 113, 13, 4, 8
2023/6/16, 69, 50, 96, 16, 4, 5
2023/6/17, 79, 43, 81, 19, 4, 3
2023/6/18, 53, 50, 112, 18, 3, 5
2023/6/19, 61, 20, 44, 10, 2, 4
2023/6/20, 48, 20, 43, 8, 3, 4
2023/6/21, 45, 28, 48, 12, 2, 4
2023/6/22, 46, 24, 70, 13, 2, 3
2023/6/23, 35, 47, 117, 12, 3, 4
2023/6/24, 59, 37, 99, 7, 3, 3
2023/6/25, 59, 35, 82, 10, 3, 3
2023/6/26, 58, 12, 37, 8, 2, 3
2023/6/27, 24, 36, 107, 8, 3, 5
2023/6/28, 61, 28, 63, 7, 2, 4
2023/6/29, 56, 30, 55, 15, 2, 3
2023/6/30, 45, 21, 54, 8, 2, 3
2023/1/2, 79, 49, 16, 23, 11, 6
2023/1/3, 107, 60, 14, 25, 9, 9
2023/1/4, 140, 65, 15, 29, 10, 11
2023/1/5, 160, 104, 11, 32, 7, 14
2023/1/6, 207, 82, 18, 30, 11, 7
2023/1/7, 183, 78, 18, 24, 10, 6
2023/1/8, 147, 47, 20, 21, 10, 2
2023/1/9, 94, 47, 23, 16, 7, 2
2023/1/10, 90, 51, 24, 16, 8, 5
2023/1/11, 104, 39, 23, 16, 7, 5
2023/1/12, 100, 39, 27, 9, 4, 4
2023/1/13, 98, 21, 24, 8, 7, 3
2023/1/14, 35, 30, 20, 14, 10, 4
2023/1/15, 73, 35, 22, 15, 9, 4
2023/1/16, 67, 44, 21, 13, 7, 5
2023/1/17, 86, 54, 24, 13, 7, 5
2023/1/18, 76, 59, 20, 11, 8, 4
2023/1/19, 90, 42, 20, 7, 7, 4
2023/1/20, 73, 50, 22, 9, 11, 7
2023/1/21, 99, 101, 21, 11, 15, 9
2023/1/22, 195, 28, 22, 5, 6, 4
2023/1/23, 71, 25, 26, 6, 9, 6
2023/1/24, 54, 41, 21, 12, 12, 5
2023/1/25, 79, 62, 24, 12, 9, 8
2023/1/26, 132, 56, 24, 14, 11, 6
2023/1/27, 131, 35, 23, 11, 10, 4
2023/1/28, 75, 49, 19, 14, 10, 4
2023/1/29, 112, 55, 21, 19, 7, 5
2023/1/30, 127, 45, 23, 16, 7, 4
2023/1/31, 98, 62, 27, 19, 9, 6
2023/2/1, 148, 39, 24, 16, 9, 4
2023/2/2, 89, 48, 27, 15, 8, 5
2023/2/3, 111, 50, 26, 16, 7, 7
2023/2/4, 114, 75, 30, 16, 10, 7
2023/2/5, 148, 74, 24, 21, 8, 6
2023/2/6, 182, 56, 22, 21, 8, 5
2023/2/7, 125, 39, 25, 15, 7, 3
2023/2/8, 78, 52, 29, 17, 5, 6
2023/2/9, 105, 51, 25, 15, 7, 7
2023/2/10, 131, 72, 34, 15, 6, 9
2023/2/11, 166, 62, 29, 16, 6, 6
2023/2/12, 160, 53, 28, 21, 8, 5
2023/2/13, 118, 36, 27, 15, 6, 2
2023/2/14, 80, 38, 22, 17, 6, 4
2023/2/15, 82, 54, 27, 18, 9, 7
2023/2/16, 114, 51, 27, 16, 8, 5
2023/2/17, 117, 56, 27, 17, 6, 4
2023/2/18, 118, 32, 26, 10, 6, 2
2023/2/19, 66, 32, 28, 9, 5, 4
2023/2/20, 60, 48, 27, 18, 7, 4
2023/2/21, 77, 66, 26, 16, 9, 5
2023/2/22, 123, 74, 29, 18, 7, 5
2023/2/23, 129, 34, 28, 14, 6, 3
2023/2/24, 72, 52, 27, 20, 9, 5
2023/2/25, 94, 60, 28, 19, 8, 5
2023/2/26, 108, 264, 46, 12, 6, 6
2023/2/27, 138, 62, 41, 13, 5, 4
2023/2/28, 119, 38, 30, 9, 4, 2
2023/3/1, 55, 59, 30, 16, 7, 5
2023/3/2, 69, 64, 32, 19, 7, 7
2023/3/3, 107, 57, 36, 23, 5, 8
2023/3/4, 108, 64, 78, 13, 7, 6
2023/3/5, 130, 72, 47, 17, 8, 7
2023/3/6, 164, 131, 51, 16, 5, 8
2023/3/7, 158, 38, 30, 14, 4, 5
2023/3/8, 87, 65, 40, 22, 5, 8
2023/3/9, 121, 127, 56, 18, 5, 8
2023/3/10, 129, 88, 32, 8, 4, 3
2023/3/11, 60, 37, 24, 10, 4, 4
2023/3/12, 73, 50, 35, 18, 8, 4
2023/3/13, 104, 64, 26, 18, 4, 5
2023/3/14, 122, 61, 30, 6, 4, 3
2023/3/15, 48, 34, 34, 7, 5, 3
2023/3/16, 70, 38, 37, 13, 5, 4
2023/3/17, 84, 54, 38, 16, 7, 6
2023/3/18, 121, 69, 45, 18, 8, 7
2023/3/19, 143, 68, 60, 11, 6, 5
2023/3/20, 160, 71, 56, 11, 7, 5
2023/3/21, 161, 529, 43, 8, 4, 3
2023/3/22, 176, 124, 34, 6, 4, 4
2023/3/23, 96, 54, 35, 9, 5, 4
2023/3/24, 92, 51, 39, 14, 6, 5
2023/3/25, 99, 53, 38, 14, 7, 5
2023/3/26, 108, 61, 46, 16, 6, 7
2023/3/27, 127, 63, 45, 15, 7, 6
2023/3/28, 133, 87, 74, 15, 7, 6
2023/3/29, 164, 81, 47, 16, 6, 5
2023/3/30, 139, 87, 91, 20, 7, 4
2023/3/31, 168, 91, 91, 15, 7, 6
2022/10/1, 79, 47, 38, 11, 3, 6
2022/10/2, 81, 17, 15, 6, , 2
2022/10/3, 45, 14, 20, 6, 3, 1
2022/10/4, 20, 26, 24, 12, 3, 2
2022/10/5, 43, 33, 25, 13, 3, 3
2022/10/6, 55, 37, 28, 14, 3, 3
2022/10/7, 57, 33, 46, 10, 3, 3
2022/10/8, 64, 21, 24, 12, 3, 4
2022/10/9, 49, 15, 19, 6, 3, 2
2022/10/10, 34, 21, 23, 10, 3, 3
2022/10/11, 38, 30, 35, 13, 3, 4
2022/10/12, 62, 42, 52, 11, 3, 5
2022/10/13, 90, 57, 42, 17, 3, 8
2022/10/14, 139, 67, 29, 20, 3, 9
2022/10/15, 148, 22, 18, 7, 2, 2
2022/10/16, 18, 19, 14, 9, 2, 3
2022/10/17, 30, 36, 20, 16, 3, 4
2022/10/18, 60, 42, 30, 15, 5, 4
2022/10/19, 69, 55, 51, 14, 7, 5
2022/10/20, 121, 53, 43, 11, 5, 3
2022/10/21, 89, 36, 17, 14, 3, 3
2022/10/22, 80, 25, 22, 11, 3, 1
2022/10/23, 52, 48, 14, 21, 4, 4
2022/10/24, 78, 38, 35, 13, 3, 2
2022/10/25, 65, 39, 29, 10, 3, 3
2022/10/26, 83, 23, 19, 12, 4, 4
2022/10/27, 55, 47, 17, 20, 7, 4
2022/10/28, 87, 71, 17, 24, 5, 6
2022/10/29, 127, 55, 20, 24, 4, 6
2022/10/30, 109, 52, 23, 11, 5, 5
2022/10/31, 98, 24, 22, 9, 5, 2
2022/11/1, 31, 34, 21, 16, 6, 3
2022/11/2, 51, 29, 18, 11, 6, 3
2022/11/3, 46, 36, 19, 13, 7, 4
2022/11/4, 57, 40, 23, 15, 7, 6
2022/11/5, 73, 60, 22, 22, 5, 8
2022/11/6, 106, 60, 23, 21, 7, 9
2022/11/7, 104, 49, 26, 14, 8, 5
2022/11/8, 70, 59, 33, 19, 7, 7
2022/11/9, 130, 98, 25, 27, 7, 8
2022/11/10, 168, 64, 27, 16, 5, 7
2022/11/11, 140, 60, 19, 8, 3, 3
2022/11/12, 150, 41, 19, 18, 5, 4
2022/11/13, 117, 44, 25, 22, 7, 7
2022/11/14, 143, 47, 19, 27, 5, 10
2022/11/15, 138, 43, 20, 23, 7, 7
2022/11/16, 110, 48, 18, 22, 5, 6
2022/11/17, 128, 37, 12, 21, 6, 3
2022/11/18, 86, 32, 26, 14, 5, 1
2022/11/19, 74, 20, 16, 9, 5, 1
2022/11/20, 32, 30, 12, 14, 7, 1
2022/11/21, 66, 35, 14, 15, 4, 2
2022/11/22, 63, 53, 10, 22, 8, 6
2022/11/23, 104, 65, 16, 16, 6, 7
2022/11/24, 153, 63, 24, 10, 5, 3
2022/11/25, 96, 36, 22, 7, 5, 1
2022/11/26, 33, 29, 15, 13, 5, 3
2022/11/27, 65, 47, 13, 13, 5, 5
2022/11/28, 111, 44, 19, 4, 6, 2
2022/11/29, 44, 25, 20, 4, 6, 2
2022/11/30, 39, 16, 21, 5, 8, 2
2022/12/1, 29, 34, 22, 11, 8, 4
2022/12/2, 59, 24, 22, 7, 8, 3
2022/12/3, 48, 20, 21, 9, 9, 4
2022/12/4, 45, 30, 22, 13, 10, 4
2022/12/5, 62, 31, 23, 11, 8, 3
2022/12/6, 50, 38, 20, 11, 9, 3
2022/12/7, 47, 30, 20, 15, 10, 3
2022/12/8, 61, 34, 21, 17, 10, 3
2022/12/9, 68, 30, 20, 15, 11, 3
2022/12/10, 63, 41, 17, 18, 11, 3
2022/12/11, 79, 214, 24, 9, 7, 2
2022/12/12, 97, 56, 21, 4, 7, 1
2022/12/13, 61, 36, 20, 9, 8, 2
2022/12/14, 64, 31, 20, 12, 10, 3
2022/12/15, 67, 24, 20, 11, 10, 4
2022/12/16, 50, 24, 20, 8, 10, 4
2022/12/17, 48, 33, 21, 13, 16, 6
2022/12/18, 69, 39, 19, 14, 10, 6
2022/12/19, 80, 46, 20, 18, 11, 7
2022/12/20, 103, 45, 18, 14, 8, 5
2022/12/21, 104, 27, 20, 13, 10, 4
2022/12/22, 68, 26, 17, 13, 11, 5
2022/12/23, 63, 35, 18, 22, 15, 6
2022/12/24, 103, 43, 19, 24, 16, 7
2022/12/25, 134, 77, 11, 33, 12, 11
2022/12/26, 174, 66, 16, 28, 13, 9
2022/12/27, 162, 58, 11, 21, 12, 6
2022/12/28, 145, 42, 17, 20, 12, 6
2022/12/29, 99, 44, 19, 19, 11, 5
2022/12/30, 106, 48, 18, 20, 12, 5
2022/12/31, 116, 36, 20, 11, 9, 1
2023/1/1, 65, 42, 18, 16, 10, 2
2022/7/1, 53, 17, 39, 4, 1, 3
2022/7/2, 42, 28, 55, 3, 1, 3
2022/7/3, 58, 33, 42, 4, 1, 3
2022/7/4, 68, 30, 27, 7, 1, 2
2022/7/5, 58, 29, 24, 10, 3, 2
2022/7/6, 57, 13, 47, 7, , 2
2022/7/7, 33, 20, 53, 8, , 3
2022/7/8, 49, 26, 42, 9, 1, 3
2022/7/9, 45, 32, 38, 11, 1, 5
2022/7/10, 51, 31, 58, 10, 1, 6
2022/7/11, 59, 40, 48, 16, 1, 5
2022/7/12, 58, 17, 25, 8, 1, 4
2022/7/13, 38, 9, 37, 7, 1, 4
2022/7/14, 22, 13, 33, 4, 1, 4
2022/7/15, 22, 16, 21, 5, 1, 4
2022/7/16, 21, 21, 29, 10, 1, 5
2022/7/17, 37, 25, 29, 15, 1, 6
2022/7/18, 49, 21, 24, 13, 1, 6
2022/7/19, 46, 28, 34, 14, 1, 5
2022/7/20, 53, 29, 27, 11, 1, 4
2022/7/21, 49, 29, 33, 9, 1, 3
2022/7/22, 45, 33, 30, 10, 1, 4
2022/7/23, 50, 14, 30, 8, 1, 3
2022/7/24, 34, 27, 48, 8, 1, 4
2022/7/25, 48, 41, 57, 6, , 5
2022/7/26, 75, 53, 30, 14, , 5
2022/7/27, 97, 34, 37, 10, , 2
2022/7/28, 66, 16, 28, 4, , 3
2022/7/29, 39, 18, 41, 3, , 4
2022/7/30, 44, 25, 30, 5, , 3
2022/7/31, 52, 34, 42, 10, , 4
2022/8/1, 61, 43, 56, 10, , 3
2022/8/2, 71, 33, 37, 11, 1, 4
2022/8/3, 67, 38, 42, 6, 1, 5
2022/8/4, 74, 24, 35, 4, 2, 4
2022/8/5, 45, 25, 45, 7, 2, 3
2022/8/6, 39, 19, 36, 7, , 4
2022/8/7, 45, 13, 22, 5, 2, 3
2022/8/8, 17, 23, 34, 8, 2, 2
2022/8/9, 30, 28, 42, 6, 2, 2
2022/8/10, 50, 18, 33, 5, 2, 3
2022/8/11, 40, 33, 25, 11, 2, 4
2022/8/12, 48, 23, 39, 7, 2, 5
2022/8/13, 45, 35, 24, 16, 2, 6
2022/8/14, 58, 14, 23, 6, , 5
2022/8/15, 27, 24, 30, 11, 2, 6
2022/8/16, 36, 33, 34, 12, 2, 5
2022/8/17, 52, 38, 59, 8, 2, 5
2022/8/18, 60, 20, 33, 5, 2, 3
2022/8/19, 35, 26, 27, 11, 2, 3
2022/8/20, 45, 34, 52, 9, 3, 4
2022/8/21, 54, 18, 36, 6, 2, 2
2022/8/22, 35, 15, 18, 7, 2, 2
2022/8/23, 18, 29, 23, 10, 2, 3
2022/8/24, 41, 21, 26, 10, 1, 2
2022/8/25, 40, 15, 17, 11, 1, 2
2022/8/26, 21, 19, 20, 8, 1, 4
2022/8/27, 29, 28, 28, 10, 2, 3
2022/8/28, 37, 24, 17, 12, 1, 5
2022/8/29, 47, 25, 40, 8, 1, 5
2022/8/30, 57, 34, 41, 12, 2, 4
2022/8/31, 57, 15, 24, 7, , 2
2022/9/1, 22, 32, 31, 13, 2, 3
2022/9/2, 43, 42, 42, 16, 2, 4
2022/9/3, 65, 30, 17, 13, 2, 3
2022/9/4, 52, 19, 23, 7, 2, 2
2022/9/5, 33, 25, 19, 9, 2, 2
2022/9/6, 25, 22, 27, 7, 2, 3
2022/9/7, 23, 33, 53, 8, 4, 4
2022/9/8, 48, 60, 76, 17, 3, 6
2022/9/9, 74, 54, 77, 13, 3, 6
2022/9/10, 74, 51, 53, 13, 3, 5
2022/9/11, 74, 36, 53, 9, 2, 5
2022/9/12, 56, 38, 26, 10, 2, 3
2022/9/13, 38, 61, 24, 20, 3, 4
2022/9/14, 71, 22, 19, 12, 2, 3
2022/9/15, 42, 20, 15, 8, 2, 3
2022/9/16, 31, 19, 23, 7, 2, 2
2022/9/17, 31, 42, 26, 5, 2, 2
2022/9/18, 64, 30, 26, 6, 2, 1
2022/9/19, 33, 31, 26, 13, 2, 2
2022/9/20, 41, 41, 41, 9, 3, 2
2022/9/21, 50, 31, 43, 6, 2, 2
2022/9/22, 48, 16, 22, 5, 2, 1
2022/9/23, 40, 15, 27, 7, 2, 1
2022/9/24, 26, 35, 67, 9, 4, 3
2022/9/25, 52, 51, 42, 17, 3, 5
2022/9/26, 84, 64, 88, 17, 4, 7
2022/9/27, 113, 63, 99, 13, 5, 7
2022/9/28, 105, 57, 87, 12, 4, 6
2022/9/29, 96, 56, 94, 7, 4, 5
2022/9/30, 93, 40, 11, 8, 3, 3
2022/4/1, 69, 26, 42, 5, 4, 4
2022/4/2, 69, 35, 52, 4, 3, 5
2022/4/3, 75, 62, 78, 5, 3, 5
2022/4/4, 122, 53, 64, 3, 2, 4
2022/4/5, 69, 15, 38, 3, 3, 3
2022/4/6, 36, 35, 42, 10, 4, 6
2022/4/7, 116, 241, 66, 5, 6, 7
2022/4/8, 163, 60, 47, 5, 3, 6
2022/4/9, 118, 109, 74, , 7, 10
2022/4/10, 192, 82, 34, , 2, 8
2022/4/11, 140, 11, 36, , 1, 3
2022/4/12, 32, 31, 45, 16, 2, 5
2022/4/13, 79, 52, 51, , 2, 5
2022/4/14, 126, 55, 51, 19, 2, 6
2022/4/15, 129, 51, 48, , 2, 5
2022/4/16, 97, 90, 65, , 3, 7
2022/4/17, 179, 78, 75, , 3, 8
2022/4/18, 197, 64, 70, , 2, 6
2022/4/19, 104, 82, 81, , 2, 5
2022/4/20, 112, 54, 79, , 1, 5
2022/4/21, 117, 14, 38, , 1, 3
2022/4/22, 42, 217, 59, , 1, 4
2022/4/23, 82, 46, 51, , 1, 4
2022/4/24, 91, 64, 80, , 1, 6
2022/4/25, 130, 57, 37, , , 4
2022/4/26, 51, 28, 44, , , 4
2022/4/27, 56, 46, 49, , 1, 5
2022/4/28, 111, 57, 62, 5, 1, 5
2022/4/29, 130, 15, 32, 2, , 4
2022/4/30, 36, 28, 38, 6, , 5
2022/5/1, 73, 34, 47, 6, 1, 6
2022/5/2, 84, 57, 75, 6, 2, 7
2022/5/3, 76, 61, 83, 4, 2, 7
2022/5/4, 103, 71, 74, 2, 2, 5
2022/5/5, 77, 27, 38, 2, 1, 4
2022/5/6, 47, 23, 38, 5, 1, 5
2022/5/7, 48, 39, 47, 9, 1, 5
2022/5/8, 79, 48, 62, 10, 2, 6
2022/5/9, 94, 46, 58, 5, 1, 5
2022/5/10, 75, 28, 36, 3, 1, 3
2022/5/11, 54, 27, 32, 6, 1, 1
2022/5/12, 49, 42, 40, 9, 1, 1
2022/5/13, 60, 26, 38, 6, 1, 3
2022/5/14, 55, 36, 39, 7, 1, 3
2022/5/15, 51, 31, 40, 9, 1, 4
2022/5/16, 52, 48, 50, 8, 1, 3
2022/5/17, 59, 45, 39, 7, 1, 3
2022/5/18, 85, 47, 46, 7, 1, 4
2022/5/19, 74, 49, 66, 7, 1, 5
2022/5/20, 77, 57, 56, 5, 2, 5
2022/5/21, 84, 30, 46, 9, 1, 4
2022/5/22, 45, 56, 106, 12, 2, 6
2022/5/23, 78, 65, 87, 7, 2, 6
2022/5/24, 83, 12, 21, 5, 1, 5
2022/5/25, 25, 20, 25, 7, 1, 5
2022/5/26, 33, 20, 40, 6, 1, 5
2022/5/27, 43, 46, 63, 8, 1, 7
2022/5/28, 61, 49, 70, 7, 1, 6
2022/5/29, 66, 22, 32, 5, 2, 5
2022/5/30, 33, 26, 30, 8, 1, 5
2022/5/31, 35, 29, 33, 13, 2, 4
2022/6/1, 41, 30, 40, 13, 1, 2
2022/6/2, 42, 28, 34, 12, 1, 2
2022/6/3, 45, 26, 39, 10, , 3
2022/6/4, 57, 22, 44, 5, , 3
2022/6/5, 53, 19, 23, 6, , 1
2022/6/6, 31, 19, 26, 9, , 2
2022/6/7, 31, 23, 40, 8, , 2
2022/6/8, 47, 34, 33, 11, 1, 3
2022/6/9, 58, 42, 42, 17, 1, 4
2022/6/10, 63, 58, 46, 19, 1, 5
2022/6/11, 85, 44, 41, 17, 1, 4
2022/6/12, 66, 28, 40, 9, , 2
2022/6/13, 52, 25, 37, 9, , 3
2022/6/14, 44, 37, 38, 13, 1, 3
2022/6/15, 58, 47, 45, 10, 2, 4
2022/6/16, 73, 47, 55, 9, 2, 4
2022/6/17, 68, 40, 66, 16, 2, 5
2022/6/18, 59, 49, 63, 10, 2, 5
2022/6/19, 69, 52, 71, 13, , 5
2022/6/20, 65, 53, 46, 9, 1, 4
2022/6/21, 77, 53, 41, 11, 2, 4
2022/6/22, 67, 17, 45, 5, 1, 3
2022/6/23, 32, 16, 47, 6, 1, 1
2022/6/24, 29, 13, 44, 4, 1, 1
2022/6/25, 27, 31, 44, 13, 1, 2
2022/6/26, 46, 33, 45, 14, 1, 3
2022/6/27, 56, 12, 24, 4, 1, 2
2022/6/28, 26, 22, 43, 6, 1, 1
2022/6/29, 36, 31, 40, 12, 1, 2
2022/6/30, 44, 35, 34, 13, 1, 3
2022/1/3, 104, 41, 17, 18, 10, 5
2022/1/4, 87, 57, 17, 22, 9, 7
2022/1/5, 128, 62, 11, 21, 9, 7
2022/1/6, 152, 65, 15, 24, 11, 9
2022/1/7, 150, 63, 23, 20, 7, 8
2022/1/8, 177, 57, 11, 23, 10, 6
2022/1/9, 140, 59, 21, 14, 8, 6
2022/1/10, 133, 31, 18, 14, 7, 5
2022/1/11, 79, 49, 16, 19, 8, 7
2022/1/12, 120, 46, 20, 16, 9, 7
2022/1/13, 116, 51, 20, 18, 8, 8
2022/1/14, 110, 56, 25, 14, 9, 7
2022/1/15, 130, 46, 22, 16, 10, 6
2022/1/16, 107, 47, 23, 16, 7, 7
2022/1/17, 116, 55, 20, 19, 11, 9
2022/1/18, 136, 57, 19, 17, 20, 9
2022/1/19, 145, 62, 12, 24, 14, 9
2022/1/20, 142, 64, 20, 22, 8, 11
2022/1/21, 144, 89, 15, 27, 19, 12
2022/1/22, 184, 65, 24, 22, 16, 9
2022/1/23, 146, 98, 19, 27, 18, 13
2022/1/24, 197, 90, 23, 27, 15, 12
2022/1/25, 183, 65, 24, 19, 12, 8
2022/1/26, 142, 48, 22, 16, 8, 9
2022/1/27, 103, 46, 23, 14, 7, 7
2022/1/28, 100, 41, 26, 11, 8, 6
2022/1/29, 78, 40, 27, 13, 8, 7
2022/1/30, 86, 66, 28, 15, 7, 11
2022/1/31, 137, 147, 28, 13, 14, 12
2022/2/1, 271, 34, 28, 8, 8, 7
2022/2/2, 90, 38, 29, 11, 8, 4
2022/2/3, 101, 36, 28, 10, 8, 4
2022/2/4, 82, 40, 30, 10, 7, 4
2022/2/5, 70, 48, 29, 15, 8, 6
2022/2/6, 114, 42, 27, 15, 11, 4
2022/2/7, 92, 49, 29, 16, 8, 5
2022/2/8, 113, 65, 31, 20, 5, 7
2022/2/9, 134, 89, 29, 29, 8, 14
2022/2/10, 178, 60, 30, 15, 4, 9
2022/2/11, 152, 39, 21, 17, 10, 8
2022/2/12, 96, 50, 29, 15, 5, 10
2022/2/13, 130, 43, 28, 11, 4, 8
2022/2/14, 117, 46, 28, 13, 6, 5
2022/2/15, 107, 48, 25, 17, 8, 6
2022/2/16, 139, 42, 18, 18, 7, 6
2022/2/17, 114, 51, 25, 13, 6, 6
2022/2/18, 98, 42, 30, 12, 7, 4
2022/2/19, 101, 41, 28, 18, 9, 5
2022/2/20, 98, 33, 30, 14, 4, 5
2022/2/21, 74, 32, 29, 14, 7, 6
2022/2/22, 84, 56, 28, 21, 6, 9
2022/2/23, 112, 57, 33, 15, 6, 3
2022/2/24, 97, 79, 38, 16, 8, 4
2022/2/25, 125, 32, 36, 9, 4, 2
2022/2/26, 59, 41, 34, 11, 6, 3
2022/2/27, 61, 32, 27, 15, 8, 4
2022/2/28, 68, 22, 31, 10, 4, 3
2022/3/1, 57, 40, 28, 10, 4, 5
2022/3/2, 71, 37, 28, 14, 3, 5
2022/3/3, 70, 88, 31, 7, 3, 4
2022/3/4, 73, 55, 30, 6, 3, 3
2022/3/5, 52, 32, 32, 10, 4, 4
2022/3/6, 67, 50, 35, 21, 5, 8
2022/3/7, 96, 81, 42, 21, 6, 10
2022/3/8, 153, 86, 42, 24, 4, 9
2022/3/9, 159, 79, 48, 10, 4, 5
2022/3/10, 139, 43, 33, 9, 3, 3
2022/3/11, 44, 40, 26, 11, 2, 4
2022/3/12, 79, 42, 23, 7, 4, 5
2022/3/13, 111, 33, 33, 6, 2, 5
2022/3/14, 94, 34, 33, 9, 3, 5
2022/3/15, 91, 22, 37, 6, 4, 4
2022/3/16, 62, 18, 37, 5, 3, 5
2022/3/17, 54, 30, 39, 5, 6, 5
2022/3/18, 74, 26, 42, 5, 2, 2
2022/3/19, 71, 31, 41, 8, 5, 2
2022/3/20, 81, 35, 39, 7, 5, 2
2022/3/21, 91, 22, 39, 6, 5, 2
2022/3/22, 62, 37, 45, 6, 4, 4
2022/3/23, 92, 48, 41, 5, 2, 5
2022/3/24, 122, 53, 42, 5, 3, 4
2022/3/25, 87, 31, 40, 5, 3, 4
2022/3/26, 58, 17, 37, 4, 2, 3
2022/3/27, 45, 83, 50, 6, 3, 4
2022/3/28, 89, 37, 42, 5, 2, 4
2022/3/29, 70, 22, 38, 5, 2, 4
2022/3/30, 65, 24, 41, 7, 4, 5
2022/3/31, 61, 27, 42, 8, 3, 5
2021/10/1, 50, 39, 23, 12, 2, 4
2021/10/2, 52, 42, 36, 7, 3, 2
2021/10/3, 48, 31, 23, 12, 3, 2
2021/10/4, 45, 40, 24, 16, 3, 3
2021/10/5, 53, 47, 19, 17, 4, 2
2021/10/6, 61, 49, 27, 17, 3, 4
2021/10/7, 74, 52, 26, 18, 3, 4
2021/10/8, 77, 33, 17, 12, 3, 4
2021/10/9, 45, 42, 25, 4, , 2
2021/10/10, 25, 36, 23, 12, 3, 7
2021/10/11, 47, 61, 19, 18, 3, 11
2021/10/12, 88, 54, 30, 13, 3, 7
2021/10/13, 69, 31, 21, 10, 3, 3
2021/10/14, 56, 43, 23, 11, 3, 3
2021/10/15, 42, 30, 20, 6, 4, 1
2021/10/16, 30, 32, 19, 9, 5, 1
2021/10/17, 38, 32, 14, 12, 5, 3
2021/10/18, 64, 36, 20, 17, 6, 4
2021/10/19, 65, 47, 20, 18, 5, 5
2021/10/20, 83, 70, 16, 23, 5, 8
2021/10/21, 126, 52, 23, 22, 5, 6
2021/10/22, 93, 55, 24, 20, 5, 5
2021/10/23, 91, 54, 32, 18, 6, 5
2021/10/24, 116, 58, 43, 14, 6, 5
2021/10/25, 152, 46, 28, 18, 6, 4
2021/10/26, 127, 47, 21, 14, 5, 2
2021/10/27, 41, 56, 19, 20, 3, 6
2021/10/28, 81, 55, 18, 23, 3, 6
2021/10/29, 80, 66, 37, 20, 5, 6
2021/10/30, 135, 42, 10, 10, 2, 2
2021/10/31, 66, 47, 7, 16, 4, 4
2021/11/1, 98, 61, 16, 19, 4, 6
2021/11/2, 132, 65, 22, 18, 4, 6
2021/11/3, 144, 83, 25, 23, 3, 13
2021/11/4, 170, 84, 39, 24, 3, 11
2021/11/5, 167, 26, 14, 8, 2, 3
2021/11/6, 38, 35, 12, 9, 5, 4
2021/11/7, 55, 19, 19, 8, 3, 5
2021/11/8, 59, 33, 16, 8, 4, 3
2021/11/9, 63, 18, 18, 11, 4, 4
2021/11/10, 53, 17, 21, 13, 5, 4
2021/11/11, 56, 32, 17, 19, 8, 5
2021/11/12, 76, 36, 20, 17, 7, 7
2021/11/13, 98, 44, 17, 21, 8, 6
2021/11/14, 116, 53, 12, 29, 6, 8
2021/11/15, 143, 43, 19, 24, 7, 6
2021/11/16, 103, 50, 26, 14, 6, 6
2021/11/17, 116, 47, 13, 15, 6, 6
2021/11/18, 112, 30, 12, 13, 7, 3
2021/11/19, 55, 59, 12, 19, 8, 6
2021/11/20, 132, 60, 10, 19, 6, 6
2021/11/21, 155, 47, 17, 8, 5, 4
2021/11/22, 53, 24, 19, 9, 5, 2
2021/11/23, 49, 24, 18, 14, 7, 3
2021/11/24, 55, 34, 16, 20, 9, 4
2021/11/25, 82, 45, 12, 27, 11, 7
2021/11/26, 117, 43, 18, 19, 7, 6
2021/11/27, 110, 38, 21, 14, 7, 7
2021/11/28, 119, 48, 14, 12, 5, 6
2021/11/29, 136, 37, 15, 13, 5, 4
2021/11/30, 101, 29, 17, 12, 5, 4
2021/12/1, 70, 30, 18, 10, 6, 4
2021/12/2, 44, 25, 15, 13, 7, 4
2021/12/3, 56, 38, 15, 16, 8, 5
2021/12/4, 84, 39, 21, 12, 6, 6
2021/12/5, 106, 36, 18, 15, 7, 6
2021/12/6, 90, 37, 13, 16, 4, 6
2021/12/7, 80, 49, 16, 19, 6, 7
2021/12/8, 113, 42, 17, 14, 6, 6
2021/12/9, 104, 54, 14, 12, 4, 6
2021/12/10, 139, 52, 18, 16, 5, 7
2021/12/11, 132, 22, 20, 8, 5, 2
2021/12/12, 33, 32, 19, 12, 7, 4
2021/12/13, 58, 47, 12, 17, 6, 7
2021/12/14, 116, 63, 6, 26, 13, 8
2021/12/15, 152, 45, 17, 14, 6, 6
2021/12/16, 115, 31, 18, 15, 6, 5
2021/12/17, 84, 45, 12, 18, 10, 9
2021/12/18, 101, 41, 15, 19, 10, 7
2021/12/19, 81, 43, 18, 16, 9, 7
2021/12/20, 82, 26, 17, 10, 6, 5
2021/12/21, 52, 35, 13, 16, 11, 9
2021/12/22, 106, 50, 14, 19, 9, 11
2021/12/23, 126, 29, 20, 10, 7, 9
2021/12/24, 69, 28, 21, 12, 9, 1
2021/12/25, 66, 39, 15, 17, 11, 2
2021/12/26, 86, 48, 16, 21, 12, 3
2021/12/27, 104, 59, 15, 23, 14, 5
2021/12/28, 128, 54, 16, 18, 8, 2
2021/12/29, 137, 36, 24, 12, 7, 3
2021/12/30, 74, 37, 23, 19, 10, 4
2021/12/31, 88, 53, 14, 16, 9, 6
2022/1/1, 116, 38, 18, 13, 9, 3
2022/1/2, 76, 47, 18, 18, 8, 5
2021/7/1, 60, 32, 59, 9, 2, 5
2021/7/2, 59, 37, 41, 12, , 4
2021/7/3, 65, 15, 23, 8, , 4
2021/7/4, 33, 18, 38, 7, , 3
2021/7/5, 37, 33, 38, 14, , 5
2021/7/6, 60, 22, 33, 12, 2, 6
2021/7/7, 58, 22, 37, 9, 2, 4
2021/7/8, 53, 25, 36, 8, 2, 5
2021/7/9, 59, 23, 40, 5, 2, 4
2021/7/10, 57, 41, 63, 7, 2, 6
2021/7/11, 84, 40, 44, 8, 2, 5
2021/7/12, 78, 32, 39, 5, 2, 4
2021/7/13, 63, 27, 25, 4, 2, 2
2021/7/14, 50, 21, 24, 5, 2, 2
2021/7/15, 41, 20, 23, 6, , 2
2021/7/16, 30, 35, 37, 10, 2, 4
2021/7/17, 47, 36, 40, 7, , 3
2021/7/18, 53, 30, 40, 7, , 4
2021/7/19, 52, 26, 34, 6, , 3
2021/7/20, 39, 28, 39, 7, , 3
2021/7/21, 46, 41, 40, 10, 1, 3
2021/7/22, 60, 45, 41, 6, 2, 3
2021/7/23, 71, 44, 55, 6, 2, 3
2021/7/24, 64, 40, 49, 6, 2, 2
2021/7/25, 64, 36, 48, 6, 2, 2
2021/7/26, 56, 35, 46, 6, 2, 3
2021/7/27, 60, 39, 43, 8, 1, 4
2021/7/28, 63, 44, 34, 13, 1, 4
2021/7/29, 90, 38, 21, 13, 1, 6
2021/7/30, 68, 20, 28, 6, 1, 5
2021/7/31, 45, 14, 27, 3, , 4
2021/8/1, 30, 8, 8, 5, 1, 3
2021/8/2, 23, 12, 29, 4, 1, 3
2021/8/3, 25, 29, 44, 5, , 5
2021/8/4, 55, 33, 48, 3, 1, 5
2021/8/5, 67, 39, 40, 6, 2, 6
2021/8/6, 98, 37, 53, 9, 2, 5
2021/8/7, 74, 58, 57, 13, 2, 6
2021/8/8, 132, 55, 46, 12, 2, 6
2021/8/9, 138, , , , , 
2021/8/20, 58, 17, 29, 11, 2, 5
2021/8/21, 47, 19, 37, 5, 2, 3
2021/8/22, 39, 42, 57, 4, 2, 7
2021/8/23, 83, 29, 42, 9, 2, 5
2021/8/24, 58, 21, 35, 6, 2, 4
2021/8/25, 41, 24, 43, 6, 2, 4
2021/8/26, 51, 21, 28, 4, 2, 3
2021/8/27, 33, 14, 22, 4, 2, 2
2021/8/28, 19, 23, 20, 7, 2, 2
2021/8/29, 40, 23, 23, 8, 2, 2
2021/8/30, 42, 30, 32, 13, 2, 4
2021/8/31, 47, 44, 39, 17, 2, 6
2021/9/1, 72, 42, 41, 15, 2, 6
2021/9/2, 61, 39, 42, 16, 2, 5
2021/9/3, 62, 45, 41, 16, 2, 6
2021/9/4, 72, 29, 35, 13, 2, 4
2021/9/5, 40, 35, 21, 14, 2, 4
2021/9/6, 48, 17, 27, 11, , 3
2021/9/7, 35, 21, 31, 11, 2, 3
2021/9/8, 37, 17, 41, 8, 2, 3
2021/9/9, 45, 22, 39, 7, , 3
2021/9/10, 54, 23, 25, 10, 2, 3
2021/9/11, 39, 23, 24, 12, 2, 2
2021/9/12, 37, 21, 25, 12, 2, 3
2021/9/13, 46, 36, 21, 15, 2, 5
2021/9/14, 64, 30, 29, 12, 3, 4
2021/9/15, 42, 20, 21, 11, 2, 3
2021/9/16, 51, 40, 27, 15, 3, 8
2021/9/17, 73, 41, 37, 14, 3, 5
2021/9/18, 60, 37, 48, 13, 3, 3
2021/9/19, 57, 41, 18, 12, 3, 4
2021/9/20, 61, 11, 21, 4, 2, 3
2021/9/21, 31, 5, 14, 5, , 2
2021/9/22, 19, 19, 24, 9, 2, 3
2021/9/23, 33, 38, 27, 13, 3, 5
2021/9/24, 57, 21, 20, 13, 2, 5
2021/9/25, 49, 34, 22, 13, 2, 7
2021/9/26, 73, 27, 25, 11, 2, 5
2021/9/27, 54, 24, 30, 9, 2, 5
2021/9/28, 50, 22, 25, 10, 3, 3
2021/9/29, 25, 38, 18, 18, 3, 3
2021/9/30, 41, 33, 24, 11, 2, 4
2021/4/1, 95, 75, 44, 16, 3, 6
2021/4/2, 119, 43, 35, 8, 3, 3
2021/4/3, 50, 51, 42, 17, 3, 4
2021/4/4, 92, 72, 38, 12, 3, 4
2021/4/5, 106, 51, 38, 14, 3, 4
2021/4/6, 79, 43, 40, 14, 3, 5
2021/4/7, 115, 76, 50, 18, 3, 8
2021/4/8, 179, 103, 71, 32, 3, 10
2021/4/9, 202, 90, 68, 23, 3, 8
2021/4/10, 169, 104, 57, 8, 3, 5
2021/4/11, 117, 56, 48, 6, 3, 3
2021/4/12, 67, 15, 32, 6, 3, 2
2021/4/13, 34, 29, 36, 10, , 3
2021/4/14, 58, 73, 56, 13, 3, 5
2021/4/15, 117, 95, 39, 5, 3, 3
2021/4/16, 51, 77, 25, 9, 3, 4
2021/4/17, 92, 47, 37, 12, 3, 4
2021/4/18, 108, 84, 67, 15, 5, 6
2021/4/19, 123, 78, 48, 22, 6, 5
2021/4/20, 159, 83, 88, 22, 5, 7
2021/4/21, 151, 52, 51, 14, 4, 5
2021/4/22, 92, 44, 28, 20, 5, 6
2021/4/23, 104, 41, 31, 16, 3, 5
2021/4/24, 87, 56, 44, 19, 5, 5
2021/4/25, 116, 60, 51, 14, 5, 4
2021/4/26, 120, 79, 35, 8, 4, 5
2021/4/27, 116, 64, 35, 10, 3, 3
2021/4/28, 58, 52, 38, 11, 4, 4
2021/4/29, 71, 23, 27, 10, 3, 4
2021/4/30, 50, 42, 36, 13, 3, 4
2021/5/1, 110, 44, 47, 14, 3, 4
2021/5/2, 95, 61, 50, 12, 5, 5
2021/5/3, 89, 39, 35, 7, 3, 4
2021/5/4, 65, 54, 31, 8, 3, 4
2021/5/5, 52, 78, 57, 12, 4, 5
2021/5/6, 81, 94, 38, 6, 3, 3
2021/5/7, 108, 20, 27, 5, 3, 3
2021/5/8, 30, 17, 33, 6, 3, 2
2021/5/9, 35, 38, 40, 15, 3, 5
2021/5/10, 61, 42, 46, 16, 4, 5
2021/5/11, 76, 40, 41, 7, 4, 3
2021/5/12, 51, 46, 53, 10, 5, 5
2021/5/13, 92, 50, 55, 14, 4, 5
2021/5/14, 75, 24, 28, 10, 3, 2
2021/5/15, 40, 47, 37, 17, 4, 4
2021/5/16, 66, 46, 46, 14, 4, 3
2021/5/17, 61, 55, 66, 10, 5, 4
2021/5/18, 60, 60, 97, 7, 6, 6
2021/5/19, 83, 57, 98, 7, 5, 6
2021/5/20, 96, 53, 86, 9, 5, 7
2021/5/21, 93, 64, 100, 7, 5, 7
2021/5/22, 108, 84, 55, 6, 4, 3
2021/5/23, 97, 65, 30, 8, 3, 2
2021/5/24, 79, 34, 34, 13, 3, 2
2021/5/25, 51, 39, 35, 8, 3, 3
2021/5/26, 58, 34, 45, 11, 3, 3
2021/5/27, 54, 35, 34, 11, 3, 2
2021/5/28, 58, 43, 37, 15, 3, 3
2021/5/29, 60, 55, 35, 19, 3, 5
2021/5/30, 84, 41, 54, 14, 3, 5
2021/5/31, 72, 29, 38, 8, 3, 3
2021/6/1, 58, 23, 31, 14, 3, 5
2021/6/2, 51, 19, 32, 5, 2, 3
2021/6/3, 36, 18, 34, 9, 3, 3
2021/6/4, 31, 13, 30, 6, 2, 4
2021/6/5, 28, 21, 31, 8, 2, 3
2021/6/6, 38, 24, 47, 13, 2, 5
2021/6/7, 51, 36, 65, 17, , 6
2021/6/8, 62, 39, 60, 12, 3, 6
2021/6/9, 67, 34, 31, 10, 4, 7
2021/6/10, 69, 24, 45, 7, 2, 5
2021/6/11, 62, 44, 108, 8, 3, 7
2021/6/12, 71, 42, 48, 15, 3, 8
2021/6/13, 78, 30, 49, 10, 2, 5
2021/6/14, 58, 24, 41, 9, 2, 5
2021/6/15, 53, 33, 66, 13, 2, 5
2021/6/16, 67, 17, 33, 5, 2, 4
2021/6/17, 33, 17, 28, 6, 2, 3
2021/6/18, 21, 15, 32, 7, 2, 3
2021/6/19, 33, 18, 34, 8, 2, 4
2021/6/20, 44, 26, 27, 11, 3, 3
2021/6/21, 45, 33, 38, 13, 6, 4
2021/6/22, 41, 48, 44, 17, 3, 4
2021/6/23, 64, 43, 55, 18, 3, 5
2021/6/24, 58, 51, 84, 20, 3, 4
2021/6/25, 75, 33, 38, 14, 3, 4
2021/6/26, 62, 20, 32, 7, 2, 4
2021/6/27, 51, 37, 42, 13, 2, 5
2021/6/28, 68, 20, 47, 9, 2, 4
2021/6/29, 45, 24, 41, 10, 2, 5
2021/6/30, 54, 25, 58, 6, 2, 5
2021/1/4, 71, 34, 16, 18, 13, 5
2021/1/5, 81, 45, 15, 13, 10, 6
2021/1/6, 93, 24, 16, 9, 11, 5
2021/1/7, 56, 35, 15, 17, 15, 7
2021/1/8, 83, 39, 15, 17, 12, 7
2021/1/9, 91, 53, 12, 19, 13, 8
2021/1/10, 129, 51, 17, 18, 12, 8
2021/1/11, 103, 55, 18, 16, 9, 8
2021/1/12, 118, 56, 21, 16, 10, 6
2021/1/13, 120, 33, 21, 11, 11, 4
2021/1/14, 66, 49, 23, 14, 14, 6
2021/1/15, 117, 55, 17, 21, 15, 8
2021/1/16, 139, 41, 21, 18, 14, 6
2021/1/17, 95, 24, 20, 9, 7, 3
2021/1/18, 60, 39, 23, 12, 7, 6
2021/1/19, 99, 47, 22, 10, 10, 5
2021/1/20, 98, 74, 13, 21, 8, 11
2021/1/21, 174, 66, 19, 22, 15, 7
2021/1/22, 150, 63, 30, 27, 9, 10
2021/1/23, 163, 72, 28, 27, 8, 16
2021/1/24, 185, 146, 13, 39, 9, 26
2021/1/25, 256, 74, 27, 17, 10, 8
2021/1/26, 157, 25, 26, 11, 8, 3
2021/1/27, 57, 33, 25, 11, 6, 4
2021/1/28, 86, 35, 24, 10, 10, 4
2021/1/29, 72, 58, 22, 17, 9, 7
2021/1/30, 138, 62, 20, 19, 9, 10
2021/1/31, 161, 52, 27, 12, 8, 7
2021/2/1, 132, 29, 24, 8, 10, 4
2021/2/2, 72, 26, 27, 10, 9, 4
2021/2/3, 62, 32, 25, 12, 10, 5
2021/2/4, 78, 64, 22, 18, 12, 10
2021/2/5, 146, 84, 38, 22, 9, 11
2021/2/6, 187, 50, 25, 18, 9, 7
2021/2/7, 139, 65, 21, 20, 9, 9
2021/2/8, 171, 58, 25, 15, 10, 9
2021/2/9, 134, 103, 21, 24, 8, 15
2021/2/10, 204, 72, 47, 10, 9, 9
2021/2/11, 148, 83, 40, 11, 12, 8
2021/2/12, 174, 87, 21, 14, 6, 9
2021/2/13, 191, 34, 26, 7, 9, 3
2021/2/14, 81, 25, 27, 5, 6, 1
2021/2/15, 64, 33, 26, 7, 7, 4
2021/2/16, 69, 31, 23, 4, 6, 3
2021/2/17, 57, 35, 25, 9, 9, 3
2021/2/18, 65, 77, 33, 7, 7, 6
2021/2/19, 84, 37, 27, 9, 6, 5
2021/2/20, 56, 39, 30, 11, 8, 7
2021/2/21, 92, 28, 28, 8, 7, 5
2021/2/22, 59, 23, 27, 9, 7, 4
2021/2/23, 55, 46, 31, 13, 7, 6
2021/2/24, 98, 40, 28, 11, 6, 6
2021/2/25, 96, 66, 29, 15, 9, 7
2021/2/26, 129, 105, 42, 12, 9, 8
2021/2/27, 154, 41, 28, 9, 6, 5
2021/2/28, 89, 31, 31, 11, 8, 5
2021/3/1, 74, 39, 31, 17, 7, 7
2021/3/2, 96, 60, 30, 12, 9, 8
2021/3/3, 138, 73, 36, 8, 6, 5
2021/3/4, 104, 34, 29, 7, 5, 3
2021/3/5, 65, 38, 23, 16, 10, 2
2021/3/6, 87, 43, 30, 17, 7, 3
2021/3/7, 100, 71, 40, 19, 8, 8
2021/3/8, 159, 65, 29, 14, 7, 6
2021/3/9, 108, 73, 38, 19, 5, 6
2021/3/10, 108, 86, 33, 20, 8, 8
2021/3/11, 178, 76, 38, 20, 10, 9
2021/3/12, 169, 64, 38, 25, 5, 10
2021/3/13, 128, 74, 49, 20, 6, 10
2021/3/14, 168, 170, 37, 6, 4, 6
2021/3/15, 99, 147, 31, 8, 4, 5
2021/3/16, 57, 56, 29, 22, 5, 9
2021/3/17, 87, 59, 33, 21, 4, 9
2021/3/18, 101, 68, 35, 21, 6, 8
2021/3/19, 125, 46, 18, 19, 3, 5
2021/3/20, 116, 25, 29, 6, 3, 3
2021/3/21, 65, 28, 28, 10, , 3
2021/3/22, 56, 119, 19, 18, 3, 7
2021/3/23, 108, 63, 36, 17, 3, 6
2021/3/24, 102, 59, 37, 13, 3, 4
2021/3/25, 91, 60, 60, 17, , 5
2021/3/26, 121, 70, 56, 15, 3, 7
2021/3/27, 143, 240, 32, 15, 3, 6
2021/3/28, 133, 86, 27, 7, , 3
2021/3/29, 40, 39, 42, 15, 3, 5
2021/3/30, 73, 65, 41, 19, 3, 7
2021/3/31, 118, 69, 32, 21, 3, 6
2020/10/1, 83, 21, 26, 5, 2, 3
2020/10/2, 36, 20, 27, 8, 2, 3
2020/10/3, 45, 15, 26, 5, 1, 2
2020/10/4, 22, 11, 18, 5, 2, 2
2020/10/5, 21, 37, 25, 12, 2, 6
2020/10/6, 65, 51, 38, 16, 3, 8
2020/10/7, 86, 61, 64, 15, 3, 10
2020/10/8, 118, 44, 44, 13, 2, 6
2020/10/9, 66, 52, 57, 12, 4, 6
2020/10/10, 92, 32, 57, 12, 2, 5
2020/10/11, 65, 21, 28, 12, 2, 3
2020/10/12, 25, 40, 19, 11, 2, 3
2020/10/13, 44, 20, 22, 8, 2, 3
2020/10/14, 31, 34, 28, 13, 3, 4
2020/10/15, 56, 35, 27, 15, 3, 5
2020/10/16, 69, 39, 28, 12, 3, 5
2020/10/17, 61, 25, 28, 14, 3, 4
2020/10/18, 46, 62, 29, 19, 9, 10
2020/10/19, 83, 66, 50, 15, 6, 18
2020/10/20, 139, 79, 32, 9, 3, 2
2020/10/21, 74, 23, 27, 9, 3, 2
2020/10/22, 28, 28, 23, 12, 4, 3
2020/10/23, 46, 28, 25, 13, 6, 4
2020/10/24, 50, 43, 23, 19, 7, 6
2020/10/25, 82, 70, 28, 23, 4, 11
2020/10/26, 138, 31, 23, 9, 4, 3
2020/10/27, 38, 26, 17, 10, 6, 4
2020/10/28, 45, 52, 16, 16, 5, 6
2020/10/29, 89, 57, 15, 19, 9, 9
2020/10/30, 110, 73, 26, 16, 19, 9
2020/10/31, 137, 31, 19, 8, 4, 4
2020/11/1, 28, 27, 19, 8, 5, 4
2020/11/2, 36, 24, 19, 9, 5, 3
2020/11/3, 39, 36, 19, 18, 8, 5
2020/11/4, 63, 61, 20, 21, 7, 10
2020/11/5, 132, 58, 24, 16, 8, 8
2020/11/6, 92, 52, 19, 12, 6, 5
2020/11/7, 54, 24, 15, 7, 4, 5
2020/11/8, 32, 25, 17, 10, 5, 5
2020/11/9, 43, 44, 14, 19, 5, 6
2020/11/10, 78, 62, 28, 18, 6, 9
2020/11/11, 145, 55, 31, 12, 5, 6
2020/11/12, 90, 31, 14, 16, 5, 6
2020/11/13, 54, 66, 20, 20, 4, 9
2020/11/14, 137, 65, 21, 16, 6, 8
2020/11/15, 145, 53, 16, 18, 5, 7
2020/11/16, 111, 82, 28, 22, 6, 10
2020/11/17, 184, 64, 11, 10, 3, 7
2020/11/18, 130, 16, 18, 4, 2, 2
2020/11/19, 40, 20, 15, 13, 5, 4
2020/11/20, 60, 39, 12, 21, 8, 6
2020/11/21, 110, 29, 16, 16, 7, 5
2020/11/22, 81, 29, 19, 19, 8, 4
2020/11/23, 71, 40, 13, 25, 8, 4
2020/11/24, 108, 48, 14, 23, 8, 8
2020/11/25, 129, 45, 10, 23, 9, 9
2020/11/26, 123, 35, 15, 21, 7, 8
2020/11/27, 97, 39, 11, 23, 13, 9
2020/11/28, 100, 53, 11, 23, 8, 9
2020/11/29, 138, 32, 16, 18, 8, 4
2020/11/30, 79, 32, 14, 20, 12, 4
2020/12/1, 81, 35, 16, 17, 12, 4
2020/12/2, 93, 29, 20, 16, 10, 3
2020/12/3, 73, 31, 18, 15, 11, 4
2020/12/4, 70, 41, 18, 18, 15, 5
2020/12/5, 97, 45, 19, 16, 8, 6
2020/12/6, 110, 29, 16, 13, 8, 3
2020/12/7, 68, 33, 18, 15, 13, 4
2020/12/8, 75, 47, 15, 17, 9, 7
2020/12/9, 103, 41, 19, 15, 11, 4
2020/12/10, 87, 40, 12, 18, 10, 4
2020/12/11, 85, 45, 12, 20, 11, 5
2020/12/12, 112, 42, 14, 15, 10, 5
2020/12/13, 103, 30, 15, 10, 8, 4
2020/12/14, 71, 29, 12, 13, 12, 5
2020/12/15, 69, 46, 10, 18, 16, 6
2020/12/16, 111, 46, 13, 18, 15, 6
2020/12/17, 105, 41, 16, 10, 7, 2
2020/12/18, 57, 30, 12, 15, 10, 3
2020/12/19, 68, 46, 15, 19, 12, 5
2020/12/20, 113, 48, 18, 19, 16, 6
2020/12/21, 106, 56, 15, 18, 10, 9
2020/12/22, 142, 112, 19, 13, 8, 7
2020/12/23, 134, 50, 14, 14, 9, 5
2020/12/24, 114, 37, 14, 13, 9, 4
2020/12/25, 78, 41, 13, 16, 9, 6
2020/12/26, 81, 68, 9, 21, 14, 11
2020/12/27, 151, 55, 11, 18, 18, 8
2020/12/28, 140, 40, 15, 12, 9, 5
2020/12/29, 91, 39, 15, 10, 9, 2
2020/12/30, 62, 31, 19, 11, 8, 2
2020/12/31, 54, 42, 8, 15, 9, 3
2021/1/1, 93, , , , , 
2020/7/1, 46, 53, 55, 17, 2, 4
2020/7/2, 75, 43, 74, 13, 2, 5
2020/7/3, 69, 45, 70, 10, 1, 5
2020/7/4, 88, 29, 46, 6, 1, 5
2020/7/5, 64, 25, 43, 6, 1, 4
2020/7/6, 47, 27, 31, 8, 1, 3
2020/7/7, 63, 34, 49, 13, 1, 4
2020/7/8, 65, 44, 66, 19, 1, 5
2020/7/9, 74, 47, 65, 15, 2, 5
2020/7/10, 76, 44, 60, 20, 2, 5
2020/7/11, 69, 48, 75, 22, 2, 5
2020/7/12, 69, 46, 66, 18, 2, 4
2020/7/13, 57, 33, 43, 11, 2, 4
2020/7/14, 41, 48, 48, 20, 2, 6
2020/7/15, 66, 49, 85, 11, 2, 6
2020/7/16, 78, 59, 101, 7, 1, 7
2020/7/17, 104, 47, 101, 6, 1, 6
2020/7/18, 78, 41, 57, 11, 1, 5
2020/7/19, 63, 24, 35, 7, 1, 4
2020/7/20, 32, 26, 41, 12, 1, 3
2020/7/21, 44, 55, 102, 15, 1, 7
2020/7/22, 89, 50, 96, 15, 1, 7
2020/7/23, 82, 46, 73, 12, 2, 5
2020/7/24, 68, 29, 52, 9, 1, 3
2020/7/25, 42, 29, 66, 7, 1, 4
2020/7/26, 40, 33, 63, 10, 1, 4
2020/7/27, 54, 19, 34, 6, 1, 4
2020/7/28, 48, 22, 40, 8, 1, 5
2020/7/29, 41, 24, 63, 5, 1, 5
2020/7/30, 56, 53, 81, 6, 1, 6
2020/7/31, 102, 26, 61, 6, 1, 3
2020/8/1, 43, 18, 38, 7, 1, 3
2020/8/2, 34, 28, 61, 8, , 4
2020/8/3, 50, 20, 51, 6, 1, 3
2020/8/4, 39, 19, 44, 6, , 4
2020/8/5, 36, 35, 38, 12, 1, 4
2020/8/6, 44, 22, 35, 8, 1, 3
2020/8/7, 24, 35, 72, 14, 1, 5
2020/8/8, 52, 28, 38, 8, 1, 5
2020/8/9, 53, 31, 68, 7, 1, 5
2020/8/10, 70, 40, 72, 9, 1, 5
2020/8/11, 70, 32, 59, 5, 1, 4
2020/8/12, 63, 26, 39, 9, 1, 5
2020/8/13, 41, 17, 35, 3, 1, 4
2020/8/14, 26, 13, 36, 6, 1, 3
2020/8/15, 22, 38, 50, 14, 1, 4
2020/8/16, 48, 41, 33, 15, 1, 6
2020/8/17, 60, 30, 46, 5, , 5
2020/8/18, 61, 12, 37, 4, , 3
2020/8/19, 23, 24, 27, 7, 1, 3
2020/8/20, 34, 32, 34, 10, 1, 3
2020/8/21, 39, 42, 50, 12, 1, 5
2020/8/22, 62, 50, 51, 12, 1, 6
2020/8/23, 78, 22, 46, 10, 1, 5
2020/8/24, 46, 25, 45, 8, 1, 5
2020/8/25, 53, 36, 45, 14, 1, 6
2020/8/26, 61, 16, 19, 6, 1, 4
2020/8/27, 35, 14, 24, 6, , 5
2020/8/28, 30, 18, 18, 5, 1, 4
2020/8/29, 22, 29, 33, 10, 1, 4
2020/8/30, 46, 44, 77, 11, 1, 7
2020/8/31, 81, 23, 58, 6, 1, 4
2020/9/1, 53, 30, 44, 8, 1, 5
2020/9/2, 59, 17, 30, 6, 1, 3
2020/9/3, 34, 13, 24, 3, 1, 3
2020/9/4, 35, 24, 57, 5, 1, 4
2020/9/5, 52, 38, 59, 10, 1, 5
2020/9/6, 72, 43, 42, 11, 1, 5
2020/9/7, 71, 5, 34, 2, 1, 3
2020/9/8, 16, 4, 23, 5, 1, 3
2020/9/9, 9, 11, 15, 8, 1, 4
2020/9/10, 38, 21, 27, 7, 1, 4
2020/9/11, 44, 29, 20, 9, 2, 4
2020/9/12, 40, 31, 22, 10, 2, 4
2020/9/13, 38, 43, 28, 14, 1, 6
2020/9/14, 61, 38, 34, 12, 1, 6
2020/9/15, 58, 17, 37, 6, 2, 3
2020/9/16, 29, 15, 30, 6, 1, 2
2020/9/17, 16, 14, 22, 6, 1, 2
2020/9/18, 30, 14, 14, 9, 1, 4
2020/9/19, 31, 16, 17, 8, 1, 3
2020/9/20, 37, 29, 20, 12, 1, 4
2020/9/21, 48, 30, 20, 15, 1, 7
2020/9/22, 65, 32, 30, 14, 1, 6
2020/9/23, 67, 44, 36, 15, 1, 7
2020/9/24, 82, 52, 36, 16, 2, 9
2020/9/25, 93, 69, 35, 19, 2, 12
2020/9/26, 111, 42, 50, 13, 2, 6
2020/9/27, 71, 40, 50, 9, 2, 6
2020/9/28, 87, 29, 31, 11, 2, 4
2020/9/29, 57, 56, 32, 17, 2, 7
2020/9/30, 97, 46, 28, 13, 2, 6
2020/4/1, 148, 65, 59, 13, 5, 5
2020/4/2, 137, 161, 46, 14, 4, 5
2020/4/3, 133, 69, 39, 10, 4, 5
2020/4/4, 142, 118, 85, 25, 8, 10
2020/4/5, 245, 110, 78, 24, 6, 11
2020/4/6, 300, 59, 48, 12, 4, 5
2020/4/7, 122, 55, 29, 9, 2, 4
2020/4/8, 110, 36, 39, 10, 2, 3
2020/4/9, 86, 70, 54, 25, 4, 9
2020/4/10, 208, 77, 48, 24, 4, 9
2020/4/11, 212, 97, 73, 30, 5, 9
2020/4/12, 211, 132, 78, 36, 5, 13
2020/4/13, 303, 121, 94, 16, 7, 9
2020/4/14, 210, 194, 77, 42, 13, 18
2020/4/15, 426, 190, 100, 33, 8, 16
2020/4/16, 326, 179, 78, 26, 6, 16
2020/4/17, 324, 124, 72, 27, 5, 14
2020/4/18, 245, 105, 72, 14, 4, 11
2020/4/19, 192, 11, 43, 5, 2, 7
2020/4/20, 58, 23, 32, 3, 1, 4
2020/4/21, 26, 12, 21, 4, 2, 3
2020/4/22, 33, 23, 32, 8, 2, 4
2020/4/23, 54, 32, 39, 10, 2, 4
2020/4/24, 66, 24, 38, 6, 2, 3
2020/4/25, 50, 33, 36, 11, 2, 5
2020/4/26, 66, 52, 44, 14, 2, 6
2020/4/27, 89, 59, 48, 14, 3, 7
2020/4/28, 110, 47, 43, 14, 3, 7
2020/4/29, 108, 55, 68, 16, 3, 7
2020/4/30, 121, 82, 107, 7, 5, 9
2020/5/1, 126, 73, 107, 7, 5, 9
2020/5/2, 125, 51, 64, 8, 2, 6
2020/5/3, 80, 22, 39, 4, 2, 4
2020/5/4, 46, 37, 42, 10, 2, 4
2020/5/5, 73, 45, 49, 16, 2, 4
2020/5/6, 90, 56, 64, 12, 3, 4
2020/5/7, 105, 47, 46, 6, 3, 5
2020/5/8, 90, 42, 54, 11, 2, 5
2020/5/9, 76, 116, 55, 10, 2, 4
2020/5/10, 74, 55, 37, 4, 2, 2
2020/5/11, 44, 17, 36, 7, , 2
2020/5/12, 32, 26, 42, 11, 2, 2
2020/5/13, 42, 109, 83, 9, 3, 5
2020/5/14, 84, 52, 70, 9, 2, 3
2020/5/15, 75, 35, 48, 9, 2, 4
2020/5/16, 83, 33, 39, 11, 2, 6
2020/5/17, 62, 43, 31, 9, 2, 4
2020/5/18, 53, 17, 26, 5, 2, 3
2020/5/19, 23, 14, 23, 9, 2, 3
2020/5/20, 39, 31, 40, 10, 2, 5
2020/5/21, 77, 22, 34, 9, 2, 5
2020/5/22, 55, 13, 35, 9, , 5
2020/5/23, 45, 29, 43, 9, , 5
2020/5/24, 51, 26, 43, 9, 2, 3
2020/5/25, 33, 16, 36, 9, 2, 3
2020/5/26, 35, 40, 39, 17, 2, 4
2020/5/27, 62, 35, 51, 11, 2, 4
2020/5/28, 50, 46, 56, 13, 2, 4
2020/5/29, 61, 58, 89, 8, 2, 4
2020/5/30, 87, 48, 75, 6, 2, 4
2020/5/31, 80, 19, 53, 9, , 4
2020/6/1, 39, 60, 50, 14, 2, 4
2020/6/2, 59, 37, 50, 7, 2, 4
2020/6/3, 40, 24, 40, 8, 1, 3
2020/6/4, 35, 25, 36, 12, 2, 3
2020/6/5, 49, 39, 59, 19, 2, 4
2020/6/6, 53, 50, 91, 18, 2, 4
2020/6/7, 71, 62, 124, 12, 4, 6
2020/6/8, 107, 54, 89, 13, 4, 5
2020/6/9, 121, 44, 68, 19, 2, 4
2020/6/10, 84, 19, 51, 6, 2, 3
2020/6/11, 34, 48, 96, 18, 3, 5
2020/6/12, 75, 54, 119, 14, 3, 5
2020/6/13, 87, 18, 72, 4, 1, 3
2020/6/14, 25, 22, 40, 7, 3, 3
2020/6/15, 27, 23, 46, 12, 1, 3
2020/6/16, 34, 34, 76, 12, 3, 3
2020/6/17, 48, 29, 42, 11, 2, 3
2020/6/18, 33, 35, 43, 16, 2, 3
2020/6/19, 41, 41, 108, 17, 2, 5
2020/6/20, 65, 51, 100, 7, 2, 7
2020/6/21, 113, 39, 80, 9, 1, 6
2020/6/22, 80, 39, 55, 13, 2, 5
2020/6/23, 69, 26, 47, 15, 1, 4
2020/6/24, 52, 24, 39, 9, 1, 3
2020/6/25, 43, 18, 26, 11, 1, 3
2020/6/26, 37, 22, 38, 11, 1, 3
2020/6/27, 44, 30, 50, 16, 1, 3
2020/6/28, 48, 46, 57, 19, 2, 4
2020/6/29, 73, 30, 47, 11, 1, 3
2020/6/30, 43, 32, 41, 13, 1, 3
2020/1/1, 148, 66, 21, 23, 14, 11
2020/1/2, 159, 67, 21, 30, 21, 13
2020/1/3, 176, 85, 21, 34, 21, 15
2020/1/4, 192, 60, 28, 24, 8, 13
2020/1/5, 172, 59, 19, 29, 11, 13
2020/1/6, 159, 109, 19, 23, 16, 12
2020/1/7, 221, 56, 19, 16, 13, 7
2020/1/8, 146, 52, 19, 24, 21, 8
2020/1/9, 157, 63, 24, 21, 13, 10
2020/1/10, 171, 69, 21, 31, 19, 10
2020/1/11, 172, 72, 15, 28, 14, 12
2020/1/12, 190, 62, 16, 27, 22, 9
2020/1/13, 161, 91, 10, 34, 21, 14
2020/1/14, 208, 57, 24, 28, 9, 12
2020/1/15, 212, 72, 23, 33, 17, 13
2020/1/16, 218, 61, 24, 26, 10, 12
2020/1/17, 193, 65, 33, 26, 11, 13
2020/1/18, 195, 95, 39, 23, 15, 12
2020/1/19, 202, 70, 29, 25, 14, 9
2020/1/20, 174, 41, 32, 11, 6, 5
2020/1/21, 80, 56, 30, 17, 13, 8
2020/1/22, 155, 59, 34, 17, 10, 8
2020/1/23, 164, 43, 28, 14, 12, 5
2020/1/24, 107, 129, 35, 18, 13, 12
2020/1/25, 292, 72, 40, 17, 8, 14
2020/1/26, 258, 76, 36, 24, 8, 15
2020/1/27, 198, 93, 55, 20, 25, 15
2020/1/28, 243, 69, 34, 10, 15, 9
2020/1/29, 165, 40, 31, 10, 11, 7
2020/1/30, 132, 60, 36, 22, 11, 13
2020/1/31, 205, 58, 29, 12, 10, 11
2020/2/1, 177, 26, 21, 8, 11, 5
2020/2/2, 59, 31, 26, 8, 11, 5
2020/2/3, 98, 23, 26, 5, 11, 3
2020/2/4, 67, 42, 27, 10, 11, 6
2020/2/5, 126, 38, 35, 6, 8, 7
2020/2/6, 135, 50, 34, 11, 13, 8
2020/2/7, 134, 56, 32, 11, 11, 7
2020/2/8, 132, 52, 38, 8, 13, 7
2020/2/9, 140, 53, 34, 12, 10, 6
2020/2/10, 138, 54, 48, 7, 9, 6
2020/2/11, 150, 43, 44, 11, 9, 7
2020/2/12, 131, 50, 36, 9, 5, 7
2020/2/13, 140, 18, 24, 4, 8, 1
2020/2/14, 49, 29, 28, 6, 11, 2
2020/2/15, 81, 26, 27, 3, 8, 2
2020/2/16, 64, 22, 26, 7, 6, 3
2020/2/17, 69, 38, 29, 11, 10, 5
2020/2/18, 96, 39, 32, 10, 6, 4
2020/2/19, 102, 40, 36, 14, 4, 6
2020/2/20, 116, 46, 30, 12, 6, 6
2020/2/21, 130, 37, 27, 8, 6, 3
2020/2/22, 93, 37, 33, 9, 6, 4
2020/2/23, 80, 28, 30, 9, 6, 3
2020/2/24, 73, 37, 32, 11, 6, 4
2020/2/25, 113, 32, 30, 10, 9, 4
2020/2/26, 96, 37, 32, 14, 6, 6
2020/2/27, 93, 33, 28, 11, 7, 7
2020/2/28, 106, 36, 34, 11, 7, 6
2020/2/29, 113, 47, 31, 15, 6, 7
2020/3/1, 131, 52, 37, 13, 6, 7
2020/3/2, 151, , 38, 11, 6, 6
2020/3/3, 158, 33, 38, 9, 5, 5
2020/3/4, 115, 29, 40, 12, 7, 4
2020/3/5, 83, 36, 41, 10, 6, 6
2020/3/6, 108, 51, 36, 11, 6, 6
2020/3/7, 149, 55, 32, 8, 4, 7
2020/3/8, 144, 42, 33, 8, 5, 5
2020/3/9, 111, 36, 34, 11, 5, 4
2020/3/10, 91, 30, 32, 10, 7, 4
2020/3/11, 75, 186, 30, 6, 5, 3
2020/3/12, 78, 30, 30, 5, 4, 3
2020/3/13, 48, 41, 31, 7, 5, 5
2020/3/14, 72, 29, 28, 5, 3, 4
2020/3/15, 44, 47, 36, 12, 5, 5
2020/3/16, 75, 43, 29, 14, 5, 5
2020/3/17, 112, 47, 44, 11, 4, 5
2020/3/18, 91, 32, 35, 7, 4, 3
2020/3/19, 65, 45, 37, 14, 6, 5
2020/3/20, 98, 50, 40, 12, 7, 4
2020/3/21, 102, 40, 43, 8, 5, 4
2020/3/22, 94, 43, 39, 16, 7, 4
2020/3/23, 103, 46, 42, 16, 3, 4
2020/3/24, 101, 58, 55, 11, 4, 5
2020/3/25, 117, 38, 41, 7, 3, 3
2020/3/26, 59, 55, 30, 7, 4, 2
2020/3/27, 47, 36, 32, 7, 3, 3
2020/3/28, 54, 51, 35, 10, 5, 5
2020/3/29, 92, , , , , 
2019/10/1, 115, 60, 89, 14, 4, 7
2019/10/2, 116, 42, 28, 7, 3, 3
2019/10/3, 45, 15, 16, 8, 4, 3
2019/10/4, 27, 27, 25, 15, 4, 4
2019/10/5, 53, 26, 28, 12, 4, 4
2019/10/6, 54, 40, 37, 11, 5, 6
2019/10/7, 66, 20, 29, 8, 3, 3
2019/10/8, 20, 44, 31, 11, 5, 6
2019/10/9, 47, 37, 39, 11, 4, 6
2019/10/10, 70, 34, 30, 13, 4, 4
2019/10/11, 41, 40, 22, 13, 4, 5
2019/10/12, 51, 27, 22, 12, 4, 4
2019/10/13, 44, 49, 22, 16, 4, 6
2019/10/14, 86, 46, 26, 14, 5, 2
2019/10/15, 67, 55, 29, 25, 7, 9
2019/10/16, 105, 75, 33, 30, 5, 13
2019/10/17, 132, 84, 40, 37, 5, 16
2019/10/18, 145, 61, 44, 30, 5, 11
2019/10/19, 128, 78, 42, 19, 6, 8
2019/10/20, 132, 46, 34, 18, 4, 8
2019/10/21, 68, 81, 26, 29, 6, 17
2019/10/22, 122, 89, 40, 34, 5, 17
2019/10/23, 160, 68, 52, 27, 5, 13
2019/10/24, 147, 21, 44, 7, 4, 5
2019/10/25, 53, 24, 20, 15, 7, 6
2019/10/26, 54, 46, 27, 17, 7, 9
2019/10/27, 97, 48, 38, 12, 6, 8
2019/10/28, 96, 20, 27, 11, 6, 4
2019/10/29, 48, 39, 27, 13, 8, 6
2019/10/30, 99, 62, 28, 10, 7, 6
2019/10/31, 83, 30, 26, 16, 9, 5
2019/11/1, 57, 37, 26, 14, 8, 5
2019/11/2, 72, 32, 20, 15, 12, 6
2019/11/3, 63, 56, 26, 24, 9, 10
2019/11/4, 99, 36, 24, 14, 10, 6
2019/11/5, 70, 49, 21, 16, 8, 8
2019/11/6, 96, 25, 28, 11, 8, 6
2019/11/7, 60, 44, 23, 17, 8, 8
2019/11/8, 83, 52, 26, 21, 8, 11
2019/11/9, 105, 54, 22, 19, 8, 12
2019/11/10, 143, 23, 26, 10, 6, 7
2019/11/11, 61, 51, 20, 17, 6, 8
2019/11/12, 92, 35, 18, 9, 2, 5
2019/11/13, 81, 19, 22, 7, 5, 5
2019/11/14, 38, 24, 20, 14, 7, 6
2019/11/15, 61, 29, 23, 15, 8, 7
2019/11/16, 71, 38, 14, 17, 5, 9
2019/11/17, 110, 50, 22, 6, 5, 5
2019/11/18, 41, 35, 23, 10, 7, 3
2019/11/19, 51, 42, 19, 19, 10, 6
2019/11/20, 89, 46, 19, 16, 5, 7
2019/11/21, 106, 36, 27, 8, 2, 5
2019/11/22, 73, 37, 30, 12, 4, 5
2019/11/23, 88, 22, 21, 8, 3, 3
2019/11/24, 54, 26, 17, 9, 6, 4
2019/11/25, 54, 38, 16, 11, 6, 6
2019/11/26, 65, 25, 20, 8, 3, 4
2019/11/27, 49, 39, 19, 15, 7, 6
2019/11/28, 79, 50, 20, 19, 7, 9
2019/11/29, 121, 41, 20, 13, 5, 7
2019/11/30, 88, 28, 24, 15, 9, 6
2019/12/1, 78, 23, 23, 9, 6, 5
2019/12/2, 57, 23, 22, 8, 6, 5
2019/12/3, 47, 24, 20, 10, 10, 5
2019/12/4, 58, 45, 20, 15, 11, 7
2019/12/5, 105, 45, 22, 15, 9, 8
2019/12/6, 86, 39, , 17, 9, 9
2019/12/7, 94, 38, 20, 13, 5, 9
2019/12/8, 102, 59, 21, 16, 9, 11
2019/12/9, 156, 57, 16, 21, 14, 9
2019/12/10, 141, 42, 19, 15, 10, 8
2019/12/11, 137, 40, 22, 14, 7, 7
2019/12/12, 100, 37, 20, 17, 10, 9
2019/12/13, 99, 51, 16, 22, 12, 10
2019/12/14, 135, 39, 17, 15, 7, 9
2019/12/15, 90, 39, 17, 15, 7, 9
2019/12/16, 95, 34, 22, 14, 10, 7
2019/12/17, 99, 39, 19, 22, 13, 7
2019/12/18, 110, 55, 17, 21, 11, 9
2019/12/19, 144, 42, 22, 18, 9, 8
2019/12/20, 115, 36, 23, 18, 10, 8
2019/12/21, 107, 53, 19, 28, 17, 11
2019/12/22, 148, 101, 15, 34, 17, 15
2019/12/23, 238, 71, 20, 31, 10, 14
2019/12/24, 237, 94, 25, 26, 15, 12
2019/12/25, 194, 159, 6, 40, 17, 19
2019/12/26, 283, 89, 19, 27, 11, 14
2019/12/27, 208, 79, 7, 35, 20, 18
2019/12/28, 211, 77, 12, 25, 15, 14
2019/12/29, 187, , , , , 
2019/7/1, 34, 27, 50, 10, 2, 4
2019/7/2, 53, 27, 47, 13, 2, 5
2019/7/3, 65, 39, 66, 13, 2, 7
2019/7/4, 79, 49, 72, 13, 2, 7
2019/7/5, 98, 36, 67, 9, 2, 5
2019/7/6, 67, 47, 59, 14, 2, 5
2019/7/7, 91, 41, 61, 14, 3, 4
2019/7/8, 58, 45, 53, 19, 3, 5
2019/7/9, 66, 37, 58, 14, 3, 4
2019/7/10, 62, 32, 57, 9, 2, 4
2019/7/11, 57, 28, 43, 12, 2, 4
2019/7/12, 60, 27, 43, 13, 2, 4
2019/7/13, 50, 43, 41, 20, 3, 5
2019/7/14, 66, 33, 44, 13, 2, 5
2019/7/15, 67, 41, 52, 5, 2, 6
2019/7/16, 82, 48, 54, 10, 2, 7
2019/7/17, 104, 47, 52, 8, 2, 7
2019/7/18, 96, 51, 53, 9, 2, 6
2019/7/19, 104, 51, 50, 13, 2, 7
2019/7/20, 92, 27, 21, 16, 1, 5
2019/7/21, 48, 30, 36, 12, 2, 5
2019/7/22, 60, 43, 39, 14, 1, 7
2019/7/23, 97, 25, 46, 5, 1, 5
2019/7/24, 57, 26, 38, 13, 1, 5
2019/7/25, 51, 33, 41, 9, , 6
2019/7/26, 75, 53, 50, 10, 1, 8
2019/7/27, 115, 42, 48, 5, 1, 6
2019/7/28, 79, 37, 43, 6, 1, 5
2019/7/29, 71, 16, 41, 5, 1, 5
2019/7/30, 42, 37, 51, 5, 1, 7
2019/7/31, 74, 25, 51, 6, 1, 6
2019/8/1, 59, 45, 53, 13, 1, 7
2019/8/2, 83, 29, 43, 9, 1, 6
2019/8/3, 57, 16, 29, 6, 1, 5
2019/8/4, 40, 36, 42, 7, 1, 6
2019/8/5, 72, 36, 36, 8, 1, 6
2019/8/6, 76, 37, 28, 12, 1, 7
2019/8/7, 73, 19, 29, 7, 1, 6
2019/8/8, 48, 23, 33, 9, 1, 6
2019/8/9, 40, 29, 33, 10, 1, 7
2019/8/10, 66, 13, 29, 7, 1, 5
2019/8/11, 35, 22, 21, 8, 2, 6
2019/8/12, 48, 26, 24, 7, 2, 6
2019/8/13, 46, 12, , 9, 2, 5
2019/8/14, 30, 16, 23, 9, , 6
2019/8/15, 45, 9, 17, 7, 2, 5
2019/8/16, 23, 6, 12, 6, 2, 5
2019/8/17, 15, 17, 24, 9, 2, 5
2019/8/18, 42, 30, 37, 15, 2, 6
2019/8/19, 55, 30, 34, 11, 3, 7
2019/8/20, 56, 20, 40, 5, 2, 5
2019/8/21, 45, 21, 35, 9, 2, 5
2019/8/22, 39, 20, 25, 10, 2, 5
2019/8/23, 43, 31, 29, 13, 2, 6
2019/8/24, 54, 33, 35, 14, 2, 7
2019/8/25, 58, 33, 47, 12, 3, 7
2019/8/26, 58, 18, 51, 10, 2, 5
2019/8/27, 45, 23, 42, 11, 2, 4
2019/8/28, 42, 18, 36, 9, 2, 4
2019/8/29, 44, 18, 31, 8, 3, 4
2019/8/30, 42, 24, 34, 10, 3, 4
2019/8/31, 40, 35, 63, 6, 3, 5
2019/9/1, 57, 45, 85, 9, 5, 6
2019/9/2, 72, 60, 93, 14, 4, 10
2019/9/3, 111, 55, 100, 20, 4, 10
2019/9/4, 103, 30, 58, 13, 3, 6
2019/9/5, 50, 22, 38, 11, 3, 6
2019/9/6, 47, 31, 36, 13, 3, 6
2019/9/7, 49, 20, 36, 5, 2, 5
2019/9/8, 37, 26, 36, 13, 3, 4
2019/9/9, 35, 29, 24, 12, 3, 4
2019/9/10, 41, 46, 29, 15, 4, 5
2019/9/11, 64, 37, 30, 15, 3, 5
2019/9/12, 55, 20, 29, 7, 3, 6
2019/9/13, 48, 21, 30, 11, 3, 5
2019/9/14, 42, 23, 35, 10, 3, 4
2019/9/15, 37, 22, 31, 9, 3, 4
2019/9/16, 32, 33, 33, 10, 3, 5
2019/9/17, 41, 18, 29, 8, 3, 3
2019/9/18, 23, 32, 27, 15, 3, 4
2019/9/19, 52, 47, 36, 18, 4, 8
2019/9/20, 80, 22, 32, 16, 3, 4
2019/9/21, 40, 61, 30, 19, 4, 8
2019/9/22, 87, 57, 34, 22, 4, 11
2019/9/23, 90, 45, 29, 17, 3, 7
2019/9/24, 60, 40, 34, 13, 4, 5
2019/9/25, 47, 53, 61, 15, 6, 9
2019/9/26, 81, 53, 67, 21, 4, 9
2019/9/27, 91, 54, 71, 11, 5, 8
2019/9/28, 87, 43, 73, 14, 4, 5
2019/9/29, 57, 62, 77, 15, 5, 9
2019/9/30, 104, 61, 97, 7, 5, 7
2019/4/1, 76, 45, 37, 16, 3, 6
2019/4/2, 92, 60, 37, 12, 5, 6
2019/4/3, 102, 156, 38, 13, 5, 9
2019/4/4, 124, 66, 37, 8, 3, 6
2019/4/5, 83, 50, 35, 11, 3, 6
2019/4/6, 84, 34, 37, 10, 3, 5
2019/4/7, 62, 36, 39, 14, 3, 5
2019/4/8, 78, 53, 46, 23, 4, 7
2019/4/9, 107, 50, 51, 22, 4, 5
2019/4/10, 102, 48, 52, 20, 2, 5
2019/4/11, 93, 71, 54, 16, 3, 6
2019/4/12, 99, 69, 57, 12, 3, 5
2019/4/13, 100, 52, 51, 13, 2, 4
2019/4/14, 71, 64, 51, 13, 4, 5
2019/4/15, 81, 228, 83, 8, 5, 6
2019/4/16, 149, 164, 82, 6, 3, 5
2019/4/17, 115, 57, 60, 7, 2, 4
2019/4/18, 66, 55, 54, 18, 3, 6
2019/4/19, 84, 69, 53, 19, 4, 8
2019/4/20, 111, 95, 58, 19, 3, 7
2019/4/21, 129, 105, 71, 13, 3, 6
2019/4/22, 102, 76, 79, 8, 5, 5
2019/4/23, 112, 71, 79, 11, 2, 3
2019/4/24, 68, 47, 47, 16, 4, 3
2019/4/25, 82, 39, 51, 14, 3, 4
2019/4/26, 75, 55, 65, 17, 3, 5
2019/4/27, 87, 50, 75, 6, 3, 5
2019/4/28, 84, 40, 72, 8, 3, 5
2019/4/29, 86, 45, 62, 11, 3, 5
2019/4/30, 110, 64, 47, 10, 2, 4
2019/5/1, 48, 56, 48, 15, 2, 4
2019/5/2, 75, 73, 54, 23, 3, 9
2019/5/3, 91, 79, 99, 9, 4, 6
2019/5/4, 86, 35, 99, 9, 2, 4
2019/5/5, 52, 31, 45, 13, 2, 4
2019/5/6, 54, 45, 47, 14, 3, 3
2019/5/7, 55, 64, 52, 13, 4, 5
2019/5/8, 103, 68, 51, 22, 3, 7
2019/5/9, 98, 80, 85, 15, 5, 7
2019/5/10, 121, 62, 86, 12, 4, 6
2019/5/11, 116, 53, 81, 11, 3, 5
2019/5/12, 77, 95, 67, 7, 2, 5
2019/5/13, 105, 60, 63, 8, 3, 5
2019/5/14, 92, 70, 90, 8, 3, 4
2019/5/15, 114, 119, 82, 6, 3, 5
2019/5/16, 153, 49, 71, 6, 4, 5
2019/5/17, 68, 35, 47, 8, 3, 4
2019/5/18, 66, 30, 44, 11, 3, 5
2019/5/19, 59, 15, 44, 5, 2, 3
2019/5/20, 24, 24, 34, 13, 2, 4
2019/5/21, 56, 19, 38, 10, 2, 3
2019/5/22, 52, 37, 50, 17, 3, 5
2019/5/23, 68, 72, 124, 13, 4, 7
2019/5/24, 96, 62, 116, 7, 5, 6
2019/5/25, 107, 55, 65, 13, 2, 6
2019/5/26, 67, 10, 34, 6, 2, 4
2019/5/27, 21, 29, 33, 8, 2, 3
2019/5/28, 43, 26, 42, 9, 2, 3
2019/5/29, 43, 47, 38, 7, 3, 3
2019/5/30, 54, 31, 38, 13, , 4
2019/5/31, 59, 21, 46, 8, 2, 3
2019/6/1, 57, 50, 89, 9, 4, 6
2019/6/2, 95, 27, 68, 12, 2, 6
2019/6/3, 65, 33, 55, 12, 2, 6
2019/6/4, 77, 46, 80, 14, 3, 7
2019/6/5, 78, 41, 70, 17, 2, 6
2019/6/6, 62, 45, 65, 18, 3, 7
2019/6/7, 85, 25, 51, 9, 2, 5
2019/6/8, 56, 23, 43, 10, 2, 6
2019/6/9, 59, 25, 54, 15, 2, 6
2019/6/10, 53, 28, 55, 12, 2, 5
2019/6/11, 70, 30, 78, 11, 2, 5
2019/6/12, 62, 36, 76, 12, 3, 6
2019/6/13, 83, 28, 44, 10, 2, 5
2019/6/14, 63, 14, 26, 7, 2, 3
2019/6/15, 23, 24, 36, 9, 2, 4
2019/6/16, 46, 39, 49, 18, 3, 6
2019/6/17, 68, 37, 61, 20, 3, 5
2019/6/18, 61, 51, 70, 20, 3, 7
2019/6/19, 90, 36, 70, 17, 2, 5
2019/6/20, 53, 33, 35, 16, 3, 5
2019/6/21, 41, 44, 34, 24, 2, 8
2019/6/22, 77, 47, 44, 19, 2, 9
2019/6/23, 83, 41, 85, 19, 3, 6
2019/6/24, 68, 49, 87, 12, 3, 5
2019/6/25, 70, 38, 70, 8, 3, 4
2019/6/26, 58, 44, 81, 12, 4, 5
2019/6/27, 80, 30, 82, 12, 2, 5
2019/6/28, 63, 26, 29, 10, 2, 4
2019/6/29, 49, 10, 22, 8, 2, 3
2019/6/30, 20, 16, 26, 10, 2, 3
2019/1/1, 154, 58, 19, 24, 20, 7
2019/1/2, 133, 55, 22, 20, 9, 6
2019/1/3, 128, 51, 22, 16, 13, 6
2019/1/4, 89, 31, 24, 18, 13, 5
2019/1/5, 75, 50, 19, 26, 23, 8
2019/1/6, 114, 59, 22, 20, 14, 8
2019/1/7, 118, 32, 23, 15, 13, 4
2019/1/8, 62, 70, 22, 15, 13, 6
2019/1/9, 79, 58, 20, 24, 20, 13
2019/1/10, 137, 83, 21, 30, 11, 18
2019/1/11, 175, 100, 15, 31, 18, 19
2019/1/12, 207, 127, 9, 33, 14, 27
2019/1/13, 249, 99, 15, 25, 17, 15
2019/1/14, 187, 40, 21, 11, 7, 2
2019/1/15, 55, 58, , 16, 16, 3
2019/1/16, 81, 41, 20, 21, 12, 5
2019/1/17, 91, 49, 19, 27, 10, 8
2019/1/18, 118, 65, 20, 23, 17, 10
2019/1/19, 137, 41, 22, 15, 13, 6
2019/1/20, 72, 56, 23, 19, 11, 7
2019/1/21, 105, 71, 25, 22, 13, 7
2019/1/22, 149, 35, 22, 17, 9, 5
2019/1/23, 79, 65, 24, 20, 8, 11
2019/1/24, 163, 36, 20, 15, 7, 6
2019/1/25, 75, 53, 27, 23, 19, 9
2019/1/26, 141, 95, 22, 18, 10, 11
2019/1/27, 158, 46, 22, 13, 9, 6
2019/1/28, 89, 97, 24, 22, 11, 11
2019/1/29, 223, 109, 25, 9, 8, 5
2019/1/30, 92, 49, 25, 16, 19, 7
2019/1/31, 117, 90, 23, 23, 20, 12
2019/2/1, 170, 93, 27, 21, 18, 15
2019/2/2, 186, 76, 26, 13, 10, 10
2019/2/3, 146, 42, 27, 10, 11, 5
2019/2/4, 84, 42, 27, 8, 8, 3
2019/2/5, 106, 52, 28, 13, 11, 5
2019/2/6, 139, 37, 25, 7, 9, 2
2019/2/7, 85, 41, 26, 13, 18, 4
2019/2/8, 114, 59, 29, 19, 19, 6
2019/2/9, 150, 60, 30, 18, 17, 7
2019/2/10, 160, 62, 29, 17, 16, 9
2019/2/11, 154, 55, 28, 17, 18, 7
2019/2/12, 131, 72, 34, 21, 14, 9
2019/2/13, 179, 91, 37, 23, 13, 10
2019/2/14, 192, 70, 29, 22, 13, 11
2019/2/15, 181, 42, 26, 19, 18, 9
2019/2/16, 124, 38, 28, 16, 15, 7
2019/2/17, 70, 51, 28, 18, 19, 9
2019/2/18, 113, 76, 30, 22, 17, 12
2019/2/19, 178, 81, , 24, 22, 11
2019/2/20, 182, 54, 30, 22, 20, 8
2019/2/21, 129, 63, 39, 28, 17, 10
2019/2/22, 150, 70, 36, 22, 9, 12
2019/2/23, 153, 61, 34, 16, 9, 7
2019/2/24, 118, 54, 33, 20, 12, 7
2019/2/25, 124, 68, 37, 24, 7, 9
2019/2/26, 196, 98, , 30, 7, 12
2019/2/27, 196, 71, 44, 23, 10, 11
2019/2/28, 155, 75, 50, 28, 9, 14
2019/3/1, 155, 100, 56, 21, 9, 13
2019/3/2, 190, 112, 60, 33, 19, 17
2019/3/3, 216, 80, 48, 30, 11, 11
2019/3/4, 177, 77, 50, 20, 5, 10
2019/3/5, 172, 41, 42, 12, 3, 5
2019/3/6, 61, 56, 46, 24, 11, 7
2019/3/7, 115, 66, 42, 15, 7, 7
2019/3/8, 117, 71, 44, 14, 7, 7
2019/3/9, 116, 63, 37, 24, 10, 9
2019/3/10, 126, 66, 41, 17, 9, 7
2019/3/11, 106, 46, 36, 9, 4, 4
2019/3/12, 47, 47, 32, 13, 7, 4
2019/3/13, 59, 48, 35, 15, 6, 5
2019/3/14, 85, 48, 37, 21, 6, 7
2019/3/15, 92, 53, 37, 20, 7, 7
2019/3/16, 111, 68, 39, 18, 6, 8
2019/3/17, 112, 102, 42, 12, 8, 7
2019/3/18, 112, 93, 74, 12, 8, 7
2019/3/19, 146, 106, 68, 19, 8, 9
2019/3/20, 199, 71, 43, 13, 4, 5
2019/3/21, 102, 57, 45, 24, 11, 7
2019/3/22, 113, 33, 38, 13, 9, 5
2019/3/23, 82, 42, 36, 11, 8, 6
2019/3/24, 65, 93, 39, 16, 10, 7
2019/3/25, 114, 31, 38, 9, 4, 3
2019/3/26, 46, 43, 40, 10, 5, 5
2019/3/27, 85, 42, 40, 16, 6, 5
2019/3/28, 86, 59, 45, 22, 6, 8
2019/3/29, 123, 64, 46, 14, 9, 7
2019/3/30, 125, 39, 43, 11, 4, 5
2019/3/31, 79, 38, 37, 12, 3, 4
2018/10/1, 41, 31, 30, 15, 2, 6
2018/10/2, 57, 46, 35, 19, 3, 8
2018/10/3, 91, 64, 57, 23, 4, 13
2018/10/4, 105, 65, 44, 23, 3, 12
2018/10/5, 99, 47, 36, 17, 2, 7
2018/10/6, 60, 44, 26, 16, 3, 4
2018/10/7, 50, 27, 15, 12, 3, 4
2018/10/8, 37, 30, 19, 14, 3, 4
2018/10/9, 44, 22, 18, 12, 3, 4
2018/10/10, 40, 30, 17, 14, 2, 8
2018/10/11, 63, 50, 5, 21, 3, 9
2018/10/12, 95, 44, 47, 14, 4, 7
2018/10/13, 86, 43, 47, 14, 3, 6
2018/10/14, 103, 38, 31, 15, 3, 5
2018/10/15, 52, 40, 25, 18, 3, 5
2018/10/16, 59, 48, 27, 20, 4, 7
2018/10/17, 79, 68, 26, 34, 4, 15
2018/10/18, 123, 54, 32, 26, 5, 8
2018/10/19, 95, 65, 39, 29, 8, 11
2018/10/20, 127, 68, 57, 28, 8, 13
2018/10/21, 153, 66, 50, 16, 6, 11
2018/10/22, 163, 44, 40, 16, 8, 7
2018/10/23, 79, 51, 28, 22, 7, 10
2018/10/24, 92, 60, 38, 22, 6, 10
2018/10/25, 124, 42, 43, 8, 5, 4
2018/10/26, 48, 23, 27, 7, 5, 3
2018/10/27, 26, 16, 19, 10, 7, 4
2018/10/28, 36, 16, 14, 9, 4, 4
2018/10/29, 49, 19, 13, 13, 6, 5
2018/10/30, 54, 31, 16, 16, 9, 6
2018/10/31, 59, 53, 20, 25, 18, 9
2018/11/1, 99, 58, 29, 23, 10, 10
2018/11/2, 125, 76, 63, 18, 9, 11
2018/11/3, 168, 28, 40, 11, 4, 6
2018/11/4, 45, 42, 17, 18, 10, 8
2018/11/5, 76, 54, 17, 21, 5, 8
2018/11/6, 107, 60, 23, 22, 3, 9
2018/11/7, 121, 58, 16, 24, 3, 9
2018/11/8, 124, 41, 17, 16, 3, 5
2018/11/9, 103, 47, 19, 17, 7, 5
2018/11/10, 89, 55, 13, 22, 5, 9
2018/11/11, 104, 49, 19, 18, 3, 6
2018/11/12, 97, 44, 21, 17, 4, 6
2018/11/13, 97, 40, 22, 18, 3, 7
2018/11/14, 83, 37, 17, 14, 4, 6
2018/11/15, 94, 24, 19, 12, 7, 4
2018/11/16, 35, 44, 17, 20, 13, 7
2018/11/17, 91, 58, 16, 21, 6, 11
2018/11/18, 131, 53, 22, 20, 6, 8
2018/11/19, 113, 34, 20, 15, 6, 6
2018/11/20, 68, 41, 21, 16, 7, 6
2018/11/21, 72, 22, 22, 11, 6, 4
2018/11/22, 51, 38, 21, 14, 6, 6
2018/11/23, 71, 50, 22, 19, 11, 9
2018/11/24, 135, 49, 21, 18, 6, 8
2018/11/25, 138, 89, 38, 12, 6, 9
2018/11/26, 154, 56, 32, 10, 6, 4
2018/11/27, 29, 33, 22, 12, 8, 5
2018/11/28, 53, 31, 19, 15, 9, 6
2018/11/29, 71, 49, 19, 16, 7, 8
2018/11/30, 81, 36, 21, 13, 10, 7
2018/12/1, 68, 46, 26, 10, 6, 8
2018/12/2, 101, 70, 25, 10, 4, 8
2018/12/3, 84, 21, 21, 8, 4, 6
2018/12/4, 45, 27, 19, 14, 9, 7
2018/12/5, 67, 31, 20, 14, 7, 5
2018/12/6, 67, 30, 20, 9, 6, 4
2018/12/7, 44, 27, 22, 10, 6, 5
2018/12/8, 47, 43, 21, 17, 15, 8
2018/12/9, 86, 72, 13, 27, 10, 15
2018/12/10, 147, 70, 13, 29, 13, 14
2018/12/11, 140, 52, 24, 18, 12, 8
2018/12/12, 118, 51, 22, 18, 13, 8
2018/12/13, 121, 54, 23, 22, 19, 10
2018/12/14, 131, 65, 21, 17, 14, 11
2018/12/15, 155, 50, 27, 22, 23, 13
2018/12/16, 147, 46, 25, 19, 16, 9
2018/12/17, 72, 33, 28, 17, 18, 7
2018/12/18, 67, 48, 25, 20, 16, 7
2018/12/19, 111, 61, 22, 24, 15, 10
2018/12/20, 135, 43, 23, 20, 13, 8
2018/12/21, 124, 52, 22, 20, 17, 10
2018/12/22, 123, 21, 24, 13, 15, 5
2018/12/23, 46, 45, 21, 18, 18, 9
2018/12/24, 95, 54, 22, 10, 7, 8
2018/12/25, 67, 44, 35, 8, 10, 5
2018/12/26, 48, 37, 21, 11, 12, 4
2018/12/27, 58, 42, 22, 14, 14, 4
2018/12/28, 63, 40, 23, 19, 19, 5
2018/12/29, 86, 48, 20, 22, 25, 6
2018/12/30, 110, , , , , 
2018/7/1, 80, 62, 47, 36, 1, 7
2018/7/2, 99, 50, 63, 17, 2, 5
2018/7/3, 70, 40, 43, 17, 2, 4
2018/7/4, 55, 42, 35, 22, 2, 5
2018/7/5, 59, 30, 42, 13, 2, 4
2018/7/6, 49, 35, 43, 14, 1, 5
2018/7/7, 67, 18, 27, 8, 1, 4
2018/7/8, 44, 23, 30, 8, , 4
2018/7/9, 45, 51, 47, 17, 2, 7
2018/7/10, 90, 31, 36, 15, 2, 6
2018/7/11, 54, 28, 32, 7, , 5
2018/7/12, 48, , 26, 1, , 6
2018/7/14, 76, 44, 63, 6, , 4
2018/7/15, 101, 25, 44, 9, 1, 2
2018/7/16, 44, 32, 49, 7, 1, 3
2018/7/17, 60, 30, 50, 10, 1, 4
2018/7/18, 60, 43, 64, 6, 1, 5
2018/7/19, 69, 34, 60, 8, 1, 4
2018/7/20, 59, 43, 62, 7, 1, 4
2018/7/21, 74, 56, 74, 8, 1, 6
2018/7/22, 115, 48, 71, 7, , 5
2018/7/23, 89, 47, 54, 8, , 5
2018/7/24, 77, 36, 36, 6, 2, 4
2018/7/25, 39, 26, 25, 13, 2, 5
2018/7/26, 48, 37, 53, 15, 3, 5
2018/7/27, 59, 54, 73, 20, 3, 5
2018/7/28, 72, 53, 84, 17, 3, 6
2018/7/29, 79, 58, 103, 17, 2, 6
2018/7/30, 90, 47, 65, 12, 1, 5
2018/7/31, 76, 40, 54, 13, 3, 4
2018/8/1, 49, 53, 61, 19, 5, 4
2018/8/2, 53, 52, 108, 13, 3, 6
2018/8/3, 70, 49, 96, 7, 2, 6
2018/8/4, 86, 15, 39, 7, 2, 4
2018/8/5, 27, 34, 35, 14, 3, 4
2018/8/6, 53, 26, 27, 19, 2, 6
2018/8/7, 52, 35, 25, 15, 2, 5
2018/8/8, 57, 41, 45, 17, 3, 5
2018/8/9, 57, 30, 45, 15, 3, 4
2018/8/10, 40, 43, 46, 15, 3, 4
2018/8/11, 49, 17, 43, 13, 2, 4
2018/8/12, 47, 19, 43, 10, , 5
2018/8/13, 46, 16, 41, 9, , 4
2018/8/14, 34, 29, 37, 9, 3, 4
2018/8/15, 50, 28, 30, 9, 3, 3
2018/8/16, 33, 35, 37, 13, 3, 4
2018/8/17, 43, 39, 38, 10, 4, 4
2018/8/18, 69, 36, 44, 9, 3, 5
2018/8/19, 61, 41, 40, 14, 3, 6
2018/8/20, 73, 18, 38, 9, 3, 4
2018/8/21, 35, 37, 37, 18, 3, 5
2018/8/22, 54, 59, 31, 17, 4, 6
2018/8/23, 68, 18, 35, 9, 2, 4
2018/8/24, 26, 9, 32, 6, 2, 4
2018/8/25, 17, 10, 21, 7, , 3
2018/8/26, 20, 30, 29, 15, 2, 5
2018/8/27, 53, 45, 25, 16, 2, 7
2018/8/28, 61, 16, 21, 11, 2, 5
2018/8/29, 44, 20, 23, 9, 2, 3
2018/8/30, 38, 22, 23, 10, 2, 4
2018/8/31, 36, 42, 30, 13, 3, 6
2018/9/1, 63, 32, 31, 9, 2, 4
2018/9/2, 44, 23, 43, 8, 2, 4
2018/9/3, 47, 16, 41, 8, 2, 3
2018/9/4, 29, 14, 23, 9, 2, 3
2018/9/5, 24, 24, 24, 10, 3, 3
2018/9/6, 35, 20, 29, 10, 3, 2
2018/9/7, 30, 19, 26, 9, 3, 2
2018/9/8, 31, 39, 30, 15, 3, 4
2018/9/9, 60, 48, 32, 16, 3, 5
2018/9/10, 52, 39, 36, 12, 2, 4
2018/9/11, 51, 34, 37, 10, 1, 4
2018/9/12, 56, 44, 59, 10, 2, 5
2018/9/13, 80, 48, 62, 12, 2, 5
2018/9/14, 85, 25, 37, 12, 1, 4
2018/9/15, 47, 31, 32, 12, 2, 3
2018/9/16, 39, 37, 33, 17, 2, 5
2018/9/17, 60, 48, 52, 19, 3, 5
2018/9/18, 62, 55, 44, 24, 3, 6
2018/9/19, 96, 50, 40, 24, 2, 7
2018/9/20, 81, 42, 41, 22, 2, 7
2018/9/21, 88, 32, 25, 11, 2, 3
2018/9/22, 30, 28, 19, 15, 2, 4
2018/9/23, 53, 19, 17, 12, 1, 4
2018/9/24, 50, 34, 26, 15, 2, 6
2018/9/25, 62, 54, 30, 21, 2, 9
2018/9/26, 89, 56, 33, 21, 2, 12
2018/9/27, 88, 37, 25, 19, 2, 7
2018/9/28, 59, 20, 30, 12, 2, 6
2018/9/29, 54, 19, 29, 14, 2, 6
2018/9/30, 48, 20, 25, 9, , 5
2018/4/1, 170, 86, 75, 10, 4, 8
2018/4/2, 133, 46, 51, 10, 3, 6
2018/4/3, 82, 60, 48, 16, 6, 7
2018/4/4, 126, 57, 41, 17, 6, 6
2018/4/5, 141, 66, 39, 16, 5, 6
2018/4/6, 139, 42, 42, 13, 11, 5
2018/4/7, 73, 51, 43, 14, 8, 5
2018/4/8, 76, 70, 51, 23, 5, 8
2018/4/9, 138, 56, 45, 14, 3, 8
2018/4/10, 120, 146, 41, 7, 1, 4
2018/4/11, 79, 53, 39, 12, 2, 5
2018/4/12, 79, 76, 47, 19, 3, 9
2018/4/13, 127, 94, 40, 8, 2, 6
2018/4/14, 89, 47, 46, 13, 2, 6
2018/4/15, 81, 74, 57, 16, 4, 8
2018/4/16, 100, 139, 76, 8, 5, 7
2018/4/17, 112, 78, 91, 9, 6, 9
2018/4/18, 133, 69, 62, 18, 4, 9
2018/4/19, 135, 88, 92, 14, 4, 9
2018/4/20, 117, 45, 81, 11, 3, 8
2018/4/21, 107, 41, 45, 14, 4, 7
2018/4/22, 67, 51, 53, 14, 4, 7
2018/4/23, 80, 87, 70, 27, 6, 11
2018/4/24, 137, 68, 55, 20, 3, 7
2018/4/25, 100, 75, 51, 10, 4, 6
2018/4/26, 83, 59, 51, 17, 3, 6
2018/4/27, 81, 115, 78, 10, 5, 8
2018/4/28, 118, 112, 97, 8, 4, 9
2018/4/29, 130, 36, 71, 10, 3, 6
2018/4/30, 60, 58, 59, 12, 3, 6
2018/5/1, 70, 51, 47, 9, 2, 5
2018/5/2, 79, 69, 45, 12, 2, 4
2018/5/3, 70, 54, 55, 15, 3, 5
2018/5/4, 99, 118, 42, 16, 3, 5
2018/5/5, 102, 84, 44, 15, 2, 4
2018/5/6, 72, 44, 46, 12, 3, 4
2018/5/7, 81, 60, 47, 19, 5, 5
2018/5/8, 102, 49, 49, 19, 7, 6
2018/5/9, 88, 78, 68, 17, 5, 8
2018/5/10, 111, 73, 66, 13, 5, 9
2018/5/11, 137, 45, 55, 14, 3, 9
2018/5/12, 117, 57, 45, 18, 3, 9
2018/5/13, 124, , , , , 
2018/5/24, 72, 44, 43, 18, 4, 4
2018/5/25, 79, 65, 59, 24, 11, 5
2018/5/26, 100, 47, 52, 15, 3, 6
2018/5/27, 103, 18, 43, 13, 2, 5
2018/5/28, 60, 27, 39, 9, 2, 5
2018/5/29, 49, 39, 54, 16, 3, 6
2018/5/30, 81, 48, 83, 16, 4, 6
2018/5/31, 82, 68, 107, 12, 5, 8
2018/6/1, 95, 73, 118, 9, 5, 6
2018/6/2, 113, 75, 121, 9, 4, 6
2018/6/3, 121, 69, 104, 8, 3, 5
2018/6/4, 111, 67, 99, 9, 3, 6
2018/6/5, 109, 57, 84, 13, 3, 7
2018/6/6, 119, 47, 62, 26, 2, 7
2018/6/7, 84, 42, 53, 15, 3, 5
2018/6/8, 63, 41, 67, 18, 4, 6
2018/6/9, 63, 29, 60, 15, 2, 5
2018/6/10, 55, 26, 65, 17, 2, 6
2018/6/11, 60, 35, 59, 24, 2, 6
2018/6/12, 57, 43, 73, 23, 2, 6
2018/6/13, 73, 28, 50, 18, 2, 5
2018/6/14, 58, 18, 45, 12, 2, 4
2018/6/15, 34, 39, 54, 11, 2, 4
2018/6/16, 68, 48, 47, 12, 2, 5
2018/6/17, 105, 46, 77, 7, 2, 5
2018/6/18, 91, 33, 58, 14, 2, 4
2018/6/19, 70, 23, 39, 13, 2, 3
2018/6/20, 41, 28, 43, 19, 2, 4
2018/6/21, 46, 54, 102, 23, 4, 5
2018/6/22, 72, 59, 119, 15, 5, 7
2018/6/23, 120, 46, 75, 23, 6, 4
2018/6/24, 56, 56, 70, 25, 3, 8
2018/6/25, 107, 46, 91, 15, 2, 4
2018/6/26, 80, 25, 80, 13, 2, 4
2018/6/27, 56, 24, 56, 14, 1, 4
2018/6/28, 45, 42, 86, 23, 2, 4
2018/6/29, 62, 48, 107, 14, 2, 5
2018/6/30, 71, 47, 97, 19, 2, 5
2018/1/1, 90, 51, 21, 19, 32, 8
2018/1/2, 84, 62, 21, 23, 42, 9
2018/1/3, 120, 70, 21, 25, 31, 10
2018/1/4, 148, 67, 19, 23, 32, 9
2018/1/5, 143, 70, 23, 23, 36, 9
2018/1/6, 140, 68, 22, 24, 24, 10
2018/1/7, 151, 48, 21, 21, 20, 9
2018/1/8, 119, 33, 23, 13, 12, 6
2018/1/9, 75, 26, , 13, 10, 6
2018/1/10, 80, 37, 30, 21, 25, 7
2018/1/11, 113, 45, 31, 17, 23, 9
2018/1/12, 125, 72, 24, 33, 27, 20
2018/1/13, 166, 49, 29, 18, 31, 9
2018/1/14, 135, 51, 26, 21, 32, 7
2018/1/15, 126, 52, 22, 28, 23, 12
2018/1/16, 150, 79, 18, 27, 21, 15
2018/1/17, 173, 61, 30, 25, 44, 11
2018/1/18, 123, 58, 30, 23, 26, 12
2018/1/19, 114, 35, 34, 14, 21, 6
2018/1/20, 56, 51, 25, 24, 41, 12
2018/1/21, 112, 36, 27, 18, 24, 10
2018/1/22, 90, 35, 32, 12, 21, 7
2018/1/23, 73, 39, 35, 17, 26, 7
2018/1/24, 93, 46, 34, 19, 13, 12
2018/1/25, 114, 54, 32, 22, 40, 11
2018/1/26, 129, 53, 35, 18, 28, 10
2018/1/27, 114, 35, 30, 13, 24, 7
2018/1/28, 61, 42, 32, 18, 28, 9
2018/1/29, 91, 50, 31, 24, 32, 9
2018/1/30, 107, 51, 30, 24, 30, 7
2018/1/31, 114, 54, 32, 24, 23, 10
2018/2/1, 131, 44, 28, 18, 22, 6
2018/2/2, 102, 54, 26, 19, 14, 8
2018/2/3, 141, 53, 29, 22, 23, 11
2018/2/4, 131, 57, 30, 20, 14, 12
2018/2/5, 134, 68, 25, 29, 19, 14
2018/2/6, 159, 63, 28, 27, 14, 12
2018/2/7, 149, 66, 32, 14, 12, 7
2018/2/8, 122, 57, 28, 16, 11, 6
2018/2/9, 110, 49, 27, 11, 15, 4
2018/2/10, 65, 38, 30, 8, 16, 3
2018/2/11, 50, 41, 31, 12, 29, 4
2018/2/12, 59, 64, 49, 14, 21, 7
2018/2/13, 82, 40, 27, 14, 14, 8
2018/2/14, 75, 39, 31, 7, 22, 7
2018/2/15, 72, 59, 29, 7, 10, 7
2018/2/16, 91, 34, 28, 10, 13, 7
2018/2/17, 70, 37, 32, 11, 14, 9
2018/2/18, 92, 33, 32, 12, 20, 8
2018/2/19, 76, 31, 31, 9, 15, 6
2018/2/20, 60, 42, 33, 11, 25, 5
2018/2/21, 77, 39, 33, 15, 14, 6
2018/2/22, 87, 49, 29, 19, 13, 9
2018/2/23, 116, 60, 34, 26, 19, 13
2018/2/24, 142, 53, 34, 23, 16, 13
2018/2/25, 132, 56, 37, 23, 8, 13
2018/2/26, 129, 44, 71, 17, 12, 8
2018/2/27, 106, 59, 35, 23, 10, 10
2018/2/28, 147, 53, 34, 14, 9, 5
2018/3/1, 92, 58, 40, 17, 18, 7
2018/3/2, 88, 61, 35, 16, 7, 6
2018/3/3, 123, 32, 35, 16, 10, 5
2018/3/4, 75, 31, 35, 22, 11, 6
2018/3/5, 86, 28, 34, 21, 7, 6
2018/3/6, 69, 56, 57, 28, 12, 11
2018/3/7, 132, 52, 40, 26, 13, 10
2018/3/8, 132, 51, 51, 25, 8, 11
2018/3/9, 131, 51, 48, 23, 13, 9
2018/3/10, 133, 60, 44, 29, 9, 12
2018/3/11, 140, 67, 51, 19, 9, 10
2018/3/12, 141, 77, 47, 15, 5, 9
2018/3/13, 162, 92, 43, 21, 4, 11
2018/3/14, 180, 17, 35, 9, 3, 4
2018/3/15, 49, 31, 41, 18, 11, 5
2018/3/16, 74, 44, 44, 16, 12, 7
2018/3/17, 100, 58, 35, 17, 11, 8
2018/3/18, 156, 31, 37, 11, 3, 5
2018/3/19, 58, 49, 43, 16, 7, 6
2018/3/20, 84, 65, 45, 27, 11, 8
2018/3/21, 119, 106, 64, 37, 8, 14
2018/3/22, 171, 85, 36, 29, 11, 12
2018/3/23, 174, 68, 49, 20, 17, 9
2018/3/24, 155, 92, 70, 22, 11, 11
2018/3/25, 156, 101, 99, 22, 8, 11
2018/3/26, 165, 93, 102, 10, 8, 9
2018/3/27, 143, 170, 77, 12, 4, 5
2018/3/28, 112, 72, 48, 19, 5, 8
2018/3/29, 156, 118, 72, 31, 8, 13
2018/3/30, 257, 72, 60, 20, 8, 10
2018/3/31, 151, 95, 72, 21, 6, 12
2017/10/1, 74, 45, 27, 18, 4, 9
2017/10/2, 55, 45, 28, 17, 4, 7
2017/10/3, 51, 62, 34, 19, 5, 8
2017/10/4, 96, 58, 50, 12, 6, 10
2017/10/5, 89, 50, 59, 10, 5, 9
2017/10/6, 90, 62, 49, 22, 5, 12
2017/10/7, 132, 91, 46, 32, 5, 16
2017/10/8, 152, 52, 30, 15, 5, 9
2017/10/9, 81, 60, 22, 18, 6, 8
2017/10/10, 79, 46, 29, 17, 5, 8
2017/10/11, 89, 62, 33, 23, 5, 9
2017/10/12, 116, 74, 29, 24, 6, 12
2017/10/13, 140, 62, 35, 21, 6, 11
2017/10/14, 114, 88, 34, 24, 6, 13
2017/10/15, 176, 64, 27, 21, 6, 12
2017/10/16, 152, 75, 31, 24, 8, 10
2017/10/17, 119, 108, 46, 35, 8, 14
2017/10/18, 225, 139, 53, 38, 10, 21
2017/10/19, 211, 116, 45, 32, 7, 21
2017/10/20, 225, 44, 36, 15, 6, 8
2017/10/21, 72, 66, 36, 26, 11, 9
2017/10/22, 117, 74, 33, 30, 11, 15
2017/10/23, 132, 85, 42, 31, 12, 14
2017/10/24, 144, 90, 37, 38, 22, 19
2017/10/25, 157, 132, 47, 42, 12, 27
2017/10/26, 265, 87, 58, 28, 12, 18
2017/10/27, 186, 84, 41, 13, 9, 12
2017/10/28, 122, 47, 28, 16, 13, 11
2017/10/29, 75, 61, 30, 23, 23, 13
2017/10/30, 123, 84, 28, 22, 14, 15
2017/10/31, 133, 74, 39, 21, 14, 11
2017/11/1, 159, 61, 18, 23, 11, 10
2017/11/2, 127, 60, 20, 19, 14, 12
2017/11/3, 202, 56, 22, 20, 25, 10
2017/11/4, 98, 81, 40, 18, 13, 14
2017/11/5, 168, 74, 39, 21, 19, 14
2017/11/6, 181, 100, 28, 20, 11, 15
2017/11/7, 227, 46, 20, 15, 11, 10
2017/11/8, 117, 66, 23, 19, 14, 10
2017/11/9, 149, 38, 21, 11, 5, 4
2017/11/10, 85, 36, 24, 17, 15, 4
2017/11/11, 90, 60, 24, 20, 12, 8
2017/11/12, 123, 60, 27, 17, 14, 8
2017/11/13, 116, 52, 24, 9, 9, 4
2017/11/14, 64, 55, 27, 14, 14, 7
2017/11/15, 127, 69, 13, 21, 24, 10
2017/11/16, 159, 66, 19, 19, 9, 8
2017/11/17, 147, 41, 21, 12, 9, 5
2017/11/18, 84, 48, 21, 16, 18, 7
2017/11/19, 117, 49, 21, 18, 15, 7
2017/11/20, 99, 86, 23, 17, 22, 9
2017/11/21, 121, 46, 14, 9, 14, 6
2017/11/22, 45, 37, 16, 17, 26, 6
2017/11/23, 82, 52, 18, 18, 27, 8
2017/11/24, 107, 55, 21, 18, 22, 9
2017/11/25, 114, 48, 26, 17, 21, 8
2017/11/26, 108, 66, 27, 11, 17, 8
2017/11/27, 92, 83, 30, 11, 10, 8
2017/11/28, 102, 39, 29, 10, 10, 6
2017/11/29, 46, 30, 27, 16, 22, 7
2017/11/30, 63, 47, 24, 22, 34, 10
2017/12/1, 104, 63, 16, 25, 29, 14
2017/12/2, 148, 60, 17, 21, 20, 12
2017/12/3, 138, 48, 22, 19, 33, 10
2017/12/4, 107, 49, 22, 22, 31, 12
2017/12/5, 99, 90, 11, 30, 20, 17
2017/12/6, 178, 80, 13, 25, 16, 14
2017/12/7, 204, 70, 13, 22, 22, 11
2017/12/8, 148, 60, 16, 20, 18, 11
2017/12/9, 128, 51, 17, 13, 12, 7
2017/12/10, 109, 37, 18, 13, 13, 5
2017/12/11, 65, 41, 18, 18, 28, 6
2017/12/12, 88, 72, 13, 27, 40, 10
2017/12/13, 162, 69, 18, 25, 23, 10
2017/12/14, 163, 53, 17, 20, 31, 5
2017/12/15, 121, 40, 17, 17, 32, 4
2017/12/16, 96, 53, , 21, 30, 5
2017/12/17, 105, 43, 14, 20, 24, 5
2017/12/18, 106, 91, 17, 17, 21, 4
2017/12/19, 103, 54, 16, 21, 29, 7
2017/12/20, 114, 58, 24, 20, 24, 9
2017/12/21, 112, 65, 20, 22, 24, 12
2017/12/22, 153, 70, 22, 24, 12, 10
2017/12/23, 148, 56, 22, 19, 15, 8
2017/12/24, 121, 54, 23, 17, 21, 6
2017/12/25, 96, 43, , 15, 20, 6
2017/12/26, 106, 48, 24, 20, 31, 8
2017/12/27, 93, 82, 17, 28, 23, 17
2017/12/28, 160, 82, 18, 28, 26, 14
2017/12/29, 166, 88, 24, 34, 36, 17
2017/12/30, 164, 114, 12, 38, 38, 21
2017/12/31, 202, 72, 21, 16, 21, 9
2017/7/1, 142, 50, 91, 13, 4, 11
2017/7/2, 107, 25, 63, 15, 4, 9
2017/7/3, 49, 40, 63, 19, 4, 9
2017/7/4, 60, 48, 86, 20, 4, 10
2017/7/5, 75, 44, 103, 18, 4, 9
2017/7/6, 66, 43, 90, 14, 3, 8
2017/7/7, 63, 36, 98, 8, 3, 9
2017/7/8, 74, 36, 94, 8, 4, 8
2017/7/9, 65, 28, 74, 13, 4, 7
2017/7/10, 50, 45, 107, 9, 4, 9
2017/7/11, 74, 61, 112, 7, 4, 10
2017/7/12, 117, 46, 99, 11, 3, 10
2017/7/13, 91, 27, 65, 10, 3, 7
2017/7/14, 58, 41, 78, 13, 3, 8
2017/7/15, 68, 44, 77, 13, 3, 8
2017/7/16, 73, 39, 78, 8, 3, 8
2017/7/17, 72, 42, 85, 7, 3, 8
2017/7/18, 79, 48, 68, 11, 3, 9
2017/7/19, 106, 20, 39, 12, 3, 7
2017/7/20, 52, 24, 48, 10, 3, 6
2017/7/21, 39, 44, 84, 19, 5, 8
2017/7/22, 62, 39, 83, 19, 5, 7
2017/7/23, 65, 39, 56, 15, 4, 6
2017/7/24, 54, 38, 47, 17, 4, 6
2017/7/25, 57, 39, 50, 16, 3, 6
2017/7/26, 62, 45, 81, 12, 4, 8
2017/7/27, 74, 24, 51, 11, 3, 6
2017/7/28, 54, 46, 59, 21, 4, 8
2017/7/29, 70, 47, 89, 18, 4, 9
2017/7/30, 80, 53, 94, 13, 4, 10
2017/7/31, 90, 47, 83, 11, 4, 9
2017/8/1, 77, 36, 54, 8, 4, 8
2017/8/2, 63, 17, 40, 9, 8, 7
2017/8/3, 48, 18, 31, 8, 3, 7
2017/8/4, 33, 40, 45, 16, 3, 10
2017/8/5, 61, 24, 46, 20, 3, 8
2017/8/6, 55, 19, 60, 12, 3, 7
2017/8/7, 43, 33, 64, 20, 4, 8
2017/8/8, 49, 31, 61, 15, 3, 7
2017/8/9, 50, 38, 47, 19, 3, 7
2017/8/10, 55, , , , , 
2017/8/21, 53, 48, 47, 12, 4, 12
2017/8/22, 98, 16, 32, 11, 4, 7
2017/8/23, 41, 30, 34, 11, 4, 8
2017/8/24, 63, 35, 27, 8, 4, 7
2017/8/25, 64, 25, 29, 11, 4, 7
2017/8/26, 38, 36, 56, 9, 5, 9
2017/8/27, 52, 27, 29, 8, 4, 7
2017/8/28, 40, 24, 23, 7, 4, 6
2017/8/29, 23, 27, 20, 11, 4, 8
2017/8/30, 45, 41, 30, 16, 5, 9
2017/8/31, 58, 45, 47, 17, 5, 9
2017/9/1, 65, 48, 40, 21, 5, 8
2017/9/2, 66, 48, 49, 21, 5, 10
2017/9/3, 75, 42, 48, 11, 4, 10
2017/9/4, 73, 40, 45, 9, 4, 9
2017/9/5, 61, 23, , 11, 5, 7
2017/9/6, 32, , , , , 
2017/9/11, 30, 29, 30, 13, 5, 7
2017/9/12, 47, 41, 25, 16, 5, 8
2017/9/13, 63, 56, 27, 19, 5, 8
2017/9/14, 73, 45, 22, 22, 4, 8
2017/9/15, 62, 49, 52, 14, 5, 9
2017/9/16, 81, 29, 48, 14, 4, 7
2017/9/17, 45, 54, 36, 24, 5, 9
2017/9/18, 71, 33, 55, 11, 4, 8
2017/9/19, 69, 35, 36, 14, 4, 8
2017/9/20, 50, 37, 43, 16, 4, 10
2017/9/21, 58, 28, 42, 12, 4, 9
2017/9/22, 54, 48, 51, 11, 6, 10
2017/9/23, 58, 46, 46, 13, 5, 10
2017/9/24, 61, 39, 41, 17, 4, 10
2017/9/25, 51, 37, 39, 14, 4, 10
2017/9/26, 66, 34, 29, 18, 5, 9
2017/9/27, 48, 39, 26, 14, 5, 8
2017/9/28, 36, 51, 20, 19, 4, 8
2017/9/29, 43, 50, 29, 20, 4, 10
2017/9/30, 63, 72, 43, 10, 4, 9
2017/4/1, 182, 99, 70, 26, 11, 13
2017/4/2, 172, 127, 99, 35, 13, 18
2017/4/3, 196, 123, 102, 15, 11, 12
2017/4/4, 169, 87, 96, 14, 11, 12
2017/4/5, 164, 75, 59, 17, 11, 11
2017/4/6, 165, 99, 79, 24, 10, 13
2017/4/7, 210, 54, 60, 12, 6, 8
2017/4/8, 85, 52, 51, 17, 8, 8
2017/4/9, 85, 79, 72, 14, 8, 10
2017/4/10, 132, 63, 53, 9, 4, 7
2017/4/11, 69, 57, 44, 10, 4, 7
2017/4/12, 58, 89, 51, 16, 6, 9
2017/4/13, 107, 71, 78, 13, 9, 11
2017/4/14, 137, 85, 87, 12, 7, 11
2017/4/15, 133, 73, 69, 19, 8, 9
2017/4/16, 98, 83, 64, 21, 8, 13
2017/4/17, 167, 58, 48, 16, 4, 10
2017/4/18, 82, 30, 54, 9, 3, 7
2017/4/19, 57, 51, 55, 19, 5, 9
2017/4/20, 98, 60, 63, 26, 4, 12
2017/4/21, 110, 69, 56, 18, 4, 9
2017/4/22, 100, 31, 54, 7, 3, 6
2017/4/23, 48, 30, 41, 10, 3, 7
2017/4/24, 53, 37, 49, 13, 3, 7
2017/4/25, 55, 33, 39, 12, 4, 7
2017/4/26, 45, 47, 47, 21, 6, 8
2017/4/27, 65, 57, 55, 24, 6, 11
2017/4/28, 84, 179, 56, 15, 6, 9
2017/4/29, 103, 48, 50, 11, 5, 8
2017/4/30, 64, 69, 66, 21, 5, 11
2017/5/1, 98, 77, 89, 14, 7, 9
2017/5/2, 95, 68, 100, 8, 6, 8
2017/5/3, 79, 51, 82, 9, 7, 9
2017/5/4, 84, 154, 62, 8, 5, 9
2017/5/5, 132, 432, 52, 5, 4, 7
2017/5/6, 133, 111, 47, 8, 5, 9
2017/5/7, 102, 43, 60, 18, 5, 10
2017/5/8, 76, 74, 89, 17, 6, 9
2017/5/9, 99, 57, 97, 8, 6, 7
2017/5/10, 86, 87, 90, 8, 7, 8
2017/5/11, 121, 98, 81, 12, 5, 7
2017/5/12, 109, 55, 45, 19, 5, 8
2017/5/13, 89, 15, 43, 8, 4, 7
2017/5/14, 47, 24, 39, 13, 5, 8
2017/5/15, 51, 36, 60, 16, 4, 9
2017/5/16, 65, 47, 83, 13, 5, 9
2017/5/17, 70, 82, 124, 9, 6, 10
2017/5/18, 102, 69, 123, 11, 7, 10
2017/5/19, 120, 66, 121, 21, 10, 9
2017/5/20, 122, 43, 79, 6, 5, 7
2017/5/21, 76, 38, 41, 11, 4, 8
2017/5/22, 70, 42, 50, 9, 4, 7
2017/5/23, 83, 32, 51, 12, 5, 7
2017/5/24, 58, 22, 46, 8, 4, 6
2017/5/25, 39, 41, 50, 17, 7, 7
2017/5/26, 68, 53, 60, 25, 5, 10
2017/5/27, 80, 65, 89, 18, 5, 8
2017/5/28, 87, 67, 66, 12, 5, 6
2017/5/29, 85, 37, 46, 10, 4, 7
2017/5/30, 89, 49, 61, 28, 4, 9
2017/5/31, 101, 36, 38, 17, 5, 8
2017/6/1, 65, 18, 31, 12, 5, 7
2017/6/2, 49, 30, 37, 19, 6, 8
2017/6/3, 63, 22, 43, 18, 5, 8
2017/6/4, 54, 42, 60, 20, 4, 9
2017/6/5, 72, 50, 73, 23, 5, 9
2017/6/6, 82, 39, 61, 12, 4, 9
2017/6/7, 99, 34, 43, 14, 4, 8
2017/6/8, 68, 52, 37, 17, 5, 7
2017/6/9, 72, 31, 27, 14, 6, 7
2017/6/10, 51, 46, 26, 16, 5, 8
2017/6/11, 73, 108, 35, 20, 5, 8
2017/6/12, 77, 68, 65, 23, 5, 11
2017/6/13, 100, 56, 76, 18, 7, 8
2017/6/14, 92, 54, 54, 25, 6, 8
2017/6/15, 79, 48, 89, 21, 5, 7
2017/6/16, 88, 67, 104, 23, 6, 11
2017/6/17, 122, 61, 118, 10, 6, 9
2017/6/18, 110, 37, 109, 11, 5, 9
2017/6/19, 83, 22, 94, 12, 4, 8
2017/6/20, 61, 20, 66, 11, 4, 8
2017/6/21, 51, 29, 58, 14, 4, 8
2017/6/22, 53, 46, 75, 27, 4, 10
2017/6/23, 69, 65, 92, 37, 5, 13
2017/6/24, 97, 42, 69, 29, 4, 10
2017/6/25, 79, 30, 63, 18, 4, 9
2017/6/26, 56, 49, 108, 23, 4, 10
2017/6/27, 78, 48, 110, 18, 4, 9
2017/6/28, 78, 52, , 11, 4, 10
2017/6/29, 82, 61, , 12, 4, 12
2017/6/30, 123, 66, 108, 11, 4, 14
2017/1/2, 139, 57, 31, 23, 29, 14
2017/1/3, 142, 68, 22, 34, 36, 15
2017/1/4, 150, 146, 22, 35, 33, 17
2017/1/5, 186, 73, 28, 39, 37, 20
2017/1/6, 204, 153, 27, 48, 45, 29
2017/1/7, 335, 176, 18, 55, 56, 28
2017/1/8, 348, 47, 33, 17, 24, 10
2017/1/9, 101, 48, 34, 12, 20, 9
2017/1/10, 61, 39, 32, 19, 30, 10
2017/1/11, 81, 35, 35, 18, 30, 10
2017/1/12, 88, 47, 31, 14, 26, 10
2017/1/13, 75, 32, 28, 14, 27, 10
2017/1/14, 73, 51, , 22, 34, 14
2017/1/15, 131, 102, 18, 35, 35, 22
2017/1/16, 202, 114, 21, 42, 35, 24
2017/1/17, 226, 76, 24, 30, 35, 20
2017/1/18, 222, 73, 26, 24, 24, 14
2017/1/19, 165, 59, 26, 21, 30, 12
2017/1/20, 143, 62, 24, 23, 33, 14
2017/1/21, 154, 57, 29, 21, 39, 13
2017/1/22, 154, 93, 30, 28, 45, 16
2017/1/23, 181, 81, 29, 30, 45, 17
2017/1/24, 178, 72, 40, 20, 34, 16
2017/1/25, 170, 73, 37, 14, 32, 13
2017/1/26, 137, 46, 36, 9, 22, 9
2017/1/27, 70, 74, 37, 17, 33, 14
2017/1/28, 163, 57, 37, 13, 25, 13
2017/1/29, 136, 49, 35, 16, 43, 11
2017/1/30, 127, 53, 39, 11, 28, 11
2017/1/31, 116, 35, 38, 11, 32, 9
2017/2/1, 73, 63, 40, 22, 37, 13
2017/2/2, 153, 79, 38, 31, 31, 22
2017/2/3, 191, 92, 52, 20, 27, 21
2017/2/4, 223, 77, 42, 14, 22, 15
2017/2/5, 169, 32, 37, 12, 20, 10
2017/2/6, 80, 62, 30, 20, 22, 14
2017/2/7, 152, 62, 34, 19, 21, 15
2017/2/8, 143, 36, 31, 11, 15, 10
2017/2/9, 88, 36, 30, 11, 16, 9
2017/2/10, 75, 41, 35, 15, 29, 10
2017/2/11, 95, 89, 45, 24, 31, 14
2017/2/12, 196, 93, 46, 28, 25, 18
2017/2/13, 204, 75, 50, 23, 20, 15
2017/2/14, 181, 63, 47, 17, 27, 15
2017/2/15, 156, 84, 74, 8, 13, 9
2017/2/16, 91, 39, 39, 12, 18, 9
2017/2/17, 61, 38, 37, 14, 17, 10
2017/2/18, 78, 52, 33, 14, 13, 11
2017/2/19, 112, 36, 38, 16, 17, 10
2017/2/20, 92, 52, 44, 21, 21, 12
2017/2/21, 128, 39, 36, 16, 21, 11
2017/2/22, 101, 36, 46, 22, 27, 11
2017/2/23, 94, 43, 47, 23, 34, 11
2017/2/24, 109, 38, 42, 23, 29, 11
2017/2/25, 96, 51, 24, 32, 21, 14
2017/2/26, 139, 47, 46, 18, 19, 12
2017/2/27, 125, 39, 42, 15, 18, 10
2017/2/28, 99, 27, 37, 12, 12, 9
2017/3/1, 56, 45, 41, 19, 19, 10
2017/3/2, 82, 53, 43, 22, 21, 12
2017/3/3, 118, 41, 38, 12, 10, 10
2017/3/4, 88, 55, 43, 22, 22, 12
2017/3/5, 133, 45, 40, 23, 16, 12
2017/3/6, 114, 33, 37, 13, 15, 10
2017/3/7, 69, 44, 44, 19, 25, 11
2017/3/8, 87, 57, 44, 25, 26, 13
2017/3/9, 111, 72, 46, 28, 18, 15
2017/3/10, 148, 81, 58, 30, 22, 16
2017/3/11, 161, 70, 39, 14, 12, 10
2017/3/12, 95, 35, 41, 17, 13, 10
2017/3/13, 79, 48, 41, 24, 16, 11
2017/3/14, 106, 59, 47, 26, 13, 12
2017/3/15, 122, 79, 71, 27, 13, 15
2017/3/16, 164, 115, 78, 40, 24, 19
2017/3/17, 216, 86, 70, 27, 19, 15
2017/3/18, 192, 61, 56, 19, 12, 10
2017/3/19, 103, 65, 43, 22, 16, 11
2017/3/20, 118, 60, 47, 21, 15, 11
2017/3/21, 134, 58, 45, 21, 17, 11
2017/3/22, 126, 59, 41, 25, 17, 12
2017/3/23, 129, 76, 50, 27, 12, 15
2017/3/24, 154, 70, 60, 23, 10, 13
2017/3/25, 156, 86, 58, 32, 9, 15
2017/3/26, 171, 90, 57, 31, 15, 14
2017/3/27, 165, 83, 55, 24, 16, 12
2017/3/28, 151, 78, 55, 12, 10, 9
2017/3/29, 117, 74, 63, 23, 11, 11
2017/3/30, 160, 100, 67, 30, 12, 15
2017/3/31, 188, 85, 78, 29, 13, 13
2016/10/1, 114, 60, 78, 17, 7, 9
2016/10/2, 143, 39, 68, 13, 4, 7
2016/10/3, 102, 33, 27, 18, 3, 7
2016/10/4, 79, 32, 26, 11, 4, 6
2016/10/5, 82, 46, 30, 16, 4, 8
2016/10/6, 92, 57, 22, 20, 4, 10
2016/10/7, 126, 20, 15, 13, 3, 7
2016/10/8, 71, 28, 24, 13, 4, 6
2016/10/9, 62, 43, 30, 16, 5, 8
2016/10/10, 97, 29, 31, 16, 4, 6
2016/10/11, 66, 43, 26, 18, 4, 8
2016/10/12, 80, 78, 22, 24, 5, 14
2016/10/13, 172, 103, 41, 23, 5, 15
2016/10/14, 202, 64, 66, 17, 8, 12
2016/10/15, 173, 54, 60, 13, 6, 10
2016/10/16, 162, 25, 43, 11, 4, 8
2016/10/17, 57, 66, 31, 22, 6, 10
2016/10/18, 136, 75, 27, 24, 7, 12
2016/10/19, 164, 44, 25, 15, 7, 8
2016/10/20, 83, 65, 24, 24, 11, 10
2016/10/21, 129, 44, 26, 15, 6, 9
2016/10/22, 111, 60, 29, 24, 9, 12
2016/10/23, 117, 72, 23, 26, 13, 13
2016/10/24, 159, 72, 32, 26, 19, 12
2016/10/25, 167, 40, 33, 13, 11, 8
2016/10/26, 86, 87, 42, 27, 18, 12
2016/10/27, 179, 66, 37, 18, 17, 10
2016/10/28, 146, 55, 34, 18, 18, 10
2016/10/29, 114, 80, 19, 25, 17, 14
2016/10/30, 204, 42, 23, 13, 21, 9
2016/10/31, 74, 56, 28, 17, 27, 10
2016/11/1, 108, 60, 27, 20, 22, 11
2016/11/2, 104, 60, 28, 21, 17, 10
2016/11/3, 159, 101, 18, 40, 27, 17
2016/11/4, 309, 105, 29, 25, 12, 14
2016/11/5, 325, 77, 32, 20, 14, 12
2016/11/6, 215, 84, 34, 16, 13, 11
2016/11/7, 191, 47, 33, 18, 18, 9
2016/11/8, 128, 56, 26, 25, 31, 11
2016/11/9, 134, 49, 22, 17, 20, 10
2016/11/10, 119, 40, 30, 14, 16, 9
2016/11/11, 118, 42, 30, 24, 17, 11
2016/11/12, 125, 60, 22, 23, 18, 12
2016/11/13, 148, 60, 34, 10, 12, 9
2016/11/14, 106, 45, 28, 16, 25, 9
2016/11/15, 101, 72, 29, 25, 18, 15
2016/11/16, 198, 105, 33, 26, 19, 17
2016/11/17, 209, 78, 23, 19, 18, 14
2016/11/18, 178, 43, 22, 16, 19, 10
2016/11/19, 113, 27, 26, 13, 21, 9
2016/11/20, 76, 27, , 12, 20, 8
2016/11/21, 68, 32, 28, 14, 21, 8
2016/11/22, 76, 41, 26, 19, 36, 9
2016/11/23, 99, 42, 30, 22, 36, 10
2016/11/24, 110, 55, 29, 22, 18, 12
2016/11/25, 139, 69, 19, 21, 35, 13
2016/11/26, 148, 53, 26, 22, 37, 10
2016/11/27, 125, 51, 27, 19, 23, 10
2016/11/28, 121, 49, 27, 23, 17, 12
2016/11/29, 122, 38, 23, 16, 19, 11
2016/11/30, 101, 33, 26, 16, 26, 9
2016/12/1, 72, 58, 24, 26, 34, 13
2016/12/2, 119, 72, 34, 21, 23, 17
2016/12/3, 180, 44, 33, 16, 23, 13
2016/12/4, 122, 41, 28, 21, 32, 10
2016/12/5, 96, 47, 20, 19, 36, 10
2016/12/6, 107, 69, 22, 26, 46, 13
2016/12/7, 172, 80, 15, 25, 31, 14
2016/12/8, 174, 75, 19, 27, 45, 14
2016/12/9, 174, 55, 26, 22, 29, 12
2016/12/10, 137, 62, 23, 24, 28, 14
2016/12/11, 145, 68, 24, 23, 30, 15
2016/12/12, 166, 51, 25, 19, 27, 12
2016/12/13, 140, 57, 26, 23, 32, 13
2016/12/14, 143, 58, 27, 24, 40, 12
2016/12/15, 147, 61, 21, 28, 44, 13
2016/12/16, 153, 63, 24, 30, 27, 19
2016/12/17, 190, 100, 31, 29, 19, 23
2016/12/18, 222, 102, 26, 29, 25, 20
2016/12/19, 222, 92, 29, 21, 35, 15
2016/12/20, 194, 85, 20, 20, 32, 16
2016/12/21, 179, 71, 23, 17, 32, 11
2016/12/22, 115, 85, 27, 21, 34, 11
2016/12/23, 109, 67, 26, 31, 31, 15
2016/12/24, 182, 64, 32, 23, 38, 14
2016/12/25, 164, 47, 31, 19, 27, 11
2016/12/26, 129, 74, 26, 31, 33, 18
2016/12/27, 191, 80, 27, 19, 36, 12
2016/12/28, 114, 56, 26, 24, 41, 13
2016/12/29, 132, 50, 25, 26, 36, 17
2016/12/30, 148, 79, 22, 27, 28, 21
2016/12/31, 202, , , , , 
2016/7/1, 47, 48, 51, 23, 4, 5
2016/7/2, 95, 37, 69, 16, 2, 4
2016/7/3, 73, 41, 48, 18, 2, 5
2016/7/4, 81, 35, 55, 14, 1, 4
2016/7/5, 70, 30, 70, 11, 2, 4
2016/7/6, 61, 48, 93, 11, 3, 5
2016/7/7, 98, 46, 84, 9, 3, 5
2016/7/8, 106, 54, 79, 11, 3, 5
2016/7/9, 134, 62, 77, 13, 1, 6
2016/7/10, 128, 63, 91, 9, 2, 7
2016/7/11, 130, 45, 80, 10, 2, 5
2016/7/12, 96, 20, 50, 9, 1, 3
2016/7/13, 49, 24, 34, 10, 4, 3
2016/7/14, 51, 40, 47, 17, 7, 4
2016/7/15, 81, 37, 30, 17, 4, 5
2016/7/16, 81, 39, 40, 13, 6, 4
2016/7/17, 95, 45, 69, 20, 4, 5
2016/7/18, 89, 50, 88, 13, 3, 7
2016/7/19, 108, 52, 74, 18, 2, 7
2016/7/20, 108, 40, 46, 19, 2, 6
2016/7/21, 86, 15, 35, 7, 1, 5
2016/7/22, 42, 31, 42, 8, 2, 6
2016/7/23, 70, 32, 48, 9, , 6
2016/7/24, 79, 36, 38, 21, 2, 7
2016/7/25, 67, 22, 55, 9, 3, 4
2016/7/26, 53, 33, 66, 18, 3, 6
2016/7/27, 75, 48, 57, 20, 2, 8
2016/7/28, 96, 28, 67, 11, 2, 5
2016/7/29, 64, 46, 70, 18, 2, 6
2016/7/30, 102, 58, 55, 23, 2, 8
2016/7/31, 121, 39, 56, 14, 3, 5
2016/8/1, 76, 61, 79, 22, 2, 7
2016/8/2, 114, 56, 89, 22, 2, 7
2016/8/3, 96, 53, 102, 13, 1, 6
2016/8/4, 98, 61, 91, 12, 6, 7
2016/8/5, 120, 56, 72, 10, 1, 6
2016/8/6, 106, 22, 47, 8, 2, 3
2016/8/7, 55, 36, 43, 17, 4, 4
2016/8/8, 64, 31, 49, 13, 4, 3
2016/8/9, 59, 50, 57, 9, 2, 6
2016/8/10, 98, 54, 74, 6, 1, 6
2016/8/11, 115, 62, 66, 9, 1, 7
2016/8/12, 143, 54, 64, 12, 1, 5
2016/8/13, 101, 32, 46, 11, 2, 2
2016/8/14, 53, 34, 39, 13, 4, 3
2016/8/15, 52, 42, 41, 15, 5, 3
2016/8/16, 75, 40, 55, 20, 4, 4
2016/8/17, 85, 46, 42, 26, 3, 6
2016/8/18, 91, 28, 48, 12, 4, 4
2016/8/19, 61, 46, 47, 18, 5, 5
2016/8/20, 94, 41, 55, 18, 4, 4
2016/8/21, 80, 34, 56, 15, 4, 4
2016/8/22, 61, 56, 58, 21, 4, 6
2016/8/23, 103, 54, 65, 16, 5, 9
2016/8/24, 103, 23, 46, 11, 3, 4
2016/8/25, 45, 39, 33, 20, 4, 5
2016/8/26, 66, 47, 46, 21, 3, 5
2016/8/27, 81, 52, 42, 21, 6, 5
2016/8/28, 96, 37, 37, 13, 4, 3
2016/8/29, 59, 22, 22, 9, 2, 3
2016/8/30, 42, 13, 10, 6, 2, 4
2016/8/31, 30, 17, 12, 8, 2, 5
2016/9/1, 46, 23, 33, 8, 3, 5
2016/9/2, 59, 40, 50, 16, 3, 7
2016/9/3, 85, 21, 42, 13, 2, 6
2016/9/4, 55, 34, 50, 13, 3, 6
2016/9/5, 76, 79, 48, 14, 3, 6
2016/9/6, 88, 44, 41, 20, 3, 7
2016/9/7, 90, 22, 41, 14, 3, 5
2016/9/8, 65, 20, 28, 20, 3, 6
2016/9/9, 62, 30, 35, 18, 3, 7
2016/9/10, 79, 31, 42, 18, 3, 6
2016/9/11, 89, 54, 31, 22, 4, 8
2016/9/12, 128, 42, 34, 20, 4, 7
2016/9/13, 95, 49, 49, 22, 4, 7
2016/9/14, 105, 34, 46, 9, 3, 5
2016/9/15, 81, 14, 38, 9, 3, 4
2016/9/16, 34, 28, 29, 15, 3, 4
2016/9/17, 63, 27, 29, 16, 4, 4
2016/9/18, 50, 62, 37, 22, 5, 9
2016/9/19, 107, 65, 44, 22, 4, 8
2016/9/20, 111, 57, 56, 22, 4, 7
2016/9/21, 109, 45, 48, 14, 3, 5
2016/9/22, 91, 48, 44, 14, 3, 6
2016/9/23, 124, 45, 59, 11, 3, 6
2016/9/24, 110, 60, 46, 14, 4, 8
2016/9/25, 117, 73, 39, 21, 4, 11
2016/9/26, 160, 29, 42, 10, 3, 6
2016/9/27, 87, 32, 26, 14, 4, 7
2016/9/28, 64, 52, 33, 18, 4, 9
2016/9/29, 94, 52, 43, 24, 6, 8
2016/9/30, 106, 61, 95, 18, 6, 9
2016/4/1, 136, 74, 60, 10, 7, 3
2016/4/2, 59, 55, 42, 11, 7, 3
2016/4/3, 66, 71, 53, 18, 9, 5
2016/4/4, 124, 52, 49, 15, 10, 4
2016/4/5, 81, 76, 78, 16, 9, 6
2016/4/6, 136, 136, 66, 9, 7, 4
2016/4/7, 96, 134, 63, 12, 4, 3
2016/4/8, 95, 49, 59, 11, 8, 2
2016/4/9, 71, 56, 41, 18, 7, 4
2016/4/10, 96, 64, 50, 24, 8, 6
2016/4/11, 119, 66, 47, 22, 5, 7
2016/4/12, 146, 58, 35, 17, 5, 7
2016/4/13, 141, 55, 49, 16, 4, 5
2016/4/14, 129, 61, 50, 20, 3, 6
2016/4/15, 123, 85, 59, 15, 4, 6
2016/4/16, 144, 59, 46, 13, 2, 5
2016/4/17, 87, 39, 46, 13, 3, 4
2016/4/18, 85, 66, 59, 13, 5, 5
2016/4/19, 126, 83, 60, 8, 3, 5
2016/4/20, 112, 81, 75, 11, 3, 5
2016/4/21, 100, 138, 51, 8, 3, 3
2016/4/22, 84, 44, 39, 10, 2, 3
2016/4/23, 62, 83, 54, 18, 3, 5
2016/4/24, 90, 66, 32, 12, 4, 4
2016/4/25, 94, 49, 41, 16, 4, 4
2016/4/26, 88, 87, 57, 26, 5, 7
2016/4/27, 120, 45, 63, 14, 3, 3
2016/4/28, 62, 57, 66, 23, 6, 4
2016/4/29, 79, 38, 53, 15, 3, 4
2016/4/30, 96, 75, 72, 15, 5, 7
2016/5/1, 162, 57, 56, 14, 3, 5
2016/5/2, 113, 19, 41, 9, 1, 3
2016/5/3, 50, 35, 45, 11, 2, 3
2016/5/4, 40, 51, 69, 20, 4, 6
2016/5/5, 79, 95, 56, 10, 2, 3
2016/5/6, 87, 40, 46, 9, 2, 3
2016/5/7, 67, 60, 66, 15, 3, 4
2016/5/8, 73, 69, 74, 12, 6, 4
2016/5/9, 93, 64, 72, 19, 4, 5
2016/5/10, 115, 90, 106, 21, 4, 7
2016/5/11, 104, 43, 92, 10, 2, 4
2016/5/12, 91, 46, 62, 10, 3, 4
2016/5/13, 80, 49, 58, 10, 4, 4
2016/5/14, 71, 46, 50, 12, 2, 4
2016/5/15, 89, 57, 46, 22, 3, 7
2016/5/16, 109, 66, 106, 17, 5, 7
2016/5/17, 97, 69, 115, 10, 6, 5
2016/5/18, 96, 61, 113, 10, 4, 4
2016/5/19, 94, 59, 104, 13, 4, 4
2016/5/20, 92, 55, 92, 13, 5, 3
2016/5/21, 99, 52, 58, 14, 4, 3
2016/5/22, 72, 79, 60, 23, 6, 5
2016/5/23, 128, 38, 62, 9, 2, 5
2016/5/24, 95, 39, 51, 12, 2, 4
2016/5/25, 77, 47, 46, 11, 2, 4
2016/5/26, 78, 74, 82, 13, 4, 4
2016/5/27, 92, 65, 117, 11, 7, 6
2016/5/28, 106, 41, 90, 9, 3, 3
2016/5/29, 70, 48, 50, 14, 3, 3
2016/5/30, 61, 39, 40, 10, 3, 3
2016/5/31, 72, 66, 54, 22, 3, 6
2016/6/1, 119, 70, 62, 27, 2, 7
2016/6/2, 139, 68, 112, 18, 5, 5
2016/6/3, 118, 58, 111, 17, 5, 4
2016/6/4, 128, 74, 111, 20, 7, 6
2016/6/5, 148, 56, 105, 15, 5, 3
2016/6/6, 101, 43, 79, 15, 2, 3
2016/6/7, 97, 44, 55, 19, 2, 3
2016/6/8, 85, 66, 81, 24, 5, 7
2016/6/9, 121, 55, 65, 20, 3, 6
2016/6/10, 159, 20, 44, 10, 2, 3
2016/6/11, 75, 29, 45, 17, 2, 3
2016/6/12, 70, 26, 49, 14, 2, 3
2016/6/13, 67, 54, 59, 23, 3, 6
2016/6/14, 98, 44, 53, 25, 3, 5
2016/6/15, 105, 62, 58, 28, 3, 7
2016/6/16, 117, 54, 56, 26, 3, 7
2016/6/17, 129, 41, 76, 12, 4, 6
2016/6/18, 124, 25, 78, 13, 2, 4
2016/6/19, 67, 35, 80, 15, 2, 4
2016/6/20, 81, 55, 82, 11, 2, 6
2016/6/21, 134, 50, 67, 15, 2, 5
2016/6/22, 121, 16, 52, 7, 1, 2
2016/6/23, 34, 24, 40, 11, 2, 3
2016/6/24, 44, 28, 35, 15, 2, 4
2016/6/25, 66, 34, 52, 17, 2, 4
2016/6/26, 64, 39, 69, 17, 2, 4
2016/6/27, 74, 60, 99, 12, 3, 5
2016/6/28, 126, 38, 85, 9, 2, 4
2016/6/29, 82, 32, 57, 9, 1, 5
2016/6/30, 90, 18, 40, 9, 1, 3
2016/1/4, 75, 51, 22, 13, 33, 4
2016/1/5, 92, 55, 24, 18, 42, 6
2016/1/6, 125, 60, 23, 18, 35, 8
2016/1/7, 118, 68, 23, 22, 42, 7
2016/1/8, 131, 58, 27, 20, 37, 6
2016/1/9, 127, 62, 30, 23, 42, 8
2016/1/10, 138, 65, 30, 23, 42, 9
2016/1/11, 142, 62, 24, 20, 45, 6
2016/1/12, 111, 43, 28, 19, 35, 6
2016/1/13, 97, 56, 28, 22, 36, 9
2016/1/14, 127, 91, 22, 31, 39, 16
2016/1/15, 185, 132, 24, 32, 42, 17
2016/1/16, 258, 101, 22, 32, 51, 13
2016/1/17, 198, 62, 23, 21, 55, 6
2016/1/18, 129, 67, 19, 22, 58, 8
2016/1/19, 154, 71, 19, 27, 54, 10
2016/1/20, 157, 90, 27, 29, 37, 14
2016/1/21, 183, 89, 23, 28, 50, 12
2016/1/22, 175, 67, 24, 22, 54, 8
2016/1/23, 150, 77, 22, 20, 44, 6
2016/1/24, 131, 110, 25, 23, 44, 8
2016/1/25, 146, 49, 27, 16, 33, 4
2016/1/26, 92, 59, 29, 21, 41, 5
2016/1/27, 104, 66, 24, 22, 24, 11
2016/1/28, 144, 64, 12, 23, 34, 9
2016/1/29, 143, 62, 22, 22, 38, 7
2016/1/30, 135, 62, 29, 21, 39, 7
2016/1/31, 137, 62, , 21, 21, 8
2016/2/1, 137, 79, 29, 27, 36, 10
2016/2/2, 166, 82, 32, 21, 25, 8
2016/2/3, 143, 69, 34, 15, 26, 4
2016/2/4, 91, 69, 32, 24, 44, 6
2016/2/5, 114, 71, 32, 23, 34, 9
2016/2/6, 147, 67, 31, 16, 40, 7
2016/2/7, 140, 95, 33, 15, 28, 8
2016/2/8, 176, 75, 37, 18, 29, 8
2016/2/9, 166, 58, 37, 15, 19, 8
2016/2/10, 117, 48, 43, 11, 21, 6
2016/2/11, 96, 49, 36, 12, 13, 7
2016/2/12, 117, 32, 30, 8, 5, 5
2016/2/13, 73, 36, 28, 10, 16, 4
2016/2/14, 60, 46, 34, 13, 36, 4
2016/2/15, 82, 41, 31, 15, 28, 5
2016/2/16, 78, 56, 34, 15, 29, 5
2016/2/17, 78, 50, 36, 15, 22, 7
2016/2/18, 113, 44, 35, 9, 15, 3
2016/2/19, 54, 49, 35, 10, 22, 3
2016/2/20, 66, 43, 33, 12, 24, 4
2016/2/21, 75, 56, 30, 17, 22, 7
2016/2/22, 122, 49, 36, 16, 22, 6
2016/2/23, 115, 51, 37, 15, 22, 6
2016/2/24, 102, 52, 36, 23, 28, 8
2016/2/25, 112, 42, 37, 15, 23, 5
2016/2/26, 91, 57, 37, 20, 18, 8
2016/2/27, 125, 61, 40, 19, 23, 7
2016/2/28, 133, 48, 39, 16, 20, 5
2016/2/29, 99, 59, 39, 17, 19, 5
2016/3/1, 102, 71, 27, 26, 30, 10
2016/3/2, 159, 58, 33, 22, 17, 8
2016/3/3, 146, 75, 36, 24, 18, 10
2016/3/4, 163, 259, 30, 19, 17, 7
2016/3/5, 165, 70, 30, 15, 24, 4
2016/3/6, 87, 38, 31, 17, 20, 5
2016/3/7, 84, 52, 36, 9, 15, 3
2016/3/8, 62, 44, , 11, 20, 4
2016/3/9, 70, 41, 35, 10, 15, 4
2016/3/10, 70, 41, 37, 15, 27, 4
2016/3/11, 75, 72, 43, 14, 19, 6
2016/3/12, 121, 48, 44, 11, 14, 3
2016/3/13, 70, 55, 44, 16, 30, 4
2016/3/14, 114, 91, 53, 20, 34, 9
2016/3/15, 164, 108, 64, 20, 28, 8
2016/3/16, 185, 83, 76, 14, 12, 6
2016/3/17, 155, 75, 83, 12, 11, 5
2016/3/18, 126, 54, 54, 18, 14, 6
2016/3/19, 103, 95, 72, 29, 18, 10
2016/3/20, 182, 97, 72, 22, 15, 8
2016/3/21, 177, 51, 42, 13, 14, 5
2016/3/22, 103, 62, 46, 11, 11, 4
2016/3/23, 111, 62, 44, 17, 15, 6
2016/3/24, 137, 97, 64, 29, 20, 11
2016/3/25, 183, 90, 76, 28, 20, 7
2016/3/26, 170, 96, 70, 26, 17, 7
2016/3/27, 181, 275, 55, 17, 15, 6
2016/3/28, 161, 80, 54, 11, 8, 3
2016/3/29, 71, 60, 45, 16, 11, 5
2016/3/30, 105, 271, 81, 18, 13, 7
2016/3/31, 155, 124, 79, 11, 8, 5
2015/10/1, 68, 43, 30, 6, 2, 2
2015/10/2, 43, 29, 28, 8, 3, 3
2015/10/3, 43, 53, 34, 19, 5, 6
2015/10/4, 80, 76, 77, 14, 7, 8
2015/10/5, 135, 88, 88, 18, 6, 11
2015/10/6, 170, 75, 84, 13, 5, 8
2015/10/7, 159, 54, 69, 11, 3, 5
2015/10/8, 100, 64, 34, 17, 4, 7
2015/10/9, 116, 64, 32, 21, 5, 6
2015/10/10, 99, 45, 21, 17, 3, 4
2015/10/11, 89, 26, 24, 16, 4, 4
2015/10/12, 59, 44, 25, 17, 5, 6
2015/10/13, 73, 74, 27, 21, 4, 14
2015/10/14, 167, 116, 68, 30, 11, 11
2015/10/15, 202, 88, 70, 23, 8, 11
2015/10/16, 188, 88, 77, 18, 8, 11
2015/10/17, 198, 31, 44, 12, 3, 3
2015/10/18, 55, 83, 41, 26, 8, 7
2015/10/19, 187, 64, 34, 22, 10, 4
2015/10/20, 136, 106, 43, 23, 12, 9
2015/10/21, 199, 109, 44, 26, 13, 7
2015/10/22, 217, 80, 41, 23, 15, 7
2015/10/23, 162, 53, 35, 15, 8, 3
2015/10/24, 76, 193, 81, 38, 19, 13
2015/10/25, 257, 159, 43, 34, 18, 11
2015/10/26, 290, 78, 29, 9, 10, 2
2015/10/27, 53, 42, 26, 11, 15, 3
2015/10/28, 58, 58, 26, 15, 21, 5
2015/10/29, 95, 97, 28, 23, 36, 8
2015/10/30, 175, 110, 40, 28, 35, 8
2015/10/31, 200, 102, 42, 28, 26, 8
2015/11/1, 191, 203, 54, 42, 26, 18
2015/11/2, 268, 256, 60, 39, 16, 21
2015/11/3, 326, 119, 59, 25, 19, 7
2015/11/4, 186, 85, 43, 20, 9, 7
2015/11/5, 155, 226, 42, 43, 19, 15
2015/11/6, 298, 240, 37, 40, 17, 15
2015/11/7, 339, 356, 21, 47, 21, 19
2015/11/8, 441, 354, 25, 36, 15, 15
2015/11/9, 397, 66, 33, 17, 13, 7
2015/11/10, 160, 69, 31, 19, 8, 7
2015/11/11, 161, 78, 26, 28, 17, 11
2015/11/12, 168, 64, 31, 25, 16, 10
2015/11/13, 150, 55, 37, 20, 19, 7
2015/11/14, 119, 52, 26, 14, 16, 6
2015/11/15, 114, 58, 20, 16, 15, 6
2015/11/16, 118, 65, 21, 15, 17, 6
2015/11/17, 147, 59, 26, 14, 15, 6
2015/11/18, 129, 48, 21, 12, 12, 6
2015/11/19, 117, 62, 28, 19, 23, 8
2015/11/20, 140, 79, 22, 31, 31, 11
2015/11/21, 166, 89, 25, 26, 28, 12
2015/11/22, 165, 50, 23, 12, 15, 6
2015/11/23, 104, 45, 25, 17, 24, 7
2015/11/24, 98, 61, 27, 19, 24, 9
2015/11/25, 132, 60, 26, 17, 17, 8
2015/11/26, 134, 63, , 24, 45, 7
2015/11/27, 134, 84, 21, 30, 56, 8
2015/11/28, 166, 79, 16, 28, 37, 11
2015/11/29, 165, 71, 19, 21, 34, 8
2015/11/30, 160, 60, 21, 24, 42, 9
2015/12/1, 136, 58, 25, 21, 27, 9
2015/12/2, 198, 57, 21, 18, 25, 6
2015/12/3, 127, 45, 24, 18, 34, 5
2015/12/4, 88, 32, 27, 18, 32, 4
2015/12/5, 81, 53, 25, 23, 35, 8
2015/12/6, 133, 92, 19, 39, 43, 16
2015/12/7, 189, 87, 28, 30, 35, 14
2015/12/8, 193, 92, 23, 25, 29, 11
2015/12/9, 180, 59, 26, 18, 16, 10
2015/12/10, 151, 70, 26, 24, 37, 12
2015/12/11, 168, 103, 20, 33, 40, 16
2015/12/12, 216, 181, 22, 42, 43, 22
2015/12/13, 316, 134, 15, 36, 43, 18
2015/12/14, 261, 57, 23, 19, 27, 6
2015/12/15, 112, 42, 22, 17, 31, 5
2015/12/16, 96, 52, 19, 19, 39, 7
2015/12/17, 121, 59, 22, 24, 41, 9
2015/12/18, 140, 57, 27, 16, 15, 8
2015/12/19, 144, 53, 25, 16, 19, 8
2015/12/20, 127, 90, 22, 28, 36, 14
2015/12/21, 221, 136, 16, 36, 44, 19
2015/12/22, 265, 120, 20, 30, 37, 17
2015/12/23, 224, 86, 27, 28, 39, 12
2015/12/24, 167, 65, 16, 24, 41, 9
2015/12/25, 152, 61, 20, 19, 34, 7
2015/12/26, 145, 68, 19, 20, 43, 7
2015/12/27, 152, 77, 20, 26, 49, 9
2015/12/28, 162, 81, 19, 33, 45, 15
2015/12/29, 177, 180, 17, 45, 47, 26
2015/12/30, 314, 173, 22, 37, 45, 21
2015/12/31, 294, , , , , 
2015/7/1, 54, 33, 38, 20, 4, 4
2015/7/2, 65, 35, 39, 21, 5, 4
2015/7/3, 69, 53, 59, 24, 6, 6
2015/7/4, 89, 85, 81, 21, 7, 8
2015/7/5, 136, 66, 102, 21, 9, 6
2015/7/6, 106, 73, 111, 18, 4, 6
2015/7/7, 145, 89, 108, 28, 10, 7
2015/7/8, 108, 65, 113, 23, 9, 6
2015/7/9, 96, 62, 128, 16, 8, 5
2015/7/10, 97, 58, 119, 11, 5, 6
2015/7/11, 109, 84, 95, 14, 7, 6
2015/7/12, 157, 50, 73, 12, 3, 3
2015/7/13, 93, 32, 45, 10, 3, 3
2015/7/14, 54, 48, 42, 16, 5, 3
2015/7/15, 61, 44, 51, 15, 5, 2
2015/7/16, 52, 55, 66, 18, 6, 4
2015/7/17, 65, 66, 95, 22, 7, 4
2015/7/18, 92, 69, 84, 19, 6, 4
2015/7/19, 102, 80, 80, 21, 5, 5
2015/7/20, 126, 62, 60, 13, 4, 4
2015/7/21, 108, 66, 71, 15, 3, 6
2015/7/22, 137, 69, 66, 11, 2, 5
2015/7/23, 144, 85, 51, 9, 2, 6
2015/7/24, 199, 85, 51, 13, 2, 6
2015/7/25, 159, 60, 63, 10, 1, 4
2015/7/26, 135, 50, 51, 14, 2, 4
2015/7/27, 101, 88, 70, 13, 1, 6
2015/7/28, 152, 47, 67, 12, 2, 4
2015/7/29, 83, 44, 50, 15, 3, 4
2015/7/30, 77, 36, 49, 14, 3, 4
2015/7/31, 55, 47, 40, 16, 3, 6
2015/8/1, 65, 37, 43, 8, 1, 4
2015/8/2, 68, 59, 52, 7, 1, 6
2015/8/3, 127, 47, , 7, 1, 5
2015/8/4, 98, 36, 68, 11, 3, 5
2015/8/5, 69, 33, 47, 12, 1, 4
2015/8/6, 60, 29, 42, 7, 1, 4
2015/8/7, 84, 47, 59, 8, 3, 5
2015/8/8, 121, 29, 44, 9, 3, 4
2015/8/9, 75, 33, 42, 15, 4, 5
2015/8/10, 83, 43, 42, 22, 4, 6
2015/8/11, 71, 45, 44, 18, 4, 5
2015/8/12, 77, 58, 58, 27, 4, 7
2015/8/13, 98, 35, 55, 14, 3, 5
2015/8/14, 71, 46, 32, 13, 2, 7
2015/8/15, 99, 40, 48, 12, 3, 7
2015/8/16, 101, 66, 59, 14, 3, 9
2015/8/17, 160, 70, 55, 15, 3, 9
2015/8/18, 170, , 50, 9, 3, 9
2015/8/19, 210, 28, 41, 15, 3, 6
2015/8/20, 84, 39, 41, 21, 5, 6
2015/8/21, 94, 59, 37, 23, 5, 7
2015/8/22, 131, 49, 39, 17, 4, 6
2015/8/23, 110, 61, 38, 19, 8, 6
2015/8/24, 113, 38, 32, 14, 6, 4
2015/8/25, 57, 42, 26, 15, 7, 3
2015/8/26, 62, 23, 24, 14, 4, 4
2015/8/27, 60, 16, 22, 12, 3, 4
2015/8/28, 43, 25, 27, 11, 3, 4
2015/8/29, 57, 31, 27, 14, 2, 5
2015/8/30, 71, 38, 38, 19, 2, 8
2015/8/31, 80, 57, 38, 19, 5, 9
2015/9/1, 116, 45, 43, 21, 4, 7
2015/9/2, 103, 27, 39, 10, 2, 5
2015/9/3, 66, 49, 35, 17, 9, 6
2015/9/4, 75, 44, 33, 16, 10, 4
2015/9/5, 67, 52, 40, 21, 9, 5
2015/9/6, 87, 48, 46, 21, 3, 5
2015/9/7, 79, 52, 78, 23, 4, 6
2015/9/8, 75, 47, 48, 19, 5, 6
2015/9/9, 95, 32, 35, 17, 4, 3
2015/9/10, 53, 33, 27, 17, 4, 3
2015/9/11, 50, 28, 29, 16, 5, 3
2015/9/12, 47, 50, 36, 18, 4, 5
2015/9/13, 67, 61, 65, 24, 5, 8
2015/9/14, 97, 60, 73, 20, 6, 9
2015/9/15, 98, 70, 78, 27, 5, 11
2015/9/16, 135, 72, 73, 31, 4, 10
2015/9/17, 129, 72, 84, 21, 5, 9
2015/9/18, 140, 36, 54, 12, 3, 5
2015/9/19, 101, 34, 38, 17, 4, 3
2015/9/20, 61, 55, 69, 22, 6, 7
2015/9/21, 95, 54, 61, 11, 4, 4
2015/9/22, 96, 29, 38, 9, 2, 3
2015/9/23, 63, 45, 25, 18, 2, 4
2015/9/24, 98, 48, 27, 17, 3, 6
2015/9/25, 93, 30, 28, 15, 3, 3
2015/9/26, 65, 35, 22, 16, 3, 6
2015/9/27, 62, 37, 27, 15, 4, 5
2015/9/28, 69, 51, 30, 16, 4, 7
2015/9/29, 87, 56, 34, 18, 5, 7
2015/9/30, 95, 33, 27, 8, 2, 4
2015/4/1, 161, 96, 33, 31, 23, 9
2015/4/2, 166, 50, 28, 14, 11, 6
2015/4/3, 128, 46, 26, 21, 14, 7
2015/4/4, 110, 61, 19, 16, 21, 6
2015/4/5, 143, 32, 21, 10, 14, 3
2015/4/6, 78, 34, 23, 12, 16, 4
2015/4/7, 71, 59, 27, 12, 14, 5
2015/4/8, 100, 77, 30, 14, 21, 8
2015/4/9, 153, 38, 29, 15, 10, 4
2015/4/10, 93, 63, 31, 19, 10, 5
2015/4/11, 127, 65, 29, 16, 9, 5
2015/4/12, 144, 92, 36, 31, 17, 8
2015/4/13, 175, 78, 33, 24, 9, 8
2015/4/14, 147, 104, 42, 25, 10, 10
2015/4/15, 166, 176, 40, 10, 5, 4
2015/4/16, 119, 100, 30, 16, 7, 4
2015/4/17, 109, 76, 36, 22, 9, 5
2015/4/18, 140, 90, 34, 13, 5, 4
2015/4/19, 131, 115, 33, 17, 6, 4
2015/4/20, 132, 64, 30, 14, 5, 4
2015/4/21, 113, 64, 31, 16, 6, 5
2015/4/22, 94, 99, 30, 8, 4, 4
2015/4/23, 96, 44, 28, 14, 5, 3
2015/4/24, 63, 86, 39, 18, 7, 6
2015/4/25, 93, 117, 53, 15, 13, 9
2015/4/26, 152, 93, 61, 11, 11, 6
2015/4/27, 147, 81, 57, 26, 9, 7
2015/4/28, 158, 90, 47, 33, 10, 9
2015/4/29, 160, 72, 46, 19, 8, 5
2015/4/30, 126, 85, 53, 15, 6, 4
2015/5/1, 108, 60, 41, 19, 5, 5
2015/5/2, 111, 66, 36, 10, 2, 3
2015/5/3, 106, 113, 33, 10, 3, 3
2015/5/4, 109, 464, 30, 9, 3, 3
2015/5/5, 144, 162, 27, 10, 3, 3
2015/5/6, 148, 143, 32, 15, 3, 4
2015/5/7, 122, 29, 28, 9, 3, 3
2015/5/8, 74, 35, 25, 15, 4, 4
2015/5/9, 68, 58, 35, 20, 4, 4
2015/5/10, 111, 53, 30, 21, 5, 5
2015/5/11, 109, 29, 30, 11, 2, 4
2015/5/12, 79, 25, 34, 13, 2, 4
2015/5/13, 47, 45, 39, 24, 5, 7
2015/5/14, 103, 47, 39, 13, 4, 3
2015/5/15, 77, 48, 37, 13, 4, 3
2015/5/16, 75, 54, 33, 25, 5, 7
2015/5/17, 112, 53, 50, 15, 3, 6
2015/5/18, 123, 32, 41, 14, 3, 3
2015/5/19, 63, 36, 35, 18, 5, 5
2015/5/20, 66, 54, 38, 18, 5, 5
2015/5/21, 79, 65, 41, 20, 7, 6
2015/5/22, 96, 72, 67, 13, 10, 6
2015/5/23, 116, 66, 66, 12, 8, 5
2015/5/24, 104, 74, 77, 13, 9, 7
2015/5/25, 142, 77, 75, 24, 8, 8
2015/5/26, 160, 57, 93, 17, 4, 6
2015/5/27, 130, 69, 95, 16, 5, 5
2015/5/28, 115, 56, 65, 17, 5, 4
2015/5/29, 123, 29, 45, 13, 3, 3
2015/5/30, 61, 110, 83, 17, 5, 4
2015/5/31, 114, 72, 50, 9, 3, 3
2015/6/1, 112, 59, 65, 26, 4, 5
2015/6/2, 94, 35, 39, 20, 4, 4
2015/6/3, 67, 69, 70, 24, 6, 5
2015/6/4, 104, 42, 62, 13, 5, 3
2015/6/5, 78, 42, 43, 21, 4, 5
2015/6/6, 95, 31, 49, 11, 3, 4
2015/6/7, 78, 34, 51, 16, 3, 3
2015/6/8, 74, 37, 56, 19, 6, 4
2015/6/9, 74, 55, 65, 22, 6, 6
2015/6/10, 116, 45, 82, 17, 3, 5
2015/6/11, 102, 31, 60, 12, 3, 4
2015/6/12, 72, 41, 63, 17, 4, 5
2015/6/13, 87, 67, 68, 29, 8, 8
2015/6/14, 119, 61, 85, 27, 8, 7
2015/6/15, 119, 69, 110, 33, 6, 6
2015/6/16, 126, 96, 124, 40, 8, 10
2015/6/17, 149, 50, 79, 18, 3, 5
2015/6/18, 96, 58, 79, 22, 5, 5
2015/6/19, 105, 65, 76, 28, 5, 6
2015/6/20, 98, 52, 84, 24, 3, 5
2015/6/21, 84, 57, 105, 11, 5, 7
2015/6/22, 108, 55, 93, 13, 4, 5
2015/6/23, 97, 65, 105, 15, 4, 7
2015/6/24, 126, 74, 108, 19, 5, 8
2015/6/25, 149, 97, 63, 26, 5, 9
2015/6/26, 186, 101, 104, 23, 5, 9
2015/6/27, 183, 90, 116, 14, 6, 8
2015/6/28, 167, 37, 83, 12, 3, 3
2015/6/29, 72, 48, 48, 22, 4, 4
2015/6/30, 113, 21, 42, 14, 2, 3
2015/1/1, 161, 64, , 20, 54, 8
2015/1/2, 157, 51, , 18, 39, 9
2015/1/3, 118, 108, , 40, 59, 16
2015/1/4, 210, 89, , 20, 36, 9
2015/1/5, 127, 49, , 18, 38, 6
2015/1/6, 80, 66, 14, 25, 53, 10
2015/1/7, 137, 85, 12, 27, 36, 14
2015/1/8, 177, 97, 11, 32, 54, 13
2015/1/9, 193, 110, 9, 36, 62, 16
2015/1/10, 211, 86, 13, 29, 59, 10
2015/1/11, 177, 89, , 28, 36, 13
2015/1/12, 187, 73, 13, 29, 41, 13
2015/1/13, 170, 159, 11, 33, 60, 21
2015/1/14, 277, 96, 12, 28, 77, 13
2015/1/15, 196, 66, , 24, 57, 7
2015/1/16, 154, 61, 17, 24, 46, 6
2015/1/17, 124, 59, 16, 27, 48, 9
2015/1/18, 146, 77, 16, 32, 56, 10
2015/1/19, 180, 77, 22, 36, 48, 13
2015/1/20, 194, 114, 19, 43, 60, 16
2015/1/21, 241, 172, 24, 48, 45, 22
2015/1/22, 292, 107, 20, 39, 47, 17
2015/1/23, 215, 132, 19, 42, 60, 17
2015/1/24, 261, 120, 22, 34, 53, 17
2015/1/25, 228, 76, 18, 23, 50, 9
2015/1/26, 137, 59, 18, 24, 55, 7
2015/1/27, 119, 78, 15, 31, 53, 12
2015/1/28, 171, 70, 18, 29, 50, 11
2015/1/29, 154, 73, 17, 27, 57, 8
2015/1/30, 137, 73, 15, 28, 49, 11
2015/1/31, 159, 84, 17, 33, 45, 13
2015/2/1, 184, 100, 17, 42, 47, 17
2015/2/2, 209, 133, 27, 51, 41, 23
2015/2/3, 265, 141, 23, 42, 40, 20
2015/2/4, 294, 68, 20, 26, 45, 9
2015/2/5, 154, 67, 20, 24, 40, 8
2015/2/6, 146, 54, 18, 12, 37, 3
2015/2/7, 70, 44, , 15, 38, 4
2015/2/8, 83, 57, 18, 23, 48, 8
2015/2/9, 120, 69, 21, 30, 35, 11
2015/2/10, 144, 78, 23, 27, 40, 12
2015/2/11, 153, 38, 19, 17, 41, 5
2015/2/12, 81, 68, 21, 25, 39, 8
2015/2/13, 158, 89, 20, 30, 52, 13
2015/2/14, 178, 110, 26, 36, 47, 17
2015/2/15, 235, 144, 29, 45, 47, 22
2015/2/16, 291, 59, 18, 20, 33, 8
2015/2/17, 155, 46, 22, 16, 37, 5
2015/2/18, 113, 122, 29, 19, 33, 11
2015/2/19, 224, 46, 32, 11, 28, 6
2015/2/20, 123, 31, 27, 9, 16, 6
2015/2/21, 83, 231, 22, 7, 14, 4
2015/2/22, 149, 43, 22, 12, 28, 4
2015/2/23, 83, 65, 25, 18, 39, 9
2015/2/24, 147, 67, 23, 19, 46, 9
2015/2/25, 164, 63, 23, 20, 39, 7
2015/2/26, 147, 65, 23, 25, 42, 7
2015/2/27, 153, 48, 27, 15, 28, 6
2015/2/28, 110, 48, 25, 17, 29, 6
2015/3/1, 112, 53, 23, 25, 38, 8
2015/3/2, 134, 49, 27, 23, 37, 6
2015/3/3, 123, 50, 29, 20, 47, 6
2015/3/4, 118, 53, 27, 18, 22, 7
2015/3/5, 127, 62, 32, 15, 23, 6
2015/3/6, 135, 85, 28, 24, 34, 9
2015/3/7, 181, 51, 23, 23, 38, 6
2015/3/8, 128, 44, 22, 12, 23, 4
2015/3/9, 68, 48, 26, 23, 32, 7
2015/3/10, 109, 44, 24, 22, 34, 6
2015/3/11, 95, 44, 24, 16, 25, 4
2015/3/12, 76, 49, 25, 24, 29, 8
2015/3/13, 117, 52, 30, 19, 21, 6
2015/3/14, 126, 103, 25, 17, 23, 6
2015/3/15, 126, 97, 25, 20, 26, 8
2015/3/16, 147, 68, 28, 23, 30, 7
2015/3/17, 129, 58, 32, 22, 19, 8
2015/3/18, 119, 61, 32, 23, 23, 6
2015/3/19, 121, 57, 34, 21, 16, 5
2015/3/20, 114, 68, 29, 23, 25, 5
2015/3/21, 113, 104, 25, 13, 24, 3
2015/3/22, 72, 45, 25, 13, 23, 4
2015/3/23, 79, 72, 30, 28, 25, 8
2015/3/24, 148, 74, 34, 20, 19, 7
2015/3/25, 138, 136, 44, 18, 24, 10
2015/3/26, 171, 151, 48, 16, 19, 8
2015/3/27, 178, 116, 44, 22, 22, 8
2015/3/28, 174, 97, 41, 24, 15, 8
2015/3/29, 167, 155, 43, 21, 20, 9
2015/3/30, 182, 71, 33, 16, 23, 6
2015/3/31, 142, 81, 39, 26, 18, 8
2014/10/1, 80, 58, , 21, 6, 6
2014/10/2, 88, 70, , 27, 8, 9
2014/10/3, 96, 74, , 24, 6, 9
2014/10/4, 101, 103, , 32, 12, 9
2014/10/5, 127, 87, , 31, 10, 7
2014/10/6, 121, 101, , 29, 10, 11
2014/10/7, 131, 134, , 30, 14, 12
2014/10/8, 170, 103, , 22, 11, 9
2014/10/9, 151, 82, , 31, 7, 8
2014/10/10, 121, 121, , 25, 9, 10
2014/10/11, 159, 36, , 11, 5, 4
2014/10/12, 47, 101, , 27, 11, 8
2014/10/13, 141, 258, , 42, 8, 16
2014/10/14, 239, 186, , 34, 14, 12
2014/10/15, 187, 79, , 20, 7, 6
2014/10/16, 104, 140, , 39, 12, 15
2014/10/17, 171, 311, , 39, 14, 21
2014/10/18, 258, 116, , 11, 12, 8
2014/10/19, 154, 67, , 17, 14, 6
2014/10/20, 97, 127, , 33, 18, 11
2014/10/21, 172, 338, , 60, 19, 20
2014/10/22, 293, 243, , 39, 24, 16
2014/10/23, 244, 126, , 21, 18, 12
2014/10/24, 176, 297, , 21, 16, 17
2014/10/25, 263, 129, , 26, 16, 7
2014/10/26, 122, 80, , 42, 23, 8
2014/10/27, 125, 203, , 39, 21, 15
2014/10/28, 228, 227, , 56, 24, 23
2014/10/29, 235, 342, , 44, 21, 24
2014/10/30, 348, 199, , 30, 33, 14
2014/10/31, 230, 258, , 33, 34, 12
2014/11/1, 250, 61, , 20, 36, 5
2014/11/2, 105, 60, , 22, 30, 5
2014/11/3, 101, 100, , 25, 28, 8
2014/11/4, 145, 91, , 18, 31, 6
2014/11/5, 133, 45, , 16, 22, 6
2014/11/6, 80, 82, , 27, 37, 7
2014/11/7, 137, 89, , 27, 27, 8
2014/11/8, 153, 104, , 33, 35, 11
2014/11/9, 163, 111, , 36, 32, 15
2014/11/10, 166, 98, , 25, 32, 11
2014/11/11, 145, 52, , 15, 37, 5
2014/11/12, 64, 49, , 15, 27, 7
2014/11/13, 57, 48, , 22, 45, 8
2014/11/14, 98, 94, , 30, 48, 11
2014/11/15, 168, 119, , 35, 32, 17
2014/11/16, 190, 95, , 35, 49, 12
2014/11/17, 173, 109, , 26, 23, 13
2014/11/18, 183, 106, , 28, 27, 15
2014/11/19, 184, 76, , 18, 28, 10
2014/11/20, 157, 65, , 20, 33, 7
2014/11/21, 105, 54, , 25, 30, 6
2014/11/22, 107, 84, , 25, 31, 10
2014/11/23, 160, 65, , 21, 33, 7
2014/11/24, 128, 89, , 31, 33, 11
2014/11/25, 170, 79, , 17, 31, 8
2014/11/26, 141, 56, , 18, 38, 5
2014/11/27, 84, 89, , 30, 41, 10
2014/11/28, 155, 111, , 31, 29, 13
2014/11/29, 185, 94, , 21, 37, 11
2014/11/30, 176, 48, , 14, 51, 4
2014/12/1, 66, 41, , 9, 23, 4
2014/12/2, 59, 69, , 10, 15, 5
2014/12/3, 65, 42, , 15, 28, 6
2014/12/4, 74, 41, , 17, 38, 4
2014/12/5, 86, 38, , 17, 43, 3
2014/12/6, 79, 65, , 20, 28, 6
2014/12/7, 140, 73, , 24, 44, 7
2014/12/8, 149, 75, , 26, 45, 8
2014/12/9, 163, 72, , 22, 46, 7
2014/12/10, 157, 48, , 21, 47, 3
2014/12/11, 118, 68, , 25, 50, 7
2014/12/12, 155, 70, , 25, 54, 9
2014/12/13, 150, 75, , 26, 53, 10
2014/12/14, 162, 92, , 30, 50, 13
2014/12/15, 231, 93, , 27, 61, 11
2014/12/16, 189, 101, , 29, 55, 14
2014/12/17, 207, 70, , 24, 43, 11
2014/12/18, 167, 65, , 23, 52, 9
2014/12/19, 146, 83, , 27, 49, 9
2014/12/20, 183, 90, , 27, 55, 10
2014/12/21, 184, 57, , 26, 52, 8
2014/12/22, 137, 69, , 28, 50, 10
2014/12/23, 159, 82, , 29, 49, 10
2014/12/24, 176, 63, , 28, 55, 9
2014/12/25, 152, 72, , 29, 53, 10
2014/12/26, 166, 65, , 26, 44, 11
2014/12/27, 160, 75, , 29, 55, 11
2014/12/28, 161, , , , , 
2014/7/1, 129, 61, , 16, 1, 5
2014/7/2, 110, 79, , 15, 2, 6
2014/7/3, 144, 110, , 11, 4, 8
2014/7/4, 172, 83, , 10, 3, 7
2014/7/5, 161, 71, , 13, 3, 6
2014/7/6, 124, 59, , 22, 2, 6
2014/7/7, 103, 57, , 13, 3, 5
2014/7/8, 99, 51, , 11, 3, 5
2014/7/9, 81, 35, , 13, 4, 4
2014/7/10, 58, 29, , 15, 3, 4
2014/7/11, 56, 35, , 15, 2, 4
2014/7/12, 63, 43, , 22, 3, 6
2014/7/13, 68, 40, , 20, 3, 5
2014/7/14, 71, 66, , 17, 6, 9
2014/7/15, 125, 50, , 18, 3, 6
2014/7/16, 94, 35, , 18, 2, 6
2014/7/17, 85, 83, , 19, 1, 9
2014/7/18, 131, 84, , 14, 1, 9
2014/7/19, 146, 99, , 10, 1, 10
2014/7/20, 157, 57, , 10, 2, 8
2014/7/21, 117, 38, , 12, 13, 8
2014/7/22, 73, 55, , 13, 4, 7
2014/7/23, 79, 61, , 17, 4, 8
2014/7/24, 121, 128, , 31, 6, 14
2014/7/25, 219, 132, , 18, 4, 13
2014/7/26, 240, 92, , 21, 4, 11
2014/7/27, 171, 87, , 13, 5, 10
2014/7/28, 161, 77, , 14, 8, 9
2014/7/29, 158, 60, , 11, 4, 8
2014/7/30, 139, 66, , 14, 4, 8
2014/7/31, 121, 60, , 11, 4, 9
2014/8/1, 115, 65, , 13, 3, 9
2014/8/2, 117, 59, , 13, 3, 8
2014/8/3, 109, 45, , 16, 4, 7
2014/8/4, 80, 38, , 16, 5, 7
2014/8/5, 60, 50, , 19, 3, 7
2014/8/6, 70, 62, , 22, 4, 10
2014/8/7, 129, 68, , 22, 5, 10
2014/8/8, 131, 67, , 19, 5, 8
2014/8/9, 112, 84, , 44, 5, 9
2014/8/10, 109, 71, , 28, 9, 9
2014/8/11, 119, 57, , 18, 3, 8
2014/8/12, 104, 56, , 22, 5, 8
2014/8/13, 79, 53, , 24, 5, 8
2014/8/14, 77, 51, , 19, 3, 8
2014/8/15, 94, 49, , 17, 3, 8
2014/8/16, 92, 68, , 18, 4, 9
2014/8/17, 119, 76, , 37, 4, 12
2014/8/18, 153, 99, , 26, 4, 12
2014/8/19, 136, 53, , 20, 5, 8
2014/8/20, 101, 92, , 20, 7, 14
2014/8/21, 165, 109, , 28, 5, 11
2014/8/22, 146, 77, , 24, 4, 10
2014/8/23, 128, 61, , 18, 5, 10
2014/8/24, 127, 58, , 23, 8, 9
2014/8/25, 97, 28, , 15, 3, 6
2014/8/26, 56, 44, , 16, 6, 7
2014/8/27, 81, 65, , 23, 5, 10
2014/8/28, 83, 76, , 24, 6, 11
2014/8/29, 113, 62, , 21, 6, 9
2014/8/30, 99, 79, , 36, 6, 11
2014/8/31, 121, 89, , 34, 5, 13
2014/9/1, 137, 62, , 18, 4, 9
2014/9/2, 106, 27, , 11, 3, 8
2014/9/3, 55, 34, , 20, 3, 7
2014/9/4, 49, 33, , 15, 4, 7
2014/9/5, 57, 56, , 19, 5, 10
2014/9/6, 74, 78, , 16, 6, 11
2014/9/7, 111, 52, , 10, 4, 7
2014/9/8, 85, 40, , 17, 6, 6
2014/9/9, 47, 52, , 16, 6, 8
2014/9/10, 64, 71, , 19, 7, 8
2014/9/11, 75, 82, , 21, 10, 10
2014/9/12, 86, 54, , 21, 4, 9
2014/9/13, 84, 38, , 13, 5, 8
2014/9/14, 63, 44, , 18, 7, 8
2014/9/15, 105, 42, , 19, 7, 8
2014/9/16, 48, 56, , 23, 7, 10
2014/9/17, 69, 134, , 30, 6, 13
2014/9/18, 128, 50, , 22, 6, 10
2014/9/19, 72, 59, , 23, 7, 10
2014/9/20, 82, 65, , 30, 5, 12
2014/9/21, 116, 67, , 26, 4, 10
2014/9/22, 101, 63, , 24, 4, 8
2014/9/23, 96, 42, , 17, 10, 7
2014/9/24, 84, 85, , 32, 9, 11
2014/9/25, 122, 59, , 19, 6, 7
2014/9/26, 81, 35, , 12, 4, 6
2014/9/27, 75, 58, , 18, 5, 8
2014/9/28, 73, 26, , 7, 4, 6
2014/9/29, 27, 48, , 20, 7, 7
2014/9/30, 65, 56, , 25, 4, 6
2014/4/1, 172, 72, , 14, 10, 9
2014/4/2, 124, 54, , 14, 9, 8
2014/4/3, 120, 57, , 19, 17, 10
2014/4/4, 110, 44, , 13, 9, 7
2014/4/5, 81, 76, , 25, 21, 10
2014/4/6, 121, 97, , 27, 19, 13
2014/4/7, 151, 138, , 34, 19, 14
2014/4/8, 168, 136, , 31, 24, 14
2014/4/9, 162, 82, , 27, 19, 12
2014/4/10, 144, 124, , 38, 14, 15
2014/4/11, 162, 169, , 33, 12, 16
2014/4/12, 173, 193, , 41, 12, 17
2014/4/13, 169, 153, , 29, 18, 17
2014/4/14, 180, 60, , 13, 5, 10
2014/4/15, 90, 70, , 19, 7, 10
2014/4/16, 119, 66, , 21, 10, 9
2014/4/17, 107, 70, , 18, 7, 3
2014/4/18, 134, 94, , 31, 11, 4
2014/4/19, 161, 64, , 15, 7, 3
2014/4/20, 121, 70, , 24, 12, 4
2014/4/21, 101, 96, , 29, 12, 4
2014/4/22, 137, 96, , 20, 9, 4
2014/4/23, 141, 98, , 15, 13, 6
2014/4/24, 149, 80, , 14, 7, 5
2014/4/25, 141, 90, , 13, 8, 4
2014/4/26, 145, 68, , 14, 7, 3
2014/4/27, 113, 139, , 23, 10, 6
2014/4/28, 157, 184, , 28, 11, 10
2014/4/29, 183, 124, , 39, 12, 11
2014/4/30, 171, 113, , 16, 12, 9
2014/5/1, 164, 90, , 13, 4, 6
2014/5/2, 128, 49, , 13, 3, 5
2014/5/3, 97, 44, , 14, 4, 5
2014/5/4, 79, 28, , 12, 8, 3
2014/5/5, 58, 62, , 25, 11, 4
2014/5/6, 105, 83, , 26, 7, 5
2014/5/7, 132, 46, , 14, 4, 3
2014/5/8, 73, 87, , 31, 8, 7
2014/5/9, 112, 79, , 30, 7, 6
2014/5/10, 116, 100, , 38, 10, 7
2014/5/11, 155, 36, , 12, 7, 3
2014/5/12, 72, 34, , 16, 15, 4
2014/5/13, 60, 40, , 21, 8, 4
2014/5/14, 120, 24, , 11, 4, 2
2014/5/15, 49, 41, , 17, 3, 5
2014/5/16, 64, 51, , 24, 6, 6
2014/5/17, 96, 54, , 22, 4, 6
2014/5/18, 100, 64, , 25, 5, 7
2014/5/19, 127, 48, , 17, 9, 7
2014/5/20, 107, 53, , 23, 7, 6
2014/5/21, 96, 86, , 24, 6, 9
2014/5/22, 113, 84, , 19, 8, 7
2014/5/23, 134, 99, , 28, 10, 7
2014/5/24, 148, 49, , 11, 2, 5
2014/5/25, 94, 51, , 13, 3, 4
2014/5/26, 76, 46, , 20, 5, 5
2014/5/27, 74, 53, , 19, 6, 4
2014/5/28, 77, 69, , 26, 5, 4
2014/5/29, 95, 72, , 29, 5, 5
2014/5/30, 119, 96, , 32, 9, 6
2014/5/31, 130, 116, , 24, 17, 9
2014/6/1, 173, 90, , 22, 13, 6
2014/6/2, 157, 67, , 25, 8, 5
2014/6/3, 99, 74, , 23, 4, 5
2014/6/4, 105, 76, , 26, 9, 7
2014/6/5, 134, 59, , 31, 6, 6
2014/6/6, 103, 53, , 23, 3, 5
2014/6/7, 101, 31, , 12, 2, 5
2014/6/8, 69, 48, , 22, 3, 6
2014/6/9, 93, 76, , 32, 5, 8
2014/6/10, 156, 61, , 19, 3, 5
2014/6/11, 117, 53, , 17, 3, 4
2014/6/12, 98, 45, , 14, 3, 4
2014/6/13, 72, 46, , 20, 5, 4
2014/6/14, 65, 49, , 22, 6, 5
2014/6/15, 77, 105, , 27, 5, 9
2014/6/16, 135, 80, , 32, 5, 7
2014/6/17, 138, 64, , 25, 2, 8
2014/6/18, 135, 55, , 16, 2, 5
2014/6/19, 114, 80, , 21, 5, 6
2014/6/20, 117, 91, , 26, 5, 6
2014/6/21, 124, 72, , 24, 6, 5
2014/6/22, 110, 102, , 34, 10, 8
2014/6/23, 134, 52, , 22, 4, 5
2014/6/24, 84, 81, , 17, 7, 9
2014/6/25, 125, 57, , 12, 6, 8
2014/6/26, 131, 41, , 12, 2, 6
2014/6/27, 78, 56, , 16, 2, 7
2014/6/28, 106, 63, , 19, 3, 6
2014/6/29, 116, 69, , 24, 3, 7
2014/6/30, 112, 69, , 22, 10, 6
2014/1/1, 86, 75, , 23, 40, 8
2014/1/2, 139, 81, , 25, 44, 9
2014/1/3, 168, 83, , 26, 39, 12
2014/1/4, 164, 149, , 36, 49, 20
2014/1/5, 265, 119, , 31, 53, 14
2014/1/6, 221, 70, , 22, 47, 10
2014/1/7, 150, 51, , 17, 37, 7
2014/1/8, 110, 63, , 21, 48, 8
2014/1/9, 135, 68, , 25, 63, 9
2014/1/10, 154, 76, , 24, 56, 10
2014/1/11, 152, 70, , 17, 31, 10
2014/1/12, 166, 81, , 25, 49, 13
2014/1/13, 170, 104, , 34, 52, 16
2014/1/14, 195, 102, , 30, 55, 16
2014/1/15, 193, 122, , 30, 52, 16
2014/1/16, 214, 108, , 34, 52, 16
2014/1/17, 208, 101, , 26, 46, 10
2014/1/18, 204, 73, , 26, 55, 9
2014/1/19, 166, 93, , 26, 44, 11
2014/1/20, 195, 110, , 33, 62, 12
2014/1/21, 221, 95, , 34, 53, 13
2014/1/22, 190, 81, , 24, 48, 11
2014/1/23, 174, 107, , 27, 50, 11
2014/1/24, 215, 109, , 28, 49, 11
2014/1/25, 214, 68, , 23, 57, 8
2014/1/26, 151, 75, , 13, 37, 6
2014/1/27, 112, 50, , 14, 39, 6
2014/1/28, 104, 83, , 16, 43, 9
2014/1/29, 134, 88, , 18, 43, 12
2014/1/30, 162, 133, , 19, 47, 12
2014/1/31, 230, 106, , 21, 47, 13
2014/2/1, 221, 179, , 8, 22, 6
2014/2/2, 122, 45, , 9, 32, 5
2014/2/3, 74, 47, , 12, 40, 6
2014/2/4, 95, 67, , 18, 44, 9
2014/2/5, 147, 71, , 16, 37, 10
2014/2/6, 150, 88, , 26, 48, 13
2014/2/7, 180, 79, , 17, 35, 10
2014/2/8, 164, 57, , 16, 30, 8
2014/2/9, 140, 67, , 19, 39, 10
2014/2/10, 154, 75, , 30, 46, 12
2014/2/11, 158, 108, , 30, 51, 13
2014/2/12, 200, 79, , 26, 42, 11
2014/2/13, 169, 108, , 29, 50, 14
2014/2/14, 188, 123, , 32, 65, 15
2014/2/15, 224, 96, , 27, 43, 13
2014/2/16, 199, 110, , 33, 37, 16
2014/2/17, 213, 72, , 29, 32, 12
2014/2/18, 162, 93, , 32, 48, 14
2014/2/19, 163, 71, , 25, 39, 12
2014/2/20, 162, 76, , 28, 36, 12
2014/2/21, 162, 106, , 34, 40, 16
2014/2/22, 198, 83, , 34, 37, 13
2014/2/23, 169, 139, , 42, 54, 20
2014/2/24, 249, 175, , 37, 50, 20
2014/2/25, 324, 126, , 22, 45, 10
2014/2/26, 225, 54, , 14, 25, 3
2014/2/27, 97, 61, , 23, 47, 7
2014/2/28, 131, 60, , 15, 21, 5
2014/3/1, 125, 62, , 18, 29, 5
2014/3/2, 134, 60, , 20, 38, 7
2014/3/3, 126, 60, , 17, 33, 5
2014/3/4, 124, 63, , 19, 36, 5
2014/3/5, 123, 52, , 15, 30, 5
2014/3/6, 97, 58, , 19, 35, 5
2014/3/7, 103, 69, , 21, 38, 7
2014/3/8, 132, 81, , 23, 43, 8
2014/3/9, 137, 84, , 28, 41, 9
2014/3/10, 152, 93, , 26, 46, 11
2014/3/11, 178, 99, , 25, 34, 10
2014/3/12, 193, 87, , 33, 37, 10
2014/3/13, 173, 82, , 30, 27, 9
2014/3/14, 165, 95, , 23, 37, 10
2014/3/15, 164, 80, , 25, 26, 9
2014/3/16, 165, 84, , 26, 28, 10
2014/3/17, 156, 58, , 20, 26, 7
2014/3/18, 121, 77, , 27, 26, 7
2014/3/19, 147, 53, , 16, 15, 5
2014/3/20, 105, 61, , 22, 25, 8
2014/3/21, 128, 76, , 30, 28, 9
2014/3/22, 140, 92, , 35, 30, 9
2014/3/23, 170, 163, , 20, 33, 13
2014/3/24, 187, 122, , 29, 46, 10
2014/3/25, 202, 173, , 38, 40, 14
2014/3/26, 279, 144, , 34, 31, 13
2014/3/27, 213, 113, , 23, 17, 12
2014/3/28, 188, 71, , 19, 19, 10
2014/3/29, 147, 89, , 21, 12, 12
2014/3/30, 152, 68, , 20, 17, 9
2014/3/31, 113, 104, , 25, 29, 11
2025/12/31, , 39, 2, 10, 4, 6
2026/2/4, , 93, , 6, 1, 5
2024/12/31, , 37, , 11, 6, 2
2023/11/12, , 37, , 22, 5, 3
2021/8/19, , 30, 31, 7, 2, 4
2021/1/3, , 29, 20, 13, 11, 3
2020/3/31, , 59, 45, 18, 6, 6
2019/12/31, , 59, 16, 24, 16, 9
2018/12/31, , 67, , 20, 20, 8
2018/5/23, , 37, 46, 13, 3, 4
2017/8/20, , 34, 40, 12, 4, 8
2017/9/10, , 23, 56, 13, 4, 7
2017/1/1, , 57, 27, 24, 38, 12
2016/1/3, , 52, 22, 12, 22, 4
2014/12/31, , 72, , 24, 59, 8
2013/12/31, , 45, , 17, 38, 4
2018/7/13, , , 53, 6, 1, 4
2025/7/3, , , , 13, 3, 5